{"0": {"rotten smell": 0.4314202666282654, "fecal odor": 0.4140240550041199, "smelling bad": 0.40908563137054443, "odor": 0.40862512588500977, "odors": 0.4081811308860779, "smell": 0.4068281650543213, "body odor": 0.4044122099876404, "fishy odor": 0.4030352234840393, "smells": 0.4009818434715271, "smells like": 0.3859049677848816, "odour": 0.3841128349304199, "odorous": 0.38149788975715637, "smelling": 0.37145352363586426, "stink": 0.35801267623901367, "smelly": 0.35560935735702515, "always smelled": 0.350898414850235, "body odour": 0.34817036986351013, "poor hygiene": 0.34771934151649475, "these smells": 0.34771811962127686, "cannot smell": 0.34478357434272766, "started smelling": 0.33186405897140503, "deodorant": 0.3280753493309021, "smelled like": 0.3166692852973938, "smelled": 0.3135436177253723, "stinks": 0.2957610487937927, "sweat glands": 0.29239422082901, "scent": 0.29123860597610474, "scented": 0.2884332239627838, "smelt": 0.28533512353897095, "bad breath": 0.2828216552734375, "bad bacteria": 0.28278061747550964, "symptoms": 0.2818845808506012, "bacterial vaginosis": 0.27842265367507935, "diarrhea": 0.27647149562835693, "bowels": 0.27504339814186096, "symptom": 0.2726742625236511, "gut bacteria": 0.2720195949077606, "stinky": 0.2714763283729553, "infection": 0.27135294675827026, "hygiene": 0.26861652731895447, "sweating": 0.26646262407302856, "similar symptoms": 0.2647942900657654, "sweat": 0.25988131761550903, "ph soap": 0.25536587834358215, "his symptoms": 0.2547682523727417, "get tested": 0.25259116291999817, "bacteria": 0.25093287229537964, "feces": 0.2491885870695114, "symptoms went": 0.24880525469779968, "regular sweat": 0.24777644872665405}, "1": {"tmau patm": 0.5984479784965515, "diagnosed with tmau": 0.5689396858215332, "tmau": 0.5631130337715149, "tma tmao": 0.445853054523468, "tmau type": 0.42271003127098083, "tmao": 0.40438687801361084, "chat": 0.3986419439315796, "hi everyone": 0.3832494020462036, "message me": 0.37740641832351685, "join": 0.3761828541755676, "idk if": 0.37135326862335205, "hi": 0.36584776639938354, "discord": 0.36357784271240234, "wow": 0.3622465133666992, "hello everyone": 0.3573339581489563, "tma": 0.3562946021556854, "hey": 0.3556992709636688, "has anyone": 0.35409098863601685, "thank god": 0.35400307178497314, "idk": 0.3523545265197754, "sick": 0.35164955258369446, "patm": 0.34749436378479004, "would love": 0.34500211477279663, "does anyone": 0.34143340587615967, "ok": 0.3396947383880615, "hello": 0.33713340759277344, "dose": 0.33588919043540955, "btw": 0.33449435234069824, "talked": 0.3333098292350769, "fuck": 0.32929736375808716, "bro": 0.3288949131965637, "was wondering": 0.328154981136322, "wonder": 0.32477036118507385, "wonder if": 0.3236795663833618, "tell me": 0.3236044645309448, "im": 0.32144513726234436, "friend": 0.3197319507598877, "ive": 0.3196803033351898, "dude": 0.3195546865463257, "seriously": 0.319487988948822, "wondering": 0.3185400366783142, "cat": 0.317413330078125, "anyone": 0.3161405920982361, "am sorry": 0.3161128759384155, "you guys": 0.3156867027282715, "pm me": 0.31566816568374634, "sounds like": 0.31549984216690063, "hell": 0.31502604484558105, "am glad": 0.3133509159088135, "sorry to hear": 0.31306755542755127}}