{"c_v": 0.3449250194075574, "c_npmi": -0.2878427650013422, "u_mass": -6.178061324670523, "c_uci": -8.507775617499401}