{"c_v": 0.3647717279454618, "c_npmi": -0.22798887639021054, "u_mass": -6.130178507122887, "c_uci": -7.440681318695926}