{"0": {"scarring alopecias": 0.6422424912452698, "scarring alopecia": 0.6324102878570557, "folliculitis decalvans": 0.5953754186630249, "folliculitis": 0.5547800660133362, "cicatricial alopecia": 0.5218216180801392, "hair loss": 0.4999137818813324, "alopecia": 0.49932241439819336, "bald patches": 0.4657694101333618, "dermatitis": 0.4647156000137329, "topical clindamycin": 0.4622747302055359, "topical treatment": 0.45832568407058716, "clindamycin topical": 0.4580003023147583, "scalp": 0.43814074993133545, "bald spots": 0.436493843793869, "diagnosed with fd": 0.4253395199775696, "hair removal": 0.4111010432243347, "topical steroid": 0.40644460916519165, "cellulitis": 0.40045836567878723, "dermatologists": 0.3982885181903839, "pimples": 0.3938249349594116, "dermatologist": 0.3912801146507263, "diagnosis": 0.389069139957428, "been diagnosed": 0.37821054458618164, "bald spot": 0.37816357612609863, "treatments": 0.37360894680023193, "treatment": 0.3714498281478882, "diagnose": 0.3630716800689697, "dissecting cellulitis": 0.36165761947631836, "hair transplant": 0.3552662432193756, "was diagnosed": 0.3530297875404358, "my scalp": 0.35176175832748413, "clindamycin": 0.3508650064468384, "acne": 0.35028108954429626, "anti inflammatory": 0.346705824136734, "dermatologist who": 0.34335067868232727, "inflammation": 0.3406769931316376, "inflammatory": 0.33875441551208496, "follicles": 0.3353961408138275, "infection": 0.3294598162174225, "diagnosed": 0.32389548420906067, "rifampin clindamycin": 0.3231557607650757, "was prescribed": 0.3216105103492737, "cln shampoo": 0.3125562071800232, "laser hair": 0.30310899019241333, "antibiotic": 0.29991599917411804, "oral antibiotics": 0.2990427315235138, "follicle": 0.2986288070678711, "biopsy results": 0.29834702610969543, "got diagnosed": 0.2949950098991394, "shampoo": 0.29458653926849365}, "1": {"scarring alopecias": 0.8964614868164062, "scarring alopecia": 0.8942850828170776, "alopecia": 0.7227689027786255, "cicatricial alopecia": 0.7212120294570923, "bald patches": 0.6108749508857727, "bald spots": 0.6071001291275024, "hair loss": 0.6046896576881409, "bald spot": 0.5622286796569824, "hair removal": 0.546291708946228, "scalp": 0.5220077633857727, "laser hair": 0.5032821893692017, "topical treatment": 0.49491584300994873, "hair transplant": 0.4888564348220825, "folliculitis": 0.47967079281806946, "dermatologist": 0.4656605124473572, "dermatologists": 0.46563923358917236, "folliculitis decalvans": 0.45036381483078003, "my scalp": 0.4388708770275116, "dermatitis": 0.43615198135375977, "topical steroid": 0.4353146553039551, "bald": 0.43491703271865845, "scarring": 0.4317643642425537, "pimples": 0.42571091651916504, "hairloss": 0.42178452014923096, "follicles": 0.41585201025009155, "hair": 0.40626370906829834, "acne": 0.3971310257911682, "bumps": 0.396660178899765, "dermatologist who": 0.39291268587112427, "hairs": 0.3871859908103943, "hair grew": 0.3863442838191986, "clindamycin topical": 0.38394561409950256, "follicle": 0.3828478157520294, "topical clindamycin": 0.37641340494155884, "scars": 0.35798412561416626, "scar": 0.3515327572822571, "scar tissue": 0.34704574942588806, "shampoo": 0.33876490592956543, "cellulitis": 0.3362160921096802, "diagnosis": 0.32967352867126465, "cln shampoo": 0.32570546865463257, "cream": 0.32106050848960876, "diagnose": 0.32013875246047974, "lichen planopilaris": 0.3142130374908447, "biopsy results": 0.3122321367263794, "shampoos": 0.31125608086586, "treatments": 0.3061612546443939, "biopsy": 0.2964364290237427, "skin": 0.29069000482559204, "isotretinoin": 0.28939637541770935}}