{"c_v": 0.3263053200319792, "c_npmi": -0.08395875711286312, "u_mass": -1.4886653454338719, "c_uci": -2.7622498499288906}