{"0": {"osteogenesis imperfecta": 0.9186990261077881, "osteogenesis": 0.8458113670349121, "bone": 0.7104196548461914, "brittle bones": 0.6847172379493713, "bones": 0.6475327014923096, "bone density": 0.6078540086746216, "fractures": 0.5840129852294922, "fracture": 0.5751771926879883, "brittle": 0.5086132884025574, "imperfecta": 0.4317060112953186, "broke": 0.3917351961135864, "broken": 0.38012582063674927, "mutation": 0.3674570918083191, "physical therapy": 0.3487760126590729, "surgery": 0.33756738901138306, "pain": 0.33360755443573, "health": 0.3189030885696411, "disease": 0.3170400559902191, "leg": 0.3030053973197937, "breaks": 0.3026852607727051, "breaking": 0.2983972132205963, "symptoms": 0.2966262400150299, "diagnosis": 0.2803356945514679, "treatment": 0.27985090017318726, "rare": 0.27702274918556213, "collagen": 0.27317410707473755, "condition": 0.26991742849349976, "medical": 0.265298068523407, "break": 0.2629585266113281, "weight": 0.2600105106830597, "type collagen": 0.25972554087638855, "genetic": 0.25909602642059326, "body": 0.23750561475753784, "my body": 0.23498809337615967, "genetic testing": 0.22882488369941711, "doctors": 0.2181781828403473, "hard": 0.21502037346363068, "doctor": 0.2127341330051422, "only": 0.21150588989257812, "son has": 0.20847883820533752, "little": 0.20562374591827393, "growing": 0.20507410168647766, "cannot": 0.20345032215118408, "does not": 0.20057693123817444, "having": 0.1969693899154663, "years old": 0.19586332142353058, "form of oi": 0.19493159651756287, "year old": 0.19467228651046753, "did not": 0.19174396991729736, "few": 0.19115513563156128}, "1": {"form of oi": 0.47804808616638184, "mutation": 0.4088224768638611, "osteogenesis imperfecta": 0.4079749882221222, "genetic": 0.4038013815879822, "type iv": 0.4031779170036316, "oi type": 0.38949257135391235, "genetic testing": 0.3791903853416443, "osteogenesis": 0.3789854049682617, "fractures": 0.36873623728752136, "fracture": 0.3661612868309021, "son has": 0.3617055416107178, "type iii": 0.360281765460968, "child": 0.3573276102542877, "children": 0.35013023018836975, "diagnosis": 0.3440003991127014, "type ii": 0.3428964614868164, "disease": 0.33628255128860474, "year old": 0.3312060236930847, "medical": 0.32731330394744873, "daughter": 0.31878164410591125, "type": 0.30802738666534424, "condition": 0.3079654574394226, "doctors": 0.3054771423339844, "parents": 0.30402225255966187, "age": 0.30283111333847046, "bone": 0.30206161737442017, "health": 0.2996886670589447, "years old": 0.2977393865585327, "kids": 0.2966742515563965, "physical therapy": 0.29283061623573303, "as kid": 0.2912443280220032, "doctor": 0.2882881760597229, "treatment": 0.28658291697502136, "baby": 0.2778615951538086, "kid": 0.27200087904930115, "symptoms": 0.2691326141357422, "mother": 0.26678764820098877, "born": 0.26638263463974, "surgery": 0.26575496792793274, "type collagen": 0.2641792297363281, "bones": 0.26276469230651855, "types": 0.26218947768211365, "brittle bones": 0.25897327065467834, "more severe": 0.251054972410202, "having": 0.25043535232543945, "son": 0.24767860770225525, "my parents": 0.2467741072177887, "severe": 0.24664244055747986, "mom": 0.24563345313072205, "was born": 0.24051862955093384}}