{"c_v": 0.3268330278962659, "c_npmi": -0.27902483867749245, "u_mass": -2.6729239710593067, "c_uci": -8.54225399904992}