{"c_v": 0.3831681755748857, "c_npmi": -0.38444856950283984, "u_mass": -9.079278870792216, "c_uci": -10.869367333367627}