{"0": {"recently diagnosed": 0.5675438046455383, "als sufferers": 0.5628175139427185, "als patients": 0.5628103017807007, "was diagnosed": 0.5519750118255615, "sufferers": 0.5460084080696106, "terminal illness": 0.5454931259155273, "diagnosed in april": 0.545138955116272, "diagnosed": 0.543208122253418, "terminal illnesses": 0.5423258543014526, "got diagnosed": 0.5422952771186829, "patients": 0.5379051566123962, "pre symptomatic": 0.5349863171577454, "who suffers": 0.5297819375991821, "terminal diseases": 0.5264697074890137, "newly diagnosed": 0.5261103510856628, "dr appel": 0.5260770916938782, "suffers": 0.5220551490783691, "diagnosed in march": 0.5220322608947754, "medical advice": 0.521965503692627, "chronic illness": 0.5205672979354858, "health issues": 0.5203197002410889, "neurological issues": 0.5189277529716492, "terminal disease": 0.5175530910491943, "symptom": 0.5172765851020813, "illness": 0.5138586759567261, "concerning symptoms": 0.5130385160446167, "requests for diagnosis": 0.5124450325965881, "neurological conditions": 0.508939266204834, "medical intervention": 0.5060851573944092, "disorders": 0.5051956176757812, "diagnosed in september": 0.5050297975540161, "diagnosed in december": 0.5049574375152588, "chronic": 0.5040885210037231, "prognosis": 0.5019113421440125, "patient": 0.500431478023529, "dr": 0.49744534492492676, "see doctor": 0.4965864419937134, "symptomatic": 0.4962640404701233, "neurological diseases": 0.49498817324638367, "neurological disorders": 0.4947708249092102, "diagnosed in february": 0.49432796239852905, "been experiencing": 0.49393796920776367, "illnesses": 0.4929247498512268, "tl dr": 0.4927145540714264, "showing symptoms": 0.48936495184898376, "suffer": 0.4884965419769287, "terminally ill": 0.48757344484329224, "neurological disease": 0.4867660105228424, "clinical": 0.4867057204246521, "symptoms progressed": 0.48588043451309204}, "1": {"ice bucket": 0.8491978645324707, "ice": 0.6438719034194946, "bucket": 0.5514005422592163, "frozen": 0.5427599549293518, "challenge": 0.5191975831985474, "bucket list": 0.48018473386764526, "snow": 0.4519989788532257, "trick": 0.44542115926742554, "challenges": 0.44098615646362305, "challenging": 0.43690845370292664, "ice cream": 0.433826208114624, "air hunger": 0.432973712682724, "jump": 0.43179094791412354, "icu": 0.4249020516872406, "attempt": 0.4232596158981323, "pool": 0.4154243469238281, "tries": 0.4150391221046448, "tap": 0.411013662815094, "cold": 0.40726420283317566, "winter": 0.4051544666290283, "tub": 0.4044484496116638, "slurring": 0.40379583835601807, "experiment": 0.40004128217697144, "ramp": 0.39834433794021606, "sauna": 0.3972145617008209, "slur": 0.3941240906715393, "try": 0.38994330167770386, "hook": 0.3895602822303772, "jumping": 0.3891933560371399, "air": 0.38643789291381836, "attempting": 0.3860303461551666, "air air": 0.38040122389793396, "pressure off": 0.37983840703964233, "pressure": 0.3797980844974518, "effort": 0.3791261911392212, "ramps": 0.37819573283195496, "trying": 0.37718138098716736, "shoot": 0.3757469654083252, "lift": 0.37547701597213745, "bathe": 0.371927946805954, "tried": 0.3718823790550232, "tip": 0.3718374967575073, "slp": 0.3692319393157959, "task": 0.3688836097717285, "experimental": 0.36781787872314453, "fly": 0.36672770977020264, "wet": 0.36312025785446167, "water": 0.3624870181083679, "drop": 0.3624732494354248, "shake": 0.36216461658477783}}