{"0": {"scoliosis": 0.37286582589149475, "spinal": 0.35957014560699463, "chronic pain": 0.3571441173553467, "spinal cord": 0.3371484875679016, "back pain": 0.3354898989200592, "neurologist": 0.32170870900154114, "diagnosed with spina": 0.32111984491348267, "constant pain": 0.31901323795318604, "fetal surgery": 0.3088808059692383, "surgeries": 0.30720704793930054, "pain management": 0.3016984760761261, "pain": 0.2997223734855652, "crutches": 0.2991563081741333, "neurosurgeon": 0.29841509461402893, "physical therapy": 0.2949174642562866, "painful": 0.29447221755981445, "tethered spinal": 0.29100513458251953, "detethering surgery": 0.2840225398540497, "lumbar": 0.2797842025756836, "cyst": 0.2776484489440918, "surgery": 0.27275219559669495, "therapy": 0.2711709141731262, "spine": 0.26996809244155884, "lesion": 0.26993513107299805, "meningocele": 0.2694728374481201, "kidney infections": 0.2672569155693054, "born with spina": 0.2623751759529114, "surgical": 0.26089513301849365, "syndrome": 0.2607235610485077, "malformation": 0.2558867931365967, "nerve damage": 0.2530924081802368, "been diagnosed": 0.2512795627117157, "surgeon": 0.25063565373420715, "symptoms": 0.24829994142055511, "spina bifida": 0.24678625166416168, "urologist": 0.24559205770492554, "doctors": 0.24534514546394348, "kidneys": 0.2453356385231018, "pediatric": 0.24527406692504883, "paralyzed": 0.24367238581180573, "nerves": 0.24256351590156555, "diagnosed": 0.24210701882839203, "therapist": 0.24111953377723694, "physical therapist": 0.2389468252658844, "patients": 0.23858006298542023, "diagnosis": 0.23775605857372284, "nerve": 0.237341970205307, "trauma": 0.2365836203098297, "disease": 0.23563575744628906, "kidney": 0.23178182542324066}, "1": {"spina bifida": 0.6579908132553101, "born with spina": 0.6140255928039551, "spinabifida": 0.5943329930305481, "spina": 0.562808096408844, "diagnosed with spina": 0.515039324760437, "spinal": 0.5057029724121094, "tethered spinal": 0.5009948015213013, "spinal cord": 0.47131192684173584, "fetal": 0.4673679769039154, "freak out": 0.4636386036872864, "bifida": 0.46307680010795593, "baby": 0.45356401801109314, "growing up": 0.4498957395553589, "idk": 0.44952628016471863, "grew up": 0.44629865884780884, "paralyzed": 0.44194555282592773, "as kid": 0.43972015380859375, "neurogenic": 0.43963623046875, "curious": 0.4395490288734436, "bifida occulta": 0.43619024753570557, "freaking out": 0.4339079260826111, "stuck": 0.43327596783638, "spine": 0.4331130385398865, "cannabis": 0.43223223090171814, "long story": 0.43135538697242737, "interesting": 0.427054226398468, "talking about": 0.42326846718788147, "birth": 0.4212725758552551, "child": 0.42105475068092346, "sbo": 0.4208407402038574, "get bullied": 0.4183053970336914, "lazy": 0.41725051403045654, "wow": 0.4160920977592468, "childhood": 0.4148067831993103, "freaking": 0.4139978289604187, "kid": 0.4131587743759155, "wondering": 0.4131242632865906, "born": 0.41234081983566284, "weird": 0.4119890332221985, "dose": 0.41188472509384155, "crazy": 0.4116261601448059, "shit": 0.41143345832824707, "suffer": 0.4105992317199707, "mental": 0.4092976152896881, "scoliosis": 0.40811264514923096, "sorry to hear": 0.40689244866371155, "literally": 0.4064822793006897, "forget": 0.4055037498474121, "sorry": 0.40518227219581604, "sb": 0.40467017889022827}, "2": {"bladder": 0.4019455909729004, "urologist": 0.39963218569755554, "urethra": 0.3784704804420471, "urinary": 0.3735980987548828, "kidney infections": 0.3633159399032593, "uti": 0.35982292890548706, "incontinence issues": 0.35051751136779785, "bladder cancer": 0.3382488489151001, "enema": 0.3379911184310913, "bladder and bowel": 0.3359137177467346, "incontinence": 0.326191782951355, "kidney stones": 0.3251008689403534, "neurogenic bladder": 0.322218656539917, "bladder control": 0.30629515647888184, "constipation": 0.3046388328075409, "kidneys": 0.3022896349430084, "pee": 0.30079007148742676, "urine": 0.2931597828865051, "cyst": 0.2916252911090851, "kidney": 0.29074886441230774, "use catheter": 0.290353387594223, "bladder augmentation": 0.2845674753189087, "diapers": 0.2844897508621216, "bowels": 0.2827785313129425, "infection": 0.27563413977622986, "meningocele": 0.2688910961151123, "surgery": 0.2686753273010254, "detethering surgery": 0.26690661907196045, "infections": 0.2615700960159302, "fetal surgery": 0.2605932950973511, "diaper": 0.2588193416595459, "neurologist": 0.25391218066215515, "constant pain": 0.2532716393470764, "chronic pain": 0.24472764134407043, "my kidneys": 0.2444152981042862, "pain management": 0.24116754531860352, "painful": 0.24041903018951416, "surgeries": 0.23862090706825256, "scoliosis": 0.2383066564798355, "catheter": 0.23661239445209503, "spinal": 0.2347402423620224, "back pain": 0.23381823301315308, "surgical": 0.2286725789308548, "symptoms": 0.22599714994430542, "pain": 0.22592675685882568, "bowel": 0.22407186031341553, "enemas": 0.22031988203525543, "nerve": 0.21869385242462158, "stool": 0.21566395461559296, "crutches": 0.21527257561683655}, "3": {"disability community": 0.26406794786453247, "born with spina": 0.2587270736694336, "hi everyone": 0.24591657519340515, "spina bifida": 0.24445217847824097, "diagnosed with spina": 0.23989155888557434, "syndrome": 0.23159050941467285, "anyone here": 0.22862790524959564, "spinal": 0.22846190631389618, "disabilities": 0.22018824517726898, "spinal cord": 0.21567600965499878, "tethered spinal": 0.2143377959728241, "support group": 0.21144594252109528, "spinabifida": 0.20867159962654114, "patients": 0.20708133280277252, "subreddit": 0.2056761533021927, "spina": 0.2050904780626297, "hi": 0.20323073863983154, "pediatric": 0.1999620795249939, "disabled people": 0.19923019409179688, "this subreddit": 0.1986594796180725, "wheelchair": 0.19754761457443237, "disability": 0.19744981825351715, "hey": 0.19733169674873352, "hi all": 0.19479194283485413, "disease": 0.1912914216518402, "thanks for sharing": 0.1910037100315094, "interested": 0.188380166888237, "adhd": 0.18715867400169373, "community": 0.1870047152042389, "use wheelchair": 0.1860436201095581, "therapy": 0.18350258469581604, "hello": 0.18298229575157166, "hey man": 0.18197599053382874, "are interested": 0.18187758326530457, "wheelchair users": 0.17990851402282715, "wheelchair bound": 0.17983350157737732, "sub": 0.17900033295154572, "wheelchair user": 0.17815080285072327, "adults with sb": 0.17759159207344055, "therapist": 0.17590957880020142, "neurologist": 0.1752297729253769, "mental health": 0.17456766963005066, "health issues": 0.17362983524799347, "patient": 0.17188964784145355, "anyone": 0.1716044396162033, "this sub": 0.17133989930152893, "social life": 0.16979582607746124, "baby": 0.16972407698631287, "fetal": 0.16935265064239502, "has anyone": 0.1686730831861496}}