{"c_v": 0.44040392848621934, "c_npmi": -0.23133380062648, "u_mass": -3.8609261374849604, "c_uci": -7.5250516731010855}