{"0": {"shunt malfunction": 0.49123603105545044, "any discomfort": 0.4760048985481262, "sharp pain": 0.47285282611846924, "symptomatic": 0.47071194648742676, "medical issues": 0.46855637431144714, "symptom": 0.4668593406677246, "shunt tract": 0.4665185213088989, "other symptoms": 0.46082621812820435, "discomfort": 0.4524211287498474, "head hurts": 0.4455520212650299, "shoulder pain": 0.4427453279495239, "these symptoms": 0.4383598268032074, "palsy": 0.4336949586868286, "symptoms": 0.433053195476532, "neck pain": 0.4312910735607147, "those symptoms": 0.43089553713798523, "bad headache": 0.42657792568206787, "really painful": 0.4263765811920166, "chronic pain": 0.4250551462173462, "debilitating headaches": 0.42356225848197937, "pain": 0.42262861132621765, "pain meds": 0.41763728857040405, "seizure": 0.4141128957271576, "headaches nausea": 0.41386401653289795, "medical conditions": 0.4115537405014038, "severe headaches": 0.41084685921669006, "shunt failure": 0.4105682969093323, "seizures": 0.410209059715271, "diagnosed": 0.40907859802246094, "these pains": 0.40805256366729736, "tingling": 0.40553534030914307, "was diagnosed": 0.40523040294647217, "headaches": 0.4020092487335205, "pains": 0.4014371335506439, "painful": 0.4000396728515625, "dull headache": 0.3999989628791809, "pain relief": 0.39952990412712097, "headache": 0.3984147608280182, "stenosis": 0.3980908989906311, "chronic headaches": 0.3980562090873718, "constant headache": 0.3974530100822449, "frequent headaches": 0.3954848647117615, "vertigo": 0.3953986167907715, "soreness": 0.3934381902217865, "surgeon said": 0.39010655879974365, "brain surgeries": 0.3880094885826111, "abnormal": 0.3835389018058777, "hurts": 0.38308122754096985, "shunt placed": 0.3830459713935852, "nausea": 0.38253989815711975}, "1": {"diagnosed with hydrocephalus": 0.7055419683456421, "obstructive hydrocephalus": 0.6321897506713867, "hydrocephalus": 0.618462085723877, "congenital hydrocephalus": 0.5932586193084717, "hydrocephalus association": 0.5881604552268982, "other symptoms": 0.5589586496353149, "symptomatic": 0.557099461555481, "arrested hydrocephalus": 0.5556526780128479, "symptom": 0.5451819896697998, "born with hydrocephalus": 0.5332847833633423, "debilitating headaches": 0.5269721746444702, "symptoms": 0.5264089107513428, "these symptoms": 0.5262048840522766, "frequent headaches": 0.5191141366958618, "communicating hydrocephalus": 0.5178130269050598, "severe headaches": 0.5166597366333008, "chronic headaches": 0.5110330581665039, "seizures": 0.5094401240348816, "bad headache": 0.507113516330719, "cerebral palsy": 0.5046641826629639, "seizure": 0.5018383264541626, "headaches nausea": 0.5012229681015015, "cerebrospinal fluid": 0.5008801221847534, "constant headache": 0.4993484318256378, "those symptoms": 0.49901098012924194, "hydro patients": 0.498994916677475, "head hurts": 0.49735361337661743, "headaches": 0.48600780963897705, "medical issues": 0.4856472909450531, "dizziness": 0.4853387176990509, "was diagnosed": 0.48186126351356506, "any discomfort": 0.4727132022380829, "intracranial hypertension": 0.47002142667770386, "diagnosed": 0.4689827561378479, "discomfort": 0.4659678041934967, "headache": 0.4647095203399658, "palsy": 0.46381890773773193, "abnormal": 0.46348243951797485, "brain injury": 0.4614521861076355, "medical conditions": 0.4584653377532959, "brain damage": 0.4577367603778839, "benign brain": 0.44766512513160706, "dizzy": 0.4475756585597992, "dull headache": 0.44629156589508057, "cerebrospinal": 0.4421457052230835, "vertigo": 0.4419649541378021, "spinal fluid": 0.4409469962120056, "nausea": 0.43630677461624146, "tingling": 0.4359172284603119, "intracranial pressure": 0.4318723678588867}, "2": {"diagnosed with hydrocephalus": 0.7111160755157471, "obstructive hydrocephalus": 0.6831854581832886, "hydrocephalus": 0.6628854274749756, "communicating hydrocephalus": 0.65081787109375, "hydrocephalus association": 0.6439652442932129, "congenital hydrocephalus": 0.6219780445098877, "born with hydrocephalus": 0.6008627414703369, "arrested hydrocephalus": 0.5902677774429321, "hydro patients": 0.5841044187545776, "medical issues": 0.43492305278778076, "learning disabilities": 0.4196668267250061, "seizures": 0.4180721044540405, "disabilities": 0.4091998338699341, "seizure": 0.40530824661254883, "cerebrospinal fluid": 0.4041018486022949, "health issues": 0.3939913213253021, "epilepsy": 0.3923951983451843, "disability": 0.3893246650695801, "medical advice": 0.3732704520225525, "brain surgeries": 0.3679656386375427, "cognitive issues": 0.36482226848602295, "spinal fluid": 0.3616030216217041, "pediatric neurosurgeon": 0.3595525026321411, "stroke": 0.35536375641822815, "syndrome": 0.35384631156921387, "medical conditions": 0.35161325335502625, "diagnosed": 0.3488795757293701, "brain damage": 0.3450826406478882, "neurosurgeons": 0.34370213747024536, "benign brain": 0.34127694368362427, "medical field": 0.3412328362464905, "brain surgery": 0.3367704749107361, "was diagnosed": 0.33614325523376465, "brain injury": 0.3361026644706726, "cerebral palsy": 0.33581069111824036, "neurosurgery": 0.3349117636680603, "neurological": 0.33098530769348145, "other symptoms": 0.32744932174682617, "patients": 0.32574981451034546, "disorder": 0.32477906346321106, "cerebrospinal": 0.32259073853492737, "pediatrician": 0.32010960578918457, "health anxiety": 0.3191404342651367, "neurologists": 0.3167383670806885, "dr": 0.316558301448822, "intracranial hypertension": 0.31532275676727295, "medical professional": 0.31402283906936646, "medical": 0.31385448575019836, "disabled": 0.31281566619873047, "symptom": 0.31232893466949463}, "3": {"chronic headaches": 0.7748563289642334, "severe headaches": 0.7711683511734009, "debilitating headaches": 0.7689160108566284, "frequent headaches": 0.7667953968048096, "bad headache": 0.7615443468093872, "headaches": 0.7612378597259521, "constant headache": 0.7543318271636963, "headaches nausea": 0.7539352178573608, "headache": 0.7413958311080933, "migraines": 0.7126742601394653, "migraine": 0.7038015127182007, "migraine meds": 0.6946855783462524, "dull headache": 0.6839262247085571, "migraine therapy": 0.6558659076690674, "vertigo": 0.5391640067100525, "nausea": 0.5173860192298889, "dizziness": 0.5091441869735718, "tingling": 0.5063230991363525, "dizzy": 0.46065250039100647, "symptom": 0.45738235116004944, "head hurts": 0.4568113684654236, "other symptoms": 0.4402145743370056, "cerebral palsy": 0.4353136718273163, "dizzy spells": 0.4284106492996216, "nauseous": 0.42806047201156616, "get dizzy": 0.42499399185180664, "seizures": 0.42089414596557617, "nausea vomiting": 0.41960519552230835, "symptomatic": 0.41911154985427856, "symptoms": 0.4190889000892639, "discomfort": 0.416669636964798, "shoulder pain": 0.4133434593677521, "these symptoms": 0.4131271243095398, "any discomfort": 0.4123217463493347, "sharp pain": 0.4116542935371399, "those symptoms": 0.4012337327003479, "chronic pain": 0.3989902138710022, "seizure": 0.3946634531021118, "pains": 0.3944814205169678, "pain relief": 0.39002177119255066, "nerve damage": 0.38993868231773376, "neck pain": 0.38692736625671387, "pain meds": 0.3843347728252411, "palsy": 0.37820470333099365, "these pains": 0.37461239099502563, "nerves": 0.37375813722610474, "aches": 0.3698287010192871, "pain": 0.36365818977355957, "intracranial hypertension": 0.3632947504520416, "brain fog": 0.36317509412765503}, "4": {"communicating hydrocephalus": 0.5946136713027954, "hydrocephalus association": 0.5666593909263611, "hydrocephalus": 0.5526975393295288, "obstructive hydrocephalus": 0.5342652797698975, "congenital hydrocephalus": 0.5339581370353699, "hydro patients": 0.5308869481086731, "diagnosed with hydrocephalus": 0.5133176445960999, "born with hydrocephalus": 0.4926815927028656, "arrested hydrocephalus": 0.4614506959915161, "support groups": 0.43366649746894836, "support group": 0.4303264021873474, "has anyone": 0.408672034740448, "anyone here": 0.4074293375015259,