{"c_v": 0.33376000624782787, "c_npmi": -0.26535042531308006, "u_mass": -5.500046678802733, "c_uci": -8.109650724524132}