{"0": {"symptom": 0.5889449715614319, "symptoms were": 0.5837438106536865, "symptom onset": 0.5724078416824341, "diagnosed with bells": 0.5605764389038086, "symptoms": 0.5581189393997192, "ear ache": 0.5550792217254639, "ear pain": 0.5532676577568054, "first symptom": 0.5526518225669861, "onset of symptoms": 0.5474314093589783, "diagnosed with bell": 0.5330417156219482, "bell palsy": 0.5310876369476318, "gotten the nausea": 0.5257823467254639, "diagnosed yesterday": 0.5197818875312805, "tingling": 0.5187630653381348, "recently diagnosed": 0.5182652473449707, "vertigo": 0.5151777863502502, "diagnosed today": 0.5149818658828735, "headaches": 0.5134743452072144, "eye patches": 0.5096138119697571, "headache": 0.5037399530410767, "facial paralysis": 0.4994623363018036, "numb": 0.4964459538459778, "dizziness": 0.49618250131607056, "signs of recovery": 0.4899125397205353, "newly diagnosed": 0.4894860088825226, "palsy": 0.4890095591545105, "bells palsy": 0.4876226782798767, "got diagnosed": 0.48561057448387146, "having stroke": 0.48482897877693176, "eye patch": 0.4847254753112793, "went numb": 0.4840257465839386, "was diagnosed": 0.4835469126701355, "discomfort": 0.4826996922492981, "diagnosed": 0.48265618085861206, "numbness": 0.4819152057170868, "diagnosed with bp": 0.47580045461654663, "been experiencing": 0.47223979234695435, "occasional pain": 0.47196054458618164, "ache": 0.46905753016471863, "nerve pain": 0.4655347466468811, "nausea": 0.4651893377304077, "soreness": 0.46420085430145264, "jaw pain": 0.4619339108467102, "eyelid closed": 0.46183502674102783, "migraines": 0.4602252244949341, "nerve damage": 0.4574696719646454, "migraine": 0.4571625590324402, "since diagnosis": 0.4512314200401306, "post diagnosis": 0.44906866550445557, "facial nerves": 0.44794636964797974}, "1": {"covid vaccine": 0.6318394541740417, "pfizer vaccine": 0.5868562459945679, "vaccine related": 0.5539232492446899, "vaccines": 0.5538928508758545, "vaccine": 0.5481001138687134, "got vaccinated": 0.5464546084403992, "diagnosed with bell": 0.5412111878395081, "moderna vaccine": 0.5392184257507324, "getting vaccinated": 0.5388997793197632, "vaccination": 0.5382444858551025, "vaccinated": 0.5346930623054504, "diagnosed with bells": 0.522584080696106, "bell palsy": 0.5058969259262085, "get vaccinated": 0.5034308433532715, "fully vaccinated": 0.47342994809150696, "diagnosed yesterday": 0.47268766164779663, "diagnosed today": 0.4600978493690491, "recently diagnosed": 0.4483981728553772, "ear infection": 0.44294530153274536, "bells palsy": 0.4358151853084564, "got diagnosed": 0.425983726978302, "inflammation": 0.4256362020969391, "newly diagnosed": 0.42079997062683105, "was diagnosed": 0.4112400710582733, "anti inflammation": 0.40633851289749146, "since diagnosis": 0.40033164620399475, "post diagnosis": 0.39732658863067627, "diagnosed": 0.3952062129974365, "misdiagnosed": 0.39343881607055664, "bellspalsy": 0.39154356718063354, "diagnosed with bp": 0.39099276065826416, "prognosis": 0.3904663920402527, "your immune": 0.3882560133934021, "symptom onset": 0.38603124022483826, "palsy": 0.3849763870239258, "inflammatory": 0.3808579444885254, "symptom": 0.3808441758155823, "first symptom": 0.3794791102409363, "immune": 0.37929868698120117, "herpes zoster": 0.3754503130912781, "ear ache": 0.373762309551239, "anti inflammatory": 0.3735780715942383, "corticosteroids": 0.36858677864074707, "immune system": 0.36552494764328003, "symptoms were": 0.3639070987701416, "fever": 0.3572314381599426, "flu": 0.3568266034126282, "infection": 0.3544546365737915, "ear pain": 0.35261374711990356, "coronavirus": 0.35135114192962646}}