{"c_v": 0.3492980197326675, "c_npmi": -0.21064247490391907, "u_mass": -4.738571846430079, "c_uci": -7.019847123805363}