{"c_v": 0.3553927872461371, "c_npmi": -0.20125699779992598, "u_mass": -3.0391359125985584, "c_uci": -6.281753473943409}