{"0": {"ocular albinism": 0.4294145703315735, "albinos": 0.37674424052238464, "vision problems": 0.36503106355667114, "albinism awareness": 0.35344409942626953, "albinism": 0.3525639474391937, "eyesight": 0.3441333770751953, "people with albinism": 0.34358149766921997, "ophthalmologist": 0.33880722522735596, "albino": 0.3379858732223511, "eye color": 0.33713844418525696, "vision issues": 0.3301122486591339, "person with albinism": 0.32874929904937744, "eye pain": 0.32742923498153687, "eye doctor": 0.31492456793785095, "astigmatism": 0.3133891522884369, "low vision": 0.3045787811279297, "eye surgery": 0.2965337336063385, "visual acuity": 0.29085391759872437, "vision": 0.28586384654045105, "oculocutaneous albinism": 0.28545522689819336, "visually impaired": 0.28005748987197876, "eyes": 0.27929192781448364, "types of albinism": 0.27733272314071655, "wear glasses": 0.27319756150245667, "blue eyes": 0.2667931020259857, "red eyes": 0.265106737613678, "visual impairment": 0.263861745595932, "eye": 0.2631274163722992, "green eyes": 0.25926974415779114, "laser eye": 0.2552488446235657, "genetic": 0.2521815299987793, "albino porn": 0.2466636449098587, "blind": 0.24398323893547058, "ocular": 0.24263207614421844, "pigmentation": 0.2369835376739502, "my eyes": 0.2321244776248932, "glasses": 0.2274780124425888, "legally blind": 0.21214884519577026, "sunglasses": 0.21056655049324036, "pigment": 0.20597797632217407, "visual": 0.19897523522377014, "eyebrows": 0.19816507399082184, "international albinism": 0.1960165649652481, "cannot see": 0.19333955645561218, "visually": 0.18413689732551575, "acne": 0.18245160579681396, "disability": 0.18198838829994202, "skin cancer": 0.17849533259868622, "acuity": 0.17568230628967285, "light sensitivity": 0.1752987802028656}, "1": {"people with albinism": 0.5824888348579407, "person with albinism": 0.5660496950149536, "albinism": 0.5615838766098022, "albinism awareness": 0.5609890222549438, "albinos": 0.5202659368515015, "albino": 0.49958014488220215, "ocular albinism": 0.4534353017807007, "international albinism": 0.42567527294158936, "types of albinism": 0.4205513596534729, "oculocutaneous albinism": 0.42050355672836304, "albino porn": 0.4140530228614807, "white hair": 0.2763218581676483, "blond": 0.2650313377380371, "blonde": 0.2609046995639801, "white": 0.23935121297836304, "pigmentation": 0.23851794004440308, "very pale": 0.23770223557949066, "genetic": 0.2372361719608307, "astigmatism": 0.23006999492645264, "awareness": 0.2257794886827469, "blue eyes": 0.21973565220832825, "pale": 0.2167893350124359, "awareness day": 0.21571123600006104, "blonde hair": 0.21513062715530396, "eye color": 0.2147432565689087, "hi": 0.21352696418762207, "bullying": 0.2126193344593048, "red eyes": 0.2124362587928772, "pigment": 0.21221594512462616, "common": 0.21179108321666718, "am sorry": 0.20892679691314697, "skin cancer": 0.2081897109746933, "bullied": 0.20317989587783813, "hello": 0.2023049294948578, "community": 0.20117171108722687, "brother": 0.19879400730133057, "sunlight": 0.19868218898773193, "social": 0.19800624251365662, "white cane": 0.19676822423934937, "tan": 0.1961425244808197, "photophobia": 0.19562523066997528, "ok": 0.1947706937789917, "bright": 0.19379356503486633, "my brother": 0.19347307085990906, "nystagmus": 0.1931608021259308, "weird": 0.19313594698905945, "hey": 0.19230332970619202, "pretty": 0.19145914912223816, "darker": 0.19105762243270874, "acne": 0.1906585544347763}}