{"0": {"pituitary dwarfism": 0.41515886783599854, "having dwarfism": 0.40002232789993286, "dwarf women": 0.38708168268203735, "types of dwarfism": 0.37880462408065796, "dwarfism": 0.37833017110824585, "type of dwarfism": 0.3709554076194763, "dwarf": 0.3613612651824951, "dwarfs": 0.3604851961135864, "forms of dwarfism": 0.3550688624382019, "form of dwarfism": 0.35406965017318726, "dwarfism awareness": 0.29260221123695374, "ft tall": 0.28139060735702515, "average height": 0.2797513008117676, "children with achondroplasia": 0.27557748556137085, "avg height": 0.26813775300979614, "term midget": 0.2676836848258972, "height": 0.24490530788898468, "taller than": 0.2444951832294464, "height adjustable": 0.2412915676832199, "short stature": 0.2397046834230423, "taller": 0.2395928055047989, "height difference": 0.23818469047546387, "short legs": 0.2363121211528778, "dwarves": 0.2360665649175644, "tall": 0.23182015120983124, "few inches": 0.22975072264671326, "shorter than": 0.2294771373271942, "short arms": 0.2292526662349701, "sized person": 0.22889944911003113, "short posture": 0.2284432053565979, "physical disabilities": 0.2276495397090912, "called midget": 0.224735289812088, "small": 0.2227979451417923, "average size": 0.22248700261116028, "short statured": 0.2215384542942047, "average sized": 0.2212187945842743, "normal size": 0.2194242924451828, "skeletal dysplasia": 0.21905845403671265, "shorter": 0.2166948914527893, "short": 0.21612778306007385, "word midget": 0.21428602933883667, "achondroplasia": 0.21160617470741272, "growth hormones": 0.20756223797798157, "little people": 0.20742911100387573, "has achondroplasia": 0.20591947436332703, "limb lengthening": 0.2052907645702362, "smaller": 0.20322248339653015, "fantasy dwarves": 0.20306068658828735, "disabilities": 0.2023082673549652, "growth hormone": 0.20150208473205566}, "1": {"dating apps": 0.3458513021469116, "meet someone": 0.33409634232521057, "dating": 0.33069494366645813, "guide to dating": 0.2933550179004669, "dwarf women": 0.28172725439071655, "nice to meet": 0.2508031129837036, "relationships": 0.25039827823638916, "want to date": 0.23967160284519196, "relationship": 0.23120346665382385, "ft tall": 0.22611691057682037, "girlfriend": 0.2188735008239746, "never met": 0.21614468097686768, "boyfriend": 0.2126377820968628, "little person": 0.21260619163513184, "little people": 0.21229872107505798, "gay": 0.21193072199821472, "average height": 0.20182253420352936, "partner": 0.1997278928756714, "small": 0.19966182112693787, "sized person": 0.19639179110527039, "few inches": 0.1935921311378479, "meet": 0.1931590586900711, "lp community": 0.19190964102745056, "dwarf": 0.1894989013671875, "friends": 0.18631711602210999, "dwarfs": 0.18491384387016296, "date": 0.18317392468452454, "hey guys": 0.17871452867984772, "married": 0.17833179235458374, "our relationship": 0.1780615597963333, "avg height": 0.17744123935699463, "girls": 0.17677854001522064, "my partner": 0.17577043175697327, "hi everyone": 0.175254225730896, "having dwarfism": 0.174345925450325, "tall": 0.17387071251869202, "average size": 0.17326006293296814, "height": 0.17133954167366028, "short posture": 0.16977524757385254, "short": 0.16821198165416718, "taller than": 0.16695831716060638, "social": 0.16674533486366272, "types of dwarfism": 0.1665935218334198, "my boyfriend": 0.16617798805236816, "couple": 0.16595488786697388, "meeting": 0.16458775103092194, "average sized": 0.16410768032073975, "type of dwarfism": 0.16344283521175385, "hard to find": 0.16296713054180145, "attracted": 0.16097040474414825}, "2": {"having dwarfism": 0.7253140807151794, "dwarfs": 0.6763992309570312, "dwarf": 0.6575766205787659, "dwarfism": 0.6506087779998779, "pituitary dwarfism": 0.619321882724762, "dwarf women": 0.6038457155227661, "form of dwarfism": 0.5971766114234924, "type of dwarfism": 0.5929160714149475, "forms of dwarfism": 0.5914639234542847, "types of dwarfism": 0.5824677348136902, "dwarves": 0.5771766901016235, "dwarfism awareness": 0.5636236071586609, "fantasy dwarves": 0.549223780632019, "called midget": 0.4742606282234192, "term midget": 0.45623505115509033, "midgets": 0.4426220655441284, "word midget": 0.4234621226787567, "midget": 0.405112087726593, "peter dinklage": 0.40240049362182617, "skeletal dysplasia": 0.3963688015937805, "few inches": 0.37294042110443115, "offend anyone": 0.3573530614376068, "bullied": 0.3508192300796509, "have sedc": 0.3486156761646271, "has achondroplasia": 0.3445327877998352, "dm me": 0.3430463671684265, "game of thrones": 0.34256014227867126, "world archery": 0.3338395357131958, "short legs": 0.33089718222618103, "short statured": 0.3294565975666046, "little person": 0.3227970600128174, "dm": 0.32273268699645996, "little people": 0.32258689403533936, "ignorant": 0.320931077003479, "dude": 0.3203527331352234, "insult": 0.3201850652694702, "shorter than": 0.31895023584365845, "disorder": 0.3187049925327301, "sized person": 0.3176489472389221, "short arms": 0.3153333067893982, "smaller": 0.310796856880188, "dysplasia": 0.309234082698822, "somewhat": 0.3090686798095703, "small": 0.30900660157203674, "my hips": 0.307993084192276, "rude": 0.3077700138092041, "children with achondroplasia": 0.30753979086875916, "short stature": 0.30737391114234924, "which means": 0.3047513961791992, "ft tall": 0.3022795021533966}, "3": {"this subreddit": 0.28843238949775696, "this sub": 0.27248525619506836, "subreddit": 0.2532722055912018, "lp community": 0.24144825339317322, "thanks for sharing": 0.21530954539775848, "posts": 0.21367686986923218, "reddit": 0.20635583996772766, "anyone here": 0.19938549399375916, "hi everyone": 0.1951703131198883, "hey guys": 0.19279465079307556, "posted": 0.19215793907642365, "social media": 0.19170548021793365, "post": 0.18894636631011963, "hello everyone": 0.18286970257759094, "posting": 0.18238531053066254, "here": 0.1785348653793335, "community": 0.17643435299396515, "you guys": 0.1716770976781845, "lpa website": 0.16957473754882812, "pm": 0.16855141520500183, "sub": 0.16443440318107605, "removed": 0.16311731934547424, "support group": 0.16016137599945068, "chat": 0.15759947896003723, "pm me": 0.15502634644508362, "offend anyone": 0.1507871448993683, "deleted": 0.1474112570285797, "everyone else": 0.1441664695739746, "fuck": 0.14099596440792084, "hi am": 0.14099529385566711, "member": 0.13918475806713104, "bot": 0.1378842145204544, "youtube channel": 0.13715817034244537, "am currently": 0.13397285342216492, "am sorry": 0.13393868505954742, "rss": 0.13339784741401672, "dude": 0.13305912911891937, "shared": 0.13231930136680603, "amp": 0.1301613301038742, "dm": 0.13014881312847137, "this": 0.12977708876132965, "fucking": 0.12893936038017273, "message me": 0.12873756885528564, "site": 0.12835688889026642, "internet": 0.1276792585849762, "modern": 0.12718042731285095, "other lps": 0.12683789432048798, "facebook": 0.1268080770969391, "topic": 0.12664784491062164, "hi": 0.12653830647468567}, "4": {"little people": 0.6899691820144653, "little person": 0.6811553239822388, "small": 0.5347548723220825, "little bit": 0.5036430954933167, "little": 0.501751720905304, "smaller": 0.4784119129180908, "sized person": 0.47508031129837036, "term midget": 0.426948606967926, "short statured": 0.4193578362464905, "slightly": 0.41726163029670715, "short legs": 0.4075942635536194, "word midget": 0.40641844272613525, "short posture": 0.40507322549819946, "short arms": 0.40348732471466064, "least": 0.40290170907974243, "shorter than": 0.4002082347869873, "short stature": 0.3990234434604645, "few inches": 0.39790719747543335, "short": 0.3872126042842865, "peoples": 0.38482609391212463, "somewhat": 0.3833492398262024, "midgets": 0.38299280405044556, "less": 0.3765774965286255, "less than": 0.37561601400375366, "younger": 0.37202465534210205, "people": 0.36890918016433716, "called midget": 0.36375975608825684, "people who": 0.36114200949668884, "midget": 0.3611057996749878, "average person": 0.3568193316459656,