{"c_v": 0.36513855273821233, "c_npmi": -0.19121372268449102, "u_mass": -4.174104959216379, "c_uci": -6.530254311907267}