{"0": {"severe hemophilia": 0.5046435594558716, "hemophilia treatment": 0.49461352825164795, "severe hemophiliac": 0.48582711815834045, "hemophilia": 0.4806823432445526, "fellow hemophiliacs": 0.47882595658302307, "younger hemophiliacs": 0.47700929641723633, "mild hemophilia": 0.4739106297492981, "hemophiliacs": 0.4683634340763092, "hemophilic": 0.46764588356018066, "hemophiliac": 0.46687567234039307, "older hemophiliacs": 0.46357396245002747, "hemophilic arthropathy": 0.46178561449050903, "non hemophiliac": 0.4571511745452881, "mild hemophiliac": 0.45666253566741943, "hemophilia community": 0.4470224380493164, "local hemophilia": 0.44679951667785645, "another hemophiliac": 0.4369833171367645, "severe haemophilia": 0.43356186151504517, "hemophilia association": 0.42326539754867554, "national hemophilia": 0.4223933815956116, "hemophilia society": 0.4104838967323303, "regional hemophilia": 0.40921488404273987, "hemophilia federation": 0.4064030349254608, "hemophilia center": 0.40613943338394165, "hemophilia foundation": 0.40192264318466187, "federation of hemophilia": 0.4004344344139099, "hemorrhage": 0.3934043049812317, "haemophilia": 0.39298272132873535, "other hemophiliacs": 0.3929232954978943, "severe hemo": 0.3914061188697815, "haemophiliac": 0.378985196352005, "haemophiliacs": 0.37409812211990356, "bleeding disorders": 0.37076812982559204, "willebrand disease": 0.3627241253852844, "blood loss": 0.359345018863678, "haemophilia centre": 0.35657137632369995, "bleeding issues": 0.3553614616394043, "blood clots": 0.35303717851638794, "blood clotting": 0.350594699382782, "breakthrough bleeding": 0.34807151556015015, "hemotalk": 0.34720686078071594, "bleedings": 0.34636276960372925, "blood clot": 0.3456149697303772, "hemo": 0.344369500875473, "hemotalk tk": 0.3405733108520508, "hematoma": 0.34037381410598755, "bleeding": 0.33544647693634033, "kidney bleed": 0.33371806144714355, "bleeding disorder": 0.33333009481430054, "your hematologist": 0.33307620882987976}, "1": {"tattoos": 0.5382115840911865, "first tattoo": 0.5111954212188721, "tattoo": 0.5024535655975342, "tattoo artist": 0.45253080129623413, "severe hemo": 0.3267143666744232, "severe hemophilia": 0.3170366585254669, "severe hemophiliac": 0.31636843085289, "mild hemophiliac": 0.2975764870643616, "piercings": 0.29723185300827026, "mild hemophilia": 0.29547807574272156, "fellow hemophiliacs": 0.2953507900238037, "hemophiliacs": 0.2919042706489563, "hematoma": 0.29097193479537964, "needle": 0.2855461835861206, "needles": 0.2832754850387573, "hemophilia treatment": 0.2826485335826874, "bandage": 0.27898451685905457, "hemophiliac": 0.278647780418396, "infected": 0.27816322445869446, "hemophilic": 0.2776084542274475, "blood drawn": 0.2756282091140747, "hemophilia": 0.274965763092041, "older hemophiliacs": 0.2728578448295593, "non hemophiliac": 0.27139315009117126, "elbow bleeds": 0.2709474563598633, "ink": 0.2704487144947052, "ankle fusion": 0.26938390731811523, "pain tolerance": 0.26915979385375977, "hemo": 0.2670783996582031, "bleeding issues": 0.26647844910621643, "almost bled": 0.2645402252674103, "kidney bleed": 0.25934749841690063, "ankle fusions": 0.25707995891571045, "psoas bleed": 0.25674331188201904, "hemotalk tk": 0.2566481828689575, "younger hemophiliacs": 0.256620854139328, "tainted blood": 0.2557583153247833, "hemophilic arthropathy": 0.25557002425193787, "hemophilia foundation": 0.25439655780792236, "bruises": 0.25243866443634033, "bleeding": 0.25231000781059265, "another hemophiliac": 0.2515801787376404, "most painful": 0.2510423958301544, "ankle": 0.2504071593284607, "severe haemophilia": 0.2496788203716278, "local hemophilia": 0.24891233444213867, "extremely painful": 0.24838173389434814, "bruising": 0.24831673502922058, "ankle fused": 0.2482902556657791, "contaminated blood": 0.24695833027362823}}