{"c_v": 0.2982023139183806, "c_npmi": -0.2119149545473459, "u_mass": -4.471057813158955, "c_uci": -6.655186033815071}