{"c_v": 0.4189197797524334, "c_npmi": -0.2708632801151328, "u_mass": -11.611065598430448, "c_uci": -8.384362678524022}