{"0": {"lumbar mri": 0.4806385338306427, "herniated": 0.4556949734687805, "sciatica": 0.43489181995391846, "sciatic nerve": 0.4315924048423767, "nerve pain": 0.42353570461273193, "herniated disc": 0.41554689407348633, "mris": 0.40246105194091797, "nerve damage": 0.39949360489845276, "spinal stenosis": 0.3957521915435791, "lumbar": 0.39138269424438477, "numbness": 0.3745975196361542, "physio": 0.36400237679481506, "severe pain": 0.3621216416358948, "neurologist": 0.3551138639450073, "mri": 0.34887492656707764, "sciatic": 0.3426209092140198, "herniation": 0.34053266048431396, "extreme pain": 0.32947486639022827, "back pain": 0.32920750975608826, "physical therapy": 0.3280220031738281, "permanent nerve": 0.3209289014339447, "disc herniation": 0.3158326745033264, "saddle numbness": 0.3100040555000305, "bulging disc": 0.30622953176498413, "paralyzed": 0.305156946182251, "tingling": 0.3043418526649475, "spinal": 0.3033870458602905, "urologist": 0.30237823724746704, "neurosurgeon": 0.30150356888771057, "stenosis": 0.3004757761955261, "pains": 0.29678043723106384, "go to the er": 0.29571861028671265, "nerve": 0.2939249873161316, "pins and needles": 0.2908042371273041, "spasms": 0.2857815623283386, "numb": 0.2835581302642822, "physical therapist": 0.2824120819568634, "went to the er": 0.2793719172477722, "still numb": 0.2734031081199646, "nerve compression": 0.27182966470718384, "emg": 0.27146047353744507, "medical professionals": 0.27140873670578003, "emergency surgery": 0.2657963037490845, "symptoms": 0.26241734623908997, "ct scan": 0.26233750581741333, "completely numb": 0.2619835138320923, "surgery": 0.26089829206466675, "loss of sensation": 0.2545045018196106, "spine specialist": 0.2530941069126129, "these symptoms": 0.25190937519073486}, "1": {"sciatica": 0.504382848739624, "frequent urination": 0.48101451992988586, "sciatic nerve": 0.47337785363197327, "urge to urinate": 0.4687919616699219, "herniated": 0.46754616498947144, "nerve pain": 0.4562475383281708, "lumbar mri": 0.4525550603866577, "severe pain": 0.44997090101242065, "need to urinate": 0.43038904666900635, "urination": 0.42666321992874146, "back pain": 0.4248279333114624, "uti": 0.41832470893859863, "extreme pain": 0.4179026484489441, "urologist": 0.41523563861846924, "lumbar": 0.41232866048812866, "numbness": 0.4045276939868927, "herniated disc": 0.40044641494750977, "spinal stenosis": 0.4002249240875244, "pains": 0.3991612493991852, "sciatic": 0.3973291218280792, "nerve damage": 0.39710068702697754, "tingling": 0.3944386839866638, "urinary": 0.38540419936180115, "urinating": 0.38486433029174805, "bladder and bowel": 0.3813839554786682, "bladder": 0.3674851059913635, "erectile dysfunction": 0.3650472164154053, "incontinence": 0.3562677800655365, "peeing": 0.3558134436607361, "pins and needles": 0.3463611602783203, "spasms": 0.3435019254684448, "neurologist": 0.34136635065078735, "mris": 0.34052371978759766, "saddle numbness": 0.3386988639831543, "physio": 0.33241093158721924, "these symptoms": 0.3310880661010742, "urine retention": 0.33020609617233276, "pelvic floor": 0.3296689987182617, "pelvic": 0.32928237318992615, "bowel issues": 0.32416653633117676, "pain": 0.319821298122406, "bladder control": 0.3197738826274872, "herniation": 0.3191738724708557, "groin area": 0.3142535090446472, "discomfort": 0.31237536668777466, "pee": 0.31066757440567017, "loss of sensation": 0.3102490305900574, "numb": 0.3099014163017273, "bulging disc": 0.30877143144607544, "spinal": 0.3072977662086487}}