{"c_v": 0.39967718728694995, "c_npmi": -0.2038607772380162, "u_mass": -1.1697069343711046, "c_uci": -6.329295980455547}