{"0": {"urticaria": 0.5653852820396423, "idiopathic urticaria": 0.5489649772644043, "itchiness": 0.5261350274085999, "hives": 0.5258245468139648, "take antihistamines": 0.5101677179336548, "allergy meds": 0.5097512006759644, "constantly itchy": 0.5096927285194397, "itch cream": 0.5096122026443481, "allergy test": 0.5089459419250488, "anti histamine": 0.5087062120437622, "extremely itchy": 0.5083256959915161, "allergy medication": 0.5068472623825073, "saw an allergist": 0.5066969990730286, "antihistamines": 0.5065493583679199, "allergen": 0.5063135623931885, "anti itch": 0.5038260221481323, "chronic urticaria": 0.5019382238388062, "histamine": 0.5008234977722168, "see an allergist": 0.4946158826351166, "very itchy": 0.4919588565826416, "allergic reaction": 0.48835593461990356, "allergy": 0.4881179630756378, "rashes": 0.48738789558410645, "allergy tests": 0.48518040776252747, "allergy testing": 0.48429566621780396, "allergy medicine": 0.4827748239040375, "itching": 0.47926467657089233, "rash": 0.4764218330383301, "itchy spots": 0.4746324121952057, "histamine intolerance": 0.47365516424179077, "hydrocortisone": 0.47267913818359375, "antihistamine": 0.4692843556404114, "taking antihistamines": 0.467525839805603, "dermatitis": 0.4646855592727661, "stop scratching": 0.463195264339447, "super itchy": 0.46137744188308716, "itch": 0.4599611461162567, "tested for allergies": 0.4592772126197815, "high histamine": 0.45908844470977783, "allergy pill": 0.45513778924942017, "benedryl": 0.4546331763267517, "itchy": 0.4502779245376587, "taking zyrtec": 0.45011430978775024, "allergens": 0.44991540908813477, "allergies": 0.4471524953842163, "food allergy": 0.442648321390152, "zyrtec": 0.44203871488571167, "take zyrtec": 0.44190216064453125, "pressure urticaria": 0.4382450580596924, "raised welts": 0.4355504512786865}, "1": {"getting tattoo": 0.5994292497634888, "tattoos": 0.5724805593490601, "tattoo": 0.5577768087387085, "tattoo artist": 0.5224589109420776, "allergic reaction": 0.3793005347251892, "hives": 0.37563925981521606, "urticaria": 0.3686900734901428, "allergy test": 0.35580357909202576, "rashes": 0.35444706678390503, "derma": 0.3523557186126709, "lidocaine": 0.3522307276725769, "rash": 0.34482869505882263, "allergy": 0.34397628903388977, "anti histamine": 0.34192800521850586, "anti itch": 0.3393164277076721, "idiopathic urticaria": 0.33917611837387085, "skin moisturized": 0.3385341763496399, "antihistamines": 0.3383294939994812, "allergic reactions": 0.3373414874076843, "allergy testing": 0.33487558364868164, "allergy meds": 0.33328139781951904, "benedryl": 0.3324238061904907, "histamine": 0.3314724862575531, "allergy medication": 0.3279127776622772, "itching": 0.3278524875640869, "anaphylaxis": 0.32669034600257874, "allergen": 0.32619330286979675, "extremely itchy": 0.3250243663787842, "raised welts": 0.3234829306602478, "allergy pill": 0.322939932346344, "taking antihistamines": 0.32164424657821655, "zyrtec": 0.3205195665359497, "itchiness": 0.320232629776001, "saw an allergist": 0.31849586963653564, "food allergy": 0.3179793655872345, "allergy tests": 0.31797897815704346, "am allergic": 0.3152563273906708, "taking zyrtec": 0.3148335814476013, "welts": 0.3123503029346466, "ink": 0.31205523014068604, "chronic urticaria": 0.3110694885253906, "histamine intolerance": 0.30820876359939575, "my arm": 0.3071845471858978, "very itchy": 0.3062938451766968, "take zyrtec": 0.30577534437179565, "itch": 0.3054826855659485, "see an allergist": 0.30413538217544556, "itch cream": 0.30316632986068726, "take antihistamines": 0.3030102252960205, "allergic": 0.30276018381118774}}