{"c_v": 0.3173423200992922, "c_npmi": -0.43039167471917633, "u_mass": -4.96240768758075, "c_uci": -12.154946773531767}