{"0": {"diagnosed with behcet": 0.42664557695388794, "diagnosed with behcets": 0.41238832473754883, "behcet disease": 0.41111597418785095, "rheumatoid arthritis": 0.38832688331604004, "ulcerative colitis": 0.38517946004867554, "psoriatic arthritis": 0.3806159198284149, "got diagnosed": 0.37408483028411865, "chronic illness": 0.3684314489364624, "oral ulcers": 0.35720810294151306, "meningitis": 0.3550354242324829, "oral ulcer": 0.35343611240386963, "recently diagnosed": 0.3531613349914551, "diagnosed with bechets": 0.3453964591026306, "chronic pain": 0.34216201305389404, "difficult to diagnose": 0.3382945656776428, "undiagnosed": 0.33649498224258423, "autoimmune disease": 0.3349432945251465, "misdiagnosed": 0.32990872859954834, "been diagnosed": 0.32854899764060974, "sore throat": 0.3284739851951599, "autoimmune diseases": 0.32806506752967834, "aphthous ulcers": 0.32747307419776917, "newly diagnosed": 0.3274041712284088, "vaginal ulcers": 0.32429301738739014, "swollen lymph": 0.3220003843307495, "was diagnosed": 0.3135090470314026, "arthritis": 0.3115774691104889, "other symptoms": 0.309206485748291, "rare disease": 0.30880582332611084, "canker sores": 0.30748575925827026, "neurological symptoms": 0.30735063552856445, "vasculitis": 0.30672740936279297, "fibromyalgia": 0.30415070056915283, "diagnoses": 0.3035511374473572, "genital ulcer": 0.3032492697238922, "genital ulcers": 0.3029869794845581, "mouth sores": 0.3028945028781891, "rare diseases": 0.2999749779701233, "diagnosis": 0.29993265867233276, "new rheumatologist": 0.2998780608177185, "diagnose": 0.2987009882926941, "diagnosing": 0.295266717672348, "mouth ulcers": 0.2929013967514038, "illnesses": 0.29124391078948975, "symptoms": 0.2905268967151642, "being diagnosed": 0.2897598147392273, "other diseases": 0.289600133895874, "joint pains": 0.28692758083343506, "disease": 0.28669410943984985, "genital sores": 0.2866162657737732}, "1": {"covid vaccine": 0.5045902729034424, "pfizer vaccine": 0.47617971897125244, "vaccinated": 0.4513521194458008, "pneumonia vaccine": 0.4446480870246887, "vaccine": 0.4413571059703827, "vaccines": 0.4346829652786255, "flu shot": 0.43238455057144165, "flu like": 0.37152576446533203, "flu": 0.3620340824127197, "meningitis": 0.3463684618473053, "behcet disease": 0.3423595428466797, "autoimmune diseases": 0.31564193964004517, "autoimmune disease": 0.3139593005180359, "ulcerative colitis": 0.3040570616722107, "diagnosed with behcet": 0.3009433448314667, "chronic illness": 0.29965072870254517, "pneumonia": 0.2981101870536804, "fever": 0.2973613142967224, "immune response": 0.29469412565231323, "allergic reaction": 0.29246628284454346, "yeast infection": 0.28897374868392944, "allergic": 0.2857006788253784, "immune system": 0.28548264503479004, "sore throat": 0.2852536737918854, "yeast infections": 0.28057757019996643, "fevers": 0.2787756323814392, "diagnosed with behcets": 0.27674853801727295, "prescribed colchicine": 0.268898606300354, "antibiotic": 0.2669336795806885, "rheumatoid arthritis": 0.26692885160446167, "antibiotics": 0.2666894197463989, "allergies": 0.2632156014442444, "allergy": 0.2607651948928833, "psoriatic arthritis": 0.25967520475387573, "swollen lymph": 0.25838011503219604, "vasculitis": 0.25770649313926697, "ill": 0.2553116977214813, "tested for herpes": 0.2535731792449951, "your immune": 0.25043147802352905, "infected": 0.24988029897212982, "aspirin": 0.24821990728378296, "other diseases": 0.24735620617866516, "colitis": 0.24682481586933136, "recently diagnosed": 0.24647670984268188, "cold sore": 0.24597036838531494, "immune suppressants": 0.2456723153591156, "mg daily": 0.24341055750846863, "immune": 0.24280130863189697, "illness": 0.24168306589126587, "illnesses": 0.24049782752990723}}