{"c_v": 0.4216275821625766, "c_npmi": -0.450295252679898, "u_mass": -8.424136777703998, "c_uci": -13.266888838122263}