{"0": {"severe vertigo": 0.695238471031189, "intense vertigo": 0.6807264089584351, "dizzy conditions": 0.6716580986976624, "positional vertigo": 0.6592084169387817, "dizziness clinic": 0.6446507573127747, "diagnosed with bppv": 0.6319971084594727, "cervical vertigo": 0.6258688569068909, "vertigo": 0.6253669857978821, "cervicogenic vertigo": 0.6236581802368164, "violent vertigo": 0.6213630437850952, "lingering dizziness": 0.6140955686569214, "actual vertigo": 0.6109657287597656, "secondary dizziness": 0.6084029674530029, "extremely dizzy": 0.6014103889465332, "mild dizziness": 0.6004204154014587, "milder dizziness": 0.598970890045166, "vertigo attacks": 0.5989493727684021, "dizzy spells": 0.5973030924797058, "constant dizziness": 0.5893269777297974, "dizziness": 0.5882876515388489, "slight dizziness": 0.5805307626724243, "dizzyness": 0.5792254209518433, "cervicogenic dizziness": 0.5694435238838196, "perceptual dizziness": 0.5671167373657227, "specializes in dizziness": 0.548560619354248, "meniere disease": 0.5169903039932251, "dizzy clinic": 0.5142477750778198, "dizzy specialist": 0.5089808702468872, "challenge the dizziness": 0.5024302005767822, "residual dizziness": 0.49710434675216675, "vestibular migraines": 0.4958614706993103, "dizzy": 0.49206680059432983, "ear infection": 0.49126434326171875, "wave of dizziness": 0.49042385816574097, "waves of dizziness": 0.48868322372436523, "vestibular issues": 0.4855654835700989, "vestibular migraine": 0.4813992977142334, "vestibular disorder": 0.4797701835632324, "super dizzy": 0.47865572571754456, "dizzy spell": 0.47769445180892944, "vestibular disorders": 0.47355809807777405, "light headedness": 0.4617804288864136, "ear infections": 0.4535464644432068, "labyrinthitis": 0.4379812777042389, "ear fullness": 0.4353342354297638, "spinning sensation": 0.42640888690948486, "similar symptoms": 0.4236533045768738, "slightly dizzy": 0.422965943813324, "vestibular therapy": 0.41817188262939453, "ears checked": 0.41444131731987}, "1": {"severe vertigo": 0.6883203983306885, "positional vertigo": 0.6739896535873413, "intense vertigo": 0.6687937378883362, "cervicogenic vertigo": 0.6395207643508911, "cervical vertigo": 0.6274539232254028, "actual vertigo": 0.6260349750518799, "vertigo": 0.624909520149231, "violent vertigo": 0.620506763458252, "dizzy conditions": 0.6175837516784668, "vertigo attacks": 0.6044442653656006, "dizziness clinic": 0.5975449681282043, "secondary dizziness": 0.5891855359077454, "lingering dizziness": 0.5615389347076416, "extremely dizzy": 0.5543614029884338, "diagnosed with bppv": 0.548109769821167, "dizzy spells": 0.5464549660682678, "mild dizziness": 0.5461077094078064, "perceptual dizziness": 0.5404577255249023, "milder dizziness": 0.5372798442840576, "dizziness": 0.5342757105827332, "slight dizziness": 0.5338919162750244, "cervicogenic dizziness": 0.5297427177429199, "challenge the dizziness": 0.5267180800437927, "dizzyness": 0.5230076313018799, "specializes in dizziness": 0.5185972452163696, "constant dizziness": 0.5176295042037964, "dizzy specialist": 0.5053967237472534, "dizzy clinic": 0.49911466240882874, "vestibular issues": 0.4872437119483948, "meniere disease": 0.46432244777679443, "residual dizziness": 0.4616549611091614, "dizzy spell": 0.46025434136390686, "super dizzy": 0.45564690232276917, "spinning sensation": 0.4537343978881836, "dizzy": 0.4522315263748169, "vestibular disorder": 0.447002649307251, "vestibular therapy": 0.44499313831329346, "balance disorders": 0.4347224831581116, "vestibular disorders": 0.4344634413719177, "vestibular migraines": 0.4302522838115692, "wave of dizziness": 0.42619550228118896, "vestibular rehab": 0.4254493713378906, "vestibular migraine": 0.42427992820739746, "waves of dizziness": 0.4222957491874695, "vestibular therapist": 0.4190090298652649, "labyrinthitis": 0.41661596298217773, "vestibular rehabilitation": 0.40844273567199707, "slightly dizzy": 0.40688347816467285, "vestibular physiotherapist": 0.3998508155345917, "vestibular system": 0.3996800184249878}, "2": {"diagnosed with bppv": 0.8006807565689087, "recurrent bppv": 0.6041067838668823, "bppv": 0.5777694582939148, "form of bppv": 0.5535669326782227, "active bppv": 0.5100326538085938, "severe vertigo": 0.47128450870513916, "intense vertigo": 0.4679286777973175, "dizziness clinic": 0.45929691195487976, "posting in bppv": 0.4565783143043518, "violent vertigo": 0.4549272656440735, "dizzy conditions": 0.4543663263320923, "cervicogenic vertigo": 0.4489428699016571, "positional vertigo": 0.435177206993103, "lingering dizziness": 0.42789405584335327, "vertigo": 0.42373812198638916, "mild dizziness": 0.422623872756958, "actual vertigo": 0.41936424374580383, "extremely dizzy": 0.4166405200958252, "cervical vertigo": 0.4154052734375, "dizzy clinic": 0.41504210233688354, "cervicogenic dizziness": 0.4078013002872467, "vertigo attacks": 0.4053681790828705, "dizzy spells": 0.4035263657569885, "milder dizziness": 0.40110087394714355, "secondary dizziness": 0.3916470408439636, "dizzy specialist": 0.3902340829372406, "dizzyness": 0.39003244042396545, "dizziness": 0.38951241970062256, "vestibular disorder": 0.3872247338294983, "vestibular therapy": 0.3862836956977844, "perceptual dizziness": 0.38384732604026794, "properly diagnose": 0.3785109519958496, "vestibular rehab": 0.3782738149166107, "self diagnose": 0.37707507610321045, "sudden onset": 0.37461912631988525, "diagnose and treat": 0.3731656074523926, "having stroke": 0.3720570504665375, "medical advice": 0.3720403015613556, "vestibular issues": 0.3718736469745636, "constant dizziness": 0.37109893560409546, "symptoms were": 0.37108272314071655, "challenge the dizziness": 0.37039387226104736, "vestibular therapist": 0.3670538067817688, "slight dizziness": 0.36602118611335754, "vestibular disorders": 0.3642185628414154, "specializes in dizziness": 0.36304712295532227, "diagnose": 0.3626314401626587, "vestibular migraine": 0.3609151840209961, "been diagnosed": 0.3589923679828644, "vestibular rehabilitation": 0.358000248670578}, "3": {"dizziness clinic": 0.6757055521011353, "intense vertigo": 0.6697862148284912, "severe vertigo": 0.6642537713050842, "positional vertigo": 0.6160556674003601, "lingering dizziness": 0.602895975112915, "vertigo": 0.6026148200035095, "secondary dizziness": 0.6015839576721191, "dizzy conditions": 0.6005985736846924, "milder dizziness": 0.5972436666488647, "cervicogenic vertigo": 0.5913394689559937, "vertigo attacks": 0.5884836912155151, "violent vertigo": 0.5861358642578125, "actual vertigo": 0.5829713940620422, "mild dizziness": 0.5808746814727783, "specializes in dizziness": 0.5753525495529175, "dizzy spells": 0.5704679489135742, "dizziness": 0.5685485601425171, "constant dizziness": 0.5645055770874023, "cervical vertigo": 0.5607782006263733, "slight dizziness": 0.553890585899353, "extremely dizzy": 0.5476832985877991, "perceptual dizziness": 0.5373314619064331, "challenge the dizziness": 0.5364513397216797, "cervicogenic dizziness": 0.5327563285827637, "dizzyness": 0.5213230848312378, "dizzy clinic": 0.5193530321121216, "dizzy specialist": 0.4974285662174225, "residual dizziness": 0.4958570897579193, "dizzy spell": 0.4641113877296448, "prescribed meclizine": 0.4623236656188965, "waves of dizziness": 0.45849910378456116, "wave of dizziness": 0.4518950283527374, "dizzy": 0.4499939978122711, "super dizzy": 0.44203323125839233, "vestibular migraines": 0.4302716851234436, "meniere disease": 0.4280380606651306, "diagnosed with bppv": 0.4259527027606964, "vestibular migraine": 0.41974806785583496, "meclizine and zofran": 0.4080079197883606, "nausea medicine": 0.4022136330604553, "vestibular issues": 0.4015023112297058, "take meclizine": 0.40047991275787354, "vestibular therapy": 0.3969176411628723, "light headedness": 0.38548702001571655, "balance disorders": 0.3795763850212097, "slightly dizzy": 0.37468406558036804, "diagnose and treat": 0.37410449981689453, "labyrinthitis": 0.3739834427833557,