{"c_v": 0.29057392379572283, "c_npmi": -0.2584930252152807, "u_mass": -6.487914024596496, "c_uci": -7.71510578237959}