{"c_v": 0.36423867168715296, "c_npmi": -0.27659448213613197, "u_mass": -8.086425742926872, "c_uci": -8.566757284388574}