{"0": {"cold urticaria": 0.48532572388648987, "allergic reaction": 0.46768081188201904, "take an antihistamine": 0.461181104183197, "eczema": 0.43841448426246643, "cold uticaria": 0.43635761737823486, "allergic reactions": 0.4298149347305298, "allergy meds": 0.4296052157878876, "allergy": 0.41831696033477783, "allergy medication": 0.41609272360801697, "allergies": 0.4114627540111542, "allergist": 0.4082338213920593, "allergy shots": 0.4044693112373352, "allergy medicine": 0.4020618796348572, "allergic": 0.40050479769706726, "hives": 0.4004318416118622, "itchy": 0.39483991265296936, "rashes": 0.38729774951934814, "allergist told": 0.38173097372055054, "rash": 0.38027000427246094, "histamine": 0.37971699237823486, "allergy pills": 0.37279850244522095, "benadryl": 0.3710402846336365, "taking antihistamines": 0.36285969614982605, "symptoms": 0.35626527667045593, "urticaria": 0.34800446033477783, "antihistamines": 0.3466394543647766, "antihistamine": 0.34617459774017334, "swollen": 0.3354506492614746, "symptom": 0.3335374593734741, "itching": 0.3223820626735687, "swelling": 0.3172115981578827, "itchiness": 0.3088465631008148, "itch": 0.3062051236629486, "cold": 0.30586761236190796, "covered in hives": 0.3025314211845398, "cold weather": 0.28954511880874634, "sweating": 0.2776235342025757, "body temp": 0.27416205406188965, "dermatologist": 0.27294933795928955, "infection": 0.27282100915908813, "asthma": 0.26763421297073364, "cold water": 0.2668520510196686, "holding cold": 0.26670634746551514, "anaphylactic": 0.2664489150047302, "anaphylactic shock": 0.26621195673942566, "swell up": 0.26544222235679626, "autoimmune": 0.2597217857837677, "ice": 0.2576621472835541, "wear gloves": 0.2521951198577881, "eat ice": 0.2517230808734894}, "1": {"hives": 0.5886578559875488, "eczema": 0.5096995830535889, "covered in hives": 0.5005853176116943, "cold urticaria": 0.48913782835006714, "urticaria": 0.47857457399368286, "allergic reaction": 0.47142401337623596, "take an antihistamine": 0.4711953401565552, "allergy medication": 0.44993600249290466, "allergic reactions": 0.4428316354751587, "itchy": 0.4428240656852722, "rashes": 0.4419991374015808, "allergy meds": 0.4390602111816406, "rash": 0.4369089603424072, "allergy": 0.4296737015247345, "allergist": 0.42447054386138916, "allergies": 0.42065170407295227, "allergy medicine": 0.41732197999954224, "aquagenic urticaria": 0.41238224506378174, "allergy shots": 0.40929466485977173, "allergic": 0.40662574768066406, "taking antihistamines": 0.39954811334609985, "benadryl": 0.3921656608581543, "itching": 0.38945984840393066, "allergy pills": 0.38733381032943726, "histamine": 0.3806520700454712, "allergist told": 0.37784543633461, "induced urticaria": 0.369687020778656, "antihistamines": 0.36595362424850464, "antihistamine": 0.3649469017982483, "cold uticaria": 0.34990572929382324, "itch": 0.3388838768005371, "dermatologist": 0.3218187391757965, "itchiness": 0.3202120065689087, "anaphylactic shock": 0.3148195743560791, "natural treatment": 0.3135420083999634, "anaphylactic": 0.30644261837005615, "asthma": 0.29896724224090576, "autoimmune": 0.2957238554954529, "symptoms": 0.29270005226135254, "cure": 0.2913037836551666, "anaphylaxis": 0.28893232345581055, "uticaria": 0.28694555163383484, "swollen": 0.28047123551368713, "symptom": 0.276549756526947, "breathing problems": 0.27258574962615967, "swelling": 0.27115124464035034, "disease": 0.2696142792701721, "treatment": 0.26700758934020996, "sweating": 0.26330554485321045, "infection": 0.26060613989830017}}