{"c_v": 0.2891965269111685, "c_npmi": -0.13487404730353492, "u_mass": -1.7040519119431576, "c_uci": -3.554363274501888}