{"c_v": 0.3356188136817341, "c_npmi": -0.18135101424495248, "u_mass": -1.4634875950421853, "c_uci": -5.348441615998581}