{"0": {"cholesteatoma removed": 0.44347161054611206, "first surgery": 0.4135323166847229, "second surgery": 0.4133743643760681, "mastoidectomy": 0.4091576933860779, "diagnosed with cholesteatoma": 0.4004649221897125, "hearing bones": 0.3994201421737671, "two surgeries": 0.3831363022327423, "surgery": 0.38054680824279785, "left ear": 0.3741498589515686, "surgeries": 0.37344372272491455, "ear canal": 0.36802375316619873, "congenital cholesteatoma": 0.36455804109573364, "ear infection": 0.36382174491882324, "temporal bone": 0.36108896136283875, "pre surgery": 0.3581080436706543, "general anesthesia": 0.3545425236225128, "ear infections": 0.35162946581840515, "anesthesia": 0.3459182381629944, "cholesteatoma": 0.3266659677028656, "surgeon said": 0.31902825832366943, "my eardrum": 0.3159758150577545, "cholesteatomas": 0.3142942190170288, "hearing loss": 0.31093573570251465, "right ear": 0.30669376254081726, "mastoid bone": 0.2987632751464844, "ear wax": 0.2987178564071655, "surgeon": 0.29644447565078735, "tumor": 0.2919238209724426, "middle ear": 0.29001134634017944, "ear drops": 0.2822185754776001, "inner ear": 0.2748304009437561, "healing process": 0.2716749310493469, "prosthetic": 0.2671964168548584, "eardrum": 0.2630727291107178, "ossicular": 0.2602698504924774, "ear": 0.2576512098312378, "hearing aids": 0.255825400352478, "bone": 0.25330886244773865, "was diagnosed": 0.25293898582458496, "both ears": 0.24844025075435638, "been diagnosed": 0.24817602336406708, "facial paralysis": 0.24654974043369293, "hearing aid": 0.24145078659057617, "mastoid cavity": 0.23851019144058228, "meningitis": 0.2369208037853241, "ossicular chain": 0.23110607266426086, "recovery": 0.22694140672683716, "facial nerve": 0.22598788142204285, "ears": 0.2200613170862198, "diagnosis": 0.21663938462734222}, "1": {"ear infection": 0.5258371233940125, "ear infections": 0.5156933665275574, "ear canal": 0.4827445447444916, "left ear": 0.44370996952056885, "ear drops": 0.43571704626083374, "ear wax": 0.428851842880249, "my eardrum": 0.4131762683391571, "eardrum": 0.3894153833389282, "right ear": 0.3747289180755615, "middle ear": 0.37100881338119507, "hearing loss": 0.37005412578582764, "ear": 0.367523193359375, "inner ear": 0.3647344708442688, "anesthesia": 0.34873074293136597, "general anesthesia": 0.3485485017299652, "hearing bones": 0.33596354722976685, "first surgery": 0.3350895047187805, "ears": 0.33042287826538086, "second surgery": 0.32152628898620605, "hearing aids": 0.31909874081611633, "ear drum": 0.31865641474723816, "both ears": 0.31675803661346436, "mastoidectomy": 0.3106364905834198, "surgery": 0.3087952733039856, "surgeries": 0.3076166808605194, "two surgeries": 0.29468250274658203, "meningitis": 0.2916603982448578, "hearing aid": 0.29079413414001465, "pre surgery": 0.2824556827545166, "swelling": 0.2751390337944031, "tumor": 0.26624491810798645, "cholesteatoma removed": 0.25614264607429504, "surgeon said": 0.253581702709198, "temporal bone": 0.25253233313560486, "hearing test": 0.2517409026622772, "dizzy": 0.2486877143383026, "surgeon": 0.2472207397222519, "mastoid cavity": 0.2314247488975525, "dizziness": 0.229802206158638, "completely deaf": 0.22921854257583618, "healing process": 0.22605660557746887, "headphones": 0.22515138983726501, "infection": 0.22371715307235718, "diagnosed with cholesteatoma": 0.2156197726726532, "infections": 0.21487239003181458, "ossicular": 0.21459239721298218, "hearing": 0.21351119875907898, "been diagnosed": 0.21304526925086975, "facial paralysis": 0.20790448784828186, "prosthetic": 0.20772281289100647}}