{"c_v": 0.4023082976906137, "c_npmi": -0.2082714472156232, "u_mass": -9.653671297357503, "c_uci": -6.813820414349741}