{"c_v": 0.3946169937192271, "c_npmi": -0.26288321222621996, "u_mass": -7.615905930443653, "c_uci": -7.983299140433601}