{"c_v": 0.40581162550005345, "c_npmi": -0.28637080357043093, "u_mass": -10.287561281773424, "c_uci": -8.739201335434625}