{"c_v": 0.3408827868626839, "c_npmi": -0.2212679535179255, "u_mass": -1.5277138681426226, "c_uci": -6.910168865741053}