{"0": {"diagnosed with cml": 0.4294735789299011, "hematologist oncologist": 0.39815187454223633, "remission": 0.3704299330711365, "diagnosed": 0.3697543740272522, "oncologist": 0.36735999584198, "got diagnosed": 0.3600418269634247, "chemo": 0.3573293089866638, "biopsy": 0.3417294919490814, "was diagnosed": 0.33134716749191284, "leukemia": 0.32055243849754333, "recently diagnosed": 0.31991705298423767, "blood work": 0.3139725923538208, "pleural effusion": 0.2967800498008728, "my platelets": 0.2962907552719116, "diagnosis": 0.27711400389671326, "blood test": 0.2688828706741333, "cml": 0.2679806351661682, "hematologist": 0.26601865887641907, "my hematologist": 0.25917690992355347, "pleural effusions": 0.252250999212265, "symptoms": 0.250266432762146, "treatments": 0.2457759976387024, "platelets": 0.2442167103290558, "cancer": 0.2437877207994461, "wbc": 0.23722660541534424, "treatment free": 0.23253296315670013, "meds": 0.23217928409576416, "pleural": 0.23128461837768555, "effusion": 0.23094475269317627, "stay positive": 0.22844572365283966, "wbc count": 0.2284049689769745, "treatment": 0.223861426115036, "stay strong": 0.22216352820396423, "medication": 0.22188304364681244, "patients": 0.21679317951202393, "hang in there": 0.21579419076442719, "best wishes": 0.21089020371437073, "cbc": 0.20748373866081238, "your doctor": 0.20641621947288513, "joint pain": 0.20553112030029297, "bone marrow": 0.200189471244812, "rash": 0.20016419887542725, "life expectancy": 0.1979694962501526, "disease": 0.19367831945419312, "dasatinib mg": 0.19292643666267395, "sorry to hear": 0.1913546621799469, "chronic": 0.18923228979110718, "any questions": 0.18731437623500824, "night sweats": 0.18420086801052094, "side affects": 0.18359798192977905}, "1": {"side affects": 0.34643691778182983, "symptoms": 0.34350281953811646, "side effects": 0.3228730857372284, "rash": 0.318359375, "side effect": 0.3101028800010681, "my platelets": 0.3079198896884918, "diagnosed": 0.30791914463043213, "joint pain": 0.30496513843536377, "got diagnosed": 0.3009159564971924, "recently diagnosed": 0.28155946731567383, "was diagnosed": 0.2776476740837097, "aches": 0.27686959505081177, "diagnosed with cml": 0.27263426780700684, "blood work": 0.2719493508338928, "pleural effusion": 0.2690068483352661, "medication": 0.2637927830219269, "night sweats": 0.2545607089996338, "hematologist oncologist": 0.24941886961460114, "remission": 0.24891600012779236, "meds": 0.24790918827056885, "dasatinib mg": 0.24572201073169708, "my hematologist": 0.2456282675266266, "pleural effusions": 0.24192392826080322, "sprycel mg": 0.2413274645805359, "nausea": 0.2370721697807312, "blood test": 0.23677581548690796, "biopsy": 0.23472948372364044, "diagnosis": 0.23443251848220825, "chemo": 0.2339620143175125, "your doctor": 0.22913901507854462, "chronic": 0.22884619235992432, "experiences": 0.22217121720314026, "headaches": 0.221140518784523, "pleural": 0.21940980851650238, "effusion": 0.2189558744430542, "platelets": 0.21635696291923523, "pain": 0.21543046832084656, "medications": 0.21418651938438416, "mg": 0.20637977123260498, "bone pain": 0.2049187421798706, "oncologist": 0.20297853648662567, "hematologist": 0.19633913040161133, "disease": 0.19431611895561218, "chronic phase": 0.19386684894561768, "issues": 0.18855930864810944, "fatigue": 0.18781119585037231, "pill": 0.18529793620109558, "any questions": 0.18480442464351654, "treatments": 0.1819971203804016, "effects": 0.1810183972120285}}