{"c_v": 0.49138035206978303, "c_npmi": -0.13366446464163734, "u_mass": -1.0332190546723659, "c_uci": -5.37899099641818}