{"0": {"diagnosed": 0.3368893265724182, "igg iga": 0.3328261375427246, "iga igm": 0.3267367482185364, "immune globulin": 0.319175124168396, "being diagnosed": 0.31897619366645813, "immune deficient": 0.30867040157318115, "was diagnosed": 0.30274149775505066, "diagnosed with cvid": 0.30139797925949097, "igg": 0.29831892251968384, "immune system": 0.2975876033306122, "recently diagnosed": 0.2947256565093994, "immune deficiency": 0.29427802562713623, "sepsis": 0.2915613651275635, "igm": 0.28999757766723633, "getting sick": 0.28884759545326233, "symptoms": 0.28447213768959045, "immune response": 0.2813691794872284, "sinus infection": 0.2764832377433777, "igg levels": 0.27530890703201294, "low igg": 0.27518945932388306, "subq": 0.2751295566558838, "blood work": 0.27386409044265747, "infectious disease": 0.2725350856781006, "infusion therapy": 0.2701103985309601, "iga": 0.2699917256832123, "been hospitalized": 0.2686973214149475, "autoimmune": 0.26840490102767944, "immune": 0.2679116129875183, "immunologist": 0.2638969421386719, "immunoglobulin": 0.2636776566505432, "immune systems": 0.26066046953201294, "ivig treatments": 0.2585744857788086, "get sick": 0.25711244344711304, "antibody test": 0.25708964467048645, "diagnosis": 0.2570420801639557, "illness": 0.2548830807209015, "subcutaneous infusions": 0.2548561692237854, "blood tests": 0.2547209858894348, "my immunologist": 0.25140365958213806, "antibody response": 0.25089797377586365, "antibody": 0.2500440180301666, "ear infections": 0.24978792667388916, "sinus infections": 0.24890264868736267, "flu shot": 0.24701303243637085, "immune compromised": 0.24642077088356018, "infusions": 0.2443733811378479, "very sick": 0.24431222677230835, "antibodies": 0.24283720552921295, "covid antibodies": 0.2428296059370041, "flu": 0.2378685176372528}, "1": {"covid vaccine": 0.5219157934188843, "vaccine": 0.48931512236595154, "flu shot": 0.48142874240875244, "pfizer vaccine": 0.4807516634464264, "covid antibodies": 0.46727776527404785, "vaccine challenge": 0.4556626081466675, "vaccinated": 0.4529089331626892, "vaccines": 0.4432629346847534, "antibody test": 0.4430816173553467, "vaccination": 0.43461793661117554, "antibody": 0.4345232844352722, "antibodies": 0.43451642990112305, "monoclonal antibodies": 0.42791953682899475, "no antibodies": 0.4151254892349243, "antibody response": 0.41495949029922485, "immune response": 0.40664589405059814, "immune globulin": 0.4062046408653259, "immune deficient": 0.3949568271636963, "igg": 0.3888785243034363, "immune": 0.3879406452178955, "igm": 0.38662394881248474, "igg iga": 0.37848031520843506, "iga igm": 0.3732951283454895, "immune systems": 0.3379301428794861, "immune system": 0.3371514678001404, "immunity": 0.32489460706710815, "immune compromised": 0.32288846373558044, "subq": 0.3172316551208496, "low igg": 0.31577831506729126, "immune deficiency": 0.31290462613105774, "viral": 0.31112879514694214, "autoimmune": 0.3077753782272339, "primary immune": 0.304269015789032, "igg levels": 0.304118275642395, "compromised immune": 0.30245035886764526, "cell immunity": 0.3000585436820984, "cdc": 0.2950748801231384, "immunoglobulin": 0.29252010583877563, "flu": 0.28454557061195374, "immunology": 0.2810942828655243, "labcorp": 0.26415926218032837, "subcutaneous infusions": 0.26300865411758423, "infusion therapy": 0.2592938244342804, "infusions": 0.2569747269153595, "blood work": 0.2568644881248474, "infusion": 0.2563183903694153, "immunologist": 0.25242510437965393, "blood tests": 0.248925119638443, "infectious": 0.24719558656215668, "iga": 0.2463923692703247}}