{"0": {"ectopic pregnancy": 0.6277642250061035, "ectopic pregnancies": 0.571537435054779, "hcg levels": 0.5015267729759216, "beta hcg": 0.4910641312599182, "hcg": 0.47887301445007324, "hcg level": 0.46850645542144775, "pregnancy tests": 0.4620659351348877, "pregnancy test": 0.45587074756622314, "possible ectopic": 0.4538218080997467, "ectopic": 0.45180973410606384, "having miscarriage": 0.4332755208015442, "ectopics": 0.43270859122276306, "uterus": 0.42503583431243896, "weeks pregnant": 0.42489129304885864, "implantation bleeding": 0.4216318726539612, "pregnancy": 0.41760241985321045, "pregnant": 0.41584858298301697, "miscarriage": 0.4102201759815216, "period cramps": 0.40779560804367065, "abdominal pain": 0.40627169609069824, "cramping": 0.40379858016967773, "being pregnant": 0.38716545701026917, "slight cramping": 0.38088691234588623, "pregnant again": 0.3801518678665161, "vaginal bleeding": 0.3737626075744629, "severe cramping": 0.3688545823097229, "pregnancies": 0.3603360652923584, "faint positive": 0.34580183029174805, "obgyn": 0.3447026014328003, "cramps": 0.3427979350090027, "another ultrasound": 0.3385409116744995, "transvaginal ultrasound": 0.3363890051841736, "got pregnant": 0.33582359552383423, "ovary": 0.3319781720638275, "missed period": 0.33134549856185913, "cyst": 0.33079954981803894, "ovulation": 0.3257821798324585, "stabbing pain": 0.325258731842041, "gestational sac": 0.3197965919971466, "intrauterine": 0.3148270845413208, "ultrasound": 0.31250709295272827, "cysts": 0.3115444779396057, "gestational": 0.31043297052383423, "sharp pain": 0.30885565280914307, "right ovary": 0.3074934482574463, "severe pain": 0.3065975308418274, "started bleeding": 0.30599161982536316, "ovaries": 0.3028128147125244, "severe abdominal": 0.3026178777217865, "abortion": 0.30179551243782043}, "1": {"ectopic pregnancy": 0.4920066297054291, "ectopic pregnancies": 0.47886958718299866, "having miscarriage": 0.41378241777420044, "weeks pregnant": 0.39436328411102295, "pregnancy": 0.3747299313545227, "pregnant again": 0.366499125957489, "miscarriage": 0.36245739459991455, "hcg levels": 0.35498037934303284, "ectopic": 0.34423643350601196, "pregnancies": 0.3422456979751587, "ectopics": 0.34191563725471497, "got pregnant": 0.33621490001678467, "uterus": 0.33239370584487915, "possible ectopic": 0.3311620354652405, "hcg": 0.3294049799442291, "being pregnant": 0.3268492519855499, "pregnant": 0.32535529136657715, "hcg level": 0.3252246379852295, "beta hcg": 0.32259494066238403, "abortion": 0.31154948472976685, "pregnancy tests": 0.29879647493362427, "gestational": 0.2982568144798279, "gestational sac": 0.2969955801963806, "pregnancy test": 0.28357863426208496, "implantation bleeding": 0.2831081748008728, "vaginal bleeding": 0.2797176241874695, "period cramps": 0.27567172050476074, "cramping": 0.2740706205368042, "chemical pregnancy": 0.2721898555755615, "embryo": 0.27073103189468384, "obgyn": 0.2691924273967743, "transvaginal ultrasound": 0.267752081155777, "another ultrasound": 0.26459842920303345, "faint positive": 0.25875791907310486, "weeks along": 0.25450390577316284, "fetus": 0.2526228427886963, "sorry to hear": 0.2522057890892029, "slight cramping": 0.2519599199295044, "abdominal pain": 0.2514837086200714, "conceive": 0.25081026554107666, "ultrasound": 0.2502407431602478, "severe cramping": 0.24598823487758636, "intense pain": 0.24318209290504456, "ovulation": 0.24193894863128662, "intrauterine": 0.24193543195724487, "severe pain": 0.2399563193321228, "ultrasounds": 0.2393307089805603, "transvaginal": 0.2375529706478119, "emergency surgery": 0.23471632599830627, "prenatal": 0.2343168407678604}, "2": {"ectopic pregnancy": 0.6289049983024597, "ectopic pregnancies": 0.6225147247314453, "ectopic": 0.5145772695541382, "possible ectopic": 0.5068524479866028, "ectopics": 0.49694955348968506, "hcg levels": 0.41978535056114197, "uterus": 0.4138351082801819, "having miscarriage": 0.4116184115409851, "transvaginal ultrasound": 0.3926185071468353, "pregnant again": 0.3907356262207031, "implantation bleeding": 0.38542062044143677, "hcg level": 0.3844682574272156, "hcg": 0.3830752968788147, "beta hcg": 0.3813435137271881, "miscarriage": 0.3774154782295227, "another ultrasound": 0.369526207447052, "got pregnant": 0.3620638847351074, "fallopian tube": 0.36139607429504395, "pregnancy tests": 0.36019331216812134, "pregnancy": 0.3554711937904358, "weeks pregnant": 0.3526844382286072, "intrauterine": 0.3473934531211853, "vaginal bleeding": 0.34399619698524475, "pregnancies": 0.34262025356292725, "transvaginal": 0.3364669680595398, "gestational sac": 0.334601491689682, "obgyn": 0.3339434266090393, "pregnancy test": 0.33180636167526245, "ovary": 0.33052295446395874, "abortion": 0.33024758100509644, "gestational": 0.3295903503894806, "ovulation": 0.32720232009887695, "pregnant": 0.3253544569015503, "ultrasound": 0.3249610662460327, "being pregnant": 0.3233898878097534, "embryo": 0.31782951951026917, "right ovary": 0.3170033097267151, "left ovary": 0.31550025939941406, "ovaries": 0.3145170211791992, "ultrasounds": 0.31451112031936646, "tubal": 0.3095247447490692, "laparoscopic surgery": 0.2997821271419525, "cyst": 0.29935646057128906, "conceive": 0.29530900716781616, "ivf": 0.2952194809913635, "faint positive": 0.2894425690174103, "fetus": 0.2890799939632416, "cysts": 0.2885226905345917, "post surgery": 0.28576532006263733, "cervix": 0.2821691036224365}, "3": {"hcg levels": 0.5626810789108276, "hcg level": 0.5332677364349365, "hcg": 0.49785369634628296, "beta hcg": 0.49454236030578613, "ectopic pregnancy": 0.4898544251918793, "ectopic pregnancies": 0.4823557138442993, "having miscarriage": 0.40569666028022766, "weeks pregnant": 0.39449411630630493, "miscarriage": 0.38358020782470703, "implantation bleeding": 0.3748684525489807, "pregnant again": 0.3680015504360199, "pregnancy tests": 0.3602801561355591, "uterus": 0.3533494472503662, "ectopic": 0.34681838750839233, "pregnancy": 0.3466723561286926, "possible ectopic": 0.3412777781486511, "gestational": 0.3387344479560852, "ectopics": 0.3361700475215912, "pregnancy test": 0.3346041738986969, "pregnancies": 0.33072519302368164, "pregnant": 0.3304440379142761, "got pregnant": 0.3279040455818176, "vaginal bleeding": 0.3251100480556488, "hormone levels": 0.32438361644744873, "faint positive": 0.3223509192466736, "gestational sac": 0.32058998942375183, "obgyn": 0.31692248582839966, "being pregnant": 0.30321404337882996, "transvaginal ultrasound": 0.29913586378097534, "chemical pregnancy": 0.29697251319885254, "cervix": 0.29396456480026245, "cramping": 0.2908605933189392, "ovulation": 0.2851325273513794, "another ultrasound": 0.285098671913147, "period cramps": 0.28480666875839233, "intrauterine": 0.28480225801467896, "slight cramping": 0.2847718596458435, "ttc": 0.2823573350906372, "prenatal": 0.2815445065498352, "started bleeding": 0.28053903579711914, "missed period": 0.27144190669059753, "transvaginal": 0.2705189883708954, "ultrasound": 0.26952308416366577, "ob gyn": 0.26613593101501465, "weeks along": 0.2655904293060303, "abortion": 0.2655268609523773, "positive test": 0.2647066116333008, "started spotting": 0.263603150844574, "conceive": 0.2618772089481354, "severe cramping": 0.2592103183269501}, "4": {"possible ectopic": 0.820785641670227, "ectopic pregnancy": 0.820306658744812, "ectopic pregnancies": 0.8110173940658569, "ectopic": 0.8026751279830933, "ectopics": 0.7796439528465271, "pregnancy": 0.5809881091117859, "miscarriage": 0.5742312073707581, "having miscarriage": 0.5571892857551575, "being pregnant": 0.5494486093521118, "embryo": 0.5493622422218323, "pregnant": 0.5484575629234314, "pregnant again": 0.548361599445343, "fetus": 0.5455958843231201, "pregnancies": 0.5445297956466675, "weeks pregnant": 0.5312174558639526, "gestational": 0.5286345481872559, "able to conceive": 0.52797532081604, "intrauterine": 0.525915265083313, "uterus": 0.52490234375, "ovulation": 0.5205733776092529, "got pregnant": 0.5203630924224854,