{"c_v": 0.3597842995496855, "c_npmi": -0.023081151031809057, "u_mass": -1.2402967283395685, "c_uci": -1.0637640407358708}