{"c_v": 0.30253679198873695, "c_npmi": -0.28229948727033316, "u_mass": -6.428934959496049, "c_uci": -8.221661739251829}