{"0": {"cervical vertigo": 0.46782004833221436, "severe vertigo": 0.46080851554870605, "vertigo": 0.4427042007446289, "intense vertigo": 0.4207133650779724, "lingering dizziness": 0.4184408187866211, "dizziness": 0.41842886805534363, "vertigo attacks": 0.4135587811470032, "constant dizziness": 0.41087988018989563, "mild dizziness": 0.4105851650238037, "actual vertigo": 0.4094657301902771, "slight dizziness": 0.40806639194488525, "positional vertigo": 0.3931020498275757, "see neurologist": 0.3888412415981293, "tension headaches": 0.38354918360710144, "dizzyness": 0.38255321979522705, "violent vertigo": 0.3796437978744507, "milder dizziness": 0.3787367343902588, "cervicogenic vertigo": 0.369931161403656, "ear infection": 0.3641875684261322, "tension headache": 0.363514244556427, "perceptual dizziness": 0.3630785644054413, "extremely dizzy": 0.3626430630683899, "dizzy spells": 0.3622872829437256, "dizzy spell": 0.3607896566390991, "neurologist": 0.3576742112636566, "dizzy specialist": 0.3555598855018616, "symptoms": 0.35207509994506836, "neurologists": 0.3494948744773865, "waves of dizziness": 0.34819963574409485, "ear infections": 0.344085156917572, "neurological": 0.342654824256897, "wave of dizziness": 0.3409700095653534, "these symptoms": 0.33730965852737427, "dizzy": 0.3332657516002655, "symptom": 0.33240458369255066, "residual dizziness": 0.33235102891921997, "headaches": 0.3310202658176422, "secondary dizziness": 0.32873016595840454, "dizzy conditions": 0.32814085483551025, "similar symptoms": 0.32528936862945557, "specializes in dizziness": 0.3243185877799988, "headache": 0.32426708936691284, "brain tumor": 0.3192574083805084, "vestibular migraine": 0.31910622119903564, "challenge the dizziness": 0.318384051322937, "sinus infection": 0.31718024611473083, "slightly dizzy": 0.31395548582077026, "head trauma": 0.3128034472465515, "ent and neurologist": 0.31077635288238525, "vestibular migraines": 0.30991053581237793}, "1": {"cervical vertigo": 0.4950767755508423, "neck pain": 0.4576249420642853, "tension headaches": 0.43789294362068176, "tension headache": 0.41147899627685547, "pinched nerve": 0.4076865315437317, "postural": 0.40515655279159546, "severe vertigo": 0.39184409379959106, "stiff neck": 0.3804798126220703, "positional vertigo": 0.37829744815826416, "mild dizziness": 0.3737090229988098, "dizziness": 0.3733994960784912, "occipital nerve": 0.3659193813800812, "lingering dizziness": 0.3653618097305298, "headaches": 0.3648102581501007, "slight dizziness": 0.363381028175354, "vertigo": 0.3625987768173218, "see neurologist": 0.3617078363895416, "upper cervical": 0.3595221936702728, "headache": 0.3590725064277649, "vertigo attacks": 0.3573041558265686, "neurologist": 0.35231196880340576, "head trauma": 0.3501102030277252, "brain tumor": 0.3465437889099121, "constant dizziness": 0.3455771207809448, "cervicogenic vertigo": 0.3437437415122986, "intense vertigo": 0.34241193532943726, "neurologists": 0.3403090238571167, "cervical": 0.337230384349823, "these symptoms": 0.3351311683654785, "actual vertigo": 0.33474937081336975, "milder dizziness": 0.33137309551239014, "persistent postural": 0.3308711051940918, "neurological": 0.3299582004547119, "concussion": 0.3297285735607147, "neck stiffness": 0.32870620489120483, "neck muscles": 0.3285320997238159, "jaw pain": 0.3285007178783417, "symptoms": 0.32833364605903625, "neck posture": 0.326907753944397, "head movements": 0.32584354281425476, "head turned": 0.32142919301986694, "neck tension": 0.32116609811782837, "bad posture": 0.31998902559280396, "ear infection": 0.31923675537109375, "symptom": 0.31840574741363525, "lack of sleep": 0.3178096115589142, "migraine": 0.3154049217700958, "vestibular migraine": 0.31411176919937134, "migraine related": 0.31398066878318787, "sleep upright": 0.3137608468532562}}