{"c_v": 0.35978778230861524, "c_npmi": -0.13921989481132907, "u_mass": -5.42764355022361, "c_uci": -4.861040721202821}