{"0": {"ibrutinib": 0.3551850914955139, "cll": 0.3373851478099823, "refractory cll": 0.3205287456512451, "patients aged": 0.3018608093261719, "patients": 0.29627251625061035, "cell therapy": 0.2828880548477173, "tg therapeutics": 0.2825305759906769, "treatment": 0.27278926968574524, "gene therapy": 0.26362523436546326, "therapy": 0.23691950738430023, "leukemia": 0.2319788932800293, "elderly patients": 0.23145540058612823, "chronic lymphocytic": 0.23141129314899445, "dr": 0.22850888967514038, "ginsenoside rh": 0.22748631238937378, "clinical": 0.2266758233308792, "venetoclax plus": 0.2189677655696869, "relapsed refractory": 0.21342800557613373, "chronic": 0.19794923067092896, "cancer": 0.19034522771835327, "jinxing capsule": 0.19004501402378082, "lymphocytic leukemia": 0.18629145622253418, "results": 0.18101775646209717, "venetoclax": 0.1725006401538849, "relapsed": 0.16651636362075806, "capsule": 0.16562509536743164, "rituximab": 0.16526548564434052, "cells": 0.1609262079000473, "lymphocytic": 0.1597568839788437, "do not": 0.15662631392478943, "efficacy": 0.14664021134376526, "not": 0.14454388618469238, "imbruvica": 0.14320221543312073, "long term": 0.14280296862125397, "drug": 0.1405279040336609, "blood": 0.13874535262584686, "that": 0.1377130001783371, "this": 0.13185885548591614, "will be": 0.13121512532234192, "rh": 0.1298011690378189, "ginsenoside": 0.12337759882211685, "abbvie": 0.12281172722578049, "but": 0.12151560187339783, "after": 0.11617939174175262, "trial": 0.11575739085674286, "will": 0.11531990766525269, "what": 0.1099458709359169, "which": 0.10483526438474655, "years": 0.10474459081888199, "it": 0.10077421367168427}, "1": {"leukemia": 0.42532098293304443, "cancer": 0.40098077058792114, "lymphocytic leukemia": 0.3985142111778259, "gene therapy": 0.37682878971099854, "cell therapy": 0.37320220470428467, "lymphocytic": 0.2964969873428345, "drug": 0.28051936626434326, "cells": 0.27462342381477356, "treatment": 0.2730589509010315, "clinical": 0.2686806917190552, "blood": 0.2673836648464203, "therapy": 0.26602843403816223, "chronic lymphocytic": 0.26574087142944336, "tg therapeutics": 0.26499131321907043, "patients": 0.25924986600875854, "patients aged": 0.21888196468353271, "ginsenoside rh": 0.20977556705474854, "dr": 0.1965533047914505, "venetoclax plus": 0.18915140628814697, "efficacy": 0.18483874201774597, "cell": 0.1788215935230255, "venetoclax": 0.16918784379959106, "capsule": 0.1680605411529541, "jinxing capsule": 0.16505180299282074, "elderly patients": 0.16210317611694336, "rh": 0.1480223536491394, "will be": 0.14154279232025146, "relapsed refractory": 0.14114555716514587, "chronic": 0.13419221341609955, "that": 0.1313084065914154, "may": 0.12691348791122437, "risk": 0.12029395997524261, "but": 0.11908793449401855, "car cell": 0.1186814159154892, "will": 0.11741005629301071, "can": 0.11579793691635132, "relapsed": 0.11533653736114502, "this": 0.1136748194694519, "do not": 0.11049710214138031, "trial": 0.1082780510187149, "refractory cll": 0.1076260507106781, "it": 0.10414032638072968, "do": 0.1010076180100441, "results": 0.10049737989902496, "refractory": 0.09669797122478485, "to": 0.09472889453172684, "has": 0.09439969807863235, "ibrutinib": 0.094352588057518, "or": 0.09305950999259949, "cll": 0.0925249457359314}, "2": {"chronic lymphocytic": 0.6415245532989502, "lymphocytic leukemia": 0.6249332427978516, "lymphocytic": 0.4936019778251648, "leukemia": 0.44488072395324707, "chronic": 0.319805383682251, "cell therapy": 0.2903783917427063, "clinical": 0.22980333864688873, "patients aged": 0.20902101695537567, "patients": 0.20579759776592255, "gene therapy": 0.19931091368198395, "treatment": 0.19883374869823456, "blood": 0.19482630491256714, "cells": 0.19443748891353607, "cancer": 0.19251178205013275, "long term": 0.17961114645004272, "elderly patients": 0.1703520566225052, "efficacy": 0.16466087102890015, "cell": 0.14160123467445374, "venetoclax plus": 0.1326185166835785, "relapsed refractory": 0.1295364648103714, "tg therapeutics": 0.12361477315425873, "therapy": 0.1233828142285347, "venetoclax": 0.12196484208106995, "do not": 0.10836102813482285, "this": 0.10222582519054413, "capsule": 0.09438862651586533, "that": 0.09272956103086472, "jinxing capsule": 0.09049227833747864, "drug": 0.08557265996932983, "dr": 0.0812017023563385, "but": 0.0787985622882843, "risk": 0.07848431169986725, "ibrutinib": 0.07586758583784103, "refractory": 0.07529175281524658, "relapsed": 0.07446885854005814, "rh": 0.07283321022987366, "not": 0.07218652218580246, "years": 0.06671086698770523, "car cell": 0.06643986701965332, "refractory cll": 0.06553541123867035, "will be": 0.06506579369306564, "it": 0.06467422842979431, "phase": 0.06281772255897522, "ginsenoside rh": 0.056642934679985046, "rituximab": 0.054454654455184937, "you": 0.05436836928129196, "response": 0.05303381010890007, "or": 0.05163673311471939, "new": 0.05076664686203003, "which": 0.047905415296554565}, "3": {"venetoclax plus": 0.5260369181632996, "venetoclax": 0.47696593403816223, "refractory cll": 0.34673088788986206, "relapsed refractory": 0.27197960019111633, "cll": 0.26154619455337524, "ibrutinib": 0.21974776685237885, "leukemia": 0.2054017335176468, "ginsenoside rh": 0.1936134397983551, "rituximab": 0.19306538999080658, "jinxing capsule": 0.18385714292526245, "refractory": 0.1771707832813263, "clinical": 0.17426829040050507, "relapsed": 0.15544605255126953, "chronic lymphocytic": 0.15525327622890472, "lymphocytic leukemia": 0.1497349590063095, "capsule": 0.1457754224538803, "drug": 0.14244674146175385, "chronic": 0.13852989673614502, "treatment": 0.13818442821502686, "cancer": 0.1302606463432312, "efficacy": 0.13022133708000183, "results": 0.1264675259590149, "rh": 0.12172912061214447, "abbvie": 0.11549261212348938, "this": 0.11264528334140778, "patients": 0.11215744912624359, "patients aged": 0.11197030544281006, "blood": 0.11168073117733002, "that": 0.11088621616363525, "will be": 0.11057914793491364, "risk": 0.10892637073993683, "lymphocytic": 0.10737895965576172, "tg therapeutics": 0.103590227663517, "cell therapy": 0.10039857029914856, "long term": 0.09919332712888718, "will": 0.09854867309331894, "trial": 0.09773541986942291, "response": 0.09664659947156906, "more": 0.09636781364679337, "dr": 0.0956311970949173, "may": 0.09318366646766663, "high": 0.0920121967792511, "jinxing": 0.09132089465856552, "but": 0.09052583575248718, "or": 0.08599521964788437, "do not": 0.08493354171514511, "elderly patients": 0.08036775141954422, "ginsenoside": 0.0780477449297905, "can": 0.07800780981779099, "imbruvica": 0.07795889675617218}}