{"c_v": 0.2898412383111998, "c_npmi": -0.20181570833912782, "u_mass": -6.407127954408319, "c_uci": -6.96738097430897}