{"c_v": 0.3956424190851176, "c_npmi": -0.08107648971281241, "u_mass": -2.2713738247637028, "c_uci": -3.3860715635680108}