{"0": {"testosterone levels": 0.5114797949790955, "low testosterone": 0.5018599033355713, "testosterone level": 0.49987882375717163, "testosterone": 0.48053672909736633, "hormone levels": 0.47693201899528503, "testosterone therapy": 0.4743525981903076, "testosterone gel": 0.4718605875968933, "natural testosterone": 0.43606191873550415, "testosterone production": 0.42337435483932495, "hormones": 0.42278149724006653, "see an endocrinologist": 0.4227182865142822, "puberty": 0.41768360137939453, "hormone": 0.40568995475769043, "normal puberty": 0.39634454250335693, "hit puberty": 0.39328107237815857, "testicular growth": 0.38797420263290405, "delayed puberty": 0.3846849203109741, "estrogen": 0.36636847257614136, "oestrogen": 0.36226096749305725, "endocrinologist": 0.34938740730285645, "testicle growth": 0.3368687629699707, "through puberty": 0.33320969343185425, "reproductive endocrinology": 0.32855361700057983, "absent puberty": 0.31872284412384033, "testicular volume": 0.29987895488739014, "pituitary gland": 0.29526570439338684, "klinefelter": 0.29176920652389526, "gonadotropin": 0.2907743453979492, "testicular": 0.28883200883865356, "syndrome": 0.2818393111228943, "kallmann syndrome": 0.278502881526947, "gonadotropin therapy": 0.2760990560054779, "pituitary": 0.27372872829437256, "symptom": 0.26338815689086914, "symptoms": 0.26180538535118103, "kallmans syndrome": 0.25992336869239807, "testicles": 0.2594638168811798, "kallman syndrome": 0.2574145197868347, "libido": 0.2525029182434082, "growth spurt": 0.25019046664237976, "genetics": 0.24863366782665253, "got diagnosed": 0.2479972094297409, "penile growth": 0.2474280297756195, "genetic testing": 0.24047984182834625, "been diagnosed": 0.23954470455646515, "testicle": 0.23393821716308594, "fertility treatment": 0.23304900527000427, "hcg": 0.23295629024505615, "fertility treatments": 0.23198890686035156, "genetic": 0.23167112469673157}, "1": {"kallmann syndrome": 0.7408910393714905, "kallmans syndrome": 0.6964911222457886, "kallman syndrome": 0.6914515495300293, "syndrome": 0.5785703063011169, "congenital hypogonadism": 0.4637955129146576, "rare disease": 0.42437803745269775, "congenital": 0.40860214829444885, "delayed puberty": 0.38869187235832214, "fellow patients": 0.38518035411834717, "hypogonadism": 0.3757283091545105, "got diagnosed": 0.3756977319717407, "been diagnosed": 0.37165912985801697, "chh patients": 0.36872655153274536, "was diagnosed": 0.3685661554336548, "symptom": 0.361143559217453, "kallmann": 0.35662245750427246, "diagnosed": 0.354983389377594, "kallmanns": 0.3542099595069885, "patients": 0.35342711210250854, "gene defect": 0.3531345725059509, "symptoms": 0.3515917658805847, "pituitary": 0.3455924391746521, "patient": 0.34520983695983887, "absent puberty": 0.32973623275756836, "klinefelter": 0.32740890979766846, "pituitary gland": 0.3271961212158203, "hypothalamus": 0.32255688309669495, "gonadotropin": 0.317695677280426, "diagnosis": 0.31488895416259766, "testicular growth": 0.3145746886730194, "patient meetings": 0.30835872888565063, "reproductive endocrinology": 0.2983207106590271, "low testosterone": 0.29583752155303955, "endocrinologist": 0.2942763566970825, "puberty": 0.2934095859527588, "patient meeting": 0.2881787419319153, "testicular volume": 0.28478890657424927, "see an endocrinologist": 0.28428107500076294, "kallmans": 0.28342586755752563, "testicle growth": 0.2834167778491974, "testicular": 0.2767076790332794, "hosted by dr": 0.27648183703422546, "line patient": 0.274557501077652, "normal puberty": 0.27414941787719727, "genetic": 0.27164050936698914, "hit puberty": 0.2682589888572693, "through puberty": 0.266620397567749, "ks men": 0.26577532291412354, "anosmia": 0.2652744948863983, "oestrogen": 0.26501068472862244}, "2": {"puberty": 0.3708556294441223, "normal puberty": 0.3645499348640442, "delayed puberty": 0.35380321741104126, "hit puberty": 0.3474746346473694, "testosterone therapy": 0.3353481888771057, "through puberty": 0.33140820264816284, "low testosterone": 0.32764923572540283, "testosterone levels": 0.32471197843551636, "testosterone": 0.32468879222869873, "testicular growth": 0.3179914951324463, "testosterone level": 0.31737807393074036, "absent puberty": 0.3100786507129669, "testosterone gel": 0.30292898416519165, "hormones": 0.3011525273323059, "natural testosterone": 0.29853856563568115, "hormone levels": 0.29606953263282776, "testicle growth": 0.2861025929450989, "hormone": 0.2791946530342102, "libido": 0.26096582412719727, "got diagnosed": 0.2603055238723755, "penile growth": 0.2549527585506439, "symptoms": 0.2529332637786865, "testicular": 0.2510260045528412, "syndrome": 0.24867507815361023, "been diagnosed": 0.24624022841453552, "testosterone production": 0.24453356862068176, "symptom": 0.24006801843643188, "estrogen": 0.23934510350227356, "totally normal": 0.23770500719547272, "teenage": 0.2355438470840454, "oestrogen": 0.23346927762031555, "therapy": 0.2288496196269989, "secondary sexual": 0.22689363360404968, "was diagnosed": 0.2230069935321808, "growth spurt": 0.22248809039592743, "testicular volume": 0.22055335342884064, "sex drive": 0.22054463624954224, "diagnosed": 0.22026869654655457, "late bloomer": 0.2194976955652237, "testicles": 0.21826040744781494, "klinefelter": 0.21466407179832458, "sexual characteristics": 0.2142111361026764, "sexual": 0.2141835242509842, "testicle": 0.2134799063205719, "see an endocrinologist": 0.2081972062587738, "ks men": 0.2072599232196808, "reproductive endocrinology": 0.20477735996246338, "teenager": 0.20224130153656006, "experienced": 0.20035293698310852, "girls": 0.19945237040519714}}