{"0": {"hemiplegic migraines": 0.46957653760910034, "migraine disorder": 0.4617829918861389, "spinal headache": 0.4586660861968994, "vestibular migraines": 0.4559130072593689, "chronic migraines": 0.4556501507759094, "chronic migraine": 0.4529002010822296, "debilitating migraines": 0.44021645188331604, "monthly migraine": 0.43223053216934204, "tension headache": 0.4213448762893677, "migraine meds": 0.41827160120010376, "daily headaches": 0.4174720048904419, "worst headache": 0.4163088798522949, "occasional migraines": 0.4070115089416504, "constant headache": 0.4048616886138916, "debilitating headaches": 0.4038761854171753, "neurological symptoms": 0.40202534198760986, "ocular migraines": 0.40132707357406616, "massive headache": 0.4012635350227356, "tension headaches": 0.40009111166000366, "ocular migraine": 0.39949631690979004, "menstrual migraines": 0.3988102674484253, "splitting headache": 0.397516667842865, "frequent headaches": 0.3926126956939697, "occipital nerve": 0.3921337425708771, "nausea dizziness": 0.3899674415588379, "occipital neuralgia": 0.38944393396377563, "history of migraines": 0.388558566570282, "vertigo dizziness": 0.3863508403301239, "headache": 0.3859502077102661, "migraines": 0.3849745988845825, "pseudotumor cerebri": 0.38486623764038086, "optho neurologist": 0.38158324360847473, "neurology appointment": 0.3810301423072815, "migraine": 0.37953460216522217, "continuous headache": 0.3785777688026428, "dizziness vertigo": 0.3774535655975342, "rheumatoid arthritis": 0.3759060502052307, "rebound headache": 0.3745096027851105, "alleviate symptoms": 0.37329018115997314, "migraines with aura": 0.3685445487499237, "migraine with aura": 0.36789670586586, "optic neuritis": 0.3674283027648926, "slight headache": 0.366652250289917, "neurology referral": 0.3651805520057678, "hashimoto thyroiditis": 0.36393970251083374, "types of headaches": 0.3636244833469391, "nerve swelling": 0.3631861209869385, "orthostatic hypotension": 0.36058172583580017, "recently diagnosed": 0.3593260645866394, "asymptomatic": 0.35684749484062195}, "1": {"covid vaccine": 0.5469273328781128, "astrazeneca vaccine": 0.5282665491104126, "gotten the vaccine": 0.5046939849853516, "pfizer vaccine": 0.47792452573776245, "getting vaccinated": 0.4746290445327759, "vaccination": 0.4738478660583496, "vaccinated": 0.47373467683792114, "vaccine": 0.47104477882385254, "vaccines": 0.4693373441696167, "moderna vaccine": 0.46711230278015137, "get vaccinated": 0.45678654313087463, "fully vaccinated": 0.43613868951797485, "flu shot": 0.40755695104599, "coronavirus": 0.38546374440193176, "flu": 0.35915708541870117, "covid infection": 0.33590227365493774, "autoimmune diseases": 0.33263760805130005, "autoimmune disease": 0.32893070578575134, "meningitis": 0.32351577281951904, "crohn disease": 0.3159392476081848, "sinus infection": 0.3148042857646942, "allergic to diamox": 0.3086811900138855, "celiac disease": 0.3078118562698364, "sinus infections": 0.30475327372550964, "chronic illnesses": 0.30105605721473694, "chronic illness": 0.30033472180366516, "hypochondriac": 0.29209721088409424, "anti vax": 0.2905842661857605, "sinus thrombosis": 0.2905832827091217, "sulfa allergy": 0.2812913656234741, "diagnosed with iih": 0.2748509645462036, "immune response": 0.27407726645469666, "botox injections": 0.27367544174194336, "chronically ill": 0.2706605792045593, "immune system": 0.2706225514411926, "hemiplegic migraines": 0.26957517862319946, "topical vitamin": 0.2683671712875366, "other illnesses": 0.26383650302886963, "pseudotumor cerebri": 0.26377564668655396, "allergic": 0.2636834979057312, "got infected": 0.263654887676239, "rare illness": 0.26096218824386597, "hashimoto thyroiditis": 0.26039135456085205, "chronic migraines": 0.2596279978752136, "vestibular migraines": 0.25945332646369934, "fever": 0.25882798433303833, "fear of needles": 0.2587392330169678, "sepsis": 0.25814807415008545, "chronic migraine": 0.2581165134906769, "allergist": 0.2569199800491333}, "2": {"altitude sickness": 0.4242866039276123, "vertigo dizziness": 0.3784523606300354, "dizziness vertigo": 0.3742293119430542, "hemiplegic migraines": 0.3658081293106079, "tension headache": 0.35504138469696045, "migraine disorder": 0.35313212871551514, "spinal headache": 0.35143986344337463, "vestibular migraines": 0.34902554750442505, "worst headache": 0.3414826989173889, "chronic migraines": 0.3411444127559662, "chronic migraine": 0.3403152823448181, "tension headaches": 0.3398594856262207, "massive headache": 0.33939629793167114, "debilitating migraines": 0.33668673038482666, "migraine meds": 0.33331558108329773, "migraine with aura": 0.33329328894615173, "migraines with aura": 0.33285897970199585, "super dizzy": 0.33027181029319763, "daily headaches": 0.3234673738479614, "splitting headache": 0.3232280910015106, "headache": 0.3211413621902466, "monthly migraine": 0.32064491510391235, "high altitude": 0.3184855580329895, "debilitating headaches": 0.3184048533439636, "frequent headaches": 0.31733083724975586, "constant headache": 0.3166067600250244, "high altitudes": 0.3159767985343933, "occasional migraines": 0.315136581659317, "history of migraines": 0.31050190329551697, "types of headaches": 0.3018891215324402, "migraines": 0.2998776435852051, "occipital nerve": 0.29986101388931274, "rebound headache": 0.2994973361492157, "nausea dizziness": 0.2984805703163147, "episodes of vertigo": 0.29828527569770813, "continuous headache": 0.2969455420970917, "headaches": 0.29578423500061035, "migraine": 0.29558682441711426, "slight headache": 0.2937607169151306, "flight": 0.2936568558216095, "airplane": 0.2907301187515259, "positional headaches": 0.2897214889526367, "ocular migraines": 0.28944385051727295, "ocular migraine": 0.2890956699848175, "head aches": 0.2878682017326355, "occipital neuralgia": 0.2876666188240051, "flights": 0.28748539090156555, "altitude": 0.28641268610954285, "rebound headaches": 0.28543519973754883, "orthostatic hypotension": 0.2846603989601135}}