{"c_v": 0.4003119452468689, "c_npmi": -0.32527949000839484, "u_mass": -10.463831149276965, "c_uci": -9.648202522646214}