{"c_v": 0.3909144466928292, "c_npmi": -0.22009335701099045, "u_mass": -10.599185920490164, "c_uci": -7.001917526735006}