{"c_v": 0.3323423317871317, "c_npmi": -0.352807309238126, "u_mass": -4.637831579961552, "c_uci": -10.540684154302033}