{"0": {"pd deficient": 0.421902060508728, "pd deficiency": 0.3959428071975708, "hemolytic anemia": 0.3625138998031616, "folate": 0.3612842261791229, "anemic": 0.3599729537963867, "thalassemia": 0.35147958993911743, "diagnosed with pd": 0.34852054715156555, "supplements": 0.34292587637901306, "nsaids": 0.3363499045372009, "anemia": 0.33586156368255615, "iron supplements": 0.32906419038772583, "chickpeas": 0.32826507091522217, "blood work": 0.32335278391838074, "glutathione": 0.3218127489089966, "deficiency": 0.3190353512763977, "deficient": 0.3149394690990448, "symptoms": 0.30495551228523254, "diagnosed": 0.30197787284851074, "anemia to individuals": 0.2980201840400696, "lentils": 0.2955246865749359, "legumes": 0.2949071526527405, "kidney beans": 0.29225730895996094, "vitamin": 0.2913033068180084, "fava beans": 0.29063060879707336, "soy lecithin": 0.29034602642059326, "blood tests": 0.2867707908153534, "beta thalassemia": 0.2853834331035614, "sulfa": 0.280717670917511, "allergy": 0.28031298518180847, "folic acid": 0.2792547345161438, "vitamins": 0.2789427638053894, "was diagnosed": 0.27832284569740295, "vegan": 0.27333420515060425, "beans": 0.2721445858478546, "blood test": 0.2714684009552002, "hemoglobin": 0.27067387104034424, "severe hemolytic": 0.2704640328884125, "taking vitamin": 0.27023571729660034, "pd": 0.26874545216560364, "paracetamol": 0.2680255174636841, "pea protein": 0.2678987979888916, "severe": 0.2651187777519226, "allergic reaction": 0.2650543451309204, "jaundice": 0.2640811800956726, "hematologist": 0.2640504539012909, "soy": 0.2636794447898865, "jaundiced": 0.2628079056739807, "supplement": 0.26114845275878906, "symptom": 0.260902464389801, "protein powder": 0.2607665956020355}, "1": {"pfizer vaccine": 0.5493764877319336, "vaccine": 0.5413939952850342, "vaccination": 0.520158052444458, "vaccinated": 0.505673885345459, "vaccines": 0.48113852739334106, "immune": 0.32939058542251587, "first dose": 0.3030688166618347, "flu": 0.2994213104248047, "first shot": 0.28706690669059753, "nsaids": 0.2864283621311188, "shots": 0.2793370485305786, "sulfa": 0.2775644063949585, "allergic reaction": 0.2709289491176605, "pd deficient": 0.25968265533447266, "glutathione": 0.259578138589859, "pfizer": 0.25913649797439575, "immune system": 0.2509240210056305, "paracetamol": 0.24803273379802704, "anti inflammatory": 0.24787941575050354, "anti": 0.24426263570785522, "thalassemia": 0.24381372332572937, "allergic reactions": 0.24025624990463257, "side effects": 0.23423689603805542, "creatine": 0.23128941655158997, "totally safe": 0.22214308381080627, "side effect": 0.21536430716514587, "allergy": 0.21471264958381653, "pdd": 0.21179667115211487, "sore arm": 0.21074125170707703, "antibiotics": 0.20618024468421936, "aspirin": 0.20236974954605103, "zinc": 0.20234620571136475, "symptoms": 0.20170529186725616, "doses": 0.2015305459499359, "henna ink": 0.2000843584537506, "supplements": 0.19923436641693115, "folate": 0.19761385023593903, "blood tests": 0.19393432140350342, "beta thalassemia": 0.19348375499248505, "henna": 0.1915087252855301, "inflammation": 0.1877439171075821, "gluten free": 0.18681082129478455, "prescribed": 0.18625164031982422, "allergies": 0.1856120228767395, "fever": 0.18556277453899384, "was diagnosed": 0.18437249958515167, "low dose": 0.18301105499267578, "tylenol": 0.18194527924060822, "deficient": 0.1818293333053589, "your doctor": 0.18038120865821838}}