{"c_v": 0.42534379234317926, "c_npmi": -0.24489184593705085, "u_mass": -8.081395776760353, "c_uci": -7.927692698917769}