{"0": {"you": 0.48616766929626465, "your": 0.47168758511543274, "my": 0.4467199444770813, "would love": 0.4391769766807556, "who wants": 0.4364548325538635, "only": 0.43500107526779175, "do": 0.41695934534072876, "get": 0.4093591272830963, "am": 0.409127414226532, "love": 0.4079396426677704, "any": 0.40762728452682495, "me": 0.40315306186676025, "same": 0.39865848422050476, "if": 0.3963718116283417, "good": 0.39407840371131897, "out there": 0.39233383536338806, "just": 0.3862730860710144, "be": 0.3851955533027649, "that": 0.3850005865097046, "is": 0.3834395408630371, "with": 0.38122087717056274, "more": 0.3789604902267456, "on": 0.37433505058288574, "did": 0.37136775255203247, "he": 0.36660853028297424, "are": 0.36239299178123474, "this": 0.3622100353240967, "some": 0.3565976619720459, "so": 0.35617583990097046, "would": 0.35530275106430054, "post": 0.3547890782356262, "hope": 0.3539743423461914, "same time": 0.3503156900405884, "what": 0.34932366013526917, "was": 0.34427982568740845, "to": 0.34342876076698303, "like": 0.34265172481536865, "have": 0.34261611104011536, "for": 0.3403758704662323, "time": 0.3398594260215759, "can": 0.3393147587776184, "in": 0.33919084072113037, "how": 0.3361673057079315, "again": 0.3360288739204407, "see": 0.33359819650650024, "there": 0.3326159715652466, "both": 0.3262491226196289, "and": 0.32563847303390503, "here": 0.3250236213207245, "but": 0.324374794960022}, "1": {"deleted his": 0.39552268385887146, "his account": 0.3856740891933441, "diphallia": 0.3691995143890381, "them both": 0.35643675923347473, "real": 0.34127262234687805, "his": 0.33425527811050415, "he": 0.3263442814350128, "post": 0.3249363303184509, "two": 0.3222677707672119, "would love": 0.3129940629005432, "more": 0.3024846017360687, "one": 0.29486986994743347, "there": 0.29049190878868103, "what": 0.2852449417114258, "that": 0.28141093254089355, "both": 0.2767176330089569, "on": 0.275774210691452, "me": 0.27314886450767517, "how": 0.2715274691581726, "who": 0.2694224417209625, "my": 0.2671261131763458, "who wants": 0.2653232514858246, "same time": 0.2649295926094055, "here": 0.26374495029449463, "other": 0.26292529702186584, "it": 0.2620584964752197, "just": 0.26070693135261536, "this": 0.2575247585773468, "out there": 0.2567446827888489, "again": 0.25593817234039307, "you": 0.2538154125213623, "if": 0.2534002661705017, "get": 0.25286054611206055, "some": 0.2526344656944275, "love": 0.2504689693450928, "find": 0.24961824715137482, "off": 0.2467670738697052, "only": 0.2440779209136963, "your": 0.24205461144447327, "have": 0.2385386973619461, "do": 0.23812445998191833, "is": 0.23811748623847961, "any": 0.23260635137557983, "did": 0.23129208385944366, "good": 0.2311495691537857, "of": 0.229948490858078, "still": 0.22934556007385254, "not": 0.22827495634555817, "hope": 0.22793248295783997, "like": 0.2274925261735916}}