{"c_v": 0.6473056075976744, "c_npmi": -0.14678745396199344, "u_mass": -1.885793263855758, "c_uci": -5.008935363327636}