{"0": {"eczema or psoriasis": 0.4481992721557617, "dermatitis": 0.4305027723312378, "seeing dermatologist": 0.4055336117744446, "psoriasis": 0.40282732248306274, "eczema": 0.40249550342559814, "chronic dermatitis": 0.4023744463920593, "vaginitis": 0.39791619777679443, "vagisil": 0.3972524404525757, "see dermatologist": 0.39198043942451477, "jock itch": 0.3865676522254944, "mild phimosis": 0.3862881064414978, "yeast infection": 0.3797423839569092, "phimosis": 0.3788365125656128, "healing ointment": 0.3726961612701416, "cortisone cream": 0.37215036153793335, "labia": 0.37003564834594727, "occasional itching": 0.36948999762535095, "fungal infection": 0.3689168095588684, "cortisone ointment": 0.3649020195007324, "itchy": 0.36209845542907715, "severe itching": 0.3614656925201416, "genital warts": 0.3577209711074829, "herpes": 0.3524239659309387, "dermatologist recommended": 0.35024088621139526, "yeast infections": 0.3501008152961731, "dermatology": 0.3497045934200287, "fungal infections": 0.3480401635169983, "itchy anus": 0.3448212742805481, "dermatologist": 0.3447539210319519, "contact dermatitis": 0.34188124537467957, "rash cream": 0.3416788578033447, "extreme itching": 0.34155184030532837, "itch": 0.33842819929122925, "pruritus": 0.33723142743110657, "clitoral phimosis": 0.3364899456501007, "hpv warts": 0.3357449769973755, "clitoral pain": 0.3352864980697632, "aquaphor healing": 0.33510327339172363, "infection": 0.3350907564163208, "rash": 0.33422327041625977, "vulvitis": 0.3338986933231354, "pelvic pain": 0.3320411443710327, "dermatologists": 0.3317001461982727, "rashes": 0.33022958040237427, "warts": 0.32875823974609375, "hydrocortisone cream": 0.3285020589828491, "balanitis": 0.32776039838790894, "labia majora": 0.3269883394241333, "clobetasol ointment": 0.32606181502342224, "vaginal atrophy": 0.3231239318847656}, "1": {"hair removal": 0.5783819556236267, "waxing": 0.5607118010520935, "waxed": 0.5353276133537292, "wax": 0.5305683016777039, "laser hair": 0.5280992984771729, "shaving": 0.5277726054191589, "shave": 0.49350035190582275, "shaved": 0.4738781750202179, "laser treatments": 0.446617066860199, "use cerave": 0.4241063594818115, "laser treatment": 0.4140391945838928, "pubic hair": 0.41215136647224426, "itch": 0.3983638286590576, "vagisil": 0.3957790732383728, "electric razor": 0.3946426212787628, "laser": 0.39021405577659607, "hair loss": 0.3801451027393341, "cerave": 0.38011133670806885, "pruritus": 0.37589290738105774, "itchy": 0.36756810545921326, "laser therapy": 0.3640527129173279, "extreme itching": 0.36388078331947327, "seeing dermatologist": 0.36295658349990845, "cortisone ointment": 0.36167365312576294, "co laser": 0.3603127598762512, "labia": 0.36027806997299194, "jock itch": 0.3564208745956421, "dermatitis": 0.3557736873626709, "rash cream": 0.35290420055389404, "cortisone cream": 0.35095226764678955, "razor": 0.34961998462677, "scalp": 0.3482223153114319, "laser surgery": 0.3469376564025879, "see dermatologist": 0.3452259302139282, "dermatologist recommended": 0.34487831592559814, "alopecia": 0.3438451290130615, "occasional itching": 0.34253770112991333, "trimming": 0.3422887921333313, "pubis": 0.3395153284072876, "itching burning": 0.3350042998790741, "severe itching": 0.33491700887680054, "trim": 0.33480143547058105, "my vulva": 0.3324648141860962, "aloe vera": 0.3307439684867859, "dermatology": 0.3306245803833008, "genital warts": 0.3304491937160492, "rash": 0.3297298550605774, "eczema or psoriasis": 0.32927972078323364, "itching": 0.3292510509490967, "herpes": 0.32826122641563416}}