{"c_v": 0.2923702950254563, "c_npmi": -0.3291029198911582, "u_mass": -6.7415444843105, "c_uci": -9.797185760895928}