{"c_v": 0.38157098083992014, "c_npmi": -0.13308525958429807, "u_mass": -3.2393957636262143, "c_uci": -4.865051276299826}