{"0": {"scleroderma patients": 0.6897385120391846, "systemic scleroderma": 0.6827330589294434, "limited scleroderma": 0.6567166447639465, "diffuse scleroderma": 0.6539464592933655, "scleroderma specialist": 0.652165949344635, "scleroderma": 0.6392865180969238, "localized scleroderma": 0.6218255758285522, "specializes in scleroderma": 0.6052268743515015, "forms of scleroderma": 0.5912554860115051, "raynaud phenomenon": 0.5754702091217041, "raynaud syndrome": 0.5660155415534973, "systemic sclerosis": 0.564035177230835, "see rheumatologist": 0.5609296560287476, "scleroderma center": 0.5590600371360779, "linear scleroderma": 0.5529084205627441, "proper diagnosis": 0.551399827003479, "scleroderma org": 0.5495357513427734, "scleroderma foundation": 0.5489401817321777, "sine scleroderma": 0.5363100171089172, "diagnosis": 0.5313010215759277, "clinical symptoms": 0.5205013751983643, "scleroderma education": 0.5144777297973633, "seeing rheumatologist": 0.5116787552833557, "cutaneous systemic": 0.4936697483062744, "raynauds": 0.49360984563827515, "scl antibodies": 0.4915390610694885, "other symptoms": 0.48435091972351074, "sclerosis": 0.4839968681335449, "referral to rheumatologist": 0.48194634914398193, "been diagnosed": 0.4789552092552185, "raynaud": 0.4772526025772095, "officially diagnosed": 0.47176992893218994, "newly diagnosed": 0.4673881530761719, "scl antibody": 0.4601924419403076, "rheumatic diseases": 0.45820188522338867, "diagnoses": 0.4543895721435547, "misdiagnosed": 0.4517383575439453, "was diagnosed": 0.44761162996292114, "diagnostic": 0.4460923373699188, "rheumatology": 0.4441224932670593, "symptoms": 0.4421713352203369, "see dermatologist": 0.43944597244262695, "diagnose": 0.43812593817710876, "autoimmune condition": 0.43632978200912476, "recently diagnosed": 0.4284543991088867, "skin issues": 0.4266735911369324, "autoimmune conditions": 0.4230397045612335, "diagnosed": 0.42218780517578125, "rheumatologist": 0.42071104049682617, "autoimmune disorder": 0.41794276237487793}, "1": {"scleroderma patients": 0.9400231838226318, "scleroderma specialist": 0.9036378860473633, "systemic scleroderma": 0.9014294147491455, "scleroderma": 0.8994719982147217, "specializes in scleroderma": 0.8739058971405029, "scleroderma foundation": 0.8636530637741089, "limited scleroderma": 0.8596046566963196, "scleroderma org": 0.8581669330596924, "localized scleroderma": 0.858054518699646, "forms of scleroderma": 0.8367840051651001, "scleroderma education": 0.833605170249939, "diffuse scleroderma": 0.8283108472824097, "scleroderma center": 0.825141429901123, "linear scleroderma": 0.7796295881271362, "sine scleroderma": 0.7345912456512451, "systemic sclerosis": 0.6635067462921143, "sclerosis": 0.6121752858161926, "sclerodoma": 0.6051561832427979, "scl antibodies": 0.5443518161773682, "scl antibody": 0.5348674654960632, "cutaneous systemic": 0.5068295001983643, "sclero": 0.48137348890304565, "psoriasis": 0.4275144934654236, "raynaud syndrome": 0.42264649271965027, "officially diagnosed": 0.40926843881607056, "lupus": 0.4047927260398865, "raynauds": 0.4035336971282959, "been diagnosed": 0.40351760387420654, "eczema": 0.4004468321800232, "tissue diseases": 0.3937920331954956, "was diagnosed": 0.3930642306804657, "recently diagnosed": 0.3923550248146057, "sjogren": 0.38935527205467224, "raynaud phenomenon": 0.3879212737083435, "sjogrens": 0.38716548681259155, "see dermatologist": 0.3867650628089905, "rheumatology": 0.3866017162799835, "raynaud": 0.3855012059211731, "rheumatic diseases": 0.3843696117401123, "newly diagnosed": 0.3829376697540283, "see rheumatologist": 0.3807986378669739, "skin issues": 0.37890908122062683, "tissue disease": 0.3752214312553406, "dermatologist": 0.3716777265071869, "referral to rheumatologist": 0.369936466217041, "crest syndrome": 0.3680415451526642, "seeing rheumatologist": 0.36277419328689575, "immune disorders": 0.36201271414756775, "antibody syndrome": 0.3610759377479553, "diagnosed": 0.36052221059799194}, "2": {"scleroderma patients": 0.6927849054336548, "scleroderma specialist": 0.672646701335907, "systemic scleroderma": 0.6417535543441772, "limited scleroderma": 0.6250213980674744, "specializes in scleroderma": 0.6236114501953125, "scleroderma": 0.6058083772659302, "localized scleroderma": 0.596403956413269, "scleroderma education": 0.5947317481040955, "scleroderma foundation": 0.5892181396484375, "diffuse scleroderma": 0.5858466029167175, "scleroderma org": 0.5842102766036987, "scleroderma center": 0.5625292062759399, "systemic sclerosis": 0.5499993562698364, "forms of scleroderma": 0.5444760322570801, "newly diagnosed": 0.5311495065689087, "been diagnosed": 0.5258175730705261, "linear scleroderma": 0.5144340395927429, "was diagnosed": 0.510221540927887, "officially diagnosed": 0.4978909194469452, "sclerosis": 0.4967581629753113, "recently diagnosed": 0.4808877408504486, "referral to rheumatologist": 0.477254718542099, "proper diagnosis": 0.47241368889808655, "diagnosis": 0.4709591865539551, "sine scleroderma": 0.4694083333015442, "diagnosed": 0.4677223563194275, "got diagnosed": 0.45626771450042725, "sclerodoma": 0.44368886947631836, "seeing rheumatologist": 0.4377089738845825, "misdiagnosed": 0.42270737886428833, "cutaneous systemic": 0.4174336791038513, "scl antibodies": 0.41642701625823975, "treatment options": 0.4146043658256531, "diagnosed with limited": 0.41445842385292053, "see rheumatologist": 0.4080013632774353, "rheumatic diseases": 0.40411797165870667, "clinical symptoms": 0.40245193243026733, "scl antibody": 0.4020543694496155, "worse prognosis": 0.3939480185508728, "prognosis": 0.390341192483902, "diagnoses": 0.38926854729652405, "raynaud syndrome": 0.3847793638706207, "diagnosed with fibromyalgia": 0.38454529643058777, "patients": 0.38079506158828735, "rheumatology": 0.3758883476257324, "rheumatologist": 0.37214577198028564, "lupus": 0.3674728274345398, "disease progression": 0.3614687919616699, "rare disease": 0.3614361882209778, "immune disorders": 0.3613300323486328}, "3": {"scleroderma patients": 0.5034397840499878, "scleroderma specialist": 0.5000051856040955, "been diagnosed": 0.4893063008785248, "treatment options": 0.48288434743881226, "systemic sclerosis": 0.4696444571018219, "systemic scleroderma": 0.4625205099582672, "recently diagnosed": 0.45955225825309753, "limited scleroderma": 0.4532341957092285, "see rheumatologist": 0.4455534815788269, "diagnosed with fibromyalgia": 0.4437524676322937, "officially diagnosed": 0.44236642122268677, "was diagnosed": 0.4419124126434326, "specializes in scleroderma": 0.437897264957428, "diffuse scleroderma": 0.4377174973487854, "referral to rheumatologist": 0.4335491359233856, "newly diagnosed": 0.43352797627449036, "seeing rheumatologist": 0.4309856593608856, "other symptoms": 0.430308997631073, "aches and pains": 0.41301286220550537, "gastro issues": 0.4112430810928345, "scleroderma": 0.4052804112434387, "cutaneous systemic": 0.39759305119514465, "prescribed": 0.3949156403541565, "proper diagnosis": 0.3896191716194153, "scleroderma foundation": 0.3892226815223694, "localized scleroderma": 0.3882061839103699, "scleroderma center": 0.38634955883026123, "scleroderma org": 0.3772311210632324, "raynaud syndrome": 0.3746209144592285, "clinical symptoms": 0.3744346499443054, "sclerosis": 0.3727756142616272, "diagnosed": 0.37205207347869873, "diagnosis": 0.36616501212120056, "treatment": 0.3641873598098755, "forms of scleroderma": 0.36376070976257324, "reduce inflammation": 0.36223524808883667, "scl antibodies": 0.359208345413208, "diffuse systemic": 0.3590508699417114, "digestive issues": 0.3570384085178375, "treatments": 0.35692763328552246, "got diagnosed": 0.35594263672828674, "fibromyalgia": 0.34900984168052673, "raynaud phenomenon": 0.3484913110733032, "scleroderma education": 0.3477921187877655, "rheumatic diseases": 0.34776198863983154, "diagnose": 0.346455454826355, "scl antibody": 0.34644806385040283, "referred to rheumatologist": 0.3446725904941559,