{"c_v": 0.2724120870332251, "c_npmi": -0.28913236335990145, "u_mass": -2.4006025122846832, "c_uci": -8.80216254779365}