{"0": {"acid reflux": 0.42874228954315186, "reflux": 0.40102720260620117, "heartburn": 0.3779478073120117, "esophagus": 0.3616825342178345, "disordered eating": 0.3528600335121155, "eating disorder": 0.34674447774887085, "bulimic": 0.33789145946502686, "vomiting": 0.3339749574661255, "diaphragmatic breathing": 0.33075135946273804, "stomach": 0.3263951241970062, "symptoms": 0.3262443542480469, "burping": 0.3219510316848755, "bad breath": 0.3205403685569763, "bulimia": 0.31621885299682617, "throwing up": 0.31240326166152954, "swallowing": 0.30808520317077637, "eating disorders": 0.30326130986213684, "acidic foods": 0.29662322998046875, "chest pain": 0.29558008909225464, "your stomach": 0.2870429754257202, "burp": 0.2852601110935211, "regurgitation": 0.28321540355682373, "regurgitating": 0.27362993359565735, "regurgitate": 0.2735656797885895, "chew and swallow": 0.273139089345932, "swallow": 0.26856356859207153, "vomit": 0.2685609757900238, "re swallow": 0.2683946490287781, "breathing": 0.26797372102737427, "chewing": 0.2677130699157715, "stomach muscles": 0.26554834842681885, "diagnosed with gerd": 0.2622238099575043, "breath": 0.26041412353515625, "anxiety": 0.25989770889282227, "throw up": 0.2590886354446411, "my stomach": 0.255900502204895, "breathe": 0.2536681294441223, "breathing exercises": 0.25338947772979736, "throat": 0.25216349959373474, "your throat": 0.2505536675453186, "binge eating": 0.24832740426063538, "threw up": 0.24572527408599854, "my throat": 0.24500672519207, "rumination syndrome": 0.24367360770702362, "regurgitated": 0.24334292113780975, "disorder": 0.2395210862159729, "disorders": 0.2355506271123886, "puke": 0.23450776934623718, "syndrome": 0.23303085565567017, "go to doctor": 0.23055344820022583}, "1": {"eating disorder": 0.5116773247718811, "bulimia": 0.4694978594779968, "eating disorders": 0.4557989239692688, "bulimic": 0.4160652160644531, "disordered eating": 0.4133283495903015, "binge eating": 0.34512990713119507, "losing weight": 0.31231749057769775, "esophagus": 0.2943042516708374, "vomiting": 0.28477615118026733, "acid reflux": 0.2811579406261444, "throwing up": 0.28012973070144653, "reflux": 0.2798701524734497, "weight loss": 0.2765556573867798, "disorder": 0.26967620849609375, "diet": 0.26864513754844666, "purging": 0.2660329341888428, "disorders": 0.2639559209346771, "throw up": 0.26245546340942383, "therapy": 0.25777989625930786, "symptoms": 0.2561538517475128, "acidic foods": 0.2547815144062042, "vomit": 0.2535055875778198, "heartburn": 0.2506496012210846, "depression": 0.2485164999961853, "anxiety": 0.2456141710281372, "meals": 0.24373409152030945, "stomach": 0.2387416511774063, "rumination syndrome": 0.23864126205444336, "after eating": 0.233191579580307, "eating": 0.2322382628917694, "your stomach": 0.23055444657802582, "stomach muscles": 0.22980383038520813, "regurgitation": 0.22886474430561066, "therapist": 0.2283765822649002, "after meals": 0.2259248048067093, "misdiagnosed": 0.22359684109687805, "syndrome": 0.22084441781044006, "eat": 0.219064399600029, "relationship with food": 0.21897771954536438, "food": 0.21829743683338165, "diagnosed with gerd": 0.21819020807743073, "threw up": 0.21563202142715454, "foods": 0.21452981233596802, "regurgitating": 0.21442364156246185, "calories": 0.2142508625984192, "meal": 0.20950859785079956, "trauma": 0.20835953950881958, "after meal": 0.2068600356578827, "go to doctor": 0.20652374625205994, "mental health": 0.20645001530647278}}