{"c_v": 0.37383053618591333, "c_npmi": -0.2126530317115253, "u_mass": -4.07984512901309, "c_uci": -6.8831925539756424}