{"0": {"diagnosed with gbs": 0.62973952293396, "numbness and tingling": 0.5690887570381165, "gbs patients": 0.5515561103820801, "tingling numbness": 0.5350164175033569, "neurological symptoms": 0.5285667777061462, "occasional numbness": 0.523918867111206, "diagnosis": 0.5176160335540771, "barre syndrome": 0.5131101608276367, "numbness tingling": 0.5058341026306152, "officially diagnosed": 0.5028023719787598, "initial diagnosis": 0.5006678700447083, "severe neuropathy": 0.4988168776035309, "was diagnosed": 0.49227166175842285, "lapse in diagnosis": 0.4728245139122009, "misdiagnosed": 0.4664245545864105, "self diagnose": 0.46639326214790344, "recently diagnosed": 0.4653773605823517, "diagnoses": 0.46259748935699463, "diagnose": 0.4596812129020691, "see neurologist": 0.45930981636047363, "peripheral neuropathy": 0.45907750725746155, "referral to neurologist": 0.4537622928619385, "neuropathy": 0.44982561469078064, "diagnosed": 0.4497838020324707, "multiple sclerosis": 0.4455755650997162, "nerve pain": 0.4349081516265869, "pinched nerve": 0.4341321289539337, "nerve biopsy": 0.43326133489608765, "initial symptoms": 0.4303417503833771, "medical advice": 0.4278546869754791, "neuromuscular disease": 0.424501895904541, "complete paralysis": 0.4233703017234802, "paralysis": 0.42160171270370483, "paralyzed from neck": 0.4189971089363098, "total paralysis": 0.4187532067298889, "showing symptoms": 0.4174763560295105, "neuromuscular diseases": 0.41694802045822144, "symptoms": 0.4132654368877411, "full paralysis": 0.41325467824935913, "excruciating pain": 0.41127029061317444, "go to the er": 0.40939581394195557, "numbness": 0.4078294336795807, "diagnostic": 0.4043217897415161, "pains": 0.40228036046028137, "seek medical": 0.40164491534233093, "demyelination": 0.3960523307323456, "polyneuropathy": 0.39439713954925537, "first symptom": 0.3922918438911438, "guillain barre": 0.3919307291507721, "facial paralysis": 0.3909582495689392}, "1": {"full recovery": 0.5468339920043945, "recovery": 0.5399221181869507, "speedy recovery": 0.5366816520690918, "road to recovery": 0.5157797932624817, "physical rehab": 0.5022397041320801, "quick recovery": 0.4920181632041931, "rehabilitation": 0.4764973521232605, "difficulty walking": 0.4641653895378113, "recovering": 0.45540887117385864, "having relapse": 0.4472331404685974, "fully recover": 0.4431326985359192, "inpatient rehab": 0.4422208368778229, "rehabilitation hospital": 0.4343969225883484, "receiving treatment": 0.43183809518814087, "diagnosed with gbs": 0.42719709873199463, "was diagnosed": 0.42620849609375, "recently diagnosed": 0.42486920952796936, "unable to walk": 0.4247583746910095, "lapse in diagnosis": 0.42006057500839233, "outpatient rehab": 0.41828781366348267, "complete paralysis": 0.4167020320892334, "officially diagnosed": 0.4133516848087311, "recover": 0.4133082628250122, "start treatment": 0.4102182984352112, "physical therapy": 0.409748911857605, "rehab hospital": 0.4071948528289795, "remission": 0.4019782245159149, "extreme fatigue": 0.4010975658893585, "self diagnose": 0.3974379301071167, "gbs patients": 0.3969440162181854, "seek medical": 0.39145514369010925, "recovery process": 0.3881634771823883, "chronic fatigue": 0.3877642750740051, "completely recovered": 0.3871539235115051, "trouble walking": 0.3858049809932709, "total paralysis": 0.3826538920402527, "rehab": 0.38206663727760315, "medical advice": 0.38146209716796875, "risk of relapse": 0.3793916404247284, "fully recovered": 0.3782486319541931, "stay strong": 0.37518495321273804, "full paralysis": 0.37429577112197876, "rehab facility": 0.3722476363182068, "diagnosed": 0.3680257797241211, "disability": 0.36761683225631714, "recovery phase": 0.3646881580352783, "able to walk": 0.36407434940338135, "prognosis": 0.35941386222839355, "still recovering": 0.3574071526527405, "referral to neurologist": 0.3569103181362152}, "2": {"covid vaccine": 0.6332783699035645, "covid vaccines": 0.6297709345817566, "covid vaccination": 0.6131941080093384, "get vaccinated": 0.5820630192756653, "following vaccination": 0.5783785581588745, "other vaccines": 0.5651830434799194, "influenza vaccination": 0.5403801202774048, "vaccine": 0.539231538772583, "vaccine injury": 0.537670373916626, "vaccines": 0.5280247926712036, "gbs patients": 0.5215583443641663, "flu vaccines": 0.51955646276474, "diagnosed with gbs": 0.5171419978141785, "pfizer vaccine": 0.5160600543022156, "flu vaccine": 0.5151230096817017, "vaccinated": 0.5061121582984924, "covid infection": 0.4993693232536316, "vaccination": 0.48945730924606323, "flu shots": 0.47861820459365845, "vaccinations": 0.47441619634628296, "flu shot": 0.46417731046676636, "moderna vaccine": 0.43734854459762573, "mrna vaccine": 0.4252912402153015, "mrna vaccines": 0.41713207960128784, "immunoglobulin": 0.40233826637268066, "influenza disease": 0.39946413040161133, "immunity": 0.3954830467700958, "compromised immune": 0.3952585458755493, "viral infection": 0.39295849204063416, "covid": 0.39116692543029785, "covid itself": 0.38463130593299866, "recently diagnosed": 0.3771677315235138, "was diagnosed": 0.3768307566642761, "barre syndrome": 0.3758454918861389, "officially diagnosed": 0.3733667731285095, "bout of flu": 0.3732527792453766, "lapse in diagnosis": 0.36728715896606445, "influenza": 0.3634800910949707, "gbs survivors": 0.363402783870697, "foreign antigen": 0.35949990153312683, "auto immune": 0.35526174306869507, "flu": 0.350303053855896, "receiving treatment": 0.34884482622146606, "seasonal flu": 0.34810811281204224, "contracting covid": 0.3462259769439697, "diagnosed": 0.33325624465942383, "fever": 0.3290751576423645, "immune response": 0.32609081268310547, "herd immunity": 0.32594990730285645, "tested positive": 0.32518041133880615}, "3": {"diagnosed with cidp": 0.7193086743354797, "was diagnosed": 0.4613057076931, "ivig treatment": 0.45508384704589844, "initial diagnosis": 0.4543057680130005, "ivig treatments": 0.45424383878707886, "diagnosis": 0.45410582423210144, "lapse in diagnosis": 0.4516194462776184, "severe neuropathy": 0.4504116177558899, "officially diagnosed": 0.44400808215141296, "recently diagnosed": 0.43941745162010193, "barre syndrome": 0.43631330132484436, "cidp": 0.42852580547332764, "misdiagnosed": 0.4274085760116577, "diagnose": 0.42719566822052, "numbness and tingling": 0.42333072423934937, "medical advice": 0.41823506355285645, "receiving treatment": 0.41700929403305054, "self diagnose": 0.41618263721466064, "referral to neurologist": 0.4161299467086792, "diagnoses": 0.41584956645965576, "diagnosed": 0.40629875659942627, "neuropathy": 0.3949633240699768, "peripheral neuropathy": 0.3917032480239868, "seek medical": 0.3894951641559601, "tingling numbness": 0.3849487900733948, "start treatment": 0.37993311882019043, "diagnostic": 0.3784258961677551, "cidp foundation": 0.3699696660041809, "ivig shortage": 0.3692598342895508, "polyneuropathy": 0.36866557598114014, "initial symptoms": 0.36824461817741394, "occasional numbness": 0.3678978979587555, "ivig infusions": 0.3634442090988159, "diagnosed with gbs": 0.3624959886074066, "numbness tingling": 0.36231428384780884, "showing symptoms": 0.3607666790485382, "speedy recovery": 0.3594382405281067, "guillain barre": 0.3459932804107666, "neuromuscular disease": 0.34254443645477295, "gbs patients": 0.341776967048645, "demyelination": 0.3417578339576721, "see neurologist": 0.34119975566864014, "cidp org": 0.3393961787223816, "excruciating pain": 0.3369649350643158, "go to the er": 0.33578571677207947, "acupuncture": 0.3351697027683258, "prognosis": 0.335051953792572, "neurological symptoms": 0.3317842483520508, "first symptom": 0.32990384101867676, "guillan barre": 0.3287954032421112}, "4": {"gbs": 0.8251199722290039, "gbs ish": 0.8057895302772522, "gbs patients": 0.7431745529174805, "gb": 0.7365801334381104, "former gbs": 0.7337559461593628, "history of gbs": 0.7211872935295105, "diagnosed with gbs": 0.7171535491943359, "gbs survivors": 0.7130483388900757,