{"c_v": 0.22591174946332715, "c_npmi": -0.1715804104833544, "u_mass": -1.860990965236942, "c_uci": -4.826558012869062}