{"0": {"cold uticaria": 0.6003884673118591, "allergist": 0.5803634524345398, "symptom": 0.5801022052764893, "allergies": 0.5655742287635803, "cold urticaria": 0.5612708330154419, "allergy meds": 0.5540790557861328, "symptoms": 0.553331732749939, "allergy shots": 0.552972674369812, "allergy": 0.5498358011245728, "allergist told": 0.5482162833213806, "allergic reaction": 0.5298801064491272, "allergy medicine": 0.5269176363945007, "sick": 0.525718092918396, "allergic reactions": 0.5236712694168091, "allergic": 0.5161649584770203, "allergy medication": 0.48011237382888794, "cold": 0.4761049151420593, "allergy pills": 0.4730547070503235, "covered in hives": 0.47206658124923706, "rash": 0.4709257483482361, "holding cold": 0.4635026752948761, "itchy": 0.4459296464920044, "chilly": 0.442621648311615, "cold weather": 0.44167226552963257, "cold air": 0.4398519694805145, "anaphylactic shock": 0.43935930728912354, "freezing": 0.4373983144760132, "diagnosed": 0.43294787406921387, "colder": 0.4265730381011963, "drowsy": 0.424365758895874, "was diagnosed": 0.4139694571495056, "infection": 0.41386473178863525, "during winter": 0.41243237257003784, "itching": 0.4124176502227783, "anaphylaxis": 0.40742820501327515, "taking antihistamines": 0.4067007899284363, "hives": 0.40625569224357605, "chronic": 0.4046328663825989, "dermatologist": 0.4035400152206421, "mild": 0.40307462215423584, "colder than": 0.40128302574157715, "side effects": 0.40119171142578125, "take an antihistamine": 0.3947543799877167, "frozen": 0.39354419708251953, "feel better": 0.39350956678390503, "patients": 0.39201685786247253, "disease": 0.3919771909713745, "sweating": 0.3902952969074249, "getting worse": 0.386572003364563, "cure": 0.38521212339401245}, "1": {"hives": 0.8585419654846191, "covered in hives": 0.8522101640701294, "hive": 0.8178087472915649, "allergic reactions": 0.4248996078968048, "rash": 0.3985788822174072, "allergic reaction": 0.3899531364440918, "allergic": 0.38145655393600464, "antihistamines": 0.3743985891342163, "allergy meds": 0.37180376052856445, "taking antihistamines": 0.360664963722229, "allergy": 0.35136744379997253, "allergist": 0.34526878595352173, "allergies": 0.33930903673171997, "take an antihistamine": 0.3386509418487549, "allergy shots": 0.3294723629951477, "sweat": 0.32074618339538574, "allergy pills": 0.31867024302482605, "allergist told": 0.3183942437171936, "antihistamine": 0.3171457052230835, "allergy medicine": 0.31260424852371216, "sweating": 0.30554819107055664, "symptom": 0.2827589213848114, "sick": 0.28190916776657104, "symptoms": 0.2816692888736725, "scratching": 0.27073952555656433, "allergy medication": 0.26943814754486084, "dermatologist": 0.26425057649612427, "itching": 0.2641445994377136, "asthma": 0.2566782236099243, "histamine": 0.24875086545944214, "triggers": 0.24824701249599457, "reactions": 0.24773898720741272, "burns": 0.24354496598243713, "itch": 0.24100708961486816, "causes": 0.23699431121349335, "beta": 0.2351042926311493, "itchy": 0.2344440221786499, "what causes": 0.23401585221290588, "anaphylaxis": 0.23320594429969788, "cure": 0.22731056809425354, "like crazy": 0.22705218195915222, "scratch": 0.22653192281723022, "disease": 0.22503183782100677, "causing": 0.22432568669319153, "my face": 0.22232702374458313, "itchiness": 0.22180259227752686, "exposure": 0.21993693709373474, "anaphylactic": 0.21968233585357666, "exposed skin": 0.21025919914245605, "fridge": 0.20920759439468384}}