{"c_v": 0.2714454660682688, "c_npmi": -0.28349282793631553, "u_mass": -5.885125474051755, "c_uci": -8.420619322770866}