{"0": {"malaria vaccine": 0.7621333599090576, "malaria": 0.704982340335846, "mosquitoes": 0.39547228813171387, "mosquito": 0.3911607563495636, "vaccine": 0.3833787441253662, "disease": 0.3594270348548889, "infection": 0.31473517417907715, "africa": 0.30030760169029236, "african": 0.29096171259880066, "plasmodium": 0.2859356701374054, "sickle cell": 0.2231082171201706, "anti": 0.20254896581172943, "treatment": 0.19283747673034668, "against": 0.17673063278198242, "symptoms": 0.1729109287261963, "blood": 0.16785301268100739, "for": 0.15520060062408447, "which": 0.1350199282169342, "us": 0.1340322047472, "as": 0.13213716447353363, "about": 0.13140104711055756, "are": 0.12888698279857635, "am": 0.1262393742799759, "to": 0.12574978172779083, "is": 0.12442652881145477, "world": 0.12329301983118057, "if": 0.12327680736780167, "because": 0.12159021943807602, "help": 0.12096983194351196, "does": 0.11819683760404587, "we": 0.11653129011392593, "at": 0.1153230220079422, "of": 0.11480002850294113, "can": 0.11458487808704376, "in": 0.11379708349704742, "know": 0.11310766637325287, "our": 0.11237800866365433, "was": 0.11198053508996964, "have": 0.11179902404546738, "but": 0.11057000607252121, "the": 0.10597144067287445, "has": 0.10482464730739594, "and": 0.10434843599796295, "if you": 0.1041257306933403, "had": 0.1033274307847023, "my": 0.10222208499908447, "will": 0.1020999327301979, "its": 0.10140420496463776, "we are": 0.10128363966941833, "do": 0.09970476478338242}, "1": {"malaria vaccine": 0.5871586799621582, "malaria": 0.5507075786590576, "mosquito": 0.27138617634773254, "mosquitoes": 0.26444125175476074, "vaccine": 0.24929708242416382, "disease": 0.24261371791362762, "africa": 0.19698010385036469, "infection": 0.19453662633895874, "african": 0.18532028794288635, "plasmodium": 0.17916619777679443, "treatment": 0.13127093017101288, "sickle cell": 0.12897701561450958, "blood": 0.08169320225715637, "symptoms": 0.0808190107345581, "control": 0.07670018076896667, "anti": 0.07165364921092987, "year": 0.06546833366155624, "thank you": 0.05237569659948349, "no": 0.046555425971746445, "not": 0.04405877739191055, "did not": 0.04119165614247322, "do you": 0.03988238424062729, "take": 0.036556437611579895, "should": 0.034939005970954895, "am": 0.034783266484737396, "long": 0.03380495309829712, "what": 0.0337926410138607, "all": 0.03374981880187988, "know": 0.032506030052900314, "any": 0.03225428983569145, "it is": 0.02933020144701004, "can": 0.02930435538291931, "to": 0.028844691812992096, "because": 0.02687784656882286, "an": 0.026273582130670547, "have": 0.02489166334271431, "in": 0.02448807656764984, "help": 0.024279071018099785, "have been": 0.023052729666233063, "my": 0.022647656500339508, "how": 0.021965818479657173, "we are": 0.021717581897974014, "with": 0.018061349168419838, "as": 0.017339106649160385, "for": 0.016533205285668373, "on": 0.01643935777246952, "could": 0.013894088566303253, "it": 0.013344485312700272, "against": 0.012400036677718163, "has": 0.012108840048313141}}