{"c_v": 0.30469867737337486, "c_npmi": -0.2599775980360112, "u_mass": -4.354866563611606, "c_uci": -8.005306081423278}