{"0": {"inability to recognize": 0.5843793153762817, "face blindness": 0.555557370185852, "mild prosopagnosia": 0.5324852466583252, "facial blindness": 0.5311282873153687, "bad at recognizing": 0.5273468494415283, "remembering faces": 0.5251200795173645, "faceblindness": 0.5055403709411621, "recall faces": 0.49654489755630493, "recognizing faces": 0.4881231188774109, "prosopagnosia": 0.4809989333152771, "difficulty recognizing": 0.47927290201187134, "developmental prosopagnosia": 0.47923004627227783, "recognising faces": 0.4732387661933899, "bad with faces": 0.4693984389305115, "related to prosopagnosia": 0.4644693434238434, "face blind": 0.45855289697647095, "visual agnosia": 0.4579911231994629, "ability to recognize": 0.45480841398239136, "peoples faces": 0.45323646068573, "recognition issues": 0.45279595255851746, "trouble recognizing": 0.4519959092140198, "acquired prosopagnosia": 0.4495532810688019, "human faces": 0.4427897334098816, "blindness": 0.4361257553100586, "self diagnosis": 0.4358804225921631, "recognize myself": 0.42799973487854004, "recognition abilities": 0.4211463928222656, "recognise myself": 0.4186708331108093, "non faceblind": 0.41036319732666016, "own face": 0.40895020961761475, "prospagnosia": 0.4061414897441864, "recognition ability": 0.39979612827301025, "face swap": 0.39859265089035034, "faceblind": 0.3972023129463196, "able to recognise": 0.3969203233718872, "perceive": 0.3950233459472656, "able to recognize": 0.3918638825416565, "recognizing": 0.3916401267051697, "face recognition": 0.38989144563674927, "sensory issues": 0.3888636827468872, "unrecognizable": 0.38856714963912964, "facial features": 0.38606059551239014, "fail to recognize": 0.38168036937713623, "diagnosing": 0.3806576728820801, "self diagnosed": 0.38036948442459106, "processing disorder": 0.38022878766059875, "poor eyesight": 0.3787134289741516, "diagnose": 0.3764934539794922, "diagnosis": 0.37578535079956055, "recognize": 0.3751174211502075}, "1": {"recognizing actors": 0.5189476013183594, "resemblance": 0.5140507221221924, "look identical": 0.4970548748970032, "same actor": 0.4804283380508423, "uncanny valley": 0.467752069234848, "actors": 0.46074289083480835, "human faces": 0.44600120186805725, "look alike": 0.44211697578430176, "uncanny": 0.44099849462509155, "peoples faces": 0.4409596621990204, "recall faces": 0.4369526505470276, "same hairstyle": 0.4147533178329468, "recognising faces": 0.41411322355270386, "remembering faces": 0.41338008642196655, "face swap": 0.4129641056060791, "cast": 0.40856409072875977, "recognizing faces": 0.4057769477367401, "actor": 0.40531253814697266, "same haircut": 0.40434664487838745, "faceblindness": 0.40301525592803955, "recognition issues": 0.40170758962631226, "appearance": 0.39982086420059204, "dressed similarly": 0.3987935185432434, "bad at recognizing": 0.39259299635887146, "identical twin": 0.3817787766456604, "acting": 0.38077789545059204, "facial features": 0.3784176707267761, "characters apart": 0.3778913617134094, "distinctive looking": 0.3762647807598114, "similarities": 0.3722159266471863, "actresses": 0.3707953095436096, "celebrity": 0.3705155551433563, "their appearance": 0.36973249912261963, "look the same": 0.3694889545440674, "super recognizers": 0.3684312701225281, "recognize myself": 0.36643216013908386, "matt damon": 0.36623436212539673, "recognize them": 0.36397403478622437, "facial hair": 0.3638054430484772, "bad with faces": 0.36210721731185913, "recognizable": 0.36157849431037903, "main characters": 0.36073681712150574, "everyone looks": 0.3571584224700928, "identical twins": 0.3561302423477173, "recognizers": 0.35509341955184937, "distinguishing": 0.35504263639450073, "face blindness": 0.3540179133415222, "difficulty recognizing": 0.35166215896606445, "johnny depp": 0.34869879484176636, "scenes": 0.34830182790756226}, "2": {"subreddit": 0.5113955736160278, "mod": 0.493161141872406, "lmao": 0.4895934462547302, "this sub": 0.48831140995025635, "post": 0.48501667380332947, "reddit": 0.47942793369293213, "posting": 0.478021502494812, "im": 0.4768660068511963, "forum": 0.4763532876968384, "sub": 0.4739619791507721, "this community": 0.4726325273513794, "relevant": 0.4711931347846985, "posts": 0.46989667415618896, "report": 0.4695896506309509, "says": 0.4668806791305542, "make fun": 0.4668591022491455, "ha": 0.46604374051094055, "commenting": 0.4659481644630432, "this subreddit": 0.4646320343017578, "ok": 0.463011234998703, "again": 0.4628651738166809, "meta": 0.4618383049964905, "ya": 0.46124267578125, "happen": 0.46019446849823, "comment": 0.4599655568599701, "okay": 0.4593610465526581, "eh": 0.45803046226501465, "laughed": 0.4546075463294983, "fine": 0.4539536237716675, "community": 0.4536947011947632, "said": 0.4522815942764282, "appear": 0.45199230313301086, "gives": 0.4499887526035309, "xd": 0.4495287537574768, "sorry": 0.4486198425292969, "lol": 0.4483796954154968, "sharing": 0.4463704526424408, "on": 0.4457865059375763, "meme": 0.4451780319213867, "you": 0.44513827562332153, "delete": 0.4449671804904938, "respond": 0.4447478652000427, "funny": 0.44448745250701904, "oops": 0.4435734152793884, "am sorry": 0.4426007866859436, "cope": 0.44213739037513733, "uh": 0.4420040249824524, "comments": 0.44195955991744995, "hilarious": 0.4418570101261139, "suggestion": 0.4409492611885071}, "3": {"faceblind podcast": 0.9159053564071655, "podcast": 0.6255695819854736, "faceblind org": 0.6134110689163208, "faceblind": 0.606584906578064, "faceblindness": 0.5395767092704773, "non faceblind": 0.5008653402328491, "face blind": 0.4761080741882324, "episode": 0.44985175132751465, "face": 0.42507678270339966, "episodes": 0.4170193672180176, "face blindness": 0.4103207588195801, "face swap": 0.4045667052268982, "recall faces": 0.4023107886314392, "facial": 0.40196332335472107, "remembering faces": 0.398784875869751, "cambridge face": 0.3937140107154846, "human faces": 0.3896729648113251, "documentary": 0.3894556760787964, "own face": 0.38680315017700195, "eyes nose": 0.38587576150894165, "facing": 0.38275575637817383, "faces": 0.38197290897369385, "monologue": 0.38065606355667114, "recognising faces": 0.38012856245040894, "recognizing faces": 0.37305891513824463, "nose mouth": 0.3725212812423706, "few episodes": 0.3718029856681824, "audio": 0.3690148591995239, "youtube": 0.3611961901187897, "tv show": 0.35826027393341064, "netflix": 0.3579436242580414, "facial blindness": 0.35732781887054443, "face recognition": 0.3562212586402893, "forehead": 0.3473453223705292, "voice": 0.3426476716995239, "nose": 0.34179389476776123, "peoples faces": 0.33892565965652466, "bad with faces": 0.33869558572769165, "noses": 0.3356812596321106, "hearing": 0.33564403653144836, "nose and mouth": 0.3293303847312927, "listening": 0.3283008635044098, "big nose": 0.32663652300834656, "never heard": 0.32259178161621094, "cheek": 0.3216622471809387, "mask": 0.3216511607170105, "thanks for sharing": 0.32118356227874756, "name": 0.3207327127456665, "link": 0.3195745348930359, "ears": 0.31768542528152466}}