{"c_v": 0.36040696414794093, "c_npmi": -0.3172263603459088, "u_mass": -6.591624887114037, "c_uci": -9.622192341027413}