{"0": {"marfans patients": 0.6646312475204468, "marfan syndrome": 0.6617036461830139, "marfan patients": 0.6537777185440063, "marfan patient": 0.5947121977806091, "marfans patient": 0.5860949754714966, "heart issues": 0.5199028253555298, "heart problems": 0.5058186054229736, "see specialist": 0.5012997388839722, "proper diagnosis": 0.49950361251831055, "definitive diagnosis": 0.49543648958206177, "official diagnosis": 0.4871816039085388, "was diagnosed": 0.47475188970565796, "asking for diagnosis": 0.4719468057155609, "officially diagnosed": 0.471096932888031, "cardiac issues": 0.46535494923591614, "diagnosis": 0.45942914485931396, "been diagnosed": 0.454170823097229, "heart defect": 0.4539012014865875, "neonatal marfan": 0.44736146926879883, "medical advice": 0.445229172706604, "typical marfan": 0.44435179233551025, "marfanoid body": 0.4409868121147156, "slight scoliosis": 0.43858474493026733, "severe scoliosis": 0.43814241886138916, "see cardiologist": 0.43666523694992065, "diagnosed": 0.43268024921417236, "aortic enlargement": 0.4315389394760132, "diagnosed at birth": 0.4311600923538208, "seek medical": 0.43107691407203674, "mild scoliosis": 0.4276411533355713, "got diagnosed": 0.42243117094039917, "health issues": 0.4163399338722229, "enlarged aorta": 0.4103144407272339, "asking for medical": 0.4097742736339569, "clinical diagnosis": 0.40975916385650635, "heart failure": 0.40795403718948364, "marfan": 0.40454137325286865, "associated with marfan": 0.403652548789978, "cannot diagnose": 0.4029843807220459, "heart murmur": 0.40203335881233215, "heart murmurs": 0.40158092975616455, "diagnoses": 0.40006908774375916, "seeing cardiologist": 0.3990955948829651, "aortic root": 0.3986663222312927, "heart surgery": 0.39854925870895386, "marfanoid characteristics": 0.3968290686607361, "clinically diagnosed": 0.3966936469078064, "marfanoid features": 0.396347314119339, "health problems": 0.39602363109588623, "formally diagnosed": 0.3927156925201416}, "1": {"eye surgeries": 0.6795247793197632, "eye problems": 0.666892409324646, "dislocated lenses": 0.6430411338806152, "eye issues": 0.6354736685752869, "lens dislocation": 0.6110863089561462, "vision problems": 0.5953958034515381, "severe myopia": 0.5950402021408081, "dislocated lens": 0.5934727191925049, "retinal detachment": 0.5914937257766724, "retinal detachments": 0.5812321901321411, "bad eyesight": 0.5605983734130859, "had retinal": 0.5474002361297607, "ophthalmologist": 0.5288086533546448, "optometrist": 0.5268053412437439, "wear glasses": 0.5230543613433838, "lenses removed": 0.5187047719955444, "lasik": 0.5145349502563477, "nearsightedness": 0.5109562277793884, "lens removal": 0.5067597031593323, "near sightedness": 0.5062429904937744, "retinal": 0.5026556253433228, "wearing glasses": 0.4955468773841858, "got lasik": 0.49425774812698364, "lens implants": 0.4921189546585083, "lens replacement": 0.4878190755844116, "reading glasses": 0.4867950677871704, "poor vision": 0.48338383436203003, "lenses": 0.482902854681015, "sightedness": 0.4805467426776886, "eye exam": 0.47556087374687195, "contact lenses": 0.4750281572341919, "retinas": 0.4581589996814728, "eyesight": 0.45214325189590454, "myopia": 0.4514693021774292, "eye sight": 0.4482358694076538, "glasses": 0.44621574878692627, "visual symptoms": 0.44099360704421997, "retina": 0.4395609498023987, "contact lens": 0.4366303086280823, "astigmatism": 0.4299577474594116, "surgery to correct": 0.41824519634246826, "sighted": 0.41509103775024414, "left eye": 0.4112760126590729, "see specialist": 0.4025525152683258, "short sighted": 0.38704782724380493, "lens": 0.3868267834186554, "surgeries": 0.38278499245643616, "vision": 0.3787463307380676, "nearsighted": 0.3774645924568176, "near sighted": 0.3769057095050812}}