{"c_v": 0.3159865486958283, "c_npmi": -0.22031291877003323, "u_mass": -4.324778154856324, "c_uci": -7.11571770872999}