{"0": {"recognizing faces": 0.38471776247024536, "remembering faces": 0.37984082102775574, "facial recognition": 0.3613587021827698, "faceblindness": 0.35358864068984985, "face recognition": 0.33881306648254395, "peoples faces": 0.33289554715156555, "prosopagnosia": 0.33279943466186523, "related to prosopagnosia": 0.33076557517051697, "facial blindness": 0.32781392335891724, "faceblind": 0.32083961367607117, "faceblind org": 0.3200909495353699, "face blindness": 0.3154047131538391, "non faceblind": 0.31077563762664795, "recall faces": 0.3078327476978302, "prosopagnosiacs": 0.3020685315132141, "mild prosopagnosia": 0.30132150650024414, "visualize faces": 0.2992402911186218, "facial expressions": 0.29892557859420776, "bad with faces": 0.2933097779750824, "facial features": 0.29152756929397583, "faces": 0.2898108661174774, "face blind": 0.2892545461654663, "face": 0.2862999737262726, "prosopagnosic": 0.2845809757709503, "recognizers": 0.27935051918029785, "facial expression": 0.2749679386615753, "facial": 0.2741208076477051, "acquired prosopagnosia": 0.2732003629207611, "visual agnosia": 0.2717191278934479, "recognizer": 0.26353591680526733, "prosopagnosics": 0.26054316759109497, "developmental prosopagnosia": 0.25967830419540405, "symptom": 0.25924617052078247, "cannot recognize": 0.2592245638370514, "own face": 0.258905827999115, "super recognizers": 0.25450968742370605, "recognizing actors": 0.2537967562675476, "human faces": 0.25101178884506226, "personalities": 0.24962875247001648, "recognizes": 0.2486993372440338, "cognitive": 0.2482413351535797, "prosopamnesia": 0.24786882102489471, "everyone looks": 0.24635523557662964, "recognizable": 0.2461339235305786, "face swap": 0.24366194009780884, "symptoms": 0.2433764934539795, "distinctive looking": 0.24117133021354675, "aspergers": 0.24109187722206116, "recognize myself": 0.24054165184497833, "super recognizer": 0.24004346132278442}, "1": {"same actor": 0.40908142924308777, "same person": 0.3541942238807678, "look identical": 0.3492508828639984, "recognizing actors": 0.34766659140586853, "look alike": 0.34487444162368774, "resemblance": 0.3431061804294586, "identical twins": 0.3397740125656128, "identical twin": 0.33802810311317444, "same haircut": 0.32471856474876404, "same hairstyle": 0.3180903494358063, "recognizing faces": 0.30512556433677673, "actors": 0.3042031526565552, "everyone looks": 0.3009907305240631, "characters apart": 0.2968355715274811, "look the same": 0.2965683937072754, "identical": 0.29645127058029175, "actor": 0.2917368412017822, "similarities": 0.28947022557258606, "alike": 0.28743425011634827, "distinctive looking": 0.28420382738113403, "similar looking": 0.28355634212493896, "actresses": 0.2834464907646179, "beards": 0.27342402935028076, "personalities": 0.2727750539779663, "totally different": 0.2726147770881653, "beard": 0.27198144793510437, "very similar": 0.27181312441825867, "twins apart": 0.27061277627944946, "peoples faces": 0.2674194574356079, "actress": 0.2636588215827942, "nothing alike": 0.2619706094264984, "recognizers": 0.260142058134079, "distinguish": 0.2601345181465149, "actor actress": 0.25924152135849, "remembering faces": 0.2576993703842163, "their appearance": 0.2550678551197052, "distinguishing": 0.25468623638153076, "facial hair": 0.2544855773448944, "distinct": 0.2544381618499756, "distinctive": 0.2527610659599304, "similar": 0.2524259686470032, "facial structure": 0.25129979848861694, "his beard": 0.25121691823005676, "facial features": 0.25034481287002563, "character": 0.2503143846988678, "faces": 0.2499210238456726, "exactly the same": 0.24957728385925293, "looked like": 0.2495318353176117, "same outfit": 0.24887794256210327, "characters": 0.24867737293243408}, "2": {"lmao": 0.6354581117630005, "hahaha": 0.6271500587463379, "hilarious": 0.6228881478309631, "funny": 0.605633020401001, "oh wow": 0.5998145341873169, "wow": 0.5986098051071167, "haha": 0.5818707942962646, "joke": 0.5773105621337891, "fuck": 0.5670521259307861, "bothered": 0.5617625713348389, "damn": 0.5614354610443115, "omg": 0.5578457117080688, "seriously": 0.5567634701728821, "lol": 0.5537320971488953, "thank god": 0.5477603673934937, "ugh": 0.5462840795516968, "uncanny": 0.5454204082489014, "huh": 0.5445090532302856, "am sorry": 0.5405263900756836, "heck": 0.5402816534042358, "laughed": 0.5385017395019531, "oh hey": 0.5380164384841919, "shit": 0.5355945825576782, "dude": 0.5324593186378479, "funnily enough": 0.5318172574043274, "wtf": 0.5276697874069214, "funny story": 0.5249375104904175, "meme": 0.5196055769920349, "idk": 0.5165490508079529, "fail": 0.5165050029754639, "oops": 0.5159577131271362, "bother": 0.5149338245391846, "sorry": 0.5130158066749573, "sucks": 0.5108002424240112, "interesting": 0.509994626045227, "relevant": 0.5099644064903259, "like an idiot": 0.5076733827590942, "exact": 0.5068280696868896, "cool": 0.5064191222190857, "be fair": 0.5058692693710327, "suck": 0.5055988430976868, "tbh": 0.5049821734428406, "appreciated": 0.5045414566993713, "literally": 0.5018130540847778, "weirdly": 0.5016456842422485, "awesome": 0.4997791051864624, "fucking": 0.4996563792228699, "ok": 0.49741074442863464, "eh": 0.4948412775993347, "this sub": 0.49462929368019104}, "3": {"faceblind podcast": 0.7725014090538025, "podcast": 0.46646612882614136, "faceblind": 0.4334976375102997, "faceblind org": 0.4268244504928589, "non faceblind": 0.425039142370224, "faceblindness": 0.3896133303642273, "face blind": 0.36460208892822266, "face blindness": 0.3265175521373749, "episode": 0.30804070830345154, "facial blindness": 0.2950279116630554, "blind": 0.28873732686042786, "listening": 0.2840249240398407, "bad with faces": 0.2826994061470032, "facial recognition": 0.27928850054740906, "episodes": 0.2764013409614563, "prosopagnosics": 0.2742370367050171, "mild prosopagnosia": 0.26965808868408203, "prosopagnosiacs": 0.26772189140319824, "prosopagnosic": 0.2665684223175049, "funny story": 0.2647019624710083, "hilarious": 0.26447349786758423, "related to prosopagnosia": 0.26307496428489685, "deaf": 0.259899765253067, "face recognition": 0.25894802808761597, "facial expressions": 0.25831854343414307, "recall faces": 0.253857284784317, "remembering faces": 0.2510862648487091, "watched": 0.2508872151374817, "few episodes": 0.2506434917449951, "talked": 0.24595192074775696, "prosopagnosia": 0.2438725382089615, "talked about": 0.24319112300872803, "funny": 0.24309101700782776, "facial expression": 0.24267065525054932, "hard of hearing": 0.24154332280158997, "episodic": 0.23957130312919617, "visualize faces": 0.23894420266151428, "acquired prosopagnosia": 0.23888203501701355, "face swap": 0.2356531322002411, "interview": 0.23300960659980774, "aspergers": 0.23262956738471985, "started talking": 0.23257017135620117, "want to talk": 0.2315410077571869, "hearing": 0.23126670718193054, "recognizing faces": 0.23103466629981995, "listen": 0.22966623306274414, "talking": 0.22962164878845215, "matt damon": 0.22824151813983917, "talk about": 0.22738519310951233, "face": 0.22657355666160583}, "4": {"prosopagnosia": 0.7875784635543823, "related to prosopagnosia": 0.7593058943748474, "prosopagnosiacs": 0.7563526630401611, "acquired prosopagnosia": 0.7455481290817261, "mild prosopagnosia": 0.7392635345458984, "prosopagnosics": 0.7131479978561401, "prosopagnosic": 0.7114562392234802, "prosopamnesia": 0.6666224598884583, "developmental prosopagnosia": 0.6167347431182861, "prospagnosia": 0.5882219076156616, "faceblindness": 0.5733303427696228, "visual agnosia": 0.5408401489257812, "face blindness": 0.535968542098999, "facial blindness": 0.5272336006164551, "agnosia": 0.514121413230896, "faceblind": 0.4933418035507202, "face blind": 0.48479172587394714, "face recognition": 0.47293901443481445, "non faceblind": 0.4714149832725525, "facial recognition": 0.4705961346626282, "synesthesia": 0.4628492295742035, "neurotypical": 0.45819371938705444, "symptom": 0.44920188188552856, "recognizing faces": 0.43714314699172974,