{"0": {"back pain": 0.6444897651672363, "extreme pain": 0.6126058101654053, "severe pain": 0.6085404753684998, "nerve pain": 0.5991157293319702, "pain": 0.5758346319198608, "pains": 0.572218656539917, "discomfort": 0.5677332282066345, "diagnosed with ces": 0.5535385608673096, "other symptoms": 0.5394598841667175, "tingling": 0.5378508567810059, "spinal stenosis": 0.5374120473861694, "painful": 0.5175959467887878, "symptoms": 0.5107478499412537, "saddle numbness": 0.5086934566497803, "these symptoms": 0.5065495371818542, "nerve damage": 0.5024163126945496, "numbness": 0.5017957091331482, "still numb": 0.49952179193496704, "numb": 0.49245989322662354, "sciatic nerve": 0.4853689670562744, "permanent nerve": 0.4821261465549469, "completely numb": 0.48124945163726807, "been diagnosed": 0.47430506348609924, "spinal": 0.4672519564628601, "diagnosed": 0.46493300795555115, "hurt": 0.4563710689544678, "erectile dysfunction": 0.4494565725326538, "spine specialist": 0.4393027424812317, "loss of sensation": 0.4390837848186493, "cannot feel": 0.43639102578163147, "nerves": 0.4345940351486206, "spasms": 0.4339763820171356, "spine": 0.4304058849811554, "nerve": 0.429781973361969, "stenosis": 0.4292091131210327, "physical therapy": 0.42234230041503906, "dysfunction": 0.4210716784000397, "spinal cord": 0.419242799282074, "chronic": 0.41282665729522705, "those nerves": 0.4117102324962616, "medical emergency": 0.40900230407714844, "bladder and bowel": 0.4086241126060486, "leg weakness": 0.4080629348754883, "recovery": 0.407891184091568, "spinal fusion": 0.39860349893569946, "bowel movements": 0.3913053274154663, "heal": 0.3911416530609131, "emergency surgery": 0.38996556401252747, "very mild": 0.38919150829315186, "neurosurgeon": 0.3857586979866028}, "1": {"diagnosed with ces": 0.620347261428833, "other symptoms": 0.5333386659622192, "these symptoms": 0.508395791053772, "symptoms": 0.5063352584838867, "discomfort": 0.49966707825660706, "been diagnosed": 0.48376545310020447, "diagnosed": 0.47042346000671387, "extreme pain": 0.4696405529975891, "severe pain": 0.45348018407821655, "bladder and bowel": 0.45276767015457153, "erectile dysfunction": 0.45238935947418213, "dysfunction": 0.4466622769832611, "syndrome": 0.4456740915775299, "incontinence": 0.4436863660812378, "pains": 0.443010151386261, "painful": 0.44034290313720703, "nerve pain": 0.43185925483703613, "pain": 0.4213481545448303, "chronic": 0.4208461046218872, "bladder": 0.42021477222442627, "back pain": 0.418006956577301, "cannot feel": 0.41403430700302124, "urge to urinate": 0.41274264454841614, "tingling": 0.41051042079925537, "frequent urination": 0.4071176052093506, "spinal stenosis": 0.4000824987888336, "pelvic": 0.39786624908447266, "loss of sensation": 0.3952927589416504, "diagnosis": 0.39302748441696167, "medical emergency": 0.3902806043624878, "saddle numbness": 0.3781448006629944, "nerve damage": 0.3779134750366211, "numbness": 0.37615400552749634, "sciatic nerve": 0.3748948574066162, "stenosis": 0.37294715642929077, "urinating": 0.37222936749458313, "bowel movements": 0.372065007686615, "permanent nerve": 0.36958521604537964, "numb": 0.36921602487564087, "completely numb": 0.369049608707428, "urinate": 0.36522671580314636, "bowel issues": 0.36383211612701416, "need to urinate": 0.3631718158721924, "urination": 0.362792044878006, "can cause": 0.3619239628314972, "very mild": 0.3605234622955322, "still numb": 0.35863107442855835, "hurt": 0.35849928855895996, "severe": 0.3554950952529907, "leg weakness": 0.35006144642829895}}