{"c_v": 0.2835273698855635, "c_npmi": -0.2584334362893732, "u_mass": -1.5719071537678078, "c_uci": -7.924842724355024}