{"0": {"spinal": 0.30702537298202515, "neurologist": 0.2932245135307312, "spinal muscular": 0.290876567363739, "neurology": 0.28194090723991394, "my neurologist": 0.27991536259651184, "scoliosis": 0.26031044125556946, "spinal tap": 0.25953584909439087, "cure sma": 0.2573654353618622, "spinal cord": 0.24363695085048676, "therapies": 0.24123120307922363, "spinal fusion": 0.24106600880622864, "back pain": 0.2387986183166504, "spinal fluid": 0.23845206201076508, "neuromuscular": 0.23791520297527313, "curesma": 0.23711207509040833, "muscular dystrophy": 0.23629048466682434, "physical therapy": 0.22857725620269775, "sma patients": 0.22777855396270752, "patients": 0.22632107138633728, "therapy": 0.22445085644721985, "diagnosed with sma": 0.2226119041442871, "gene therapy": 0.21988391876220703, "medications": 0.21938259899616241, "neuro": 0.21823787689208984, "lumbar": 0.2177388072013855, "symptoms": 0.217179536819458, "atrophy": 0.21519199013710022, "cure": 0.21475133299827576, "medicine": 0.2136029154062271, "treatments": 0.21266354620456696, "doctors": 0.21045075356960297, "pain": 0.20987460017204285, "disease progression": 0.20685654878616333, "my doctor": 0.20563389360904694, "medication": 0.20397886633872986, "patient": 0.1993008404970169, "older patients": 0.1983768492937088, "spine": 0.19766035676002502, "painful": 0.19565267860889435, "doctor": 0.19420400261878967, "nerves": 0.19235941767692566, "diagnosed": 0.18892847001552582, "doc": 0.18808892369270325, "therapist": 0.1877376288175583, "treatment": 0.18719898164272308, "nerve": 0.18645843863487244, "doses": 0.18266025185585022, "clinical trials": 0.18057017028331757, "spinraza": 0.17996425926685333, "diagnosis": 0.17958839237689972}, "1": {"spinal": 0.4054632782936096, "getting spinraza": 0.39965853095054626, "spinal fusion": 0.38210529088974, "spinal tap": 0.37407228350639343, "spinal muscular": 0.37346065044403076, "spinraza": 0.3723675012588501, "spinal fluid": 0.34833312034606934, "neuromuscular": 0.34174787998199463, "spinal cord": 0.3405335545539856, "scoliosis": 0.32842984795570374, "gene therapy": 0.3225467801094055, "risdiplam": 0.31170541048049927, "neuro": 0.3038409352302551, "muscular dystrophy": 0.30339038372039795, "neurologist": 0.2945288419723511, "cure sma": 0.29255789518356323, "atrophy": 0.28388288617134094, "neurology": 0.2828000783920288, "spine": 0.2789378762245178, "curesma": 0.27775707840919495, "cure": 0.2759827971458435, "smn gene": 0.2748585343360901, "therapies": 0.2710932195186615, "smn genes": 0.266557902097702, "smn protein": 0.26342493295669556, "my neurologist": 0.26083841919898987, "these treatments": 0.25591737031936646, "diagnosed with sma": 0.25573819875717163, "vaccinated": 0.2554696202278137, "disease progression": 0.25453540682792664, "clinical trials": 0.25354182720184326, "next injection": 0.2534278631210327, "vaccine": 0.2505306303501129, "good news": 0.2501147389411926, "gene": 0.2494092434644699, "neuron": 0.24731436371803284, "lumbar": 0.24668535590171814, "neurons": 0.24666562676429749, "therapy": 0.24627353250980377, "clinical trial": 0.24622488021850586, "motor neuron": 0.24501881003379822, "back pain": 0.24488967657089233, "flu vaccine": 0.24441877007484436, "treatments": 0.24416346848011017, "great news": 0.24328619241714478, "lumbar puncture": 0.23882043361663818, "lidocaine": 0.2376485913991928, "neuron loss": 0.23491427302360535, "th injection": 0.23191234469413757, "motor neurons": 0.2319105863571167}, "2": {"sma community": 0.3663536608219147, "hi everyone": 0.30327945947647095, "hi": 0.27567988634109497, "thanks for sharing": 0.2588079273700714, "hello everyone": 0.25820544362068176, "sma": 0.2552875280380249, "cure sma": 0.2511330842971802, "hey": 0.2506602108478546, "hi all": 0.24249765276908875, "sub reddit": 0.239335298538208, "hi there": 0.2384575605392456, "hello": 0.23150183260440826, "interested": 0.23049774765968323, "fellow": 0.22880327701568604, "sub": 0.22603711485862732, "this sub": 0.22299039363861084, "please share": 0.21993833780288696, "folks": 0.21804937720298767, "community": 0.21644660830497742, "sma patients": 0.21411702036857605, "diagnosed with sma": 0.2134227454662323, "anyone": 0.21315085887908936, "cool": 0.21292193233966827, "join": 0.21140897274017334, "appreciate": 0.20767414569854736, "would love": 0.20696434378623962, "has anyone": 0.20548078417778015, "participants": 0.20264983177185059, "friend": 0.20228275656700134, "friends": 0.20187002420425415, "ae": 0.20118337869644165, "interesting": 0.1983562707901001, "student": 0.19759495556354523, "cohort": 0.19745796918869019, "here": 0.19569680094718933, "types of sma": 0.19535696506500244, "talked": 0.1951940953731537, "welcome": 0.1951686292886734, "sorry to hear": 0.19361358880996704, "if anyone": 0.1929561197757721, "appreciated": 0.1910063475370407, "shared": 0.19030824303627014, "ok": 0.18931889533996582, "pm me": 0.18876414000988007, "thank you": 0.18850374221801758, "pm": 0.18584796786308289, "group": 0.1858229786157608, "ill": 0.1846410483121872, "guys": 0.18446025252342224, "md": 0.18244026601314545}, "3": {"evrysdi": 0.5403152108192444, "diagnosed with sma": 0.5345315933227539, "cure sma": 0.5167079567909241, "please share": 0.5028318762779236, "interesting": 0.49830424785614014, "appreciate": 0.4980536699295044, "ss ss": 0.496509313583374, "sma": 0.49523159861564636, "sma community": 0.495188444852829, "would love": 0.4928971827030182, "appreciated": 0.4925665557384491, "wait gt": 0.49250274896621704, "loved one": 0.492326557636261, "funny": 0.49183911085128784, "curious": 0.4905705451965332, "wow": 0.4865642189979553, "welcome": 0.48486316204071045, "sorry to hear": 0.4844993054866791, "would suggest": 0.4838590621948242, "feels like": 0.4835536479949951, "baby": 0.4831086993217468, "nusinersen": 0.4814107418060303, "child": 0.479427695274353, "smn": 0.47929322719573975, "cheers": 0.4762493371963501, "md": 0.4760001301765442, "cool": 0.4722215235233307, "talked about": 0.4714759588241577, "awesome": 0.4704683721065521, "idk": 0.46946877241134644, "suck": 0.46942585706710815, "hi": 0.46884334087371826, "kid": 0.46665170788764954, "smn gene": 0.46650540828704834, "chop intend": 0.4659777283668518, "fantastic": 0.4658154547214508, "idk if": 0.46507900953292847, "kids": 0.4648638367652893, "fuck": 0.4646906852722168, "interested": 0.46422654390335083, "amazing": 0.464100182056427, "sma patients": 0.46366825699806213, "wondering": 0.46275216341018677, "promising": 0.4613678455352783, "please let": 0.46090167760849, "thank": 0.45966804027557373, "sma type": 0.45861756801605225, "spread the word": 0.4543863832950592, "talking about": 0.4542657136917114, "lucky": 0.45270469784736633}}