{"c_v": 0.278235787987779, "c_npmi": -0.27613217294737546, "u_mass": -4.437920894139233, "c_uci": -8.670457678549276}