{"c_v": 0.28714265184324184, "c_npmi": -0.28724926390726324, "u_mass": -4.34825239049863, "c_uci": -8.789414452005959}