{"0": {"keratoconus": 0.5970827341079712, "lasik ectasia": 0.5784275531768799, "cornea reshaping": 0.5756016969680786, "acuvue oasys": 0.5742326974868774, "lasik consult": 0.5648224949836731, "keratoconus sufferers": 0.5636105537414551, "toric lenses": 0.5626097917556763, "ophthalmologist": 0.558173418045044, "bausch lomb": 0.5569074153900146, "corneal grafts": 0.5557020902633667, "subclinical keratoconus": 0.5493159294128418, "lasik md": 0.5489553809165955, "optician": 0.547305703163147, "optometrist": 0.5453769564628601, "fruste keratoconus": 0.5420166254043579, "sclera lenses": 0.5409190058708191, "cornea": 0.5402712821960449, "corneal abrasions": 0.5401491522789001, "optometry": 0.5391604900360107, "contact lenses": 0.5387307405471802, "corneal ectasia": 0.5381834506988525, "post lasik": 0.53520667552948, "diagnosed with keratoconus": 0.5351489186286926, "lasik consultation": 0.5347251892089844, "cataract surgery": 0.5342676639556885, "prk": 0.5339106321334839, "lasik": 0.5336291193962097, "corneal topographer": 0.5324211716651917, "keratoconic cornea": 0.5312978029251099, "stigmatism": 0.530692458152771, "cornea specialist": 0.5301228165626526, "corneal warpage": 0.5291177034378052, "corneal": 0.5284097790718079, "acuvue": 0.5267101526260376, "lasik complications": 0.5262187719345093, "corneal abrasion": 0.5250838398933411, "strabismus": 0.5241292119026184, "suspected keratoconus": 0.5231651067733765, "corneal topographies": 0.5225792527198792, "corneal hydrops": 0.5221839547157288, "corneal ectasias": 0.5214201807975769, "prk ptk": 0.5206146836280823, "corneal subspecialist": 0.5197568535804749, "optometrist who": 0.5188648104667664, "corneal dystrophy": 0.516578197479248, "lenticular astigmatism": 0.5164210200309753, "cataract": 0.5162567496299744, "contact lens": 0.5137541890144348, "transplanted cornea": 0.5117688179016113, "smartsurface prk": 0.5116900205612183}, "1": {"movie online": 0.6886745691299438, "movies online": 0.6530160903930664, "full movie": 0.633476734161377, "movie free": 0.5875018835067749, "watch online": 0.58658367395401, "online putlocker": 0.5838919878005981, "online free": 0.5719861388206482, "putlocker online": 0.5415002107620239, "free putlocker": 0.5361489653587341, "movie download": 0.5346697568893433, "online megashare": 0.5262969732284546, "genisys online": 0.5249854326248169, "streaming movie": 0.5207135677337646, "movie putlocker": 0.5181825160980225, "full movies": 0.5131276845932007, "entourage online": 0.5024351477622986, "putlocker watch": 0.5011215209960938, "online watch": 0.49567192792892456, "online dvd": 0.4924469590187073, "movie stream": 0.4917084276676178, "watch movies": 0.49121689796447754, "streaming online": 0.4887581169605255, "film free": 0.4869297742843628, "online stream": 0.485206663608551, "megavideo watch": 0.4830864667892456, "online streaming": 0.48184627294540405, "hd movie": 0.4785119891166687, "genisys movie": 0.47710901498794556, "world putlocker": 0.477078914642334, "movie streaming": 0.4748610854148865, "putlocker putlocker": 0.4746655225753784, "world movies": 0.4654120206832886, "genisys movies": 0.46524882316589355, "putlocker viooz": 0.4651404023170471, "stream films": 0.46387025713920593, "stream online": 0.45789840817451477, "link movie": 0.45775580406188965, "online jurassic": 0.45349472761154175, "film complet": 0.44928187131881714, "ver online": 0.44916805624961853, "online download": 0.4480092525482178, "brrip dvdrip": 0.4477927088737488, "download putlocker": 0.4453296661376953, "movies watch": 0.4433399438858032, "online terminator": 0.4422062635421753, "online ovguide": 0.43960681557655334, "online hd": 0.4363940954208374, "movie brrip": 0.43430614471435547, "free stream": 0.4340558648109436, "free megashare": 0.43383872509002686}, "2": {"movies online": 0.4695318043231964, "movie online": 0.46526432037353516, "online putlocker": 0.44000542163848877, "putlocker online": 0.4138501286506653, "full movie": 0.40717679262161255, "online megashare": 0.40076035261154175, "putlocker putlocker": 0.39734727144241333, "genisys online": 0.3911355137825012, "megavideo watch": 0.3886713981628418, "genisys movie": 0.3857532739639282, "download putlocker": 0.384549617767334, "putlocker watch": 0.3842731714248657, "movie putlocker": 0.38345515727996826, "watch online": 0.3800762891769409, "genisys movies": 0.37995201349258423, "free putlocker": 0.3712615668773651, "world putlocker": 0.36893025040626526, "putlocker viooz": 0.3655170202255249, "streaming movie": 0.3615008592605591, "megashare megashare": 0.3614341616630554, "online free": 0.3572574853897095, "movie download": 0.3566070795059204, "putlocker": 0.3464614748954773, "movie free": 0.33649981021881104, "entourage online": 0.3284137547016144, "online jurassic": 0.3231792747974396, "megavideo": 0.32294684648513794, "movies watch": 0.3199480175971985, "watch movies": 0.3172295093536377, "online watch": 0.314543217420578, "full movies": 0.30985504388809204, "watch terminator": 0.30972617864608765, "megashare": 0.3084614872932434, "megashare watch": 0.3074508011341095, "movie streaming": 0.30511748790740967, "imdb watch": 0.304660439491272, "link movie": 0.3036760091781616, "dvdrip camrip": 0.3033766746520996, "watch jurassic": 0.3027277886867523, "free megashare": 0.302592396736145, "online dvd": 0.3012860417366028, "terminator genisys": 0.30087220668792725, "download watch": 0.29990118741989136, "world movies": 0.29739120602607727, "streaming online": 0.2972624599933624, "jurassic world": 0.29713985323905945, "ver online": 0.2970471978187561, "online download": 0.29686349630355835, "brrip dvdrip": 0.296692818403244, "movie stream": 0.2925722599029541}}