{"c_v": 0.7613347226091215, "c_npmi": 0.10691148613358577, "u_mass": -2.5534309552212773, "c_uci": -1.170257510577348}