{"0": {"my immunologist": 0.3217337131500244, "diagnosed with cvid": 0.3183560371398926, "sinus infections": 0.3146531879901886, "sinus infection": 0.30386126041412354, "pneumonia": 0.30258479714393616, "symptoms": 0.3001096844673157, "illness": 0.299373596906662, "infections": 0.2961938679218292, "bronchitis": 0.2954123020172119, "recently diagnosed": 0.2942887246608734, "immunologist": 0.28232523798942566, "infection": 0.2794831097126007, "being diagnosed": 0.2766467332839966, "disease": 0.27365970611572266, "infectious disease": 0.27015751600265503, "ear infections": 0.2695596218109131, "autoimmune": 0.2689041197299957, "immune deficiency": 0.2675699293613434, "flu shot": 0.2659938335418701, "getting sick": 0.2637828588485718, "vaccine challenge": 0.2635822296142578, "antibiotics": 0.25743409991264343, "was diagnosed": 0.25641366839408875, "covid vaccine": 0.25420457124710083, "diagnosed": 0.2539615333080292, "diagnosis": 0.25284555554389954, "flu": 0.2521285116672516, "immunology": 0.25188103318214417, "vaccine": 0.24836331605911255, "vaccines": 0.24712319672107697, "patients": 0.24640044569969177, "vaccination": 0.243297278881073, "immune response": 0.24067342281341553, "my doctor": 0.23727263510227203, "fever": 0.23601120710372925, "infectious": 0.23453070223331451, "immune system": 0.2331223487854004, "immune compromised": 0.23285996913909912, "infusion therapy": 0.2318844199180603, "immune globulin": 0.2309754192829132, "vaccinated": 0.2295055091381073, "yeast infections": 0.22549483180046082, "treatments": 0.22540783882141113, "meds": 0.2243701070547104, "ivig treatments": 0.22415724396705627, "primary immune": 0.22387364506721497, "asthma": 0.2236689329147339, "immune deficient": 0.22341342270374298, "get sick": 0.22336335480213165, "immune": 0.2229907512664795}, "1": {"covid vaccine": 0.5088444948196411, "vaccines": 0.5007404088973999, "vaccine": 0.4994046092033386, "vaccination": 0.474239706993103, "pfizer vaccine": 0.47291651368141174, "my immunologist": 0.45088380575180054, "vaccinated": 0.44733601808547974, "immunologist": 0.4462917447090149, "vaccine challenge": 0.43280816078186035, "flu shot": 0.4022737145423889, "immunoglobulins": 0.3829086422920227, "immune compromised": 0.3827231228351593, "immune globulin": 0.3777199983596802, "covid antibodies": 0.37681078910827637, "immunology": 0.3729458749294281, "immunoglobulin": 0.37118667364120483, "immune response": 0.3706724941730499, "no antibodies": 0.3589017689228058, "antibodies": 0.3573126494884491, "immunity": 0.35427969694137573, "immune": 0.3511471748352051, "primary immune": 0.3487423062324524, "compromised immune": 0.34073954820632935, "immune deficient": 0.33463501930236816, "autoimmune": 0.33191776275634766, "immune system": 0.3275305926799774, "immune systems": 0.3263217806816101, "cell immunity": 0.3205154836177826, "antibiotics": 0.3174266219139099, "immune deficiency": 0.31091317534446716, "antibody response": 0.3060837388038635, "antibody test": 0.30108559131622314, "antibody": 0.28442543745040894, "flu": 0.2791154682636261, "monoclonal antibodies": 0.2732539176940918, "pneumonia": 0.27056190371513367, "infectious": 0.26724278926849365, "infectious disease": 0.2557741105556488, "bronchitis": 0.24866770207881927, "fever": 0.24732795357704163, "viral": 0.243645578622818, "infections": 0.23959192633628845, "coronavirus": 0.23220624029636383, "my doctor": 0.22651314735412598, "shots": 0.22560837864875793, "patients": 0.21319201588630676, "needles": 0.21007350087165833, "yeast infections": 0.20800068974494934, "your doctor": 0.2067742943763733, "infection": 0.20369884371757507}}