{"c_v": 0.43090152338791365, "c_npmi": -0.18400930688746608, "u_mass": -1.2528139915236056, "c_uci": -5.862245024608292}