{"0": {"muscular dystrophy": 0.3570382297039032, "muscle wasting": 0.3157002329826355, "physical therapy": 0.3113069534301758, "dystrophy": 0.30980533361434937, "symptoms": 0.30781251192092896, "neurologist": 0.29697126150131226, "muscle": 0.276526540517807, "muscles": 0.25862884521484375, "muscular": 0.25801414251327515, "diagnosis": 0.24811124801635742, "shoulders": 0.24276375770568848, "diagnosed": 0.2397020012140274, "pain": 0.2374873161315918, "exercise": 0.2263588309288025, "therapy": 0.22104251384735107, "disease": 0.21916593611240387, "scapular": 0.21215471625328064, "cure": 0.20854464173316956, "doctor": 0.2075486183166504, "shoulder": 0.2064186930656433, "doctors": 0.2060663253068924, "strength": 0.1991424262523651, "patients": 0.1915687918663025, "fshd": 0.18862980604171753, "your body": 0.17997205257415771, "your arms": 0.178354412317276, "arms": 0.17759567499160767, "treatments": 0.17222505807876587, "genetic": 0.16377508640289307, "weakness": 0.16144512593746185, "body weight": 0.15558721125125885, "medical": 0.15526126325130463, "scapular winging": 0.1542893648147583, "healthy": 0.15217918157577515, "treatment": 0.1474771797657013, "physical": 0.14489910006523132, "blood test": 0.14369727671146393, "body": 0.14119577407836914, "skinny": 0.140161395072937, "genetic testing": 0.13859276473522186, "hard": 0.13750150799751282, "genetic test": 0.1362876296043396, "clinical trials": 0.13142572343349457, "medicine": 0.12758764624595642, "clinical": 0.1244347020983696, "helps": 0.12217463552951813, "condition": 0.11936518549919128, "genes": 0.11867891252040863, "help": 0.1124076247215271, "could be": 0.11234317719936371}, "1": {"clinical trials": 0.28874847292900085, "clinical trial": 0.24688392877578735, "clinical": 0.20430219173431396, "trials": 0.19679395854473114, "doctors": 0.19331708550453186, "treatments": 0.19106143712997437, "medicine": 0.18964466452598572, "cure": 0.17946621775627136, "genetic testing": 0.17906329035758972, "blood test": 0.17671474814414978, "patients": 0.17355918884277344, "drug": 0.17141622304916382, "drugs": 0.17082634568214417, "results": 0.16996550559997559, "dux reduction": 0.16376706957817078, "genetic test": 0.1596769541501999, "dystrophy": 0.15912768244743347, "diagnosed": 0.15741610527038574, "therapy": 0.15199756622314453, "muscular dystrophy": 0.15089048445224762, "hope": 0.14642801880836487, "neurologist": 0.14597362279891968, "treatment": 0.14580781757831573, "effects": 0.14326301217079163, "diagnosis": 0.14013628661632538, "physical therapy": 0.1315656453371048, "medical": 0.13018673658370972, "research": 0.1294647455215454, "trial": 0.12897352874279022, "tested": 0.12887024879455566, "disease": 0.12726765871047974, "doctor": 0.1260712593793869, "genetic": 0.12418942153453827, "effect": 0.12321816384792328, "exercise": 0.12201561033725739, "works": 0.11754879355430603, "studies": 0.11314703524112701, "good luck": 0.1123371347784996, "symptoms": 0.11143502593040466, "testing": 0.10800282657146454, "approval": 0.10594011843204498, "dux and pax": 0.10364996641874313, "tried": 0.10095532983541489, "gene": 0.09961862862110138, "they are": 0.09882036596536636, "genes": 0.09571864455938339, "could be": 0.09203754365444183, "months": 0.09134504199028015, "good news": 0.09084506332874298, "possible": 0.08880583941936493}}