{"c_v": 0.31520942089429194, "c_npmi": -0.183897599945387, "u_mass": -1.4773005500906615, "c_uci": -6.4409142427940935}