{"c_v": 0.36505737091542, "c_npmi": -0.19958494375460745, "u_mass": -8.916149462891518, "c_uci": -6.530261491440245}