{"0": {"muscular dystrophy": 0.4922269582748413, "symptoms": 0.4739850163459778, "fshd": 0.4611779451370239, "diagnosed": 0.4474537968635559, "physical therapy": 0.4190654456615448, "patients": 0.38954871892929077, "muscle wasting": 0.3893848657608032, "muscular": 0.37684065103530884, "clinical": 0.36768394708633423, "clinical trial": 0.36411595344543457, "diagnosis": 0.35767507553100586, "clinical trials": 0.3514779806137085, "dystrophy": 0.3514520823955536, "disease": 0.3509456515312195, "muscles": 0.3421059250831604, "treatment": 0.34207695722579956, "shoulders": 0.3381476104259491, "medical": 0.3374335765838623, "treatments": 0.3352053761482239, "therapy": 0.3339720666408539, "exercise": 0.33203357458114624, "muscle": 0.32937076687812805, "pain": 0.324667751789093, "healthy": 0.3139024078845978, "medicine": 0.3041897416114807, "cure": 0.2947095036506653, "doctors": 0.28730347752571106, "shoulder": 0.2818230390548706, "neurologist": 0.27933430671691895, "doctor": 0.27362632751464844, "condition": 0.2732020318508148, "tested": 0.2649303674697876, "fsh": 0.2460903823375702, "blood test": 0.24193254113197327, "trials": 0.24078769981861115, "affected": 0.2368393838405609, "genetic testing": 0.23636317253112793, "genetic test": 0.23583190143108368, "your body": 0.23422399163246155, "testing": 0.22805389761924744, "has anyone": 0.22617435455322266, "strength": 0.22581396996974945, "having": 0.2237412929534912, "body weight": 0.22248226404190063, "advice": 0.2200721949338913, "issues": 0.21609953045845032, "drugs": 0.21526697278022766, "test": 0.21340616047382355, "effects": 0.2118423581123352, "taking": 0.20728303492069244}, "1": {"clinical trials": 0.6332768201828003, "clinical trial": 0.6319718360900879, "trials": 0.5687295794487, "clinical": 0.5482615232467651, "treatments": 0.5213441252708435, "treatment": 0.5125182867050171, "medicine": 0.4908860921859741, "patients": 0.47478365898132324, "therapy": 0.46245598793029785, "diagnosed": 0.46068158745765686, "cure": 0.45716795325279236, "drug": 0.4550531208515167, "medical": 0.43844717741012573, "results": 0.4244839549064636, "drugs": 0.419599324464798, "fshd": 0.41929733753204346, "tested": 0.41816237568855286, "diagnosis": 0.4018656611442566, "doctors": 0.39885950088500977, "doctor": 0.3904693126678467, "trial": 0.3843914270401001, "losmapimod": 0.38098639249801636, "effects": 0.3773736357688904, "md": 0.37342140078544617, "physical therapy": 0.3681408762931824, "testing": 0.36488837003707886, "disease": 0.3643648624420166, "fda": 0.35709911584854126, "dystrophy": 0.35594141483306885, "fulcrum": 0.34689846634864807, "medical center": 0.3414750099182129, "test": 0.3342883586883545, "studies": 0.3155915439128876, "research": 0.3114197850227356, "study": 0.30830734968185425, "blood test": 0.2995966672897339, "neurologist": 0.2981756329536438, "genetic testing": 0.29388368129730225, "fsh": 0.2891535758972168, "effect": 0.2836771309375763, "affected": 0.27651336789131165, "dux reduction": 0.27547353506088257, "charity": 0.27460238337516785, "muscular dystrophy": 0.27374449372291565, "genetic test": 0.273240864276886, "support": 0.2661861777305603, "taking": 0.2640477418899536, "helps": 0.2637319564819336, "symptoms": 0.26006320118904114, "condition": 0.2554917633533478}, "2": {"news": 0.7346599102020264, "good news": 0.6449267864227295, "join us": 0.5917825102806091, "here": 0.5899336934089661, "the": 0.5840425491333008, "look forward": 0.5809887647628784, "article": 0.5797667503356934, "on": 0.5737914443016052, "good luck": 0.5689516067504883, "now": 0.5663121938705444, "too": 0.5647885799407959, "fsh society": 0.5466768741607666, "far": 0.5463193655014038, "society": 0.5457040667533875, "to": 0.5455567836761475, "in": 0.5436364412307739, "told": 0.5428740978240967, "well": 0.541318953037262, "people": 0.5410224199295044, "anyone": 0.5400146245956421, "when": 0.5391505360603333, "interesting": 0.5373910069465637, "this": 0.5335968732833862, "know": 0.5314732789993286, "pm": 0.5288240909576416, "next": 0.5246592164039612, "important": 0.5231329798698425, "said": 0.5219641327857971, "everyone": 0.5218555331230164, "also": 0.5215327143669128, "fda": 0.519814670085907, "anyone else": 0.5196647644042969, "we": 0.5194661021232605, "th": 0.5189599990844727, "been": 0.5188895463943481, "so": 0.5165846943855286, "then": 0.516522228717804, "however": 0.5161424875259399, "me": 0.5158092379570007, "as well": 0.5151361227035522, "though": 0.5151149034500122, "by": 0.514379620552063, "for": 0.5121430158615112, "thought": 0.5119256377220154, "see": 0.5118556022644043, "at": 0.5085837841033936, "others": 0.5082659125328064, "was told": 0.507375955581665, "read": 0.5070263147354126, "some people": 0.5049876570701599}}