{"c_v": 0.2578465045708959, "c_npmi": -0.19326362275505823, "u_mass": -1.7926177740797336, "c_uci": -6.334316466541689}