{"c_v": 0.37112808164574257, "c_npmi": -0.2664369290368298, "u_mass": -4.186420062601484, "c_uci": -8.439025863738046}