{"0": {"scleroderma patients": 0.6601815223693848, "systemic scleroderma": 0.6103717088699341, "recently diagnosed": 0.5932211875915527, "diffuse scleroderma": 0.5889889597892761, "limited scleroderma": 0.5871806144714355, "scleroderma org": 0.582819938659668, "been diagnosed": 0.5820267200469971, "scleroderma": 0.5766127705574036, "systemic sclerosis": 0.5755692720413208, "sclerosis": 0.5733334422111511, "scleroderma specialist": 0.5663771033287048, "localized scleroderma": 0.5660927295684814, "forms of scleroderma": 0.5659180879592896, "sine scleroderma": 0.5594186782836914, "clinical symptoms": 0.5546680688858032, "diagnosed": 0.5545827150344849, "newly diagnosed": 0.5537211894989014, "other symptoms": 0.5536139011383057, "got diagnosed": 0.5516499280929565, "was diagnosed": 0.5511835813522339, "specializes in scleroderma": 0.5503343939781189, "scleroderma center": 0.5419787168502808, "symptom": 0.5406134128570557, "these symptoms": 0.5306576490402222, "diagnosed with limited": 0.5261850953102112, "symptoms": 0.523833692073822, "officially diagnosed": 0.5177803039550781, "linear scleroderma": 0.5115269422531128, "diagnosed with fibromyalgia": 0.4993489384651184, "worse prognosis": 0.4960644245147705, "misdiagnosed": 0.4915695786476135, "skin issues": 0.4882204532623291, "first symptom": 0.48635244369506836, "scl antibodies": 0.48368290066719055, "chronic illness": 0.48354464769363403, "diagnostic": 0.4791145324707031, "antibody syndrome": 0.4765169620513916, "scleroderma foundation": 0.47550636529922485, "tissue diseases": 0.47543367743492126, "only symptom": 0.47353696823120117, "dermatologist": 0.47224727272987366, "cutaneous systemic": 0.4713658094406128, "diagnosis": 0.4687665104866028, "see dermatologist": 0.4685754179954529, "tissue disorder": 0.46810322999954224, "rash": 0.46354371309280396, "inflammation": 0.4627758860588074, "proper diagnosis": 0.4593926966190338, "patients": 0.4584121108055115, "diagnoses": 0.4568127393722534}, "1": {"scleroderma patients": 0.9181538820266724, "scleroderma org": 0.9128962159156799, "specializes in scleroderma": 0.9051167368888855, "systemic scleroderma": 0.8885148763656616, "scleroderma": 0.8880901336669922, "scleroderma specialist": 0.8816670179367065, "diffuse scleroderma": 0.8515181541442871, "forms of scleroderma": 0.8514524698257446, "localized scleroderma": 0.8499013185501099, "limited scleroderma": 0.8481700420379639, "scleroderma center": 0.8410017490386963, "scleroderma foundation": 0.8374141454696655, "linear scleroderma": 0.8085174560546875, "sine scleroderma": 0.8075845241546631, "scleroderma education": 0.8046526908874512, "sclerosis": 0.7682651281356812, "systemic sclerosis": 0.7440930008888245, "scl antibodies": 0.6198348999023438, "scl antibody": 0.6107630133628845, "sclero": 0.545703649520874, "anti scl": 0.5017244815826416, "scl": 0.4779050052165985, "positive for scl": 0.47210848331451416, "centromere antibody": 0.46702122688293457, "scl positive": 0.45915213227272034, "scl ab": 0.45297443866729736, "centromere antibodies": 0.44919687509536743, "see dermatologist": 0.4285160005092621, "psoriasis": 0.4281235337257385, "pm scl": 0.4263700842857361, "positive scl": 0.4223094582557678, "dermatologist": 0.41062551736831665, "tissue diseases": 0.40896904468536377, "antibody syndrome": 0.40173161029815674, "tissue disease": 0.3985125422477722, "diseases": 0.3944001793861389, "clinical": 0.3919450640678406, "syndrome": 0.39069604873657227, "disease": 0.3887159824371338, "recently diagnosed": 0.3885296583175659, "cancer": 0.3861870765686035, "been diagnosed": 0.38235408067703247, "neuropathy": 0.379657506942749, "disease progression": 0.37863728404045105, "diagnosed": 0.3783756494522095, "see rheumatologist": 0.3776071071624756, "tissue disorder": 0.3702695369720459, "sjogrens": 0.36828190088272095, "treatments": 0.3667256832122803, "was diagnosed": 0.3666574954986572}, "2": {"reynauds": 0.6660237312316895, "nbsp": 0.6649913787841797, "en coup": 0.663840651512146, "veronica avluv": 0.657609224319458, "sclerodoma": 0.6566445827484131, "met": 0.6560258269309998, "reynaud": 0.6504753232002258, "sine": 0.6421806812286377, "die": 0.6412616968154907, "de sabre": 0.6391828060150146, "pre": 0.6370729207992554, "si": 0.6304014325141907, "veronica": 0.6279557943344116, "bigtitsatschool emma": 0.623579204082489, "jurassic": 0.6228449940681458, "coup de": 0.6215886473655701, "keto": 0.6198267936706543, "docs": 0.6180623769760132, "mogil mobcast": 0.6175400018692017, "sabre": 0.6172807216644287, "en": 0.6165220737457275, "till": 0.6154646277427673, "sed": 0.6087677478790283, "med": 0.608515202999115, "mogils mobcast": 0.6056285500526428, "er": 0.6006743907928467, "december": 0.5978384017944336, "re": 0.5966387987136841, "on": 0.5955087542533875, "de": 0.5940300226211548, "male": 0.5889359712600708, "story": 0.5888723731040955, "fyi": 0.5844568610191345, "el": 0.5838721990585327, "sle": 0.583832859992981, "los": 0.5823984742164612, "comment": 0.5806955695152283, "gi": 0.5803014636039734, "dealt": 0.5768309831619263, "mogils": 0.5756834745407104, "im": 0.5755681395530701, "pah": 0.5747964382171631, "her": 0.5741957426071167, "lt neg": 0.5740485191345215, "posted": 0.572659969329834, "gotten": 0.5707287788391113, "yo": 0.5704225301742554, "helped me": 0.57033371925354, "comments": 0.569954514503479, "hear about": 0.5691282749176025}}