{"0": {"recently diagnosed": 0.6473042368888855, "been diagnosed": 0.6447941064834595, "diagnosed with bmd": 0.6362645626068115, "got diagnosed": 0.6278150081634521, "diagnosed": 0.6272317171096802, "was diagnosed": 0.624902606010437, "diagnosed with fshd": 0.6051188707351685, "md patients": 0.6044857501983643, "diagnose": 0.5835371017456055, "diagnoses": 0.5810011625289917, "diagnosis": 0.570224404335022, "congenital myopathy": 0.5666786432266235, "symptom": 0.5325475931167603, "disorders": 0.5261268615722656, "genetic tests": 0.5221226215362549, "disease progression": 0.5121586322784424, "genetic testing": 0.5083388090133667, "clinical trial": 0.5079910159111023, "genetic test": 0.5078511238098145, "genetically tested": 0.5053600072860718, "syndrome": 0.5001991987228394, "symptoms": 0.49722573161125183, "myotonic dystrophy": 0.4943847060203552, "clinical": 0.4896130859851837, "dystrophy": 0.4871981143951416, "clinical trials": 0.4840517044067383, "muscular dystrophy": 0.4801461100578308, "biopsy": 0.4778425693511963, "disorder": 0.4772811532020569, "disease": 0.475569486618042, "muscle biopsy": 0.474916934967041, "diseases": 0.4725055694580078, "rare diseases": 0.4720284342765808, "neuromuscular diseases": 0.470419704914093, "chronic": 0.47025442123413086, "patients": 0.46723008155822754, "bethlem myopathy": 0.46077296137809753, "myopathy": 0.4603832960128784, "illness": 0.45770740509033203, "gene mutation": 0.454517662525177, "gene therapy": 0.4524632692337036, "minicore myopathy": 0.4466328024864197, "adult onset": 0.4414409399032593, "blood tests": 0.43178611993789673, "genetic counselor": 0.43135249614715576, "mutation": 0.4284982681274414, "medical": 0.42493754625320435, "congenital muscular": 0.42445749044418335, "neuromuscular conditions": 0.42439642548561096, "doctor said": 0.42421382665634155}, "1": {"muscular dystrophy": 0.7131111025810242, "muscular dystrophies": 0.6595948934555054, "muscle weakness": 0.6195415258407593, "muscle wasting": 0.5935838222503662, "myotonic muscular": 0.5826718211174011, "muscular": 0.5721255540847778, "duchenne muscular": 0.5707305669784546, "muscles": 0.5575393438339233, "exercises": 0.5562902092933655, "muscle strength": 0.5508413314819336, "muscle": 0.5442591905593872, "physical therapy": 0.5418862700462341, "form of muscular": 0.5408112406730652, "muscle function": 0.5367377996444702, "working out": 0.5336411595344543, "girdle muscular": 0.5271207094192505, "type of muscular": 0.5261976718902588, "stretching": 0.5067704319953918, "muscle biopsy": 0.5047685503959656, "exercise": 0.5042562484741211, "exercising": 0.5040560364723206, "fatigue": 0.5024141073226929, "myopathy": 0.49349847435951233, "workout": 0.49318164587020874, "limb": 0.4916510283946991, "minicore myopathy": 0.48838096857070923, "yoga": 0.48390406370162964, "muscle mass": 0.483811616897583, "stretch": 0.4765796959400177, "physical disability": 0.4654388129711151, "congenital muscular": 0.4631720781326294, "dystrophy": 0.4630439281463623, "becker muscular": 0.46187594532966614, "beckers muscular": 0.45441561937332153, "arms and legs": 0.45300400257110596, "myotonic dystrophy": 0.4512209892272949, "aching": 0.45041078329086304, "limb girdle": 0.44917747378349304, "pains": 0.43280646204948425, "spine": 0.4324433505535126, "cardio": 0.4292569160461426, "back pain": 0.42811092734336853, "neuromuscular conditions": 0.42469358444213867, "my legs": 0.42451193928718567, "physical therapist": 0.42314958572387695, "nerve pain": 0.42302870750427246, "chronic": 0.41904938220977783, "bethlem myopathy": 0.4123051166534424, "chest pains": 0.4118155837059021, "lifting weights": 0.40658342838287354}, "2": {"muscular dystrophy": 0.9066218137741089, "muscular dystrophies": 0.8858565092086792, "dystrophy": 0.7589712142944336, "myotonic dystrophy": 0.7095947265625, "dystrophies": 0.6954519748687744, "dystrophin": 0.6877365112304688, "dystrophin gene": 0.6689053773880005, "duchenne muscular": 0.6572652459144592, "dystrophin protein": 0.6522442102432251, "myotonic muscular": 0.6276856660842896, "muscle biopsy": 0.6258392930030823, "form of muscular": 0.6107540130615234, "congenital muscular": 0.5964646935462952, "muscular": 0.5918401479721069, "type of muscular": 0.583410382270813, "girdle muscular": 0.5755386352539062, "muscle function": 0.5712478160858154, "muscle weakness": 0.5644141435623169, "muscle": 0.5527681112289429, "muscle mass": 0.5358558893203735, "physical therapy": 0.5304591655731201, "muscle wasting": 0.5272362232208252, "minicore myopathy": 0.5266458988189697, "muscles": 0.5227456092834473, "muscle strength": 0.518377959728241, "myopathy": 0.5034067630767822, "becker muscular": 0.48750126361846924, "bethlem myopathy": 0.4861590266227722, "beckers muscular": 0.48603031039237976, "spine": 0.4778158664703369, "limb": 0.47615307569503784, "congenital myopathy": 0.4574780762195587, "neuromuscular diseases": 0.45318275690078735, "been diagnosed": 0.45138731598854065, "recently diagnosed": 0.4501968026161194, "physical therapist": 0.44993120431900024, "steroids": 0.4476521909236908, "limb girdle": 0.4456537961959839, "spinal fusion": 0.44423991441726685, "was diagnosed": 0.44278380274772644, "diagnosed": 0.4416927099227905, "spinal": 0.43408703804016113, "chronic": 0.4307473301887512, "syndrome": 0.4292958378791809, "neuromuscular conditions": 0.42900657653808594, "therapies": 0.4273487329483032, "yoga": 0.427328884601593, "bone": 0.4259982109069824, "diagnosed with bmd": 0.42552271485328674, "diagnosed with fshd": 0.4239080548286438}, "3": {"md patients": 0.47754669189453125, "diagnosed with bmd": 0.4343375563621521, "older brother": 0.4279271364212036, "son has": 0.42769554257392883, "my son": 0.41817039251327515, "willing to help": 0.4151228070259094, "patients": 0.414858877658844, "adult": 0.4132935404777527, "younger brother": 0.4112447500228882, "family member": 0.4088590741157532, "our son": 0.40712887048721313, "genetic counselor": 0.3976786732673645, "disability services": 0.39677178859710693, "dr": 0.39661556482315063, "children hospital": 0.39488813281059265, "patient": 0.394594669342041, "dystrophy": 0.39428946375846863, "congenital myopathy": 0.3926105201244354, "my brother": 0.3859814405441284, "been diagnosed": 0.38525253534317017, "sons": 0.3832785487174988, "parent": 0.38297173380851746, "family members": 0.38247305154800415, "been suffering": 0.3797508180141449, "brother has": 0.37939682602882385, "got diagnosed": 0.37871384620666504, "disorders": 0.3771725296974182, "use wheelchair": 0.3764333128929138, "parent project": 0.3756392002105713, "father": 0.3756289780139923, "diagnosed": 0.3751221299171448, "disability": 0.37511369585990906, "health care": 0.37506213784217834, "dystrophin gene": 0.37402528524398804, "loved ones": 0.3731217086315155, "families": 0.37276238203048706, "brother who": 0.371306836605072, "was diagnosed": 0.36938047409057617, "other families": 0.3677246570587158, "dmd": 0.36580967903137207, "mental disability": 0.36513054370880127, "son": 0.3633560836315155, "disorder": 0.36261406540870667, "brother": 0.3623177409172058, "muscular dystrophy": 0.3615427017211914, "dystrophin": 0.3610309362411499, "illness": 0.3597490191459656, "diagnosed with fshd": 0.35836389660835266, "therapy": 0.3561951518058777, "therapist": 0.3538053035736084}, "4": {"use wheelchair": 0.8027633428573608, "wheelchair": 0.7585833072662354, "wheelchair bound": 0.7191005349159241, "physical disability": 0.6672071218490601, "disability": 0.6641191244125366, "disability services": 0.6487491726875305, "disabilities": 0.6362688541412354, "disabled": 0.6074168682098389, "mobility aids": 0.5602954626083374, "mental disability": 0.5210734009742737, "mobility scooter": 0.5097098350524902, "mobility": 0.4875379204750061, "assistive": 0.47351059317588806, "able to walk": 0.45492660999298096, "seat": 0.4494646191596985, "walker": 0.43414270877838135, "chair": 0.4306938648223877, "can walk": 0.424050509929657, "physical therapy": 0.41264379024505615,