{"c_v": 0.3340551161040078, "c_npmi": -0.3043306799377115, "u_mass": -4.799335194870802, "c_uci": -9.253211841565347}