{"0": {"got diagnosed": 0.362504780292511, "dermatomyositis": 0.35432514548301697, "arthritis": 0.3216645419597626, "autoimmune diseases": 0.3214939534664154, "juvenile dermatomyositis": 0.3211368918418884, "was diagnosed": 0.3086513876914978, "misdiagnosed": 0.30240100622177124, "was misdiagnosed": 0.2971007525920868, "rheumatologist": 0.2966849207878113, "this disease": 0.29310721158981323, "diagnosis": 0.29069188237190247, "diagnosed": 0.28470170497894287, "see rheumatologist": 0.28351181745529175, "eczema": 0.2703602910041809, "dermatologist": 0.2639658749103546, "disease": 0.26263266801834106, "other symptoms": 0.26102083921432495, "medication": 0.2565353512763977, "joint pain": 0.25145408511161804, "diseases": 0.24323144555091858, "lung disease": 0.24320298433303833, "treatment": 0.239122211933136, "symptoms": 0.23152011632919312, "ill": 0.23125073313713074, "muscle pain": 0.23095938563346863, "cancer": 0.23093166947364807, "skin rashes": 0.22889235615730286, "medical": 0.22848311066627502, "treatments": 0.2282625436782837, "medicine": 0.2270846664905548, "skin biopsy": 0.22053775191307068, "symptom": 0.2063281387090683, "immune system": 0.2037712186574936, "inflammation": 0.19878380000591278, "swelling": 0.19868776202201843, "muscle biopsy": 0.19688446819782257, "steroids": 0.19332215189933777, "autoimmune": 0.1930045783519745, "mg day": 0.1883447766304016, "mg": 0.18462947010993958, "inflammatory": 0.18268948793411255, "myositis": 0.17929497361183167, "side effects": 0.1778980791568756, "auto immune": 0.17231079936027527, "anxiety": 0.17068681120872498, "feeling better": 0.17033562064170837, "lupus": 0.16700772941112518, "cortisone": 0.16525888442993164, "anti inflammatory": 0.16029758751392365, "myositis association": 0.16019204258918762}, "1": {"dermatomyositis": 0.3992077708244324, "juvenile dermatomyositis": 0.3903789520263672, "skin rashes": 0.37216031551361084, "eczema": 0.36404651403427124, "dermatologist": 0.320931613445282, "arthritis": 0.30983585119247437, "this disease": 0.3062460124492645, "got diagnosed": 0.3004610538482666, "other symptoms": 0.2986271381378174, "autoimmune diseases": 0.2982255816459656, "symptoms": 0.28819409012794495, "itchy": 0.2827206254005432, "see rheumatologist": 0.28013765811920166, "misdiagnosed": 0.274486780166626, "skin biopsy": 0.26865825057029724, "symptom": 0.26849839091300964, "rheumatologist": 0.2645071744918823, "was misdiagnosed": 0.2605186700820923, "swelling": 0.25916820764541626, "was diagnosed": 0.2508585751056671, "diagnosis": 0.24789655208587646, "inflammation": 0.24456223845481873, "joint pain": 0.2441951334476471, "muscle pain": 0.24104875326156616, "disease": 0.23865753412246704, "itching": 0.23634174466133118, "diseases": 0.23494727909564972, "swollen": 0.2316657155752182, "diagnosed": 0.22414520382881165, "inflammatory": 0.22247514128684998, "cancer": 0.20111387968063354, "lung disease": 0.2002752423286438, "lupus": 0.19843503832817078, "rash": 0.1973935067653656, "immune system": 0.1961607187986374, "ill": 0.19163286685943604, "blood clots": 0.1907566785812378, "lesions": 0.18908736109733582, "myositis": 0.1875782012939453, "muscle biopsy": 0.18703679740428925, "medical": 0.18030166625976562, "treatment": 0.17996174097061157, "itch": 0.1781100630760193, "treatments": 0.17759524285793304, "my hands": 0.17450234293937683, "anti inflammatory": 0.17028991878032684, "skin": 0.16843736171722412, "hair loss": 0.16784775257110596, "autoimmune": 0.16745898127555847, "rashes": 0.16723494231700897}}