{"c_v": 0.3318972147517696, "c_npmi": -0.22241502830777904, "u_mass": -1.470029491695477, "c_uci": -6.9124526401758715}