{"c_v": 0.3488966551636719, "c_npmi": -0.1821457626642581, "u_mass": -5.135831920003986, "c_uci": -5.856259462262126}