{"0": {"recognizing faces": 0.4161040782928467, "facial recognition": 0.39915531873703003, "face recognition": 0.38710591197013855, "remembering faces": 0.37894585728645325, "facial blindness": 0.3657909631729126, "facial features": 0.35694950819015503, "face blindness": 0.35428738594055176, "recall faces": 0.35108140110969543, "faceblind": 0.3509991765022278, "faceblindness": 0.35094189643859863, "prosopagnosiacs": 0.35042715072631836, "visualize faces": 0.3371386229991913, "faceblind org": 0.33678483963012695, "faceblind podcast": 0.3355078101158142, "prosopagnosia": 0.3354654908180237, "face blind": 0.33518946170806885, "prosopagnosics": 0.33518266677856445, "prosopagnosic": 0.3281705379486084, "acquired prosopagnosia": 0.3211257755756378, "peoples faces": 0.3208633363246918, "self diagnosis": 0.3177628517150879, "mild prosopagnosia": 0.31450992822647095, "related to prosopagnosia": 0.3096420168876648, "personality disorder": 0.30822694301605225, "recognising faces": 0.3048248291015625, "facial expressions": 0.30378901958465576, "neurological disorder": 0.30333322286605835, "non faceblind": 0.30268386006355286, "self diagnosed": 0.30112403631210327, "human faces": 0.29830825328826904, "facial structure": 0.2971736490726471, "undiagnosed": 0.29513540863990784, "facial expression": 0.29431167244911194, "bad with faces": 0.29115378856658936, "own face": 0.2906312942504883, "diagnosis": 0.28448134660720825, "facial": 0.2810415029525757, "diagnose": 0.28074926137924194, "face swap": 0.2789241671562195, "diagnosing": 0.27731478214263916, "facial hair": 0.2736300826072693, "faces": 0.2711283564567566, "been diagnosed": 0.2705868184566498, "drawing faces": 0.26864540576934814, "diagnosed": 0.26663491129875183, "neurological condition": 0.2653684914112091, "developmental prosopagnosia": 0.26462042331695557, "visual agnosia": 0.26353326439857483, "neurological": 0.26337891817092896, "formal diagnosis": 0.26151686906814575}, "1": {"socially awkward": 0.32657212018966675, "never met": 0.26348528265953064, "meet someone": 0.2610599398612976, "close friends": 0.26092666387557983, "acquaintance": 0.2599576711654663, "first met": 0.25188755989074707, "acquaintances": 0.2506837248802185, "social interactions": 0.24882930517196655, "met before": 0.24717184901237488, "social anxiety": 0.24577289819717407, "friend of mine": 0.23730550706386566, "meeting new": 0.23695631325244904, "familiar": 0.23124262690544128, "unfamiliar": 0.2302567958831787, "awkward": 0.23020729422569275, "best friend": 0.22423288226127625, "recognizing faces": 0.22273704409599304, "friendly to everyone": 0.22098684310913086, "bad at recognizing": 0.21761426329612732, "failed to recognize": 0.21598687767982483, "my coworkers": 0.2154863029718399, "my roommate": 0.21530646085739136, "face recognition": 0.2124846875667572, "family and friends": 0.21232706308364868, "friends and family": 0.210040882229805, "close family": 0.20666009187698364, "recognize myself": 0.20481935143470764, "facial recognition": 0.2044936716556549, "complete stranger": 0.20116780698299408, "saw her": 0.201126828789711, "recognise myself": 0.20042723417282104, "nice to meet": 0.19841688871383667, "bad with faces": 0.19368204474449158, "ignoring them": 0.1932811737060547, "classmates": 0.1932559609413147, "personality disorder": 0.19300150871276855, "colleague": 0.1917314976453781, "fail to recognize": 0.19171357154846191, "another person": 0.19113340973854065, "we met": 0.19017955660820007, "recognize them": 0.1900377720594406, "stranger": 0.19002670049667358, "trouble recognizing": 0.18929019570350647, "tell them": 0.18808206915855408, "recall faces": 0.18699055910110474, "socially": 0.1868097484111786, "friends": 0.1849917769432068, "recognized him": 0.18495939671993256, "introduce myself": 0.18479597568511963, "neighbor": 0.18443354964256287}, "2": {"facial blindness": 0.547205924987793, "face blind": 0.5443800687789917, "face blindness": 0.5430947542190552, "faceblind": 0.49489259719848633, "non faceblind": 0.4927820563316345, "faceblindness": 0.4556865692138672, "faceblind org": 0.432115763425827, "poor eyesight": 0.42389559745788574, "recognizing faces": 0.40725427865982056, "eye contact": 0.4045830965042114, "faceblind podcast": 0.39781367778778076, "visualize faces": 0.39652085304260254, "facial recognition": 0.3944138288497925, "eyesight": 0.38749679923057556, "blind": 0.3828554153442383, "face recognition": 0.3784784972667694, "eyes nose": 0.37687206268310547, "blindness": 0.37320083379745483, "eyes": 0.3607914447784424, "facial features": 0.35596928000450134, "mind eye": 0.34942322969436646, "remembering faces": 0.3402787446975708, "eye": 0.3361070156097412, "eye colour": 0.3338736891746521, "facial expressions": 0.33132532238960266, "peoples faces": 0.3291318416595459, "recall faces": 0.32836678624153137, "facial expression": 0.32684922218322754, "brown eyes": 0.3255428671836853, "their eyes": 0.32231613993644714, "recognising faces": 0.31839048862457275, "human faces": 0.31817135214805603, "eye color": 0.3156273365020752, "facial": 0.31276050209999084, "blue eyes": 0.30825209617614746, "bad with faces": 0.3077017664909363, "visual agnosia": 0.3059103786945343, "facial structure": 0.295784056186676, "vision": 0.28168901801109314, "faces": 0.2814064919948578, "own face": 0.28064143657684326, "face": 0.2796303331851959, "face swap": 0.27639639377593994, "drawing faces": 0.2610509693622589, "glasses": 0.2531292140483856, "eyebrow": 0.2473016232252121, "visual memory": 0.2432592511177063, "visual": 0.24126571416854858, "eyebrows": 0.2390197217464447, "disabilities": 0.23847036063671112}, "3": {"identical twins": 0.44402116537094116, "identical twin": 0.4364052414894104, "look identical": 0.42454808950424194, "resemblance": 0.4088624119758606, "same hairstyle": 0.3945043683052063, "same haircut": 0.3878270387649536, "twins apart": 0.38117143511772156, "look the same": 0.37646472454071045, "similarities": 0.3345828056335449, "look alike": 0.3254043459892273, "same actor": 0.32427528500556946, "recognizing faces": 0.31777966022491455, "identical": 0.31615832448005676, "facial hair": 0.3137148916721344, "wore the same": 0.3136518597602844, "two different": 0.31197991967201233, "similar looking": 0.30818623304367065, "same person": 0.30772843956947327, "twins": 0.30366402864456177, "twin": 0.2935976982116699, "distinguish between": 0.29174500703811646, "everyone looks": 0.28722426295280457, "facial features": 0.2871515154838562, "facial recognition": 0.2867025136947632, "same outfit": 0.28073030710220337, "dressed similarly": 0.27978503704071045, "face swap": 0.2794213891029358, "own face": 0.27793705463409424, "peoples faces": 0.27659088373184204, "characters apart": 0.27547407150268555, "face recognition": 0.2728050947189331, "very similar": 0.2713438868522644, "visualize faces": 0.27000266313552856, "differentiate between": 0.26915159821510315, "tell the difference": 0.2680671811103821, "differences between": 0.2680267095565796, "totally different": 0.2678922414779663, "their appearance": 0.2665160298347473, "looked like": 0.2662767171859741, "his beard": 0.2650022506713867, "different angles": 0.2639600336551666, "human faces": 0.2632514238357544, "distinguishing": 0.2629837691783905, "distinctive looking": 0.2610449194908142, "played by the same": 0.2608375549316406, "distinguishing features": 0.2605555057525635, "distinguish": 0.2580040693283081, "faceblind podcast": 0.25696080923080444, "both sides": 0.25670763850212097, "each other": 0.25615546107292175}, "4": {"recognizing actors": 0.3629263639450073, "actor actress": 0.32563042640686035, "watch movie": 0.31665635108947754, "watch movies": 0.3045680522918701, "same actor": 0.30439168214797974, "shows and movies": 0.3041822612285614, "watching movie": 0.3017183244228363, "actors": 0.30017992854118347, "movie": 0.2934727668762207, "action movies": 0.28623005747795105, "movies": 0.28365373611450195, "watching movies": 0.28243690729141235,