{"c_v": 0.3672982254299888, "c_npmi": -0.2599004864178608, "u_mass": -5.951564594183476, "c_uci": -8.15285667480571}