{"0": {"diagnosed with fibromyalgia": 0.4805018901824951, "fibromyalgia": 0.46755361557006836, "seeing rheumatologist": 0.4261394739151001, "rheumatologist": 0.42357778549194336, "diagnoses": 0.4080902338027954, "autoimmune disorder": 0.38108861446380615, "autoimmune disease": 0.37937816977500916, "diagnose": 0.3791886568069458, "got diagnosed": 0.37845247983932495, "raynauds": 0.3762235641479492, "joint pain": 0.37456071376800537, "celiac": 0.37281298637390137, "cutaneous systemic": 0.3705488443374634, "symptoms": 0.36789751052856445, "diagnosed": 0.3668851852416992, "rheumatoid arthritis": 0.3663577437400818, "see rheumatologist": 0.3660880923271179, "celiac disease": 0.36424118280410767, "discoloration": 0.3626270592212677, "autoimmune disorders": 0.36106035113334656, "been diagnosed": 0.35952872037887573, "referred to rheumatologist": 0.35784780979156494, "lyme disease": 0.35756534337997437, "psoriasis": 0.357460618019104, "newly diagnosed": 0.35695964097976685, "raynaud syndrome": 0.35424935817718506, "constant pain": 0.3532313406467438, "skin issues": 0.34988129138946533, "symptom": 0.34961453080177307, "misdiagnosed": 0.34885427355766296, "proper diagnosis": 0.34758666157722473, "blood work": 0.34639930725097656, "these symptoms": 0.34607523679733276, "autoimmune related": 0.34524112939834595, "autoimmune condition": 0.34457820653915405, "hypochondriac": 0.3417086601257324, "rheumatologist who": 0.3397044837474823, "rheumatoid": 0.3388042449951172, "swollen hands": 0.33812209963798523, "lyme": 0.33804571628570557, "calcification": 0.3360711932182312, "eczema": 0.33529290556907654, "bloodwork done": 0.3347805440425873, "clinical symptoms": 0.3344217538833618, "diagnosis": 0.33439353108406067, "autoimmune diseases": 0.3339519500732422, "see dermatologist": 0.3331015110015869, "tingling": 0.33206987380981445, "systemic sclerosis": 0.33156442642211914, "bloodwork": 0.33088549971580505}, "1": {"diagnosed with fibromyalgia": 0.5190085768699646, "autoimmune disorder": 0.505451500415802, "newly diagnosed": 0.49876075983047485, "autoimmune disorders": 0.47664111852645874, "autoimmune disease": 0.47593098878860474, "diagnosed": 0.46391919255256653, "systemic sclerosis": 0.45000094175338745, "been diagnosed": 0.4489654004573822, "rare disease": 0.44703418016433716, "diagnosed with limited": 0.4422444701194763, "recently diagnosed": 0.4400523602962494, "got diagnosed": 0.4357411861419678, "raynaud syndrome": 0.43164190649986267, "rheumatoid arthritis": 0.4178391098976135, "immune disorders": 0.4174935519695282, "autoimmune condition": 0.41278600692749023, "hypochondriac": 0.41042134165763855, "officially diagnosed": 0.40803056955337524, "autoimmune diseases": 0.40643125772476196, "misdiagnosed": 0.40612971782684326, "chronic illness": 0.40372592210769653, "specializes in scleroderma": 0.4006084203720093, "autoimmune related": 0.39747756719589233, "disease progression": 0.3970716595649719, "sclerosis": 0.396784245967865, "fibromyalgia": 0.3937992453575134, "celiac disease": 0.3932722806930542, "autoimmune conditions": 0.39160779118537903, "diagnoses": 0.38903284072875977, "referral to rheumatologist": 0.3873712420463562, "scleroderma specialist": 0.38635772466659546, "remission": 0.3836820125579834, "disorder": 0.38143450021743774, "proper diagnosis": 0.3789072036743164, "rheumatic diseases": 0.3705611228942871, "illness": 0.3679916560649872, "diagnose": 0.3666938245296478, "worse prognosis": 0.3648648262023926, "diffuse scleroderma": 0.3611765205860138, "cutaneous systemic": 0.3609384298324585, "lyme disease": 0.35525017976760864, "lupus": 0.34916752576828003, "seeing rheumatologist": 0.34894779324531555, "disorders": 0.3485947251319885, "referred to rheumatologist": 0.34767797589302063, "prognosis": 0.3438459038734436, "was diagnosed": 0.3411354720592499, "disease": 0.3395771384239197, "diffuse systemic": 0.3376711308956146, "syndrome": 0.33707091212272644}, "2": {"diagnosed with fibromyalgia": 0.41730284690856934, "fibromyalgia": 0.38516777753829956, "been diagnosed": 0.3759445250034332, "diagnosed": 0.362293004989624, "newly diagnosed": 0.34944963455200195, "got diagnosed": 0.33453744649887085, "diagnoses": 0.33367088437080383, "rheumatologist": 0.32915034890174866, "celiac disease": 0.3243829011917114, "gastro issues": 0.3201376795768738, "autoimmune disorder": 0.3190852999687195, "was diagnosed": 0.31877410411834717, "autoimmune disorders": 0.30874115228652954, "celiac": 0.3079753518104553, "diagnosed with limited": 0.30680209398269653, "autoimmune disease": 0.3048757314682007, "systemic sclerosis": 0.3032655119895935, "hypochondriac": 0.3015437126159668, "proper diagnosis": 0.2992640733718872, "support group": 0.2969473600387573, "chronic illness": 0.29286834597587585, "raynaud syndrome": 0.29275161027908325, "rheumatoid arthritis": 0.29243606328964233, "misdiagnosed": 0.29071396589279175, "digestive issues": 0.2904156446456909, "recently diagnosed": 0.2898547649383545, "symptoms": 0.28722935914993286, "rheumatologist who": 0.28684717416763306, "diagnosis": 0.2866707444190979, "constant pain": 0.28598618507385254, "rheumatoid": 0.2845337390899658, "seeing rheumatologist": 0.28320199251174927, "autoimmune condition": 0.28200072050094604, "health problems": 0.28048235177993774, "immune disorders": 0.28013497591018677, "diagnose": 0.27984029054641724, "cutaneous systemic": 0.27977198362350464, "clinical symptoms": 0.27954405546188354, "scleroderma patients": 0.27462732791900635, "referred to rheumatologist": 0.2742342948913574, "health anxiety": 0.2728206515312195, "chronic pain": 0.2719495892524719, "health issues": 0.2709871530532837, "disorder": 0.26953011751174927, "remission": 0.26576846837997437, "severe": 0.264819473028183, "autoimmune conditions": 0.26401224732398987, "tissue disease": 0.26330044865608215, "systemic scleroderma": 0.2632836103439331, "hospitalized": 0.2630429267883301}}