{"c_v": 0.36092222653511713, "c_npmi": -0.32388604407472915, "u_mass": -4.6721296692408485, "c_uci": -9.564514593087054}