{"0": {"elevated prolactin": 0.5135324001312256, "high prolactin": 0.47758936882019043, "elevate prolactin": 0.4720500707626343, "hypothyroid": 0.45934027433395386, "prolactin": 0.4555242657661438, "seeing an endocrinologist": 0.4543517827987671, "hashimotos": 0.4511515498161316, "spironolactone": 0.4496266841888428, "prolactin levels": 0.44884616136550903, "prolactin level": 0.44842055439949036, "monomeric prolactin": 0.4473994970321655, "subclinical hypothyroidism": 0.4442216157913208, "hypothyroidism": 0.42134779691696167, "endocrinologist": 0.4156288206577301, "prolactin secreting": 0.40936988592147827, "pituitary tumours": 0.40628331899642944, "estradiol": 0.4044063687324524, "raise prolactin": 0.4039340615272522, "diagnosed with pcos": 0.4032614529132843, "pituitary apoplexy": 0.40254175662994385, "dhea": 0.3976821303367615, "finasteride": 0.3965664505958557, "pituitary tumor": 0.39095214009284973, "synthroid": 0.39091476798057556, "thyroid issues": 0.38685667514801025, "reproductive endocrinologist": 0.38392531871795654, "amenorrhea": 0.3816964626312256, "vitex": 0.3816348910331726, "referred to an endocrinologist": 0.38108891248703003, "ssri": 0.3806036710739136, "hrt": 0.3801954388618469, "estrogen progesterone": 0.377690851688385, "thyroid problems": 0.3768293857574463, "pituitary adenomas": 0.3748275935649872, "hormone imbalance": 0.3735794126987457, "pituitary tumors": 0.37299907207489014, "progesterone": 0.3703274726867676, "increased libido": 0.3681713342666626, "bloodwork": 0.36697036027908325, "pcos": 0.3664909601211548, "secondary hypothyroidism": 0.3647017180919647, "low libido": 0.3566194176673889, "bloodwork done": 0.35600489377975464, "pituitary": 0.3558506965637207, "hormonal imbalance": 0.3549767732620239, "thyroxine": 0.3547474145889282, "blood work": 0.3527771234512329, "gynecomastia": 0.3527374863624573, "thyroid hormones": 0.35095369815826416, "cushings": 0.3502961993217468}, "1": {"finasteride": 0.5696877241134644, "hairloss": 0.5431119203567505, "hair loss": 0.5171453952789307, "cystic acne": 0.4862346947193146, "thinning hair": 0.4782100021839142, "hirsutism": 0.47248557209968567, "hypothyroid": 0.46445849537849426, "hair thinning": 0.46307456493377686, "spironolactone": 0.4604901075363159, "hypothyroidism": 0.4481627345085144, "thyroid issues": 0.43029162287712097, "subclinical hypothyroidism": 0.4283645749092102, "diagnosed with pcos": 0.42725080251693726, "pcos": 0.42624542117118835, "seeing an endocrinologist": 0.42594966292381287, "biotin": 0.41817277669906616, "hashimotos": 0.4177958071231842, "thyroid problems": 0.41770780086517334, "elevated prolactin": 0.41620033979415894, "endocrinologist": 0.4127877354621887, "androgen": 0.3974345922470093, "prolactin": 0.3946705460548401, "hormonal imbalance": 0.3943106234073639, "prolactin levels": 0.39041197299957275, "regrowth": 0.38995856046676636, "thyroid hormones": 0.3889957666397095, "high prolactin": 0.3877459168434143, "thin hair": 0.3860611915588379, "prolactin level": 0.3831658363342285, "hrt": 0.3829995393753052, "hormone imbalance": 0.3776319622993469, "secondary hypothyroidism": 0.3764071762561798, "hair growth": 0.3756347596645355, "levothyroxine and hydrocortisone": 0.3729361891746521, "dhea": 0.36998090147972107, "acne breakouts": 0.3684222102165222, "elevate prolactin": 0.3670346438884735, "monomeric prolactin": 0.3666475713253021, "prolactin secreting": 0.3661693036556244, "thyroid": 0.36373186111450195, "hormonal issues": 0.36204957962036133, "referred to an endocrinologist": 0.3605310320854187, "dermatologist": 0.3590039610862732, "synthroid": 0.3499909043312073, "acne": 0.34817832708358765, "amenorrhea": 0.3461695611476898, "estradiol": 0.34455180168151855, "cystic": 0.3437236547470093, "increased libido": 0.33917850255966187, "cushings": 0.33910366892814636}}