{"c_v": 0.3495288520121477, "c_npmi": -0.14103028487059008, "u_mass": -5.316227094340448, "c_uci": -4.969820760538064}