{"c_v": 0.35566359208313797, "c_npmi": -0.25658953641829185, "u_mass": -8.70841290675274, "c_uci": -7.763945568604544}