{"c_v": 0.4162171214612156, "c_npmi": -0.12614650761464774, "u_mass": -7.872152766016681, "c_uci": -5.2129378439210505}