{"0": {"alleviate symptoms": 0.6152325868606567, "debilitating headaches": 0.6095181107521057, "daily headaches": 0.6037068963050842, "slight headache": 0.5985731482505798, "symptom": 0.5969650745391846, "main symptom": 0.5942037105560303, "constant headache": 0.5906798839569092, "frequent headaches": 0.5904279947280884, "neurological symptoms": 0.5876585245132446, "nausea dizziness": 0.5871953964233398, "symptom wise": 0.5845569372177124, "continuous headache": 0.5831942558288574, "main symptoms": 0.5808520913124084, "common symptom": 0.5782471895217896, "headaches": 0.5768296718597412, "symptomatic": 0.5734705924987793, "sintoms": 0.5733045339584351, "massive headache": 0.5732067823410034, "extreme nausea": 0.5649814605712891, "headache": 0.5643631219863892, "head aches": 0.5631884932518005, "symptoms": 0.5608111619949341, "head ache": 0.5581168532371521, "dizzy and nauseous": 0.5556666851043701, "nausea": 0.5533499121665955, "feeling nauseous": 0.5521029233932495, "worst headache": 0.5519551038742065, "tension headache": 0.5508182048797607, "anti nausea": 0.5506083965301514, "tension headaches": 0.5504601001739502, "these symptoms": 0.5488535165786743, "having stroke": 0.5488117337226868, "episodes of vertigo": 0.5479642152786255, "debilitating migraines": 0.547370433807373, "visual symptoms": 0.5472383499145508, "occasional migraines": 0.5459287166595459, "nauseated": 0.5458939075469971, "dizziness": 0.5449777245521545, "migraine with aura": 0.5423004031181335, "hemiplegic migraines": 0.5420396327972412, "splitting headache": 0.5411503314971924, "migraines with aura": 0.5397365689277649, "vertigo dizziness": 0.5385013222694397, "recently diagnosed": 0.5371532440185547, "chronic migraine": 0.5362682938575745, "ocular migraines": 0.5361207723617554, "chronic migraines": 0.5360110402107239, "positional headaches": 0.5353986024856567, "migraine disorder": 0.5333767533302307, "spinal headache": 0.5326151847839355}, "1": {"stent surgery": 0.7221528887748718, "severe stenosis": 0.7202352285385132, "stent procedure": 0.7021856307983398, "bilateral stenosis": 0.6918668150901794, "venous stenting": 0.684014081954956, "stented": 0.6835068464279175, "stents": 0.6811777353286743, "stenting procedure": 0.678728461265564, "stenosis": 0.6780335903167725, "stent placement": 0.6543573141098022, "venous stenosis": 0.6493914127349854, "stent placed": 0.6487586498260498, "stents placed": 0.6448001861572266, "stenting": 0.6424543857574463, "sinus stenting": 0.6276028156280518, "stent": 0.6179405450820923, "sinus stenosis": 0.5898680686950684, "intrinsic stenosis": 0.5591498613357544, "candidate for stent": 0.5525068044662476, "candidate for stenting": 0.5442236661911011, "artery": 0.49695491790771484, "cerebral angiogram": 0.4743923544883728, "having stroke": 0.46841055154800415, "arteries": 0.4680008292198181, "fenestration surgery": 0.46086031198501587, "angiogram": 0.4570811986923218, "vascular": 0.44282352924346924, "cerebral venous": 0.4373842775821686, "ophthalmology appointment": 0.4369373619556427, "transverse venous": 0.43670323491096497, "vestibular therapy": 0.43344390392303467, "nerve palsy": 0.4327884912490845, "stenosis of the transverse": 0.4315587282180786, "surgeries": 0.4309598207473755, "positional headaches": 0.4307219386100769, "shunt surgery": 0.4283067286014557, "ct scans": 0.4269722104072571, "heart palpitations": 0.4258614480495453, "two surgeries": 0.4223933219909668, "ct scan": 0.4191017150878906, "palsy": 0.416667640209198, "inpatient": 0.40985214710235596, "intraocular pressure": 0.4072127938270569, "palpitations": 0.4058181345462799, "bilateral papilledema": 0.4037081003189087, "neurosurgery": 0.4034910798072815, "bariatric surgery": 0.4011957347393036, "blood vessel": 0.4010940194129944, "neurology appointment": 0.39955446124076843, "veins": 0.3967534899711609}, "2": {"covid infection": 0.6312968730926514, "covid vaccine": 0.6195216178894043, "gotten the vaccine": 0.5291935205459595, "getting vaccinated": 0.5272351503372192, "pfizer vaccine": 0.5182082653045654, "astrazeneca vaccine": 0.5086714625358582, "vaccination": 0.507863461971283, "vaccinated": 0.5068227648735046, "get vaccinated": 0.4981013238430023, "vaccine": 0.49564987421035767, "diagnosed with iih": 0.4839661717414856, "vaccines": 0.47721874713897705, "moderna vaccine": 0.468517005443573, "fully vaccinated": 0.45995157957077026, "recently diagnosed": 0.4533400535583496, "inflammation": 0.45148444175720215, "coronavirus": 0.44236794114112854, "being diagnosed": 0.44073447585105896, "diagnosed in august": 0.4392159581184387, "common symptom": 0.4365612268447876, "inflammatory": 0.43458202481269836, "newly diagnosed": 0.4341455101966858, "iih sufferers": 0.43126899003982544, "sintoms": 0.42947813868522644, "main symptom": 0.4270610809326172, "alleviate symptoms": 0.42555466294288635, "symptom": 0.42198461294174194, "fever": 0.4217532277107239, "got infected": 0.42075014114379883, "anti inflammatory": 0.4172058701515198, "immune response": 0.41676923632621765, "chronic illnesses": 0.4159417748451233, "infection": 0.41591528058052063, "main symptoms": 0.41535183787345886, "diagnosed": 0.4147142767906189, "symptomatic": 0.4133145809173584, "symptom wise": 0.4130639433860779, "chronic illness": 0.4121987521648407, "originally diagnosed": 0.41073811054229736, "acute": 0.4078148305416107, "autoimmune conditions": 0.4053320586681366, "other illnesses": 0.4036845564842224, "illnesses": 0.4036146402359009, "officially diagnosed": 0.40332233905792236, "autoimmune diseases": 0.4010840058326721, "altitude sickness": 0.3992213010787964, "ear infection": 0.3971045911312103, "prognosis": 0.3968985676765442, "morning sickness": 0.3955747187137604, "autoimmune disease": 0.3948279619216919}, "3": {"medical marijuana": 0.6321285963058472, "cannabis": 0.6138360500335693, "smoking weed": 0.5937423706054688, "marijuana": 0.5790778994560242, "smoke weed": 0.5374096632003784, "smoked": 0.5118443965911865, "narcolepsy": 0.5065357685089111, "nicotine": 0.5037128925323486, "anti seizure": 0.49283406138420105, "smoking": 0.489926278591156, "recreational drugs": 0.4869304895401001, "smoke": 0.44437864422798157, "smoker": 0.4443454444408417, "seizure": 0.44337815046310425, "symptom wise": 0.4427469074726105, "anti nausea": 0.44085460901260376, "feeling nauseous": 0.4389045238494873, "medicinal": 0.432467520236969, "alleviate symptoms": 0.4308812618255615, "dosing": 0.4305388629436493, "anti depressants": 0.427278608083725, "narcotic": 0.42593175172805786, "seizures": 0.4245029389858246, "extreme nausea": 0.424360990524292, "nauseous": 0.4218416213989258, "drugs": 0.41790682077407837, "withdrawal symptoms": 0.41638562083244324, "symptom": 0.4154389202594757, "common symptom": 0.414959579706192, "anti depressant": 0.414064884185791, "main symptom": 0.4139930009841919, "depressants": 0.40859296917915344, "antidepressant": 0.40817880630493164, "drug interactions": 0.4059869647026062, "nauseated": 0.40518277883529663, "nausea": 0.40174973011016846, "drug interaction": 0.40168941020965576, "antidepressants": 0.3968328833580017, "stopped taking": 0.3914905786514282, "drug": 0.3912251591682434, "narcotics": 0.3882185220718384, "health problems": 0.38591840863227844, "symptomatic": 0.38553449511528015, "nausea and vomiting": 0.3853663206100464, "mood changes": 0.3844083547592163, "side effects": 0.38162150979042053, "medicated": 0.38011014461517334, "mood swings": 0.3800092339515686, "weed": 0.3793875575065613, "nausea dizziness": 0.37933868169784546}}