{"c_v": 0.3373167210785314, "c_npmi": -0.2068294763201476, "u_mass": -2.8938062252551964, "c_uci": -6.700358318859854}