{"0": {"hodgkin lymphoma": 0.6047583818435669, "lymphoma": 0.5859209299087524, "hodgkins lymphoma": 0.5818761587142944, "diagnosed with hodgkin": 0.5663491487503052, "md lymphoma": 0.5658556222915649, "been diagnosed": 0.4929870367050171, "chemotherapy": 0.4800422191619873, "recently diagnosed": 0.48002731800079346, "was diagnosed": 0.47427380084991455, "diagnosed": 0.4642364978790283, "your oncologist": 0.4596177339553833, "got diagnosed": 0.457444965839386, "diagnosed with hl": 0.4573603868484497, "cancer": 0.4489305019378662, "tumor": 0.437205970287323, "cancer free": 0.4311840236186981, "start chemo": 0.43035030364990234, "diagnosed with stage": 0.4222228229045868, "my oncologist": 0.41160306334495544, "oncologist said": 0.4105364978313446, "cancers": 0.4043676257133484, "diagnosis": 0.40224191546440125, "medical advice": 0.3983922004699707, "cancer center": 0.3956336975097656, "biopsy results": 0.3956286311149597, "oncologist": 0.39509305357933044, "biopsy": 0.3891817331314087, "during chemo": 0.3848035931587219, "post chemo": 0.3770076632499695, "lymph nodes": 0.3597133159637451, "lymph node": 0.3594282865524292, "remission": 0.3588385581970215, "been in remission": 0.35791972279548645, "breast cancer": 0.35541588068008423, "stage hodgkin": 0.3525581955909729, "treatments": 0.3390008211135864, "patients": 0.3388664126396179, "chemo": 0.334284245967865, "lymph": 0.3271399736404419, "treatment": 0.32583093643188477, "swollen lymph": 0.31005042791366577, "curable": 0.30070018768310547, "clinical": 0.2969432473182678, "lump": 0.2957843244075775, "sorry to hear": 0.2932854890823364, "relapse": 0.29184460639953613, "patients who": 0.29070231318473816, "patient": 0.2843322157859802, "second opinion": 0.2826017439365387, "hodgkin": 0.28180670738220215}, "1": {"lymphoma": 0.641059398651123, "md lymphoma": 0.6325185298919678, "hodgkin lymphoma": 0.6046955585479736, "hodgkins lymphoma": 0.6005638837814331, "swollen lymph": 0.5551337003707886, "lymph nodes": 0.5200987458229065, "diagnosed with hodgkin": 0.5136047601699829, "lymph node": 0.4984472393989563, "diagnosis": 0.49807700514793396, "other symptoms": 0.4523690938949585, "been diagnosed": 0.43709439039230347, "was diagnosed": 0.4299907088279724, "diagnosed with hl": 0.4177926778793335, "recently diagnosed": 0.41739070415496826, "symptoms": 0.4163053333759308, "lymph": 0.4094017446041107, "diagnosed": 0.40923625230789185, "biopsy results": 0.40592384338378906, "lump": 0.4051775634288788, "see doctor": 0.4048839211463928, "biopsy": 0.397094190120697, "tumor": 0.39571404457092285, "got diagnosed": 0.3840062916278839, "medical advice": 0.3674520254135132, "swelling": 0.34670552611351013, "swollen": 0.33462536334991455, "symptom": 0.3030112385749817, "diagnosed with stage": 0.28557878732681274, "cancer": 0.28001105785369873, "breast cancer": 0.27986425161361694, "ct scan": 0.2767738699913025, "your oncologist": 0.26641911268234253, "nodular sclerosis": 0.2634204030036926, "your doctor": 0.2610567510128021, "cancers": 0.2529776394367218, "patients": 0.24833574891090393, "cancer free": 0.2476048618555069, "chemotherapy": 0.2448744773864746, "cancer center": 0.2432589828968048, "scan showed": 0.24226143956184387, "second opinion": 0.23071977496147156, "infection": 0.22669383883476257, "my oncologist": 0.2256842851638794, "md": 0.22509346902370453, "disease": 0.22245344519615173, "blood tests": 0.22127538919448853, "enlarged": 0.21718086302280426, "sorry to hear": 0.21674612164497375, "nausea": 0.21637776494026184, "worried": 0.2133163958787918}}