{"c_v": 0.3367910238574823, "c_npmi": -0.2319335299192172, "u_mass": -3.4966088005584126, "c_uci": -7.159232348328456}