{"0": {"prescribed modafinil": 0.5760583877563477, "switched to adderall": 0.5754197835922241, "prescribed adderall": 0.5453929901123047, "stimulant medications": 0.5227534174919128, "different medications": 0.5050061941146851, "ritalin": 0.4995594918727875, "tried ritalin": 0.4983532428741455, "extreme sleepiness": 0.4963756501674652, "adderall ir": 0.49490785598754883, "excessive sleepiness": 0.49388599395751953, "other medications": 0.488049179315567, "adderall": 0.4846404790878296, "adderall xr": 0.47046276926994324, "caffeine pill": 0.46804749965667725, "take melatonin": 0.46217024326324463, "excessively sleepy": 0.4564933180809021, "narcolepsy without cataplexy": 0.4548739790916443, "daytime sleepiness": 0.44905251264572144, "sleep deprived": 0.4443017840385437, "caffeine pills": 0.4435880482196808, "comfortable prescribing": 0.44161492586135864, "adderal": 0.4412922263145447, "antidepressants": 0.4400104880332947, "drowsiness": 0.4380331039428711, "sleepiness": 0.43549787998199463, "adhd meds": 0.4341285824775696, "cause drowsiness": 0.4301987290382385, "hypersomnia foundation": 0.42826712131500244, "originally prescribed": 0.428067147731781, "anti depressants": 0.4277055859565735, "anti depressant": 0.4228702783584595, "insufficient sleep": 0.4216007888317108, "another stimulant": 0.4212239980697632, "sleeping pill": 0.4204118847846985, "depressants": 0.4172308146953583, "idiopathic hypersomnia": 0.41493964195251465, "prescribed": 0.4144657850265503, "dexamphetamine": 0.41434577107429504, "bouts of insomnia": 0.4099314212799072, "antidepressant": 0.4088425934314728, "amphetamine salts": 0.4038730263710022, "modafinil": 0.40356147289276123, "prescription": 0.40190088748931885, "medications": 0.4013531506061554, "prescribing": 0.40014874935150146, "lower dose": 0.3986389636993408, "stopped taking": 0.39480626583099365, "amphetamine": 0.39386266469955444, "medication induced": 0.389282763004303, "take mg": 0.38924872875213623}, "1": {"extreme sleepiness": 0.5490734577178955, "excessive sleepiness": 0.5338072776794434, "sleep deprived": 0.5145403146743774, "sleep deprivation": 0.5027399659156799, "insufficient sleep": 0.4981665313243866, "trouble sleeping": 0.4926788806915283, "daytime sleepiness": 0.48530733585357666, "sleepiness": 0.481646329164505, "sleep disorder": 0.46918660402297974, "excessively sleepy": 0.46141111850738525, "chronic fatigue": 0.46036410331726074, "sleep disorders": 0.4599885642528534, "extreme fatigue": 0.4543381631374359, "restful sleep": 0.4403928518295288, "bouts of insomnia": 0.43569862842559814, "sleep schedule": 0.4284791350364685, "sleeping habits": 0.42658179998397827, "drowsiness": 0.42645731568336487, "sleep specialists": 0.4246065616607666, "stay awake": 0.4241565465927124, "difficulty waking": 0.42329972982406616, "sleep patterns": 0.41492414474487305, "sleep doc": 0.41428709030151367, "sleep paralysis": 0.4136910140514374, "staying awake": 0.41213905811309814, "fatigue syndrome": 0.41120362281799316, "sleep specialist": 0.40247946977615356, "sleep study": 0.4000051021575928, "ways to cope": 0.3964216113090515, "take melatonin": 0.3923127353191376, "sleepiness scale": 0.39219462871551514, "feel rested": 0.39123788475990295, "insomnia": 0.3893086314201355, "sleep studies": 0.3890336751937866, "idiopathic hypersomnia": 0.38768625259399414, "sleep attack": 0.3870096802711487, "feeling rested": 0.3864871859550476, "delayed sleep": 0.38531506061553955, "physical exhaustion": 0.38449978828430176, "sleep clinic": 0.3815988004207611, "hypersomnia foundation": 0.38016384840011597, "nighttime sleep": 0.37527525424957275, "struggling to stay": 0.3748653531074524, "epworth sleepiness": 0.37400904297828674, "severe depression": 0.37187397480010986, "unrefreshing naps": 0.37083709239959717, "physically exhausted": 0.3679656982421875, "sleep efficiency": 0.3678256571292877, "cause drowsiness": 0.36769264936447144, "add adhd": 0.36620599031448364}, "2": {"extreme sleepiness": 0.5688658952713013, "excessive sleepiness": 0.5618985891342163, "sleep studies": 0.5602089166641235, "sleep study": 0.5560091733932495, "sleep disorders": 0.5455931425094604, "insufficient sleep": 0.5448541641235352, "sleep disorder": 0.5322468280792236, "sleep specialists": 0.5248545408248901, "sleepiness": 0.5174239873886108, "daytime sleepiness": 0.5142835974693298, "sleep specialist": 0.5136227607727051, "sleep patterns": 0.5031286478042603, "idiopathic hypersomnia": 0.498340368270874, "sleep doc": 0.4973747134208679, "trouble sleeping": 0.4838094115257263, "sleep clinic": 0.4837132692337036, "hypersomnia foundation": 0.47899407148361206, "sleep apnea": 0.4785633087158203, "sleep paralysis": 0.4763484597206116, "sleep deprived": 0.4710794687271118, "delayed sleep": 0.4667564928531647, "secondary hypersomnia": 0.4660716652870178, "sleepiness scale": 0.46361541748046875, "hypersomnias": 0.45885634422302246, "sleep attack": 0.4587065279483795, "sleep schedule": 0.4568580090999603, "hypersomnia": 0.45361530780792236, "excessively sleepy": 0.44548240303993225, "definitive diagnosis": 0.443472683429718, "sleep deprivation": 0.4423760771751404, "sleeping habits": 0.4407453238964081, "epworth sleepiness": 0.4403895139694214, "restful sleep": 0.4359850585460663, "narcolepsy without cataplexy": 0.43399500846862793, "sleep latency": 0.4332084059715271, "bouts of insomnia": 0.4312075674533844, "type narcolepsy": 0.42845189571380615, "sleep attacks": 0.4261609613895416, "sleep phase": 0.4172927737236023, "sleep efficiency": 0.4166644215583801, "nighttime sleep": 0.41579264402389526, "proper diagnosis": 0.41520941257476807, "form of narcolepsy": 0.4132506549358368, "suspected narcolepsy": 0.41246819496154785, "both diagnoses": 0.4111256003379822, "was diagnosed": 0.4085737466812134, "sleep lab": 0.40781232714653015, "been diagnosed": 0.4073285162448883, "diagnosed with ih": 0.40727317333221436, "difficulty waking": 0.40521836280822754}, "3": {"extreme sleepiness": 0.6977756023406982, "excessive sleepiness": 0.6914854049682617, "sleep disorders": 0.656804084777832, "daytime sleepiness": 0.6504912376403809, "sleepiness": 0.6473218202590942, "sleep disorder": 0.6439602375030518, "sleep patterns": 0.628326416015625, "insufficient sleep": 0.6200637817382812, "sleeping habits": 0.5893262624740601, "trouble sleeping": 0.5848802328109741, "sleep paralysis": 0.5824531316757202, "sleep deprived": 0.5721993446350098, "bouts of insomnia": 0.5651935338973999, "sleep deprivation": 0.5624505281448364, "sleep attack": 0.5614808201789856, "sleep studies": 0.5583010911941528, "sleep attacks": 0.5473507046699524, "excessively sleepy": 0.539067804813385, "sleepiness scale": 0.5248223543167114, "nighttime sleep": 0.5232455134391785, "sleep study": 0.520948052406311, "sleep specialists": 0.5124276876449585, "idiopathic hypersomnia": 0.5067862272262573, "difficulty waking": 0.49946358799934387, "epworth sleepiness": 0.49553459882736206, "drowsiness": 0.49228301644325256, "delayed sleep": 0.49066805839538574, "hypersomnias": 0.48411744832992554, "sleep specialist": 0.4830433130264282, "hypnogogic hallucinations": 0.48242807388305664, "insomnia": 0.4779350161552429, "sleep schedule": 0.475563108921051, "sleep inertia": 0.4721544086933136, "hypnagogic hallucinations": 0.4701666235923767, "restful sleep": 0.46600818634033203, "sleep phase": 0.464432954788208, "sleep efficiency": 0.4619961380958557, "sleep apnea": 0.4619779586791992, "falling asleep": 0.4612622857093811, "take melatonin": 0.4586910903453827, "sleep doc": 0.4566216766834259, "sleep architecture": 0.45528000593185425, "hypersomnia": 0.45519453287124634, "sleep latency": 0.4499403238296509, "tiredness": 0.44807496666908264, "restless legs": 0.44718456268310547, "sleeping hours": 0.446912556886673, "secondary hypersomnia": 0.44664865732192993, "asleep during": 0.4459744989871979, "slept hours": 0.44552651047706604}, "4": {"ih patients": 0.5171891450881958, "diagnosed with ih": 0.5123405456542969,