{"c_v": 0.45033378036918587, "c_npmi": -0.3085295084424326, "u_mass": -13.803907885843982, "c_uci": -9.395476004070794}