{"c_v": 0.32823425941139517, "c_npmi": -0.166916565902851, "u_mass": -6.197582365678083, "c_uci": -5.501270286457476}