{"0": {"pancreatic cancer": 0.47274142503738403, "pancreatic cancers": 0.44815051555633545, "cancer": 0.4137279987335205, "fuck cancer": 0.4103885293006897, "shrunk the tumor": 0.4080551862716675, "ovarian cancer": 0.403953492641449, "tumor shrunk": 0.4038444459438324, "cancer survivors": 0.40188825130462646, "cancer patients": 0.3986477255821228, "colon cancer": 0.3963078558444977, "cancers": 0.38524317741394043, "breast cancer": 0.38401687145233154, "pancreatic adenocarcinoma": 0.3792421221733093, "tumour": 0.37685418128967285, "tumor": 0.3761264681816101, "cancro al": 0.3744508624076843, "tumors": 0.3706444501876831, "tumor burden": 0.37044739723205566, "cancer commons": 0.3691810071468353, "tumours": 0.3680095374584198, "shrink the tumor": 0.3636417090892792, "cancro del": 0.3635721206665039, "tumor itself": 0.36351534724235535, "cancro": 0.36137041449546814, "shrinks the tumor": 0.36084169149398804, "il cancro": 0.35371267795562744, "tumor grew": 0.35355380177497864, "diagnosed with pancreatic": 0.3532963991165161, "carcinoma": 0.3532249629497528, "cm tumor": 0.35197415947914124, "shrinking the tumor": 0.35164910554885864, "shrink tumors": 0.351057767868042, "shrink the tumour": 0.35041671991348267, "cancerous": 0.34618744254112244, "pseudopapillary tumor": 0.34475982189178467, "lung cancer": 0.34388381242752075, "prostate cancer": 0.3436695337295532, "remove the tumor": 0.3429880738258362, "tumor blocking": 0.34060731530189514, "pre cancerous": 0.34051692485809326, "tumors grow": 0.33986425399780273, "tumor program": 0.33558189868927, "tumor shrinkage": 0.3348785638809204, "gi cancers": 0.3345508575439453, "got diagnosed": 0.3343244194984436, "tumor marker": 0.33325204253196716, "lymphoma": 0.3322310149669647, "hodgkin lymphoma": 0.33045828342437744, "tumor growth": 0.3296186923980713, "tumor board": 0.32867157459259033}, "1": {"cancer survivors": 0.39920324087142944, "cancer patients": 0.3735337257385254, "cancro al": 0.3681502640247345, "cancro del": 0.3637681007385254, "il cancro": 0.3559252619743347, "cancer institute": 0.35479825735092163, "fuck cancer": 0.3541378080844879, "cancers": 0.3535590171813965, "breast cancer": 0.3500787019729614, "cancro": 0.3491029143333435, "cancer": 0.34777480363845825, "cancer centers": 0.34386155009269714, "cancer commons": 0.3288641571998596, "pancreatic cancers": 0.32836002111434937, "other cancers": 0.3260234594345093, "pancreatic cancer": 0.3238324820995331, "cancer center": 0.31405383348464966, "lung cancer": 0.31229254603385925, "gi cancers": 0.3113213777542114, "cancer cells": 0.3078227639198303, "non cancerous": 0.3035520613193512, "ampullary cancer": 0.30006176233291626, "cancerous": 0.29995131492614746, "colon cancer": 0.2879522442817688, "ovarian cancer": 0.2837933301925659, "pre cancerous": 0.275921493768692, "cancerous cells": 0.2723900377750397, "prostate cancer": 0.2676454782485962, "carcinoma": 0.25661733746528625, "diagnosed in november": 0.2422548234462738, "tumor board": 0.23956385254859924, "tumor burden": 0.23762643337249756, "melanoma": 0.22980636358261108, "tumor program": 0.22824116051197052, "tumors": 0.22805577516555786, "tumor growth": 0.22722497582435608, "cell carcinoma": 0.22676658630371094, "tumour": 0.22555872797966003, "tumours": 0.22365477681159973, "tumors grow": 0.2231176495552063, "shrink the tumor": 0.22267530858516693, "tumor markers": 0.22163499891757965, "shrink tumors": 0.21925175189971924, "shrinks the tumor": 0.2192206233739853, "shrunk the tumor": 0.2185060679912567, "tumor cells": 0.2156471610069275, "tumor": 0.21507026255130768, "shrinking the tumor": 0.214498832821846, "pancreatic adenocarcinoma": 0.21443459391593933, "terminal illness": 0.21422868967056274}}