{"c_v": 0.3782962535556075, "c_npmi": -0.1799614584488428, "u_mass": -1.1110177248188993, "c_uci": -6.200282104722497}