{"0": {"diagnosed with cvid": 0.5667017698287964, "compromised immune": 0.4622449278831482, "immune compromised": 0.4604857563972473, "covid antibodies": 0.4276438355445862, "been hospitalized": 0.41570842266082764, "immune deficiency": 0.41216665506362915, "was diagnosed": 0.4086194932460785, "ivig treatments": 0.4081531763076782, "recently diagnosed": 0.40133172273635864, "immune deficient": 0.4002707004547119, "primary immune": 0.3989902138710022, "diagnosis": 0.3828745484352112, "my immunologist": 0.37821143865585327, "immunoglobulin": 0.3748515248298645, "immunity": 0.36935776472091675, "immunoglobulins": 0.36402642726898193, "immune globulin": 0.36245420575141907, "sinus infection": 0.36136460304260254, "no antibodies": 0.3607770800590515, "diagnosed": 0.36053475737571716, "covid vaccine": 0.35783809423446655, "coronavirus": 0.35620731115341187, "sinus infections": 0.35362327098846436, "immune system": 0.3525506258010864, "immune response": 0.34419146180152893, "autoimmune": 0.3441469073295593, "cvid": 0.3432457447052002, "infections": 0.3402748703956604, "immunologist": 0.33609500527381897, "respiratory infections": 0.33447185158729553, "infection": 0.3341294229030609, "fever": 0.3297503590583801, "infectious disease": 0.32952290773391724, "sepsis": 0.32216978073120117, "hospitalized": 0.32034510374069214, "infusion therapy": 0.32010963559150696, "being diagnosed": 0.31963837146759033, "immunology": 0.3142225742340088, "antibody test": 0.30988287925720215, "pneumonia": 0.29886767268180847, "antibodies": 0.298748254776001, "illness": 0.29800960421562195, "immune": 0.2978304624557495, "infectious": 0.2969633936882019, "symptoms": 0.29137611389160156, "primary care": 0.28892964124679565, "immune systems": 0.2887037992477417, "antibody": 0.28495681285858154, "bronchitis": 0.284871369600296, "vaccinated": 0.28372588753700256}, "1": {"covid vaccine": 0.6142159700393677, "vaccines": 0.5758578777313232, "covid antibodies": 0.5701357126235962, "vaccine": 0.5591889023780823, "vaccine challenge": 0.5479114055633545, "pfizer vaccine": 0.5303225517272949, "vaccinated": 0.5168205499649048, "vaccination": 0.5000598430633545, "compromised immune": 0.4734463691711426, "immunity": 0.4649922847747803, "immune compromised": 0.4573996067047119, "antibody response": 0.4549928605556488, "no antibodies": 0.4500190019607544, "flu shot": 0.4451802372932434, "immunoglobulin": 0.444170206785202, "antibody test": 0.440507709980011, "diagnosed with cvid": 0.43772372603416443, "antibody": 0.4330688416957855, "immunoglobulins": 0.43169721961021423, "immunology": 0.4283428192138672, "immune deficient": 0.4272944927215576, "immune response": 0.4226159453392029, "primary immune": 0.4220781922340393, "antibodies": 0.42132994532585144, "my immunologist": 0.40712612867355347, "immune deficiency": 0.40110400319099426, "cell immunity": 0.3967503607273102, "immune globulin": 0.39315587282180786, "immunologist": 0.3914273977279663, "monoclonal antibodies": 0.37190067768096924, "autoimmune": 0.3681831955909729, "immune system": 0.36071670055389404, "immune": 0.3553624749183655, "coronavirus": 0.35378479957580566, "infectious disease": 0.3427860736846924, "fever": 0.32881826162338257, "covid": 0.32874006032943726, "infectious": 0.3223678469657898, "recently diagnosed": 0.3197706937789917, "immune systems": 0.31438353657722473, "ivig treatments": 0.3071451783180237, "was diagnosed": 0.30712980031967163, "flu": 0.30458661913871765, "been hospitalized": 0.30120742321014404, "sars cov": 0.2949407696723938, "cvid": 0.2913525104522705, "infection": 0.2898053824901581, "infections": 0.28233957290649414, "second opinion": 0.27368783950805664, "pneumonia": 0.27004939317703247}}