{"c_v": 0.39545914696888945, "c_npmi": -0.2321547821551304, "u_mass": -9.968775300269572, "c_uci": -7.369769667861998}