{"c_v": 0.26865761103421193, "c_npmi": -0.32048922206259584, "u_mass": -5.624700110677516, "c_uci": -9.771291156052982}