{"0": {"clotrimazole": 0.4802521765232086, "hydrocortisone cream": 0.47139179706573486, "cortisone ointment": 0.4622689485549927, "balanitis": 0.45375287532806396, "cortisone cream": 0.4526517987251282, "antifungal cream": 0.44739243388175964, "fungal cream": 0.4448249936103821, "mild phimosis": 0.44021010398864746, "thrush cream": 0.43760937452316284, "rash cream": 0.43243932723999023, "diflucan": 0.42845243215560913, "fordyce": 0.42308509349823, "balanitis xerotica": 0.4183032512664795, "itchiness": 0.41164451837539673, "cortisone": 0.4107294976711273, "lichen planus": 0.4102212190628052, "psoriasis": 0.40975236892700195, "phimosis": 0.40959176421165466, "severe itching": 0.40591147541999817, "fordyce spots": 0.40572401881217957, "hydrocortisone": 0.4048619568347931, "dermatitis": 0.40439438819885254, "eczema or psoriasis": 0.4038090109825134, "chronic dermatitis": 0.4020997881889343, "clitoral phimosis": 0.3999384641647339, "lichen sclerosis": 0.3970876932144165, "constant itch": 0.3963770866394043, "corticosteroid cream": 0.3962029218673706, "occasional itching": 0.39570480585098267, "betamethasone ointment": 0.3949185609817505, "rashes": 0.3941188454627991, "extreme itching": 0.3912145495414734, "vaginitis": 0.38770827651023865, "steroid cream": 0.3870972990989685, "fluconazole": 0.38583099842071533, "rash": 0.3833680748939514, "topical corticosteroid": 0.38279205560684204, "fungal infection": 0.3815683424472809, "nystatin": 0.38016799092292786, "lichen sclerosus": 0.38010716438293457, "dermatologist": 0.37925493717193604, "treated with antifungal": 0.37877145409584045, "vagisil": 0.378284752368927, "numbing cream": 0.3779860734939575, "steroid ointment": 0.37741929292678833, "perineal": 0.3760110139846802, "contact dermatitis": 0.37561023235321045, "ointment": 0.3751520812511444, "itchy anus": 0.3738328814506531, "creams ointments": 0.37258467078208923}, "1": {"hair removal": 0.6049922704696655, "waxing": 0.562519907951355, "shaving": 0.4935362935066223, "waxed": 0.48989155888557434, "shave": 0.48978203535079956, "laser hair": 0.4825075566768646, "laser treatment": 0.47838783264160156, "pubic hair": 0.47396761178970337, "wax": 0.46567201614379883, "sugaring": 0.44973886013031006, "hydrocortisone cream": 0.44657576084136963, "laser treatments": 0.4415310323238373, "shaved": 0.4256739020347595, "prickly": 0.42531388998031616, "cortisone cream": 0.41226306557655334, "electric razor": 0.40186309814453125, "cortisone ointment": 0.3983607590198517, "laser therapy": 0.3960328698158264, "alopecia": 0.3950045704841614, "hydrocortisone": 0.3908683657646179, "clotrimazole": 0.38471323251724243, "numbing cream": 0.38347911834716797, "laser surgery": 0.3827192783355713, "pubis": 0.3825887441635132, "fordyce": 0.3789058327674866, "laser": 0.37354594469070435, "rash cream": 0.3727566599845886, "corticosteroid cream": 0.37160563468933105, "irritants": 0.3684472441673279, "rashes": 0.3671191930770874, "dermatologist": 0.35913461446762085, "trimming": 0.35838955640792847, "itchiness": 0.3582209646701813, "fungal cream": 0.35373425483703613, "triamcinolone": 0.3531096577644348, "antifungal cream": 0.34777405858039856, "sensitive skin": 0.3474327325820923, "derm": 0.34578341245651245, "betamethasone ointment": 0.3454926013946533, "fordyce spots": 0.3432040214538574, "pubic": 0.3419414162635803, "pcos": 0.3413025736808777, "genital area": 0.3410416841506958, "thrush cream": 0.3407614231109619, "labia minora": 0.3403472602367401, "perineum": 0.33888718485832214, "vagisil": 0.33866772055625916, "vulvar biopsy": 0.33846166729927063, "betamethasone cream": 0.3338361084461212, "topical treatments": 0.3332817852497101}}