{"c_v": 0.3772564794748727, "c_npmi": -0.23061224081561474, "u_mass": -11.219556529612666, "c_uci": -7.232593578455737}