{"c_v": 0.3339987320641242, "c_npmi": -0.36013706690299513, "u_mass": -9.954335624794629, "c_uci": -10.302918889118496}