{"0": {"hemophilia treatment": 0.5056488513946533, "hemophilic arthropathy": 0.4877648949623108, "severe hemophilia": 0.47118473052978516, "severe hemophiliac": 0.4654236435890198, "blood transfusions": 0.4478241801261902, "mild hemophilia": 0.44740092754364014, "hemotologist": 0.44696515798568726, "mild hemophiliac": 0.4449605345726013, "hematology clinic": 0.4407506585121155, "blood transfusion": 0.44003933668136597, "your hematologist": 0.4391024112701416, "hematology": 0.43852996826171875, "non hemophiliac": 0.43817979097366333, "younger hemophiliacs": 0.43816685676574707, "federation of hemophilia": 0.4363127052783966, "older hemophiliacs": 0.43585658073425293, "hematologist": 0.4331871271133423, "hemophilia": 0.4282049536705017, "fellow hemophiliacs": 0.42792844772338867, "severe haemophilia": 0.4254382252693176, "hematologists": 0.42462271451950073, "hemoglobin": 0.42421042919158936, "hemophiliac": 0.4240942597389221, "bleeding disorders": 0.42354246973991394, "hemophiliacs": 0.4196762144565582, "hepatitis": 0.41707611083984375, "bleeding disorder": 0.41508954763412476, "hematology oncology": 0.41312313079833984, "blood clot": 0.4119223952293396, "another hemophiliac": 0.4065994322299957, "blood clotting": 0.4058651030063629, "blood clots": 0.40525275468826294, "hematoma": 0.40268024802207947, "local hemophilia": 0.40016481280326843, "pediatric hematologist": 0.39720606803894043, "blood tests": 0.39621502161026, "national hemophilia": 0.39467066526412964, "donate blood": 0.3935500979423523, "contaminated blood": 0.3932397961616516, "hemophilia center": 0.3916856050491333, "hemophilia association": 0.3897160291671753, "hemophilia federation": 0.3889656066894531, "other hemophiliacs": 0.3876765966415405, "hemophilic": 0.38713234663009644, "hemorrhage": 0.3842815160751343, "kidney bleed": 0.3840819001197815, "blood loss": 0.38376447558403015, "tainted blood": 0.38288363814353943, "haemophiliac": 0.382579505443573, "haematologist": 0.3816159963607788}, "1": {"first tattoo": 0.558156430721283, "tattoo artist": 0.5273412466049194, "tattoo": 0.5273157358169556, "tattoos": 0.5112605094909668, "blood drawn": 0.31510666012763977, "blood transfusions": 0.31297892332077026, "hematology clinic": 0.30717819929122925, "blood transfusion": 0.30416977405548096, "hemotologist": 0.296281635761261, "hematology": 0.2937330901622772, "hematologist": 0.29140669107437134, "hematologists": 0.28728803992271423, "elbow bleeds": 0.285938024520874, "hemophilic arthropathy": 0.2824035882949829, "blood clot": 0.2814173102378845, "hematology oncology": 0.2806840240955353, "your hematologist": 0.28003790974617004, "blood tests": 0.27955684065818787, "donate blood": 0.2765583395957947, "blood clots": 0.27647337317466736, "bleeding issues": 0.27505162358283997, "blood clotting": 0.274569571018219, "blood test": 0.2697909474372864, "tainted blood": 0.2687246799468994, "non hemophiliac": 0.26785337924957275, "pediatric hematologist": 0.2669743299484253, "hepatitis": 0.2644663453102112, "contaminated blood": 0.2616197466850281, "severe hemophilia": 0.2603640556335449, "hemorrhage": 0.25800150632858276, "severe hemophiliac": 0.2550625801086426, "blood vessels": 0.25457215309143066, "blood loss": 0.25319451093673706, "bleeding disorders": 0.2521914839744568, "haematologist": 0.24808764457702637, "hematoma": 0.24572864174842834, "hemophilia treatment": 0.24506808817386627, "hemower basur": 0.2443626970052719, "bleeding disorder": 0.244214728474617, "hemoglobin": 0.2432379424571991, "mild hemophilia": 0.2408602237701416, "younger hemophiliacs": 0.24068515002727509, "peed blood": 0.24033167958259583, "mild hemophiliac": 0.23718884587287903, "kidney bleed": 0.23692137002944946, "older hemophiliacs": 0.23446281254291534, "hemophilia": 0.23437204957008362, "blood thinners": 0.23401570320129395, "hemophiliacs": 0.23361852765083313, "fellow hemophiliacs": 0.23274552822113037}}