{"0": {"having dwarfism": 0.49470603466033936, "dwarfism": 0.4787125885486603, "dwarf": 0.45673567056655884, "pituitary dwarfism": 0.44818222522735596, "dwarfs": 0.44221222400665283, "type of dwarfism": 0.43652963638305664, "dwarf women": 0.4213787615299225, "midget": 0.41735589504241943, "form of dwarfism": 0.4143322706222534, "types of dwarfism": 0.4128541648387909, "midgets": 0.41093260049819946, "called midget": 0.4028834402561188, "forms of dwarfism": 0.3989555835723877, "term midget": 0.3946759104728699, "dwarfism awareness": 0.3882718086242676, "word midget": 0.37690597772598267, "short": 0.3142773509025574, "little person": 0.31022438406944275, "little people": 0.30623334646224976, "sized person": 0.3013764023780823, "average height": 0.2971690893173218, "short posture": 0.2948678135871887, "small": 0.2915138602256775, "height": 0.2893565595149994, "dwarves": 0.28660595417022705, "shorter": 0.2731572985649109, "grow up": 0.26962000131607056, "offend anyone": 0.2678239345550537, "avg height": 0.2656426727771759, "few inches": 0.26447007060050964, "ft tall": 0.2635447382926941, "short stature": 0.26051822304725647, "short legs": 0.26020023226737976, "taller": 0.25715795159339905, "fantasy dwarves": 0.2549951672554016, "am sorry": 0.2538564205169678, "funny": 0.25376904010772705, "height difference": 0.2525339126586914, "tall": 0.25087910890579224, "hey guys": 0.24825629591941833, "taller than": 0.24757224321365356, "hi everyone": 0.2474309504032135, "insult": 0.24702349305152893, "wee man": 0.24651779234409332, "average sized": 0.2463512420654297, "meet someone": 0.24487334489822388, "children with achondroplasia": 0.24398823082447052, "disabilities": 0.24340203404426575, "hello everyone": 0.2422858476638794, "folks": 0.24206092953681946}, "1": {"clothes": 0.36694151163101196, "dress shoes": 0.352614164352417, "clothing": 0.3341856002807617, "jeans": 0.3232710361480713, "pants": 0.3085023760795593, "shoes": 0.2939707934856415, "dress": 0.2935096025466919, "sizes": 0.27337679266929626, "fit": 0.2705022394657135, "fits": 0.24976278841495514, "fashion": 0.2424616515636444, "wear": 0.2374037653207779, "size": 0.23189297318458557, "waist": 0.22978657484054565, "short legs": 0.20674408972263336, "shirts": 0.1978018432855606, "shop": 0.19456496834754944, "hips": 0.19434022903442383, "sized": 0.1929495632648468, "feet": 0.18843108415603638, "wearing": 0.18516339361667633, "pituitary dwarfism": 0.17943072319030762, "normal size": 0.1791355162858963, "knees": 0.17536963522434235, "midgets": 0.1746906340122223, "same size": 0.17037105560302734, "short posture": 0.17017705738544464, "comfortable": 0.16933882236480713, "knee": 0.16726279258728027, "taller": 0.16487495601177216, "more comfortable": 0.16446585953235626, "my hips": 0.16418451070785522, "types of dwarfism": 0.15974368155002594, "dwarfs": 0.15911594033241272, "dwarf women": 0.15730300545692444, "dwarfism": 0.1547078639268875, "midget": 0.15384219586849213, "having dwarfism": 0.15287941694259644, "uk": 0.1514890342950821, "store": 0.15115727484226227, "legs": 0.14961811900138855, "genetics": 0.14935916662216187, "sized person": 0.1490253359079361, "wide": 0.14897170662879944, "inches": 0.14800161123275757, "type of dwarfism": 0.14704804122447968, "height difference": 0.146283358335495, "height": 0.1454615592956543, "few inches": 0.14478635787963867, "kids": 0.1445654034614563}}