{"c_v": 0.44931354070425494, "c_npmi": -0.04270877086142923, "u_mass": -2.6739098381432473, "c_uci": -3.320314238699382}