{"0": {"diagnosed with cvid": 0.4021070599555969, "recently diagnosed": 0.3532510995864868, "my immunologist": 0.34101197123527527, "infectious disease": 0.34025153517723083, "covid vaccine": 0.3242112994194031, "immunology": 0.32203832268714905, "immunoglobulin": 0.31891998648643494, "immunoglobulins": 0.3166458308696747, "coronavirus": 0.3164939880371094, "was diagnosed": 0.31217581033706665, "illness": 0.30829107761383057, "sinus infection": 0.30455511808395386, "diagnosis": 0.3035508692264557, "flu": 0.30278849601745605, "pneumonia": 0.3023166060447693, "immunologist": 0.30219602584838867, "being diagnosed": 0.2995240390300751, "disease": 0.29741132259368896, "immune globulin": 0.295768141746521, "diagnosed": 0.2934182584285736, "sinus infections": 0.2913127541542053, "pfizer vaccine": 0.28220295906066895, "getting sick": 0.28014519810676575, "flu shot": 0.277667373418808, "immune deficiency": 0.27348950505256653, "vaccinated": 0.2702428698539734, "ill": 0.26911842823028564, "vaccination": 0.26767611503601074, "infusion therapy": 0.2656332552433014, "vaccine": 0.263860821723938, "immune system": 0.26240113377571106, "sepsis": 0.26206833124160767, "vaccine challenge": 0.25935041904449463, "vaccines": 0.25608283281326294, "ivig treatments": 0.2510973811149597, "immune systems": 0.2501121163368225, "cancer": 0.24902880191802979, "bronchitis": 0.2471655309200287, "replacement therapy": 0.2460668981075287, "get sick": 0.24470138549804688, "very sick": 0.24336287379264832, "immune deficient": 0.24331048130989075, "medical": 0.23925498127937317, "fever": 0.23762419819831848, "immune response": 0.23750793933868408, "been hospitalized": 0.23384425044059753, "cell immunity": 0.23368054628372192, "primary immune": 0.23283231258392334, "compromised immune": 0.23130503296852112, "your doctor": 0.2251794934272766}, "1": {"covid vaccine": 0.5651916265487671, "pfizer vaccine": 0.5109789371490479, "vaccines": 0.49951109290122986, "vaccination": 0.4989309310913086, "vaccinated": 0.498712956905365, "vaccine": 0.4983838200569153, "vaccine challenge": 0.4626983106136322, "immunoglobulin": 0.4525327682495117, "immune globulin": 0.4514443874359131, "immunoglobulins": 0.449150025844574, "immunology": 0.4489695429801941, "my immunologist": 0.4309654235839844, "covid antibodies": 0.4195623993873596, "immunologist": 0.4189196228981018, "flu shot": 0.41742265224456787, "cell immunity": 0.41717228293418884, "immune response": 0.41010209918022156, "immune system": 0.3991256356239319, "immune systems": 0.3980675935745239, "compromised immune": 0.38682788610458374, "immunity": 0.3848821818828583, "immune compromised": 0.37888026237487793, "immune": 0.36834150552749634, "coronavirus": 0.3674670159816742, "antibiotics": 0.36488547921180725, "primary immune": 0.3596293330192566, "immune deficient": 0.3537854552268982, "monoclonal antibodies": 0.3480308949947357, "immune deficiency": 0.34667688608169556, "flu": 0.34457719326019287, "antibody test": 0.34154778718948364, "no antibodies": 0.3410479426383972, "antibodies": 0.3295047879219055, "sinus infection": 0.32507750391960144, "infectious disease": 0.3228093385696411, "sinus infections": 0.32002827525138855, "antibody response": 0.3108905851840973, "yeast infections": 0.2912229299545288, "infectious": 0.27989017963409424, "pneumonia": 0.27295053005218506, "antibody": 0.26353365182876587, "viral": 0.26320791244506836, "autoimmune": 0.26287734508514404, "bacteria": 0.26119881868362427, "virus": 0.26110678911209106, "bacterial": 0.2558155655860901, "respiratory infections": 0.25023138523101807, "infections": 0.24502408504486084, "infection": 0.24432781338691711, "fever": 0.24428606033325195}}