{"c_v": 0.4020898227513543, "c_npmi": -0.24247698728696468, "u_mass": -1.713023559225479, "c_uci": -7.394942389771924}