{"c_v": 0.3462851874968954, "c_npmi": -0.2939098030395335, "u_mass": -5.189440474147911, "c_uci": -8.6979754829601}