{"0": {"ear spasms": 0.6306037902832031, "loudness discomfort": 0.6076021194458008, "loudness hyperacusis": 0.6023719310760498, "wear earplugs": 0.5778909921646118, "hearing loss": 0.5756663084030151, "hearing disorders": 0.5653703212738037, "ear fullness": 0.5645148158073425, "hearing damage": 0.5574142932891846, "my eardrums": 0.5492841005325317, "noise therapy": 0.5418198704719543, "use earplugs": 0.5396591424942017, "ear infection": 0.5338350534439087, "tinnitus talk": 0.5326381921768188, "tinnitustalk": 0.5320414304733276, "fleeting tinnitus": 0.5272327065467834, "sound therapy": 0.5263606905937195, "eardrum": 0.5247231721878052, "wear earmuffs": 0.52291339635849, "eardrums": 0.5176202058792114, "wearing earplugs": 0.5134492516517639, "tinnitus spike": 0.5107764601707458, "ear infections": 0.5103516578674316, "foam earplugs": 0.5093223452568054, "reactive tinnitus": 0.5081874132156372, "earache": 0.5026902556419373, "earaches": 0.49741607904434204, "tinnitus": 0.49660199880599976, "muffled hearing": 0.49633514881134033, "ear drops": 0.4951058030128479, "tinnitus retraining": 0.4933639466762543, "earplugs and earmuffs": 0.4933045208454132, "acoustic neuroma": 0.492137610912323, "wear ear": 0.48908731341362, "auditory nerves": 0.48789361119270325, "hearing protection": 0.48686397075653076, "hyperacusis sufferers": 0.4866775870323181, "earplug": 0.4859352111816406, "earplugs": 0.4855867028236389, "using earplugs": 0.48548248410224915, "auditory nerve": 0.4842263460159302, "noise injury": 0.4832606017589569, "auditory hallucinations": 0.48302292823791504, "musician earplugs": 0.47843676805496216, "auditory rest": 0.4709942936897278, "sound desensitization": 0.46867290139198303, "healthy ears": 0.4685218036174774, "hearing aid": 0.4683275818824768, "tinnitustalk com": 0.4680149257183075, "diagnosed with hyperacusis": 0.46766889095306396, "noise injuries": 0.4667820632457733}, "1": {"working from home": 0.5348854064941406, "work from home": 0.5051641464233398, "remote jobs": 0.44548648595809937, "jobs": 0.4396444261074066, "careers": 0.4314810633659363, "office job": 0.39986032247543335, "stay at home": 0.38759201765060425, "remote work": 0.3597170114517212, "sound therapy": 0.35546743869781494, "workplace": 0.3376510739326477, "occupational": 0.3348007798194885, "sound deprivation": 0.330374538898468, "work": 0.3211224377155304, "staying at home": 0.31864994764328003, "disability": 0.31832414865493774, "audiologist tomorrow": 0.31221169233322144, "make money": 0.309040367603302, "currently working": 0.30702903866767883, "career": 0.3069019317626953, "disabilities": 0.3061297535896301, "see psychologist": 0.3058568239212036, "audiologist": 0.3050168752670288, "office": 0.2999805510044098, "living situation": 0.2997758388519287, "medical advice": 0.2970762848854065, "saw an audiologist": 0.29529350996017456, "working": 0.29343342781066895, "job": 0.29279863834381104, "hearing aid": 0.2878193259239197, "new job": 0.28629791736602783, "audiologists and ents": 0.2857134938240051, "diagnosed with hyperacusis": 0.2857087254524231, "audiologist appointment": 0.28208792209625244, "audiologists": 0.28194355964660645, "ent audiologist": 0.2813085615634918, "hyperacusis sufferers": 0.2809975743293762, "ents and audiologists": 0.27962255477905273, "audio at home": 0.2795049548149109, "medical professionals": 0.27916818857192993, "sensory issues": 0.278714120388031, "neurologist": 0.2749892473220825, "stay home": 0.2748570442199707, "music career": 0.27427607774734497, "specializes in hyperacusis": 0.27186593413352966, "hrs": 0.2707838714122772, "stuck at home": 0.26814743876457214, "noise therapy": 0.26607638597488403, "resume": 0.265363872051239, "chiropractor": 0.26531440019607544, "hearing disorders": 0.2639011740684509}}