{"c_v": 0.4091761073725133, "c_npmi": -0.3214130710159411, "u_mass": -11.798990702439966, "c_uci": -9.4664340822355}