{"0": {"crps patients": 0.6416195034980774, "crps sufferer": 0.6410000920295715, "crps sufferers": 0.6377874612808228, "disordered pain": 0.625685453414917, "pain relieving": 0.6234302520751953, "agonizing pain": 0.6173816919326782, "crpscks chronicpain": 0.6158894300460815, "chronic pain": 0.6138285398483276, "pain reliever": 0.6110183596611023, "aches and pains": 0.5966517925262451, "tolerable pain": 0.5906801819801331, "maintained pain": 0.5886663198471069, "pain relievers": 0.5886629819869995, "painful condition": 0.5883357524871826, "symptom management": 0.5861653089523315, "excruciating pain": 0.5812376737594604, "pain management": 0.5803207159042358, "pain": 0.5800427198410034, "neuropathic pain": 0.5771247148513794, "pain levels": 0.5721595883369446, "pain specialist": 0.5700570344924927, "dolorosa": 0.5682766437530518, "pains": 0.567699670791626, "pain syndrome": 0.56712806224823, "breakthrough pain": 0.5668910145759583, "using crutches": 0.565736711025238, "unrelenting pain": 0.5644196271896362, "pain syndromes": 0.5644176006317139, "discomfort": 0.5634554624557495, "symptom": 0.562025785446167, "cramp": 0.5602598190307617, "medical issues": 0.5554018020629883, "cramps": 0.5541096925735474, "pain psychologist": 0.5532152056694031, "main symptom": 0.5530483722686768, "very painful": 0.5527000427246094, "sores": 0.5523759126663208, "use crutches": 0.5505276918411255, "regional pain": 0.5503745079040527, "pain pump": 0.5465622544288635, "pain killers": 0.5464267730712891, "aggravation of pain": 0.545785129070282, "pediatric pain": 0.5452343225479126, "aching": 0.5437785387039185, "extremely painful": 0.5417828559875488, "ache": 0.5397140979766846, "body aches": 0.5382420420646667, "painful": 0.538184642791748, "showing symptoms": 0.5375304222106934, "pain killer": 0.5363291501998901}, "1": {"service dog": 0.7255429029464722, "dog": 0.6635798215866089, "pup": 0.6562747955322266, "dogs": 0.6429739594459534, "service animals": 0.6289325952529907, "puppy": 0.6254911422729492, "support animal": 0.6230064630508423, "pets": 0.5961519479751587, "pet": 0.49343758821487427, "animal": 0.4620368480682373, "animals": 0.4393925666809082, "calf": 0.3824094533920288, "crps sufferer": 0.3558902144432068, "drg spinal": 0.3506019711494446, "palsy": 0.34863418340682983, "crps sufferers": 0.3350616693496704, "crpscks chronicpain": 0.33290883898735046, "medical ptsd": 0.32658183574676514, "dr katinka": 0.3228519558906555, "care team": 0.3190271854400635, "foot massager": 0.3186260163784027, "lymphatic massage": 0.31680864095687866, "drs": 0.31659963726997375, "orthopedics": 0.31648480892181396, "dr pradeep": 0.3132641911506653, "drg": 0.3123907446861267, "orthopedic": 0.3115902841091156, "hamstrings": 0.31131884455680847, "called rsd": 0.31042444705963135, "hurting": 0.3084440231323242, "ulnar nerve": 0.30723339319229126, "regional pain": 0.30557796359062195, "puke": 0.3054203987121582, "crps patients": 0.3052520453929901, "cleveland medical": 0.3044084906578064, "orthopedic doctor": 0.30327412486076355, "medical issues": 0.30228525400161743, "muscle and joint": 0.29947981238365173, "sympathetic lumbar": 0.29777878522872925, "scrambler therapy": 0.2960888743400574, "dr": 0.29407644271850586, "physical therapy": 0.29366859793663025, "being treated": 0.2935859262943268, "dr hanna": 0.2926585078239441, "sympathetic nerves": 0.2924685478210449, "safety the parasympathetic": 0.2912388741970062, "orthopedist": 0.29098352789878845, "sympathetic dysfunction": 0.2909424901008606, "sympathetic system": 0.2906448245048523, "aches and pains": 0.2900899648666382}}