{"c_v": 0.3508554359785889, "c_npmi": -0.34610520047479754, "u_mass": -9.312730962476735, "c_uci": -10.45778513430076}