{"0": {"fibro": 0.5206118822097778, "fibromyalgia": 0.5014108419418335, "baclofen gabapentin": 0.49785828590393066, "neurontin": 0.4876416325569153, "lyrica gabapentin": 0.4863041639328003, "ketoprofen gabapentin": 0.4783523678779602, "gabapentin": 0.46702879667282104, "crps sufferer": 0.4668828845024109, "chronic pain": 0.4648730158805847, "gabapentin lyrica": 0.4611855745315552, "lyrica celebrex": 0.4610569477081299, "amitriptyline": 0.44786691665649414, "lyrica cymbalta": 0.4468737840652466, "bursitis": 0.4466995596885681, "pain syndromes": 0.4387911260128021, "ankylosing spondylitis": 0.43762537837028503, "lyrica": 0.4367620348930359, "trigeminal neuralgia": 0.4342195987701416, "gabapentin cymbalta": 0.4331245422363281, "tramadol": 0.42913076281547546, "pinched nerve": 0.4188086688518524, "taking gabapentin": 0.4172731935977936, "gabapentin and cymbalta": 0.41682472825050354, "neuralgia": 0.4166433811187744, "disordered pain": 0.414681077003479, "rheumatologist": 0.41427770256996155, "herniated": 0.4108467102050781, "tried diclofenac": 0.4106733798980713, "pain specialist": 0.4095069468021393, "baclofen": 0.4083497226238251, "excruciating pain": 0.4082074761390686, "agonizing pain": 0.40646690130233765, "aggravation of pain": 0.4051310122013092, "pain syndrome": 0.40512895584106445, "crps sufferers": 0.4050992727279663, "called lyrica": 0.4050339460372925, "celebrex tizanidine": 0.40448087453842163, "pain relieving": 0.4042852222919464, "flexeril": 0.4017810523509979, "lyrica survivors": 0.39957231283187866, "tolerable pain": 0.39864662289619446, "sciatic nerve": 0.3976480960845947, "neuropathic pain": 0.3971613645553589, "analgesic": 0.3967868685722351, "ganglion stimulator": 0.39669638872146606, "physio": 0.3932287096977234, "celebrex": 0.39142709970474243, "physiotherapy": 0.387513667345047, "peripheral neuropathy": 0.38726669549942017, "neuropathy": 0.3871818482875824}, "1": {"covid vaccine": 0.5254936814308167, "flu shot": 0.5233995914459229, "vaccine": 0.5019460916519165, "cortisone injections": 0.4963095486164093, "vaccination": 0.47894585132598877, "pfizer vaccine": 0.47619783878326416, "cortisone shot": 0.45399209856987, "vaccinated": 0.4501609802246094, "spinal injections": 0.43408524990081787, "vaccines": 0.42432284355163574, "injections": 0.40583473443984985, "bursitis": 0.394288569688797, "baclofen gabapentin": 0.3925784230232239, "point injections": 0.3868957757949829, "trigeminal neuralgia": 0.3828677535057068, "cortisone": 0.38106322288513184, "lyrica celebrex": 0.3803543150424957, "neurontin": 0.3796916604042053, "fibro": 0.37810444831848145, "lyrica gabapentin": 0.3772275447845459, "gabapentin": 0.3720201849937439, "neuralgia": 0.37179577350616455, "gabapentin lyrica": 0.36598920822143555, "ketoprofen gabapentin": 0.36213597655296326, "fibromyalgia": 0.3616609573364258, "diclofenac": 0.35992342233657837, "amitriptyline": 0.3592070937156677, "lyrica": 0.3548184037208557, "topical nsaid": 0.35374289751052856, "shingles": 0.35335931181907654, "flexeril": 0.3523774743080139, "called lyrica": 0.3513343334197998, "baclofen": 0.3498532176017761, "crps sufferer": 0.34814903140068054, "lyrica cymbalta": 0.3479295074939728, "block injections": 0.3399196267127991, "lidocaine infusions": 0.334501713514328, "gabapentin cymbalta": 0.3343515992164612, "lyrica survivors": 0.3333420753479004, "nsaid": 0.3332698941230774, "nsaids": 0.3312150239944458, "needles feeling": 0.33099648356437683, "pinched nerve": 0.3301408886909485, "taking gabapentin": 0.3298198878765106, "gabapentin and cymbalta": 0.32779133319854736, "lidocaine infusion": 0.32703202962875366, "tried diclofenac": 0.3239452838897705, "analgesic": 0.32306206226348877, "tramadol": 0.3217736482620239, "rheumatologist": 0.3216918706893921}}