{"0": {"sleep disorders": 0.5226669311523438, "sleep disorder": 0.513907790184021, "idiopathic hypersomnia": 0.49719151854515076, "sleep paralysis": 0.48261719942092896, "sleep doc": 0.46813637018203735, "sleep clinic": 0.4662272036075592, "sleep studies": 0.4544326663017273, "hypersomnia": 0.446403831243515, "sleep deprivation": 0.4459299147129059, "hypersomnias": 0.4387452006340027, "secondary hypersomnia": 0.4365841746330261, "sleep latency": 0.4358066916465759, "sleep study": 0.4316158592700958, "delayed sleep": 0.42998644709587097, "insufficient sleep": 0.42768532037734985, "sleep deprived": 0.4274666905403137, "bouts of insomnia": 0.42416417598724365, "excessive sleepiness": 0.4217820167541504, "sleep apnea": 0.42025721073150635, "fatigue syndrome": 0.4129965305328369, "sleep lab": 0.4099581241607666, "sleeping pill": 0.40936043858528137, "restful sleep": 0.4050500988960266, "sleep drunkeness": 0.401572048664093, "slept hours": 0.40065714716911316, "suspected narcolepsy": 0.39617404341697693, "got diagnosed": 0.3952175974845886, "sleep inertia": 0.3934910297393799, "sleep intertia": 0.39283090829849243, "trouble sleeping": 0.39203202724456787, "sleep apnoea": 0.3905651569366455, "extreme sleepiness": 0.39032384753227234, "sleep phase": 0.3891213536262512, "sleep specialist": 0.38794630765914917, "insomnia": 0.38771528005599976, "cause drowsiness": 0.3843786418437958, "chronic fatigue": 0.3840743899345398, "take melatonin": 0.3829748034477234, "sleep schedule": 0.38282155990600586, "sleeping hours": 0.3812777101993561, "sleep attacks": 0.378828227519989, "fall asleep": 0.3749133348464966, "diagnosed with idiopathic": 0.37486332654953003, "falling asleep": 0.3744085431098938, "sleep specialists": 0.37374347448349, "sleep drunkenness": 0.37312960624694824, "sleep patterns": 0.3708394765853882, "excessively sleepy": 0.3707317113876343, "sleep efficiency": 0.36935997009277344, "nighttime sleep": 0.36704182624816895}, "1": {"stimulant medications": 0.48626643419265747, "take mg": 0.47506874799728394, "methamphetamine": 0.4721788465976715, "mg tablets": 0.45730060338974, "medication induced": 0.45487695932388306, "take melatonin": 0.4512166678905487, "sleeping pill": 0.44773125648498535, "amphetamines": 0.4365198612213135, "amphetamine": 0.42879098653793335, "medicated": 0.4261085093021393, "compounding pharmacy": 0.4259931445121765, "different medications": 0.4250537157058716, "pharmaceuticals": 0.4214709401130676, "medications": 0.4192577004432678, "medication": 0.41773587465286255, "medicate": 0.4146105647087097, "caffeine pill": 0.41417360305786133, "caffeine pills": 0.4129531681537628, "dexamphetamine": 0.41232818365097046, "dopamine": 0.41120362281799316, "these medications": 0.40983694791793823, "xr mg": 0.4053230881690979, "pharmacy": 0.4023798108100891, "other medications": 0.401603639125824, "pharmacist": 0.40157073736190796, "jazz pharma": 0.40153658390045166, "prescription": 0.3984619379043579, "pharma": 0.3980483114719391, "prescribed adderall": 0.3976168632507324, "prescribe xyrem": 0.39584434032440186, "antidepressants": 0.3936953842639923, "medicaid": 0.39194411039352417, "jazz pharmaceuticals": 0.39189839363098145, "your pharmacist": 0.385326087474823, "antidepressant": 0.38447147607803345, "prescriptions": 0.38381558656692505, "new drug": 0.38354891538619995, "mg at noon": 0.38004282116889954, "medicines": 0.3782798647880554, "norepinephrine": 0.37606939673423767, "these drugs": 0.37454909086227417, "being medicated": 0.37413638830184937, "mg daily": 0.3712525963783264, "miracle drug": 0.37083888053894043, "prescribed modafinil": 0.3697356581687927, "idiopathic hypersomnia": 0.3693574368953705, "medicine": 0.36909252405166626, "anti depressants": 0.3668070435523987, "serotonin": 0.3659510016441345, "placebo effect": 0.362700879573822}, "2": {"sleep deprivation": 0.5318817496299744, "sleep disorders": 0.5299606919288635, "sleep disorder": 0.5285992622375488, "sleeping hours": 0.5209993124008179, "excessive sleepiness": 0.5161241888999939, "daytime sleepiness": 0.5120023488998413, "bouts of insomnia": 0.510768473148346, "insufficient sleep": 0.5086822509765625, "slept hours": 0.5077441930770874, "sleep deprived": 0.5046945214271545, "sleep drunkeness": 0.5018328428268433, "sleep latency": 0.5014912486076355, "restful sleep": 0.49941718578338623, "nighttime sleep": 0.4974702298641205, "sleep paralysis": 0.4907047748565674, "sleeping habits": 0.49021655321121216, "sleep schedule": 0.4887887239456177, "sleep inertia": 0.48832425475120544, "insomnia": 0.48327451944351196, "delayed sleep": 0.48075416684150696, "bedtime routine": 0.47852832078933716, "sleep apnoea": 0.47835773229599, "oversleep": 0.4775390923023224, "urge to sleep": 0.4758836627006531, "daytime naps": 0.4733874797821045, "trouble sleeping": 0.473311185836792, "hour nap": 0.47225049138069153, "sleep diary": 0.47151774168014526, "sleep drunkenness": 0.4713621139526367, "fall asleep": 0.46587347984313965, "sleep phase": 0.4649754762649536, "sleeping pill": 0.4643222391605377, "sleep apnea": 0.46412020921707153, "falling asleep": 0.4632638096809387, "hypersomnia": 0.46324774622917175, "extreme sleepiness": 0.4618852138519287, "excessively sleepy": 0.4538367986679077, "sleep intertia": 0.45365166664123535, "idiopathic hypersomnia": 0.45304614305496216, "sleep efficiency": 0.45062708854675293, "drowsiness": 0.4496811032295227, "hypersomnias": 0.44929495453834534, "sleep drunk": 0.44739770889282227, "sleep study": 0.4445720911026001, "sleep attacks": 0.4418792724609375, "sleeping through": 0.4414670467376709, "sleeping": 0.4367958605289459, "sleep studies": 0.4357345402240753, "fallen asleep": 0.43227872252464294, "sleep doc": 0.4318395256996155}, "3": {"forum": 0.2566121816635132, "diagnosed with ih": 0.24525727331638336, "idiopathic hypersomnia": 0.24497166275978088, "thanks for sharing": 0.24291598796844482, "support groups": 0.24135109782218933, "new to reddit": 0.24132786691188812, "community": 0.2392677664756775, "posting here": 0.23825256526470184, "sleep disorders": 0.23777711391448975, "support group": 0.23547685146331787, "posted here": 0.23359531164169312, "this subreddit": 0.22942954301834106, "thanks for posting": 0.2275717407464981, "sleep clinic": 0.22736488282680511, "hypersomnias": 0.22659215331077576, "newly diagnosed": 0.22557750344276428, "this sub": 0.2246292531490326, "post here": 0.22308889031410217, "hypersomnia": 0.22235947847366333, "sleep paralysis": 0.22189560532569885, "this thread": 0.2205491065979004, "discord server": 0.2200632393360138, "recently diagnosed": 0.21969103813171387, "groups": 0.21445080637931824, "sleep disorder": 0.2127598226070404, "facebook groups": 0.21190783381462097, "happy to hear": 0.21158677339553833, "glad to hear": 0.21076542139053345, "secondary hypersomnia": 0.20803505182266235, "got diagnosed": 0.20783355832099915, "folks here": 0.2058575451374054, "sleep intertia": 0.2054651975631714, "hypersomnia foundation": 0.2051539570093155, "lyme disease": 0.2051287293434143, "hi everyone": 0.2048729807138443, "diagnosed with idiopathic": 0.204493910074234, "fatigue syndrome": 0.20332548022270203, "group on facebook": 0.20122915506362915, "join": 0.20103198289871216, "facebook group": 0.2008899450302124, "been diagnosed": 0.19975979626178741, "joined": 0.19937624037265778, "chronic illnesses": 0.19850289821624756, "social anxiety": 0.1982419788837433, "sleep apnea": 0.19648538529872894, "shared": 0.19645242393016815, "group": 0.19580626487731934, "hey everyone": 0.19559010863304138, "wanted to share": 0.19500671327114105, "long sleepers": 0.19482240080833435}, "4": {"chronic fatigue": 0.37497520446777344, "fatigue syndrome": 0.3491082787513733, "shift work": 0.34902268648147583, "office job": 0.34200572967529297, "new job": 0.3342575430870056, "extreme fatigue": 0.3235679566860199, "extremely tired": 0.32183265686035156, "slept hours": 0.3164929747581482, "sleep disorder": 0.31188398599624634, "workplace": 0.31144922971725464,