{"c_v": 0.34510999340680454, "c_npmi": -0.3032105150991792, "u_mass": -7.240924701206333, "c_uci": -9.08992160173429}