{"c_v": 0.29989784274557507, "c_npmi": -0.23091623745836198, "u_mass": -2.979874707277263, "c_uci": -6.533465605601954}