{"0": {"brittle bones": 0.42140698432922363, "fractures": 0.4154638350009918, "fracture": 0.4058000147342682, "physical therapy": 0.3773053288459778, "osteogenesis imperfecta": 0.3596753478050232, "osteogenesis": 0.3528950810432434, "diagnosis": 0.35068458318710327, "bone": 0.3391110301017761, "oi type": 0.32532998919487, "bones": 0.31166091561317444, "form of oi": 0.2939521372318268, "oi": 0.28993502259254456, "bone density": 0.2828226685523987, "medical": 0.27448996901512146, "treatment": 0.266711950302124, "surgery": 0.26352348923683167, "support": 0.25885728001594543, "health": 0.23894064128398895, "disease": 0.2367825210094452, "be able": 0.2361193299293518, "pain": 0.22737669944763184, "doctor": 0.22453798353672028, "leg": 0.22086238861083984, "severe": 0.2197292149066925, "broke": 0.21184483170509338, "son has": 0.20639359951019287, "doctors": 0.20633217692375183, "symptoms": 0.19560673832893372, "more severe": 0.18672612309455872, "brittle": 0.1827002763748169, "type collagen": 0.17451462149620056, "advice": 0.1723364293575287, "breaking": 0.16884008049964905, "broken": 0.1665833443403244, "do": 0.16447241604328156, "family": 0.15951356291770935, "do not": 0.15840506553649902, "break": 0.15562662482261658, "issues": 0.15406034886837006, "type iv": 0.15016886591911316, "physical": 0.1494276225566864, "genetic testing": 0.1471727192401886, "growing": 0.14515092968940735, "able": 0.14100821316242218, "genetic": 0.1390809714794159, "breaks": 0.13647201657295227, "type iii": 0.13647004961967468, "collagen": 0.13331376016139984, "about": 0.1328851878643036, "problems": 0.1317024827003479}, "1": {"osteogenesis imperfecta": 0.9643933176994324, "osteogenesis": 0.789963960647583, "brittle bones": 0.49755531549453735, "imperfecta": 0.4801432490348816, "fractures": 0.47520047426223755, "bone": 0.4409082233905792, "fracture": 0.43896058201789856, "bones": 0.42737656831741333, "bone density": 0.3862054944038391, "collagen": 0.24470022320747375, "type collagen": 0.24084395170211792, "surgery": 0.23951177299022675, "disease": 0.2255038321018219, "treatment": 0.22543752193450928, "mutation": 0.21573439240455627, "brittle": 0.20824342966079712, "leg": 0.18715298175811768, "diagnosis": 0.185015007853508, "physical therapy": 0.1807570457458496, "genetic": 0.17908687889575958, "started": 0.17001691460609436, "medical": 0.1663619577884674, "pain": 0.16254311800003052, "growing": 0.15725082159042358, "born": 0.157197505235672, "start": 0.1556328982114792, "health": 0.1506902128458023, "about": 0.15003551542758942, "son has": 0.1487431824207306, "condition": 0.14318199455738068, "before": 0.14297205209732056, "severe": 0.13227838277816772, "did": 0.13223609328269958, "doing": 0.12881924211978912, "mom": 0.12584881484508514, "was born": 0.12550228834152222, "doctors": 0.1250223070383072, "first": 0.12457836419343948, "body": 0.12392571568489075, "broke": 0.11908642202615738, "form of oi": 0.11803983151912689, "doctor": 0.11719158291816711, "my body": 0.1163414791226387, "having": 0.11518831551074982, "thank you": 0.1084786057472229, "good": 0.10795694589614868, "type iv": 0.10611776262521744, "part": 0.1057930439710617, "do": 0.10579006373882294, "she has": 0.10577324032783508}}