{"c_v": 0.38814473343613903, "c_npmi": -0.28891926147229574, "u_mass": -9.487308038277908, "c_uci": -8.794077916596098}