{"c_v": 0.40534047754923724, "c_npmi": -0.19572787060846591, "u_mass": -5.172584779027887, "c_uci": -6.801990431872757}