{"c_v": 0.4022222491568315, "c_npmi": -0.13264874657999756, "u_mass": -1.2508018361701683, "c_uci": -5.1450632136321985}