{"0": {"thyroid issues": 0.376964807510376, "pituitary tumor": 0.3447802662849426, "tumors": 0.3395596742630005, "tumor": 0.33891361951828003, "thyroid": 0.3269679844379425, "adenoma": 0.3238227963447571, "tumour": 0.32225126028060913, "symptoms": 0.31035181879997253, "growth hormone": 0.2871490716934204, "endocrinologist": 0.28631851077079773, "pituitary gland": 0.286057710647583, "surgeries": 0.27567997574806213, "hormone levels": 0.2745582163333893, "prolactin levels": 0.27363723516464233, "cyst": 0.2723931074142456, "swelling": 0.27041640877723694, "other symptoms": 0.26974940299987793, "neurosurgeon": 0.2612514793872833, "endocrine": 0.2608467638492584, "surgery": 0.2587159276008606, "pre surgery": 0.25506556034088135, "diagnosis": 0.25358113646507263, "hair loss": 0.25194868445396423, "was diagnosed": 0.25122612714767456, "post surgery": 0.25095534324645996, "bone growth": 0.24087245762348175, "hormone": 0.240138441324234, "diagnosed": 0.2397650182247162, "prolactin": 0.23966684937477112, "hormones": 0.23680193722248077, "pituitary": 0.23675459623336792, "surgeon": 0.23576456308364868, "migraines": 0.23393437266349792, "after surgery": 0.23321062326431274, "headaches": 0.23131610453128815, "acromegaly": 0.21388252079486847, "doctor": 0.2099662721157074, "diabetes": 0.20728525519371033, "acne": 0.20721155405044556, "diabetes insipidus": 0.20569168031215668, "side effects": 0.205551877617836, "doctors": 0.20530937612056732, "second surgery": 0.20474934577941895, "gland": 0.1958395540714264, "growth": 0.19396260380744934, "fatigue": 0.18244719505310059, "patient": 0.17770721018314362, "patients": 0.17579978704452515, "disease": 0.1693086177110672, "therapy": 0.16780322790145874}, "1": {"prolactin levels": 0.43200403451919556, "hormone levels": 0.41529157757759094, "thyroid issues": 0.39335620403289795, "prolactin": 0.3586485981941223, "hormones": 0.34745603799819946, "hormone": 0.3446546792984009, "thyroid": 0.33815598487854004, "growth hormone": 0.3270472586154938, "endocrinologist": 0.3133193254470825, "endocrine": 0.30269771814346313, "pituitary tumor": 0.29928022623062134, "pituitary gland": 0.29207316040992737, "tumor": 0.27180737257003784, "tumors": 0.27158045768737793, "adenoma": 0.27107495069503784, "diagnosis": 0.2632213532924652, "tumour": 0.2609604001045227, "was diagnosed": 0.25601422786712646, "symptoms": 0.2548561096191406, "diagnosed": 0.25072354078292847, "pituitary": 0.2500383257865906, "elevated igf": 0.24502700567245483, "blood test": 0.2429705560207367, "pregnancy": 0.24285320937633514, "gh levels": 0.24272912740707397, "glucose tolerance": 0.23789849877357483, "cyst": 0.23605771362781525, "other symptoms": 0.22493824362754822, "diabetes": 0.2242642641067505, "igf levels": 0.22279603779315948, "pregnant": 0.21953682601451874, "blood tests": 0.21835629642009735, "swelling": 0.21269312500953674, "normal": 0.21040797233581543, "slightly elevated": 0.207530677318573, "glucose": 0.20484662055969238, "hair loss": 0.20424674451351166, "diabetes insipidus": 0.20391884446144104, "gland": 0.19738879799842834, "high igf": 0.19590942561626434, "acromegaly": 0.18982848525047302, "lanreotide": 0.18412408232688904, "elevated": 0.17927615344524384, "insulin": 0.17717577517032623, "hgh": 0.17626270651817322, "doctor": 0.17546266317367554, "migraines": 0.17395569384098053, "disease": 0.1726072132587433, "fatigue": 0.1712946593761444, "growth": 0.16666673123836517}}