{"0": {"diagnosed with gbs": 0.39679253101348877, "neuromuscular disease": 0.34388190507888794, "aseptic meningitis": 0.3407093286514282, "chronic pain": 0.33559030294418335, "recently diagnosed": 0.33492350578308105, "severe neuropathy": 0.33464401960372925, "gbs patients": 0.3330557346343994, "neurological symptoms": 0.33217477798461914, "neuromuscular diseases": 0.3315540552139282, "diagnosed with cidp": 0.3290283679962158, "arthritis": 0.3208489418029785, "nerve pain": 0.3120604157447815, "joint pain": 0.3054509162902832, "misdiagnosed": 0.30509504675865173, "undiagnosed": 0.30427277088165283, "physical rehab": 0.30409854650497437, "was diagnosed": 0.3020619750022888, "multiple sclerosis": 0.2990644574165344, "lyme disease": 0.2956356406211853, "initial diagnosis": 0.2949331998825073, "initial symptoms": 0.29383108019828796, "meningitis": 0.2933464050292969, "chronic fatigue": 0.29291459918022156, "muscle aches": 0.29174187779426575, "inpatient rehab": 0.29035285115242004, "diagnosis prednisone": 0.2859386205673218, "rehab hospital": 0.2858699560165405, "peripheral neuropathy": 0.28566816449165344, "rehabilitation hospital": 0.28374427556991577, "autoimmune disease": 0.2810075879096985, "pinched nerve": 0.279671311378479, "autoimmune disorders": 0.2796635627746582, "first symptom": 0.27753013372421265, "body aches": 0.2766411304473877, "lapse in diagnosis": 0.27486807107925415, "outpatient rehab": 0.2748156189918518, "excruciating pain": 0.27405014634132385, "neuropathy": 0.2736491858959198, "pain management": 0.27360600233078003, "peripheral nerves": 0.27312755584716797, "autoimmune disorder": 0.269922137260437, "technically undiagnosed": 0.2698224186897278, "nerve conduction": 0.26969921588897705, "sore arm": 0.26709362864494324, "rheumatologist": 0.26704710721969604, "neuromuscular": 0.2667464017868042, "diagnosis": 0.26649540662765503, "constant pain": 0.26575523614883423, "autoimmune diseases": 0.26558157801628113, "diagnose": 0.2651835083961487}, "1": {"covid vaccines": 0.5724148750305176, "covid vaccination": 0.570782482624054, "covid vaccine": 0.5684952735900879, "flu vaccines": 0.5480830669403076, "influenza vaccination": 0.544959545135498, "flu vaccine": 0.5439579486846924, "mrna vaccines": 0.5058206915855408, "vaccine injury": 0.5028475522994995, "mrna vaccine": 0.5010049939155579, "vaccination": 0.49918192625045776, "vaccinated": 0.49883490800857544, "vaccinations": 0.4984297752380371, "vaccine": 0.49738648533821106, "moderna vaccine": 0.49729323387145996, "vaccines": 0.4960653483867645, "get vaccinated": 0.48943012952804565, "pfizer vaccine": 0.48585331439971924, "following vaccination": 0.47084206342697144, "other vaccines": 0.4646834135055542, "swine flu": 0.44553178548812866, "flu shots": 0.44178837537765503, "influenza disease": 0.4234069883823395, "flu shot": 0.41806304454803467, "immunoglobulin": 0.3860291838645935, "viral infection": 0.38335803151130676, "bout of flu": 0.3742852807044983, "diagnosed with gbs": 0.35701513290405273, "gbs patients": 0.35646703839302063, "flu": 0.3398496210575104, "seasonal flu": 0.3187978267669678, "autoimmune diseases": 0.31601575016975403, "covid infection": 0.3140624463558197, "autoimmune disease": 0.31093287467956543, "respiratory virus": 0.3092173933982849, "immune disorder": 0.3082621097564697, "aseptic meningitis": 0.30752068758010864, "herd immunity": 0.30197811126708984, "anti vax": 0.30116403102874756, "influenza": 0.2997853755950928, "meningitis": 0.2834213078022003, "compromised immune": 0.28090012073516846, "stomach virus": 0.28027692437171936, "immune response": 0.2798532247543335, "immunity": 0.27760055661201477, "immune system": 0.2760598659515381, "sinus infection": 0.27265268564224243, "lyme disease": 0.26851025223731995, "immune systems": 0.2683899402618408, "pneumonia": 0.26716673374176025, "neuromuscular diseases": 0.2610275447368622}, "2": {"diagnosed with gbs": 0.664425253868103, "gbs patients": 0.6240531802177429, "former gbs": 0.6045578718185425, "gbs ish": 0.5920881628990173, "gbs survivors": 0.5818222761154175, "gbs survivor": 0.5808389186859131, "having relapse": 0.5581675171852112, "gbs": 0.5578039884567261, "paralyzed from the waist": 0.5483095049858093, "history of gbs": 0.5468266010284424, "guillian barre": 0.5381773710250854, "inpatient rehab": 0.5299490690231323, "diagnosed with cidp": 0.5296740531921387, "gb": 0.5263720750808716, "moss rehab": 0.5253252983093262, "outpatient rehab": 0.5183125734329224, "occasional numbness": 0.5089030265808105, "outpatient pt": 0.5024136900901794, "numbness tingling": 0.49979859590530396, "numb toes": 0.49858754873275757, "cured": 0.49654608964920044, "barre syndrome": 0.49612486362457275, "form of gbs": 0.48989465832710266, "misdiagnosed": 0.4887113869190216, "heal": 0.48794740438461304, "rehab": 0.4876176118850708, "recover": 0.4868660569190979, "tingling numbness": 0.4857565462589264, "paralyzed": 0.4847514033317566, "ivig shortage": 0.4846327304840088, "was diagnosed": 0.4843410551548004, "pain meds": 0.48395538330078125, "ivig treatment": 0.4829869568347931, "paralyzed from neck": 0.4823412001132965, "relapses": 0.4813593327999115, "md phd": 0.481101393699646, "gp": 0.47905659675598145, "diagnosed": 0.4787764549255371, "emg": 0.4770442247390747, "paralyzed from the neck": 0.4769482910633087, "nd pfizer": 0.47675013542175293, "undiagnosed": 0.47642719745635986, "paralysed": 0.47605597972869873, "sore arm": 0.4743058681488037, "traumatic": 0.47334665060043335, "physical rehab": 0.47294509410858154, "chronic": 0.4726511240005493, "trauma": 0.47102224826812744, "trouble swallowing": 0.469291627407074, "cure": 0.46919411420822144}, "3": {"gbs patients": 0.32900112867355347, "diagnosed with gbs": 0.3280448913574219, "history of gbs": 0.29415321350097656, "form of gbs": 0.2732822299003601, "gbs survivors": 0.26577138900756836, "former gbs": 0.2630516588687897, "gbs": 0.25640642642974854, "gbs survivor": 0.25020337104797363, "gbs ish": 0.24422292411327362, "support groups": 0.24238860607147217, "thanks for sharing": 0.24096764624118805, "support group": 0.24028700590133667, "thanks for posting": 0.228665292263031, "glad to hear": 0.2283688187599182, "grams": 0.2210216075181961, "gb": 0.21971571445465088, "happy to hear": 0.20748445391654968, "this thread": 0.2070852816104889, "good to hear": 0.2056725025177002, "groups": 0.2050819844007492, "monthly discussion": 0.20254594087600708, "this sub": 0.1977275013923645, "community here": 0.19622913002967834, "posting this": 0.19463545083999634, "group": 0.19266337156295776, "forum": 0.19147364795207977, "this community": 0.19122396409511566, "this subreddit": 0.18374057114124298, "gp": 0.18114668130874634, "good luck": 0.17925149202346802, "interested to hear": 0.17790886759757996, "sore throat": 0.17150214314460754, "immunoglobulin": 0.1698695719242096, "wanted to share": 0.1669602394104004, "discussion topic": 0.1656360626220703, "very helpful": 0.16478636860847473, "sorry to hear": 0.16372501850128174, "speech therapy": 0.16127315163612366, "want to chat": 0.16050012409687042, "mg": 0.15827545523643494, "blood sugar": 0.15570911765098572, "greatly appreciated": 0.15531569719314575, "want to talk": 0.1532534509897232, "multiple sclerosis": 0.15235555171966553, "grain of salt": 0.15181566774845123, "joint pain": 0.15172582864761353, "love to hear": 0.14945238828659058, "mg day": 0.14937356114387512, "guillian barre": 0.14904385805130005, "please share": 0.1488792598247528}, "4": {"your dad": 0.36745500564575195, "my dad": 0.3572385907173157, "your father": 0.3529994785785675, "diagnosed with gbs": 0.3476271629333496, "my father": 0.34103652834892273, "gbs patients": 0.3332223892211914, "dad": 0.300112783908844, "father": 0.27749335765838623, "outpatient rehab": 0.2767671048641205, "neuromuscular disease": 0.27640873193740845, "neuromuscular diseases": 0.2629312574863434, "inpatient rehab": 0.25982457399368286, "rehab hospital": 0.25470638275146484, "lyme disease": 0.254349946975708,