{"c_v": 0.4059244292323303, "c_npmi": -0.2609446918020141, "u_mass": -6.452808636887292, "c_uci": -8.085583270204925}