{"0": {"cat tree": 0.42552995681762695, "litter box": 0.42096662521362305, "kitten": 0.4143129587173462, "ch cat": 0.4024520516395569, "ch kitten": 0.3974781334400177, "ch kitty": 0.38996297121047974, "cat": 0.38482755422592163, "ch cats": 0.377500057220459, "kitty": 0.37507420778274536, "ch kitties": 0.36970818042755127, "cerebellar hypoplasia": 0.3610112965106964, "cats": 0.3423270881175995, "kitties": 0.3417409658432007, "kittens": 0.33663514256477356, "your vet": 0.28323879837989807, "months old": 0.26016852259635925, "vet": 0.24354512989521027, "bowls": 0.20643293857574463, "litter": 0.205256849527359, "pet": 0.19335246086120605, "wobbler": 0.19000104069709778, "year old": 0.16244962811470032, "wobbly": 0.1585320383310318, "severe": 0.1545010507106781, "bowl": 0.15421538054943085, "adopted": 0.14169412851333618, "box": 0.14092034101486206, "best thing": 0.13399621844291687, "good luck": 0.13116063177585602, "up": 0.12595072388648987, "advice": 0.12545301020145416, "problem": 0.12442751228809357, "boy": 0.12056290358304977, "anesthesia": 0.11581479012966156, "good idea": 0.1155942976474762, "keep": 0.11488565802574158, "baby": 0.11354242265224457, "trying": 0.11125749349594116, "best": 0.10932135581970215, "she": 0.10785718262195587, "looking": 0.10724376887083054, "help": 0.1065240129828453, "narrow": 0.10629112273454666, "care": 0.10485927760601044, "down": 0.10458137094974518, "has": 0.10444661229848862, "any": 0.10379457473754883, "oh my": 0.1029353141784668, "lean": 0.10282843559980392, "make sure": 0.10269482433795929}, "1": {"ch kitty": 0.4287939667701721, "kitty": 0.4090498983860016, "ch kitties": 0.4015581011772156, "ch kitten": 0.37700504064559937, "kitties": 0.37523263692855835, "ch cat": 0.3706393241882324, "kitten": 0.3649188280105591, "kittens": 0.3212777376174927, "ch cats": 0.32071828842163086, "cat": 0.3163870573043823, "cat tree": 0.27879461646080017, "cerebellar hypoplasia": 0.269832968711853, "cats": 0.262789249420166, "litter box": 0.21910040080547333, "pet": 0.21348440647125244, "oh my": 0.2129504680633545, "your vet": 0.2092614769935608, "loves": 0.20592045783996582, "baby": 0.20471441745758057, "adopted": 0.19952160120010376, "months old": 0.1980009377002716, "glad": 0.19552931189537048, "happy": 0.19278764724731445, "vet": 0.17389146983623505, "love": 0.17360743880271912, "sweet": 0.1658574342727661, "wobbler": 0.1618506908416748, "boy": 0.15730521082878113, "such": 0.15547022223472595, "pretty": 0.1510923206806183, "best thing": 0.14886173605918884, "my": 0.14257971942424774, "mine": 0.14162035286426544, "year old": 0.13785229623317719, "name": 0.1350194811820984, "anesthesia": 0.13278253376483917, "best": 0.13231229782104492, "her": 0.1308942437171936, "little": 0.1297004371881485, "wobbly": 0.12872307002544403, "thank you": 0.12803487479686737, "ch": 0.12684044241905212, "amazing": 0.12442556023597717, "great": 0.12130230665206909, "nice": 0.12124139070510864, "now": 0.12039592862129211, "may": 0.11426444351673126, "good": 0.11339525133371353, "his": 0.11338470131158829, "thank": 0.11230134963989258}}