{"c_v": 0.3295917827334914, "c_npmi": -0.1520711022186878, "u_mass": -1.2560748374985249, "c_uci": -4.006731701863394}