{"c_v": 0.3355377804173896, "c_npmi": -0.21547468598170094, "u_mass": -4.524957295295415, "c_uci": -6.850405574121599}