{"0": {"pre symptomatic": 0.5318132638931274, "become symptomatic": 0.5214511156082153, "got diagnosed": 0.5130138993263245, "been diagnosed": 0.49285605549812317, "recently diagnosed": 0.48218172788619995, "symptoms yet": 0.4735482633113861, "positive diagnosis": 0.47332173585891724, "diagnosed": 0.47171539068222046, "was diagnosed": 0.4713273048400879, "symptom onset": 0.4684141278266907, "symptoms until": 0.46404170989990234, "symptomatic": 0.4620949625968933, "showing symptoms": 0.4620242118835449, "develop symptoms": 0.4615699052810669, "symptom": 0.4602322578430176, "health problems": 0.45924490690231323, "health issues": 0.4567522406578064, "genetic counseling": 0.44816854596138, "affected parent": 0.4452323019504547, "hd patients": 0.4435431957244873, "clinical trial": 0.4395454525947571, "genetics clinic": 0.4389108121395111, "tested positive": 0.4327191114425659, "genetic counselor": 0.4326847493648529, "symptom hunting": 0.43179136514663696, "show symptoms": 0.4317699074745178, "terminal illness": 0.4264976382255554, "diagnoses": 0.42458638548851013, "genetic testing": 0.4233282804489136, "human trials": 0.4228096604347229, "genetic counselling": 0.4222823977470398, "tested negative": 0.4192175269126892, "patients": 0.41881895065307617, "prenatal testing": 0.4170246422290802, "genetic test": 0.4132217764854431, "genetic counselors": 0.4113437533378601, "clinical trials": 0.40854135155677795, "symptoms": 0.40779590606689453, "tested yet": 0.40600454807281494, "getting tested": 0.40531742572784424, "mild symptoms": 0.4019078016281128, "genetic counsellor": 0.40139520168304443, "diagnosis": 0.39824986457824707, "genetic diseases": 0.3972577154636383, "disorders": 0.3970720171928406, "gotten tested": 0.3956585228443146, "symptom free": 0.39107802510261536, "been tested": 0.390583872795105, "test positive": 0.3876647353172302, "age of onset": 0.3849363327026367}, "1": {"drug trials": 0.6035080552101135, "clinical trials": 0.5927257537841797, "gene therapy": 0.5896701812744141, "clinical trial": 0.579075276851654, "human trials": 0.5561642646789551, "therapies": 0.5556194186210632, "trials": 0.5336759090423584, "huntington disease": 0.5229694247245789, "gene silencing": 0.5189184546470642, "disease progression": 0.5156283378601074, "effective treatment": 0.5114208459854126, "therapeutic": 0.5106697082519531, "new drug": 0.5060673356056213, "lab": 0.49927353858947754, "medical advances": 0.49719002842903137, "recently diagnosed": 0.4880606234073639, "genetic diseases": 0.48726993799209595, "clinical": 0.48659980297088623, "treatments": 0.4848436117172241, "mutant huntingtin": 0.48457878828048706, "cures": 0.4831847548484802, "disease": 0.47275638580322266, "medicine": 0.46983957290649414, "drug": 0.4676882028579712, "diseases": 0.4662657380104065, "find cure": 0.46516096591949463, "huntingtons disease": 0.45836442708969116, "genetics clinic": 0.4579288959503174, "treatment or cure": 0.4570538401603699, "cure": 0.4517245590686798, "treatment": 0.44852954149246216, "alzheimer": 0.44307658076286316, "disorders": 0.43987882137298584, "cure or treatment": 0.4397490322589874, "mutation": 0.43841394782066345, "been diagnosed": 0.43578165769577026, "was diagnosed": 0.4352744221687317, "gene status": 0.43254828453063965, "diagnosed": 0.4321323335170746, "neurology": 0.43095964193344116, "horrible disease": 0.43087542057037354, "mutant": 0.43034496903419495, "gene positive": 0.4269431233406067, "therapy": 0.42680323123931885, "medication": 0.4264566898345947, "diagnoses": 0.42607754468917847, "brain cells": 0.42577672004699707, "brain barrier": 0.4247179627418518, "faulty gene": 0.424630343914032, "drugs": 0.4208691120147705}, "2": {"hd community": 0.5607518553733826, "org": 0.5368368625640869, "huntington society": 0.5353633165359497, "hdsa website": 0.5257070064544678, "hdsa": 0.5198987126350403, "podcast": 0.5180659294128418, "hdsa org": 0.5172337293624878, "hdbuzz": 0.5009526014328003, "news": 0.4868832230567932, "hd patients": 0.4807729423046112, "net": 0.4765080213546753, "anyone here": 0.4753066897392273, "meds": 0.4704930782318115, "website": 0.46730661392211914, "report": 0.462436318397522, "video": 0.46207427978515625, "thanks for reading": 0.4576030671596527, "thanks for sharing": 0.4548814296722412, "als": 0.45103996992111206, "adhd": 0.44984540343284607, "huntington disease": 0.44935721158981323, "this subreddit": 0.44850853085517883, "topic": 0.4483572244644165, "info": 0.44773924350738525, "blog": 0.4475945234298706, "hdyo": 0.44709885120391846, "great resource": 0.4454939365386963, "manifest": 0.4451877772808075, "research": 0.44443243741989136, "hear about": 0.44316041469573975, "local hdsa": 0.44100257754325867, "more info": 0.4390687346458435, "recent": 0.43892061710357666, "hdsa chapter": 0.43875592947006226, "inform": 0.4379168450832367, "looking forward": 0.4375990629196167, "attend": 0.43757402896881104, "researched": 0.4367058277130127, "site": 0.4360455870628357, "hi everyone": 0.4327576756477356, "awareness": 0.4304701089859009, "survey": 0.4303746819496155, "good news": 0.42954128980636597, "online": 0.42802777886390686, "information": 0.42796143889427185, "researching": 0.4279431104660034, "please share": 0.42753496766090393, "look forward": 0.4261869788169861, "convention": 0.4258250892162323, "december": 0.4245455265045166}, "3": {"health issues": 0.5203567743301392, "patients": 0.49085867404937744, "health problems": 0.4856802821159363, "hd patients": 0.4821986258029938, "clinical trial": 0.46461021900177, "human trials": 0.460646390914917, "clinical trials": 0.4581433832645416, "medical field": 0.45513278245925903, "huntington disease": 0.44539493322372437, "health care": 0.44263625144958496, "illness": 0.43296894431114197, "positive diagnosis": 0.43021249771118164, "clinical": 0.42924565076828003, "health": 0.4291669726371765, "healthcare": 0.42790961265563965, "disorders": 0.42764896154403687, "patient": 0.42281457781791687, "medical advances": 0.4202704131603241, "genetic counseling": 0.4172973036766052, "been diagnosed": 0.4165325164794922, "caregivers": 0.4156773090362549, "diagnosed": 0.41497206687927246, "counseling": 0.41400015354156494, "genetics clinic": 0.4127352237701416, "suffer": 0.4102540612220764, "dr": 0.4085919260978699, "disease": 0.40822166204452515, "psych ward": 0.4077732563018799, "survey": 0.40737342834472656, "caregiver": 0.40608832240104675, "psychologist": 0.40398532152175903, "suffering": 0.403942734003067, "researched": 0.40269899368286133, "huntington society": 0.40218740701675415, "affected": 0.4013389050960541, "recently diagnosed": 0.4012196660041809, "medical history": 0.4009830951690674, "tl dr": 0.4006780982017517, "chronic": 0.40047240257263184, "diagnoses": 0.4004325270652771, "genetic counselor": 0.4002811312675476, "therapeutic": 0.3996436595916748, "genetic counselors": 0.39947837591171265, "medical": 0.39835697412490845, "diseases": 0.39682018756866455, "personal experience": 0.3965141177177429, "therapy": 0.3959026336669922, "experiences": 0.39550966024398804, "concerned about": 0.393353670835495, "disorder": 0.3915911316871643}}