{"c_v": 0.31743181208847454, "c_npmi": -0.2847712140272199, "u_mass": -6.141925582823055, "c_uci": -8.839437946847326}