{"0": {"muscular dystrophy": 0.35627448558807373, "physical disability": 0.3558479845523834, "disability services": 0.3518866300582886, "disability": 0.35123831033706665, "dystrophy": 0.34080028533935547, "disabilities": 0.3399171829223633, "wheelchair bound": 0.3349742889404297, "wheelchair": 0.32952213287353516, "myotonic dystrophy": 0.32361388206481934, "been diagnosed": 0.32322758436203003, "disabled": 0.3169771134853363, "use wheelchair": 0.31272590160369873, "diagnosed": 0.3067478537559509, "physical therapy": 0.29907333850860596, "mental disability": 0.2967233955860138, "support group": 0.29043686389923096, "ssdi": 0.2872503399848938, "myasthenia gravis": 0.28092634677886963, "assistive": 0.27808934450149536, "congenital myopathy": 0.2765744626522064, "atrophy": 0.27215611934661865, "supportive": 0.2597111463546753, "therapies": 0.25951382517814636, "congenital muscular": 0.2591639757156372, "severe": 0.2580900490283966, "nerve pain": 0.25800102949142456, "got diagnosed": 0.2560153603553772, "diagnosed with fshd": 0.25452136993408203, "physical therapist": 0.2518274784088135, "neuromuscular conditions": 0.24785713851451874, "duchenne muscular": 0.24721752107143402, "diagnoses": 0.24479985237121582, "congenital": 0.2438509166240692, "scoliosis": 0.24173784255981445, "recently diagnosed": 0.24025756120681763, "mobility aids": 0.24019202589988708, "therapy": 0.24001473188400269, "neurologist": 0.23954710364341736, "was diagnosed": 0.23895876109600067, "disorder": 0.2380717396736145, "support groups": 0.237733393907547, "girdle md": 0.23504409193992615, "diagnosed with bmd": 0.23412200808525085, "adult onset": 0.22979998588562012, "neuromuscular diseases": 0.22856929898262024, "talk to someone": 0.22705316543579102, "nerve conduction": 0.22646202147006989, "types of md": 0.22511416673660278, "symptoms": 0.22433266043663025, "depression": 0.2232401967048645}, "1": {"muscular dystrophy": 0.42482078075408936, "dystrophy": 0.39899274706840515, "muscle biopsy": 0.39334186911582947, "diagnosed": 0.38128912448883057, "diagnoses": 0.38115817308425903, "myotonic dystrophy": 0.37683260440826416, "got diagnosed": 0.37067079544067383, "genetic test": 0.3680807948112488, "congenital myopathy": 0.3655061423778534, "genetic tests": 0.3643949627876282, "been diagnosed": 0.3617550730705261, "myasthenia gravis": 0.3608044683933258, "congenital muscular": 0.3578166365623474, "genetically tested": 0.3530265688896179, "genetic testing": 0.3469550609588623, "diagnose": 0.3309575915336609, "neurologist": 0.3305709958076477, "nerve pain": 0.32661277055740356, "genetic": 0.32365426421165466, "blood work": 0.3234444558620453, "congenital": 0.31847280263900757, "getting tested": 0.3154250979423523, "duchenne muscular": 0.3129843771457672, "was diagnosed": 0.31150108575820923, "symptoms": 0.3107094168663025, "neuromuscular conditions": 0.3103070557117462, "neuromuscular diseases": 0.30931931734085083, "dystrophin gene": 0.3082665801048279, "blood tests": 0.30682283639907837, "diagnosis": 0.30304694175720215, "prednisone": 0.30016642808914185, "neuromuscular": 0.29664236307144165, "blood test": 0.2959623336791992, "diagnosed with fshd": 0.2959306836128235, "get tested": 0.2910844087600708, "genetics": 0.2888715863227844, "symptom": 0.2886223793029785, "genetic counselor": 0.2823604941368103, "atrophy": 0.28214868903160095, "emg": 0.2802765965461731, "genetically": 0.2796509265899658, "ssdi": 0.2787989675998688, "physical disability": 0.27862972021102905, "physical therapy": 0.27747833728790283, "recently diagnosed": 0.27707940340042114, "inherited": 0.2750050723552704, "scoliosis": 0.2749461531639099, "gene mutation": 0.2721147835254669, "gene therapy": 0.26744240522384644, "mri": 0.2662433385848999}, "2": {"muscular dystrophy": 0.7249414324760437, "duchenne muscular": 0.5208514332771301, "congenital muscular": 0.5152353644371033, "myotonic dystrophy": 0.5004939436912537, "dystrophy": 0.4794435501098633, "myasthenia gravis": 0.4514423608779907, "muscular dystrophies": 0.4275726079940796, "myotonic muscular": 0.4006895422935486, "muscular": 0.3804178833961487, "muscle biopsy": 0.3633747398853302, "muscle weakness": 0.36300861835479736, "beckers muscular": 0.3586884140968323, "gene therapy": 0.3565077781677246, "crispr": 0.35644710063934326, "form of muscular": 0.35642439126968384, "type of muscular": 0.3549942970275879, "atrophy": 0.34906020760536194, "becker muscular": 0.34128373861312866, "diagnosed with bmd": 0.3383941650390625, "neuromuscular": 0.33122342824935913, "diagnosed with fshd": 0.3304922580718994, "neuromuscular conditions": 0.32939448952674866, "stem cell": 0.32689547538757324, "muscle strength": 0.3259216547012329, "pfizer": 0.32527971267700195, "wheelchair bound": 0.3245948553085327, "muscle mass": 0.32073503732681274, "girdle muscular": 0.3163948953151703, "muscle wasting": 0.3153146803379059, "genetic counselor": 0.31416651606559753, "congenital myopathy": 0.31039753556251526, "congenital": 0.3016524910926819, "dystrophin gene": 0.30124157667160034, "muscle": 0.3008950650691986, "therapies": 0.3004591464996338, "neuromuscular diseases": 0.2997017800807953, "been diagnosed": 0.29938244819641113, "ssdi": 0.29486769437789917, "prednisone": 0.29400861263275146, "genetically tested": 0.29151201248168945, "genetic test": 0.2889787554740906, "muscle function": 0.28866419196128845, "gene mutation": 0.28802749514579773, "diagnosed": 0.2874150276184082, "genetically": 0.287278950214386, "spinal fusion": 0.2867262363433838, "stem cells": 0.284991592168808, "wheelchair": 0.2833854556083679, "genetic tests": 0.2833637297153473, "genetic testing": 0.2799605429172516}, "3": {"anyone here": 0.32266101241111755, "support group": 0.3134198784828186, "any questions": 0.2763995826244354, "muscular dystrophy": 0.27430105209350586, "dystrophy": 0.27162235975265503, "myotonic dystrophy": 0.2673792839050293, "talk to someone": 0.26688462495803833, "patients": 0.26613306999206543, "supportive": 0.2588289976119995, "been diagnosed": 0.256033718585968, "support groups": 0.25586003065109253, "disability services": 0.2511134743690491, "willing to help": 0.24935276806354523, "does anyone": 0.24878406524658203, "hey everyone": 0.24870318174362183, "participate": 0.24829134345054626, "anybody": 0.24585142731666565, "disability": 0.24471697211265564, "ssdi": 0.2441326081752777, "this study": 0.24214960634708405, "use wheelchair": 0.2409520149230957, "hi": 0.2371177077293396, "want to talk": 0.2366935759782791, "got diagnosed": 0.23518472909927368, "hello everyone": 0.233937606215477, "physical disability": 0.23389752209186554, "want to chat": 0.23182854056358337, "hi everyone": 0.23024430871009827, "md patients": 0.2295611947774887, "good luck": 0.22809894382953644, "disabilities": 0.2280265986919403, "anyone": 0.2270604372024536, "type of md": 0.22617436945438385, "diagnosed": 0.22554340958595276, "assistance": 0.22373934090137482, "participation": 0.22290101647377014, "hey": 0.22208188474178314, "highly recommend": 0.22190168499946594, "survey": 0.22096000611782074, "support": 0.22011470794677734, "was diagnosed": 0.21991072595119476, "form of md": 0.21628618240356445, "disabled": 0.21625319123268127, "stem cell": 0.21516254544258118, "reaching out": 0.21456342935562134, "adult onset": 0.2135380357503891, "someone who": 0.21250109374523163, "hello": 0.21196851134300232, "autism": 0.21164467930793762, "reach out": 0.21123120188713074}, "4": {"muscle strength": 0.44056111574172974, "duchenne muscular": 0.42935705184936523, "weight lifting": 0.3983425796031952, "congenital muscular": 0.3963359594345093, "muscle mass": 0.393154114484787, "muscular dystrophy": 0.38248586654663086, "muscle wasting": 0.3801257014274597, "form of muscular": 0.37958282232284546, "muscular dystrophies": 0.3767457604408264, "myotonic muscular": 0.37550610303878784, "beckers muscular": 0.3728417456150055, "creatine": 0.3689817190170288, "lifting weights": 0.36343127489089966, "muscle weakness": 0.36119982600212097,