{"0": {"probiotic": 0.4795040488243103, "fodmap diet": 0.46358659863471985, "probiotics for bv": 0.46219679713249207, "probiotics": 0.4566994905471802, "took probiotics": 0.4493405222892761, "kefir": 0.4144769310951233, "choline diet": 0.4082101583480835, "psyllium": 0.40625232458114624, "kefir and kombucha": 0.4025307297706604, "fecal odor": 0.39328455924987793, "bacterial vaginosis": 0.38717204332351685, "kombucha pills": 0.3840458393096924, "choline foods": 0.3828887939453125, "chlorella": 0.3763466477394104, "kombucha": 0.37579792737960815, "body odour": 0.3716053366661072, "kombucha and kefir": 0.37090760469436646, "drinking kefir": 0.36958688497543335, "kefir milk": 0.3647313714027405, "rotten smell": 0.3593141734600067, "fishy odor": 0.35839205980300903, "body odor": 0.35123878717422485, "cannot smell": 0.3502853512763977, "own kombucha": 0.34561607241630554, "smelling bad": 0.3413793742656708, "bacterial overgrowth": 0.33979833126068115, "drank kefir": 0.33952030539512634, "microbiome": 0.3318631649017334, "odor": 0.3292773365974426, "ibs": 0.3274856209754944, "fecal body": 0.32620131969451904, "odour": 0.3248031735420227, "candida": 0.3214183449745178, "nizoral": 0.3210470974445343, "bv treatments": 0.3129478693008423, "baking soda": 0.3127695322036743, "digestive": 0.3103182017803192, "lactose intolerant": 0.30832117795944214, "water kefir": 0.3081687092781067, "toxins": 0.30772584676742554, "gut bacteria": 0.3053355813026428, "supplements": 0.3033146560192108, "started smelling": 0.30301550030708313, "leaky gas": 0.30174294114112854, "certain foods": 0.3010399341583252, "strict diet": 0.29984205961227417, "stinky": 0.29566603899002075, "leaky gut": 0.2956351935863495, "milk kefir": 0.29441553354263306, "pepto bismol": 0.2933574616909027}, "1": {"body odour": 0.6182467341423035, "body odor": 0.6173996925354004, "rotten smell": 0.6022933125495911, "odor": 0.5885693430900574, "cannot smell": 0.5843566656112671, "smelling bad": 0.5806748270988464, "odour": 0.5778478980064392, "fecal odor": 0.5715327262878418, "smelling": 0.5263640880584717, "fishy odor": 0.5142057538032532, "started smelling": 0.5079387426376343, "stink": 0.49541711807250977, "always smelled": 0.4950859844684601, "stinky": 0.493935227394104, "smells": 0.48156416416168213, "smell": 0.47910577058792114, "smelled": 0.4779922366142273, "smelly": 0.4766858220100403, "smelled like": 0.4725431799888611, "odors": 0.46889686584472656, "these smells": 0.4613819122314453, "scent": 0.45847946405410767, "deodorant": 0.4529551863670349, "smells like": 0.43905168771743774, "scented": 0.4356502294540405, "smelt": 0.4204513430595398, "test smelled": 0.4197371006011963, "poor hygiene": 0.417452335357666, "stinks": 0.4081341624259949, "sweat glands": 0.4000850319862366, "armpits": 0.39160722494125366, "musty": 0.38951975107192993, "olfactory reference": 0.3889467120170593, "whiff": 0.3786754906177521, "hygiene": 0.37738746404647827, "perfume": 0.3763284683227539, "bacterial vaginosis": 0.37525269389152527, "sweat": 0.37392494082450867, "pungent": 0.36211082339286804, "body wash": 0.35811012983322144, "body washes": 0.357608437538147, "bad breath": 0.3447727560997009, "sweating": 0.3359353542327881, "fecal body": 0.3337825834751129, "baking soda": 0.3273385763168335, "sniffing": 0.32109248638153076, "cat pee": 0.3195793926715851, "showered": 0.3148307800292969, "putrid": 0.3136274516582489, "my pits": 0.3011839985847473}, "2": {"depressed": 0.31129181385040283, "body odour": 0.3092043995857239, "body odor": 0.303377628326416, "depression": 0.27703922986984253, "smelling bad": 0.276416540145874, "cannot smell": 0.2747727632522583, "been diagnosed": 0.2715625464916229, "social anxiety": 0.27082008123397827, "smelly": 0.258642315864563, "rotten smell": 0.2581549286842346, "odour": 0.2538299560546875, "putrid": 0.2534205913543701, "stink": 0.25047898292541504, "ibs": 0.24661901593208313, "fecal odor": 0.24658679962158203, "poor hygiene": 0.24497494101524353, "sufferer": 0.24428234994411469, "mental health": 0.2441386878490448, "severe": 0.2412278950214386, "kill myself": 0.2409089058637619, "stay strong": 0.2381717413663864, "stinky": 0.23623865842819214, "started smelling": 0.23536603152751923, "diagnosed": 0.23435765504837036, "symptoms": 0.2317781150341034, "always smelled": 0.2310357540845871, "odor": 0.23067858815193176, "hang in there": 0.22785305976867676, "problems": 0.22337685525417328, "scented": 0.22272856533527374, "diagnosed with tmau": 0.22262193262577057, "disorder": 0.2210705280303955, "sufferers": 0.2208949327468872, "things worse": 0.2208470106124878, "psyllium": 0.2191160023212433, "fecal body": 0.21784117817878723, "support group": 0.2168089747428894, "stinks": 0.21582671999931335, "nasty": 0.21572813391685486, "fishy odor": 0.21532264351844788, "horrible": 0.21295064687728882, "suffer": 0.21262170374393463, "probiotics": 0.21173033118247986, "gi issues": 0.21106219291687012, "deodorant": 0.21094709634780884, "therapist": 0.20919793844223022, "suffering": 0.20919053256511688, "medical condition": 0.20854441821575165, "awful": 0.20854270458221436, "issues": 0.20699921250343323}}