{"c_v": 0.3492836647289417, "c_npmi": -0.34127363143390177, "u_mass": -5.519131268422534, "c_uci": -9.988487927890583}