{"c_v": 0.37020361825438314, "c_npmi": -0.25987056885860993, "u_mass": -8.359477116320962, "c_uci": -8.25846914982847}