{"c_v": 0.44068380254910594, "c_npmi": -0.12282243862006943, "u_mass": -2.616343759743455, "c_uci": -4.703745444892111}