{"0": {"systemic mastocytosis": 0.5975615382194519, "mastocytosis": 0.5425200462341309, "cutaneous mastocytosis": 0.539314866065979, "proper diagnosis": 0.5328199863433838, "official diagnosis": 0.5207794308662415, "mastocytosis society": 0.511432945728302, "diagnosis": 0.5073583126068115, "chronic urticaria": 0.5010405778884888, "allergy tests": 0.498917818069458, "been diagnosed": 0.4946127235889435, "allergy symptoms": 0.47278258204460144, "allergy testing": 0.47181135416030884, "allergy": 0.46859559416770935, "was diagnosed": 0.4676796495914459, "recently diagnosed": 0.46697691082954407, "mast cells": 0.4653368592262268, "allergic rhinitis": 0.460821270942688, "diagnoses": 0.45393648743629456, "seasonal allergies": 0.45359981060028076, "mast cell": 0.4516592025756836, "diagnose": 0.44673973321914673, "allergist immunologist": 0.4440609812736511, "mastocytic enterocolitis": 0.440931111574173, "allergy shots": 0.43657225370407104, "similar symptoms": 0.4350670874118805, "diagnosed": 0.43470457196235657, "autoimmune diseases": 0.432253897190094, "became allergic": 0.43052220344543457, "allergies": 0.4304277002811432, "ige allergies": 0.4279785752296448, "mastocytic": 0.4257521331310272, "diagnosed with mcas": 0.4257277250289917, "mediated allergies": 0.41994911432266235, "allergic": 0.4146363437175751, "allergic reaction": 0.4121520519256592, "allergic reactions": 0.41157346963882446, "diagnosing": 0.4107263684272766, "autoimmune": 0.4031084179878235, "mcas patients": 0.4009212255477905, "main symptoms": 0.3957468867301941, "immunologists": 0.39462417364120483, "symptoms": 0.3896128833293915, "diagnostic": 0.38926368951797485, "allergens": 0.37956881523132324, "histamine intolerance": 0.37454861402511597, "immunologist": 0.3729967474937439, "idiopathic anaphylaxis": 0.37082964181900024, "immunology": 0.36232316493988037, "urticaria": 0.3609374463558197, "auto immune": 0.36061859130859375}, "1": {"digestive issues": 0.5028806924819946, "food allergies": 0.4959257245063782, "been diagnosed": 0.4487583637237549, "histamine diet": 0.4443160593509674, "histamine foods": 0.4423249363899231, "similar symptoms": 0.4416540861129761, "diagnosed with mcas": 0.44040292501449585, "gut issues": 0.4268529415130615, "proper diagnosis": 0.4262335002422333, "allergy symptoms": 0.42286303639411926, "allergy tests": 0.41533994674682617, "was diagnosed": 0.41354191303253174, "histamine intolerance": 0.40964895486831665, "main symptoms": 0.40850508213043213, "official diagnosis": 0.40842294692993164, "food sensitivities": 0.407929003238678, "zyrtec and pepcid": 0.40665537118911743, "diagnosis": 0.4064539670944214, "allergy": 0.4047718048095703, "take benadryl": 0.4010113477706909, "became allergic": 0.3986532986164093, "food triggers": 0.39788538217544556, "chronic urticaria": 0.3961111307144165, "cannot eat": 0.3939288854598999, "allergy testing": 0.3933756947517395, "recently diagnosed": 0.39084234833717346, "symptoms": 0.3905414342880249, "ige allergies": 0.38589704036712646, "trouble swallowing": 0.3790496587753296, "mcas patients": 0.37854328751564026, "allergic reactions": 0.37723639607429504, "diagnose": 0.3751823902130127, "take zyrtec": 0.37289631366729736, "allergies": 0.3715060353279114, "diagnoses": 0.3703046441078186, "allergic rhinitis": 0.3687307834625244, "seasonal allergies": 0.36757001280784607, "restricted diet": 0.36723342537879944, "stomach pain": 0.35736286640167236, "reflux": 0.3521086871623993, "histamine levels": 0.3510940670967102, "food intolerances": 0.34948837757110596, "allergy shots": 0.3491038680076599, "diagnosed": 0.3470263183116913, "allergic reaction": 0.3464420437812805, "allergens": 0.34556955099105835, "gastritis": 0.3450091481208801, "diagnosing": 0.34088170528411865, "adverse reactions": 0.34071290493011475, "low histamine": 0.3404066264629364}, "2": {"take zyrtec": 0.564449667930603, "zyrtec and pepcid": 0.5611659288406372, "taking cromolyn": 0.49420833587646484, "take benadryl": 0.49256807565689087, "take mg": 0.47935032844543457, "lower dose": 0.4715723395347595, "medication regime": 0.4667835533618927, "prescribed": 0.4484841227531433, "cromolyn sodium": 0.44797420501708984, "benadryl": 0.4309205412864685, "medications": 0.42836302518844604, "benedryl": 0.42652010917663574, "anti histamines": 0.4180810749530792, "antihistamine": 0.415996253490448, "higher dose": 0.41443130373954773, "antihistamines": 0.41050878167152405, "medicines": 0.3984537124633789, "dosage": 0.3971133232116699, "low dose": 0.39508724212646484, "anti histamine": 0.3948059678077698, "prescription": 0.3918290138244629, "mg daily": 0.38433414697647095, "zyrtec": 0.3790268898010254, "stopped taking": 0.3745969831943512, "chronic urticaria": 0.3725918233394623, "hydroxyzine": 0.36687779426574707, "histamine intolerance": 0.365939199924469, "inhibitors": 0.3645816445350647, "claritin": 0.36278659105300903, "ketotifen": 0.3594512939453125, "started taking": 0.35797587037086487, "medication": 0.35574817657470703, "histamine levels": 0.3554936349391937, "been diagnosed": 0.355314701795578, "allergy shots": 0.354276180267334, "histamine diet": 0.35379940271377563, "took mg": 0.3521963953971863, "treatment": 0.3485960364341736, "idiopathic anaphylaxis": 0.34395548701286316, "compounding pharmacy": 0.34283995628356934, "adverse reactions": 0.34283214807510376, "stop taking": 0.34104064106941223, "treatment plan": 0.340770959854126, "oral cromolyn": 0.33795636892318726, "allergic rhinitis": 0.33750754594802856, "methylhistamine": 0.3366604745388031, "side effects": 0.3349616527557373, "pill": 0.3326319456100464, "prostaglandin": 0.33012741804122925, "similar symptoms": 0.3293706178665161}}