{"0": {"dermatographism": 0.4561450183391571, "allergist immunologist": 0.45036691427230835, "dermatitis": 0.44728654623031616, "allergy medication": 0.4368008077144623, "see dermatologist": 0.43595898151397705, "allergy medicine": 0.4275302290916443, "eczema": 0.4270436465740204, "developed dermatographia": 0.4238584637641907, "dermatographia": 0.4238288998603821, "am allergic": 0.4228975176811218, "allergy meds": 0.41897061467170715, "nickel allergy": 0.41177698969841003, "saw an allergist": 0.4075852632522583, "see an allergist": 0.4031175971031189, "dermatologist": 0.40178340673446655, "allergy tests": 0.39996230602264404, "itchy spots": 0.3959267735481262, "allergies or thyroid": 0.39586341381073, "antihistamine": 0.395774781703949, "allergist said": 0.3937876224517822, "allergic": 0.3917430639266968, "allergic to nickel": 0.390535831451416, "allergy test": 0.38984325528144836, "seasonal allergies": 0.38915085792541504, "taking antihistamines": 0.3884415924549103, "tested for allergies": 0.3880654573440552, "antihistamines": 0.38346096873283386, "allergy pill": 0.38283997774124146, "take antihistamines": 0.3828290104866028, "allergies": 0.38198548555374146, "super itchy": 0.3802819550037384, "allergy testing": 0.37951672077178955, "extremely itchy": 0.3765650987625122, "allergic reaction": 0.3758591413497925, "allergist": 0.3747698664665222, "allergic reactions": 0.3728335201740265, "constantly itchy": 0.37260502576828003, "allergy": 0.3685210347175598, "sensitive skin": 0.3613046109676361, "very itchy": 0.359768271446228, "allergist suggested": 0.3591575622558594, "food allergy": 0.35295605659484863, "thyroid disease": 0.352728009223938, "itchy": 0.34570765495300293, "lyme disease": 0.34420931339263916, "anti itch": 0.34245359897613525, "histamine intolerance": 0.3407578468322754, "allergen": 0.33881503343582153, "autoimmune disease": 0.33743229508399963, "thyroid issues": 0.33506935834884644}, "1": {"tattoo artist": 0.593420147895813, "getting tattoo": 0.5876524448394775, "tattoo": 0.5619434118270874, "tattoos": 0.5361142754554749, "dermatographia": 0.40875518321990967, "developed dermatographia": 0.3909072279930115, "dermatographism": 0.37833893299102783, "see dermatologist": 0.3207957446575165, "dermatologist": 0.31115639209747314, "dermatitis": 0.2861797511577606, "skin writing": 0.26620006561279297, "sensitive skin": 0.24647465348243713, "allergist immunologist": 0.2369021773338318, "dermographia": 0.23499098420143127, "eczema": 0.22096499800682068, "allergy tests": 0.21790826320648193, "skin writers": 0.21691296994686127, "skin moisturized": 0.21267524361610413, "nickel allergy": 0.2121027112007141, "allergy test": 0.21104095876216888, "allergic reactions": 0.20948092639446259, "allergic reaction": 0.20928260684013367, "am allergic": 0.20656543970108032, "allergy testing": 0.20573171973228455, "allergic to nickel": 0.20556652545928955, "thyroid cancer": 0.20556101202964783, "saw an allergist": 0.20264890789985657, "allergy medication": 0.202301487326622, "red ink": 0.2013157308101654, "allergist said": 0.19941236078739166, "thyroid issues": 0.19910499453544617, "itchy spots": 0.19793012738227844, "allergy meds": 0.19683650135993958, "allergy medicine": 0.19258204102516174, "extremely itchy": 0.19186349213123322, "tested for allergies": 0.18989627063274384, "hair removal": 0.1886020004749298, "skin": 0.18823668360710144, "allergic": 0.18769708275794983, "constantly itchy": 0.18645988404750824, "recently diagnosed": 0.18564574420452118, "scratch marks": 0.18562045693397522, "allergies or thyroid": 0.18537181615829468, "sore arm": 0.18456563353538513, "ink": 0.18090501427650452, "super itchy": 0.17964550852775574, "allergist suggested": 0.1786053478717804, "allergist": 0.17732062935829163, "moderna vaccine": 0.17689631879329681, "allergies": 0.17636404931545258}}