{"c_v": 0.25832235553014166, "c_npmi": -0.20836679375148576, "u_mass": -4.849336511519934, "c_uci": -6.175741255280195}