{"c_v": 0.2606359238087376, "c_npmi": -0.23158540724867488, "u_mass": -5.44538457452908, "c_uci": -7.141661129240262}