{"c_v": 0.3257187698455569, "c_npmi": -0.2800363918237155, "u_mass": -5.580747501612984, "c_uci": -8.211049706345893}