{"0": {"debilitating headaches": 0.4923779368400574, "frequent headaches": 0.4848313331604004, "severe headaches": 0.4787903428077698, "chronic headaches": 0.46867284178733826, "constant headache": 0.46579718589782715, "headaches": 0.46473437547683716, "headaches nausea": 0.4631408452987671, "headache": 0.4448651671409607, "bad headache": 0.42504018545150757, "dull headache": 0.4239421486854553, "brain tumor": 0.41809558868408203, "head hurts": 0.4179702401161194, "migraine meds": 0.4136044383049011, "neurologist": 0.4097587466239929, "neurologists": 0.4056985378265381, "neck pain": 0.4055953621864319, "migraine": 0.402324378490448, "migraines": 0.40198785066604614, "migraine therapy": 0.3976845145225525, "neurology": 0.39739447832107544, "brain tumour": 0.37663692235946655, "symptoms": 0.3747832775115967, "dizziness": 0.37258481979370117, "those symptoms": 0.37030643224716187, "neurological": 0.36514484882354736, "these symptoms": 0.35991567373275757, "symptom": 0.35578638315200806, "symptomatic": 0.3478274345397949, "nerve damage": 0.3460378646850586, "pain relief": 0.3458784222602844, "cerebrospinal": 0.34390056133270264, "pain meds": 0.342041552066803, "brain injury": 0.33831900358200073, "shoulder pain": 0.33407825231552124, "sharp pain": 0.33084404468536377, "cyst tumor": 0.33057519793510437, "tumor": 0.33044713735580444, "sinuses": 0.32858455181121826, "other symptoms": 0.32798096537590027, "diagnosed with hydrocephalus": 0.32748228311538696, "pains": 0.3262747824192047, "nerves": 0.32622137665748596, "brain bleeds": 0.32404911518096924, "optic nerve": 0.32389408349990845, "pain management": 0.3232327699661255, "tumors": 0.32218703627586365, "brain fog": 0.3208736777305603, "brain bleed": 0.32031625509262085, "benign brain": 0.32030510902404785, "nerve": 0.32027703523635864}, "1": {"emergency surgery": 0.3871206045150757, "surgery": 0.381594717502594, "surgery to remove": 0.37428998947143555, "brain surgery": 0.36571863293647766, "neuro surgeon": 0.3567730784416199, "neurosurgeons": 0.3548707365989685, "surgical": 0.3537929654121399, "neurosurgeon": 0.3470028042793274, "surgeon": 0.34351855516433716, "neurosurgery": 0.3428281247615814, "pediatric neurosurgeon": 0.34263432025909424, "surgeons": 0.34230291843414307, "surgeries": 0.34118664264678955, "brain surgeries": 0.3225190043449402, "chief neurosurgeon": 0.32251399755477905, "tumor removed": 0.3208869397640228, "neurosurgeon who": 0.3182131350040436, "tumor removal": 0.309950590133667, "surgeon said": 0.3052043318748474, "neurosurgeon says": 0.3027709722518921, "neurologist": 0.29361146688461304, "neurosurgeon said": 0.2920978367328644, "neurologists": 0.2876337468624115, "anesthesia": 0.28659188747406006, "neurology": 0.2846810221672058, "ventriculostomy": 0.28382426500320435, "aqueductal stenosis": 0.2755858898162842, "craniotomy": 0.2751960754394531, "brain tumour": 0.2736262083053589, "brain tumor": 0.2715272903442383, "congenital hydrocephalus": 0.2672082185745239, "shunt malfunction": 0.26583635807037354, "cerebrospinal": 0.26029500365257263, "benign tumor": 0.2601468861103058, "cyst tumor": 0.2591128349304199, "diagnosed with hydrocephalus": 0.2588789463043213, "benign tumour": 0.25786298513412476, "intracranial": 0.25501975417137146, "optic nerve": 0.2533697187900543, "neuro icu": 0.2525964379310608, "tumors": 0.2519703507423401, "optic nerves": 0.2514909505844116, "tumour": 0.250974178314209, "stenosis": 0.2509727478027344, "cerebrospinal fluid": 0.25094541907310486, "third ventriculostomy": 0.25091439485549927, "these surgeries": 0.25002843141555786, "benign brain": 0.24977797269821167, "neurological": 0.24778586626052856, "obstructive hydrocephalus": 0.24481232464313507}, "2": {"pediatric neurosurgeon": 0.38976407051086426, "diagnosed with hydrocephalus": 0.33120161294937134, "born with hydrocephalus": 0.3190780282020569, "congenital hydrocephalus": 0.3181791305541992, "neurology": 0.3115292489528656, "neurologist": 0.30718785524368286, "neurologists": 0.3019558787345886, "pediatric": 0.29824286699295044, "pediatrician": 0.2982042133808136, "neurosurgeons": 0.29771456122398376, "neurosurgeon": 0.2962653636932373, "chief neurosurgeon": 0.29045966267585754, "neuro surgeon": 0.28710877895355225, "neurosurgery": 0.27949059009552, "brain surgeries": 0.2742159962654114, "children hospital": 0.27292436361312866, "neurosurgeon says": 0.27151843905448914, "brain surgery": 0.27042609453201294, "hydrocephalus": 0.2697906792163849, "neurosurgeon who": 0.2688818871974945, "brain tumour": 0.26133349537849426, "congenital": 0.2576265335083008, "surgeon": 0.2568436563014984, "surgeries": 0.25678253173828125, "neurosurgeon said": 0.25614672899246216, "neurological": 0.2535246014595032, "surgeons": 0.25283578038215637, "emergency surgery": 0.25229373574256897, "neuro icu": 0.25055980682373047, "obstructive hydrocephalus": 0.2476077377796173, "doctors": 0.24585261940956116, "brain tumor": 0.24484258890151978, "benign tumour": 0.23853446543216705, "tumour": 0.23844510316848755, "benign brain": 0.23838558793067932, "aqueductal stenosis": 0.2365420162677765, "surgical": 0.2352035939693451, "diagnosed": 0.23499879240989685, "surgeon said": 0.2323293387889862, "weeks old": 0.23229336738586426, "born premature": 0.23194622993469238, "ultrasounds": 0.23067453503608704, "was diagnosed": 0.23001180589199066, "benign tumor": 0.22889849543571472, "cerebrospinal fluid": 0.22743850946426392, "surgery": 0.22552213072776794, "drs": 0.22464945912361145, "diagnosis": 0.22423146665096283, "ultrasound": 0.22399476170539856, "prognosis": 0.22357767820358276}, "3": {"neurosurgeon": 0.2986621856689453, "neurologist": 0.29521965980529785, "neurosurgeons": 0.29362714290618896, "neurology": 0.2916482388973236, "neurologists": 0.2879815697669983, "pediatric neurosurgeon": 0.2858748435974121, "brain surgeries": 0.2857249975204468, "diagnosed with hydrocephalus": 0.2826390862464905, "migraine therapy": 0.2821526527404785, "neuro surgeon": 0.28073590993881226, "neurosurgeon who": 0.27933192253112793, "anxiety depression": 0.2752423882484436, "neurosurgery": 0.26892727613449097, "chief neurosurgeon": 0.26834559440612793, "neurosurgeon says": 0.26655781269073486, "migraine meds": 0.2657182812690735, "therapy": 0.26550227403640747, "brain surgery": 0.2648070156574249, "therapist": 0.26400038599967957, "emergency surgery": 0.2632424533367157, "surgeries": 0.2627488970756531, "brain tumor": 0.2623779773712158, "chronic headaches": 0.26007887721061707, "medical issues": 0.2581005096435547, "neurological": 0.25459471344947815, "debilitating headaches": 0.25452107191085815, "brain tumour": 0.2524893581867218, "surgeons": 0.24077355861663818, "neurosurgeon said": 0.23928070068359375, "depression": 0.2392575442790985, "severe headaches": 0.23789432644844055, "hydrocephalus": 0.23557576537132263, "doctors": 0.23490506410598755, "surgeon": 0.23407332599163055, "obstructive hydrocephalus": 0.23182401061058044, "congenital hydrocephalus": 0.2315770387649536, "migraines": 0.230961412191391, "was diagnosed": 0.2309303879737854, "cerebrospinal": 0.2296241819858551, "diagnosed": 0.22875837981700897, "neuro icu": 0.22789865732192993, "symptoms": 0.22766776382923126, "hypochondriac": 0.2268538922071457, "pain relief": 0.2255377322435379, "frequent headaches": 0.22519028186798096, "migraine": 0.22497442364692688, "illness": 0.22456593811511993, "surgery": 0.22439241409301758, "diagnosis": 0.2233734428882599, "brain injury": 0.22266007959842682}, "4": {"hydrocephalus": 0.8037403225898743, "congenital hydrocephalus": 0.7963002920150757, "born with hydrocephalus": 0.7762110233306885, "obstructive hydrocephalus": 0.7743458151817322, "diagnosed with hydrocephalus": 0.75963294506073, "arrested hydrocephalus": 0.756118893623352, "communicating hydrocephalus": 0.7283123731613159, "hydrocephalus association": 0.7169721126556396, "cerebrospinal fluid": 0.5799217224121094, "hydro patients": 0.5724697113037109, "brain bleeds": 0.552701473236084,