{"c_v": 0.32020524956195273, "c_npmi": -0.3016586790111671, "u_mass": -4.493558243812507, "c_uci": -9.117923050334534}