{"0": {"smelling bad": 0.7089641094207764, "smells like": 0.6886553168296814, "smelly": 0.674007773399353, "body odor": 0.6629773378372192, "smelled like": 0.6605916023254395, "smells": 0.6589467525482178, "smell": 0.6513427495956421, "odors": 0.6492133140563965, "odor": 0.6485636234283447, "rotten smell": 0.6424590349197388, "these smells": 0.6404717564582825, "smelled": 0.6380972862243652, "started smelling": 0.6325157880783081, "body odour": 0.6316999197006226, "smelling": 0.6258140802383423, "stinks": 0.6231414079666138, "fecal odor": 0.6192916035652161, "cannot smell": 0.6158896684646606, "stink": 0.605846107006073, "always smelled": 0.5958195328712463, "test smelled": 0.594843327999115, "stinky": 0.5892766118049622, "scent": 0.5794897675514221, "fishy odor": 0.5445183515548706, "scented": 0.49630001187324524, "bad breath": 0.4912644624710083, "symptom": 0.4642619788646698, "poor hygiene": 0.4538089632987976, "my breath": 0.44176602363586426, "sick": 0.42335665225982666, "hygiene": 0.42168694734573364, "odour": 0.4214625358581543, "symptoms went": 0.4198199510574341, "similar symptoms": 0.4181094169616699, "it feels": 0.41148388385772705, "other symptoms": 0.4070751667022705, "symptoms": 0.4060424268245697, "breath": 0.3962576985359192, "feel better": 0.39579886198043823, "feels like": 0.390079528093338, "smelt": 0.38599133491516113, "feeling": 0.38585513830184937, "feels": 0.38576632738113403, "sniffing": 0.3843763470649719, "coughing": 0.38296616077423096, "like feces": 0.3823559284210205, "sniff": 0.38116955757141113, "feel like": 0.38067758083343506, "feel": 0.3806568384170532, "deodorant": 0.3771364092826843}, "1": {"took probiotics": 0.4869503974914551, "taking cephalexin": 0.4735741913318634, "taking antibiotics": 0.4707818627357483, "treatments over": 0.4548184871673584, "symptom": 0.4522032141685486, "poor hygiene": 0.44338902831077576, "had coli": 0.43676501512527466, "other symptoms": 0.4358448386192322, "symptoms went": 0.42762815952301025, "bad bacteria": 0.42485326528549194, "treatments only": 0.42277663946151733, "smelling bad": 0.41740089654922485, "similar symptoms": 0.41682183742523193, "probiotics for bv": 0.41641655564308167, "diagnosed with tmau": 0.412101149559021, "after taking": 0.4043058753013611, "hygiene": 0.402853786945343, "healthy": 0.4007720351219177, "symptoms": 0.39851051568984985, "health": 0.3956403136253357, "cure": 0.39499378204345703, "treatments": 0.3947877287864685, "probiotics": 0.3919021487236023, "usually coli": 0.39089977741241455, "treatment and another": 0.3897046148777008, "sick": 0.38841110467910767, "chronic": 0.3881406784057617, "probiotic": 0.38761937618255615, "kombucha pills": 0.3848728537559509, "treat": 0.38179442286491394, "started taking": 0.3813549280166626, "constipated": 0.37865039706230164, "been diagnosed": 0.3784327507019043, "malic acid": 0.3775770366191864, "supplements": 0.3771325945854187, "illness": 0.37573081254959106, "digestive": 0.37042975425720215, "treated": 0.3701115846633911, "cured": 0.36987030506134033, "bad breath": 0.3683652877807617, "cannot smell": 0.3681502342224121, "lactose intolerant": 0.36791837215423584, "test smelled": 0.3678540587425232, "treatment": 0.36288756132125854, "food triggers": 0.362881064414978, "medicine": 0.3616175651550293, "medical condition": 0.36142808198928833, "bv treatments": 0.3612731695175171, "antibiotics": 0.3594026565551758, "fecal odor": 0.35696035623550415}, "2": {"has anyone": 0.5531761050224304, "support group": 0.5429598093032837, "does anyone": 0.5227674245834351, "chat": 0.503665566444397, "anyone": 0.501725435256958, "hi everyone": 0.500633716583252, "community": 0.48853638768196106, "message me": 0.4841384291648865, "groups": 0.48263734579086304, "hang out": 0.4794415235519409, "group": 0.4794085621833801, "want to talk": 0.47904080152511597, "hello everyone": 0.47405779361724854, "meet": 0.47057056427001953, "other people": 0.4701758027076721, "anyone else": 0.4644559621810913, "social": 0.45820504426956177, "friends": 0.45603030920028687, "anybody": 0.4558228850364685, "join": 0.4525832533836365, "any other": 0.45162349939346313, "meeting": 0.4414639472961426, "you guys": 0.43203967809677124, "com": 0.43111249804496765, "feel free": 0.4297473430633545, "people who": 0.42664635181427, "be helpful": 0.4213905334472656, "met": 0.4189928472042084, "people": 0.4124104082584381, "hang in there": 0.41034722328186035, "listen": 0.4097346067428589, "discord": 0.40770667791366577, "anywhere": 0.40713828802108765, "many people": 0.4067263901233673, "hi": 0.40585410594940186, "sharing": 0.40491199493408203, "supportive": 0.4048401117324829, "friend": 0.4045092463493347, "everyone else": 0.4044269323348999, "hello": 0.4041759967803955, "message": 0.40168464183807373, "everyone": 0.4016837477684021, "social life": 0.39955058693885803, "pepto bismol": 0.39780497550964355, "are experiencing": 0.39713507890701294, "posted": 0.39702391624450684, "any": 0.3960176110267639, "those who": 0.39380669593811035, "reddit": 0.39158496260643005, "my family": 0.3908940553665161}, "3": {"deodorant": 0.7077189087867737, "body wash": 0.557478129863739, "hygiene": 0.5565036535263062, "poor hygiene": 0.5489177703857422, "cleanse": 0.5394301414489746, "body washes": 0.5320630073547363, "washes": 0.5249691009521484, "able to cleanse": 0.5237417221069336, "wash": 0.5219524502754211, "washing": 0.5098721981048584, "ph soap": 0.5057624578475952, "body odour": 0.4997456669807434, "soaps": 0.4993184804916382, "smelling bad": 0.49740076065063477, "smelly": 0.48821014165878296, "cleaning": 0.4878581762313843, "body odor": 0.4777774512767792, "detergent": 0.47208988666534424, "these smells": 0.4673246145248413, "smells like": 0.462408185005188, "smelled like": 0.461884468793869, "test smelled": 0.460681289434433, "clean": 0.45546650886535645, "soap": 0.45504915714263916, "odor": 0.45129600167274475, "smell": 0.449245810508728, "smelled": 0.4455845355987549, "smells": 0.4434375464916229, "showered": 0.44079193472862244, "rotten smell": 0.4407787024974823, "spray": 0.4357450306415558, "acid powder": 0.4308599829673767, "scented": 0.4282924234867096, "showering": 0.42714232206344604, "odors": 0.42618703842163086, "cannot smell": 0.4244458079338074, "perfume": 0.42440903186798096, "scent": 0.42151230573654175, "fecal odor": 0.41942790150642395, "smelling": 0.4185897707939148, "fishy odor": 0.41845637559890747, "stinky": 0.4092341661453247, "stinks": 0.40317755937576294, "chlorella": 0.3981740474700928, "started smelling": 0.39712727069854736, "after shower": 0.3897607922554016, "shower": 0.38788944482803345, "stink": 0.3803659677505493, "always smelled": 0.37943291664123535, "laundry": 0.3634430468082428}}