{"c_v": 0.3619376657505801, "c_npmi": -0.20670340429242795, "u_mass": -7.844543883728692, "c_uci": -6.87466396329454}