{"c_v": 0.2754875894897514, "c_npmi": -0.24852449731137602, "u_mass": -3.7396751263870054, "c_uci": -7.92091470337787}