{"0": {"spontaneous orgasms": 0.5330257415771484, "see doctor": 0.5055215358734131, "pelvic pain": 0.5019658207893372, "constantly aroused": 0.48988792300224304, "genital arousal": 0.47146719694137573, "premature ejaculation": 0.4555889964103699, "tingling sensation": 0.44639092683792114, "these symptoms": 0.42112037539482117, "urge to masturbate": 0.40537765622138977, "sex drive": 0.40351438522338867, "reach orgasm": 0.3987562656402588, "unwanted arousal": 0.39608415961265564, "orgasm": 0.3905680477619171, "sexual dysfunction": 0.38908272981643677, "burning sensation": 0.38507264852523804, "orgasms": 0.38186728954315186, "orgasming": 0.38160842657089233, "diagnosis": 0.3770758807659149, "interstitial cystitis": 0.3763306140899658, "vaginal": 0.3762521743774414, "constant arousal": 0.37560415267944336, "ejaculate": 0.3739204406738281, "sexual thoughts": 0.37189972400665283, "symptoms": 0.37104159593582153, "weird feeling": 0.36801961064338684, "spasms": 0.36722177267074585, "pain disorder": 0.3657071590423584, "ejaculation": 0.3649873733520508, "symptom": 0.36322474479675293, "discomfort": 0.36139577627182007, "stimulation": 0.36102360486984253, "constant urge": 0.3592812418937683, "sensations": 0.3588346838951111, "erection": 0.35805946588516235, "pelvic": 0.3545766770839691, "urges": 0.3523300588130951, "sensation": 0.34795358777046204, "neuralgia": 0.3444567322731018, "these sensations": 0.3403376340866089, "periods": 0.33979561924934387, "throbbing": 0.3370227813720703, "pelvic stretches": 0.3358757495880127, "masturbating": 0.33528682589530945, "uncomfortable": 0.33127039670944214, "pelvic pt": 0.33055785298347473, "anxiety": 0.3297339975833893, "pudendal neuralgia": 0.32760733366012573, "really uncomfortable": 0.3274000585079193, "urinary tract": 0.32480382919311523, "long periods": 0.32301604747772217}, "1": {"treatment options": 0.4688186049461365, "pelvic pain": 0.4680072069168091, "pain disorder": 0.44347625970840454, "diagnosed": 0.43133029341697693, "diagnosis": 0.42762094736099243, "pain specialist": 0.40414172410964966, "developed pgad": 0.4039454460144043, "pelvic pt": 0.40286725759506226, "pgad": 0.39892226457595825, "see doctor": 0.3942718505859375, "pelvic": 0.3940061330795288, "suffer": 0.3922727108001709, "treatment": 0.38520991802215576, "been suffering": 0.3833354413509369, "pelvic stretches": 0.37924814224243164, "treatments": 0.3748725652694702, "neuralgia": 0.3721620440483093, "spasms": 0.3632380962371826, "any medications": 0.3545583486557007, "pelvic region": 0.3526807129383087, "suffered": 0.3503519594669342, "physical therapy": 0.3470134139060974, "discomfort": 0.3468410074710846, "therapy": 0.34663838148117065, "interstitial cystitis": 0.34498441219329834, "pelvic area": 0.3416162431240082, "pudendal neuralgia": 0.3400022089481354, "these symptoms": 0.3387982249259949, "your doctor": 0.33871960639953613, "depression": 0.33854618668556213, "symptom": 0.33554548025131226, "ssris": 0.3345128297805786, "acupuncture": 0.33248424530029297, "very depressed": 0.3297305703163147, "depressant": 0.3293650150299072, "ssri": 0.32842278480529785, "disorders": 0.3153783082962036, "restless leg": 0.313490629196167, "pelvic floor": 0.31186211109161377, "therapist": 0.3113369345664978, "pain": 0.31003373861312866, "depressed": 0.30970558524131775, "get better": 0.3081011474132538, "stopped taking": 0.30699387192726135, "symptoms": 0.3057750463485718, "treated": 0.30287662148475647, "this disorder": 0.30250608921051025, "relieve myself": 0.30193787813186646, "chronic": 0.299215167760849, "suffering": 0.2975831627845764}, "2": {"antidepressants": 0.5594403743743896, "anti depressants": 0.5490491390228271, "anti depressant": 0.5357345938682556, "antidepressant": 0.5331141352653503, "depressants": 0.5067121982574463, "ssri": 0.4869059920310974, "ssris": 0.45307469367980957, "depressant": 0.4527485966682434, "treatment options": 0.44167691469192505, "prozac": 0.44138285517692566, "any medications": 0.434455931186676, "prescribed": 0.4304097890853882, "stopped taking": 0.4154181480407715, "serotonin": 0.4082479476928711, "medications": 0.4021384119987488, "side effects": 0.3730444312095642, "started taking": 0.37189817428588867, "low dose": 0.3483204245567322, "anxiety": 0.34785914421081543, "treatment": 0.34710484743118286, "see doctor": 0.34643155336380005, "meds": 0.34536653757095337, "medication": 0.3427552580833435, "panic attacks": 0.34064173698425293, "depression": 0.3374316692352295, "sex drive": 0.3354306221008301, "stress and anxiety": 0.3344991207122803, "panic attack": 0.3308255672454834, "these symptoms": 0.32982155680656433, "treatments": 0.3290932774543762, "pain disorder": 0.32356011867523193, "restless": 0.32249587774276733, "neuralgia": 0.3200450837612152, "restless leg": 0.3135699927806854, "side effect": 0.30238354206085205, "constant arousal": 0.2998653054237366, "developed pgad": 0.2988814115524292, "unwanted arousal": 0.2972485423088074, "symptom": 0.29445162415504456, "diagnosed": 0.29387930035591125, "birth control": 0.29322516918182373, "acupuncture": 0.29099342226982117, "pill": 0.28746986389160156, "constantly aroused": 0.28687983751296997, "psychiatrist": 0.2867586612701416, "pelvic pain": 0.2866237163543701, "suffer": 0.2838457226753235, "depressed": 0.28081023693084717, "gabapentin": 0.2770721912384033, "tingling sensation": 0.27701860666275024}}