{"0": {"severe neuropathy": 0.4578441381454468, "neurological symptoms": 0.4165152311325073, "numbness tingling": 0.4069616198539734, "tingling numbness": 0.40302690863609314, "gabapentin": 0.4009023606777191, "occasional numbness": 0.3995407223701477, "pinched nerve": 0.39066794514656067, "nerve pain": 0.3846062123775482, "peripheral neuropathy": 0.37854570150375366, "rheumatologist": 0.3768969774246216, "numbness and tingling": 0.3744189143180847, "numbness": 0.37438681721687317, "constant pain": 0.373335063457489, "lyrica": 0.36880940198898315, "nerve biopsy": 0.36774420738220215, "neuropathy": 0.3677413761615753, "neurologist": 0.36651158332824707, "muscle spasms": 0.3652935028076172, "nerve damage": 0.36460596323013306, "see neurologist": 0.3577626347541809, "multiple sclerosis": 0.3524731993675232, "diagnoses": 0.3517141342163086, "physio": 0.3428703546524048, "neurologist who": 0.34154433012008667, "neurologists": 0.34129300713539124, "physiotherapy": 0.3408137261867523, "bells palsy": 0.3397490978240967, "palsy": 0.3339419364929199, "mris": 0.3333911895751953, "urgent care": 0.32916688919067383, "neuromuscular disease": 0.32808178663253784, "lumbar": 0.3274986445903778, "tingling": 0.32617470622062683, "physical therapy": 0.3249773383140564, "medical advice": 0.3247721791267395, "diagnosed with gbs": 0.3241753578186035, "diagnosed": 0.32329970598220825, "symptoms": 0.32313477993011475, "chronic pain": 0.32301485538482666, "diagnosis prednisone": 0.3221678137779236, "spasms": 0.3216571807861328, "completely paralysed": 0.32159310579299927, "physiotherapist": 0.32139909267425537, "body aches": 0.31788545846939087, "paralysis": 0.3163924813270569, "referral to neurologist": 0.3158150315284729, "go to the er": 0.31439408659935, "muscle atrophy": 0.3139333426952362, "neuromuscular": 0.31344643235206604, "misdiagnosed": 0.3127673864364624}, "1": {"covid vaccine": 0.5542627573013306, "moderna vaccine": 0.5513581037521362, "flu vaccine": 0.542805016040802, "vaccine": 0.5330212712287903, "flu shot": 0.5266963243484497, "get vaccinated": 0.5201141834259033, "covid vaccination": 0.5156685709953308, "flu vaccines": 0.5147300958633423, "vaccine injury": 0.5081484317779541, "pfizer vaccine": 0.5044811367988586, "vaccinated": 0.5020169019699097, "vaccination": 0.49855905771255493, "covid vaccines": 0.48905402421951294, "vaccines": 0.48561713099479675, "vaccinations": 0.48302918672561646, "influenza vaccination": 0.47888705134391785, "flu shots": 0.4572388529777527, "tdap": 0.44539520144462585, "other vaccines": 0.4301629662513733, "following vaccination": 0.4245360195636749, "herd immunity": 0.41231250762939453, "anti vax": 0.3999520242214203, "mrna vaccines": 0.3938724994659424, "aseptic meningitis": 0.3907594680786133, "mrna vaccine": 0.375274658203125, "meningitis": 0.3694865107536316, "vax": 0.35989677906036377, "bout of flu": 0.34818342328071594, "antibody": 0.3433915972709656, "tetanus shot": 0.34302017092704773, "antibodies": 0.33459562063217163, "immune": 0.333207905292511, "antigen": 0.32869821786880493, "immune response": 0.32151323556900024, "flu": 0.3197508156299591, "immune disorder": 0.3167489469051361, "influenza disease": 0.31454288959503174, "diagnosed with gbs": 0.3136867880821228, "subq": 0.31321609020233154, "viral": 0.3119516968727112, "immune systems": 0.308165967464447, "tetanus": 0.3069925904273987, "gbs patients": 0.30362653732299805, "immunity": 0.3011709451675415, "jab": 0.3010430932044983, "cdc": 0.2956390976905823, "swine flu": 0.2931041121482849, "autoimmune diseases": 0.2930558919906616, "immune system": 0.2913868725299835, "compromised immune": 0.2885298430919647}}