{"c_v": 0.5689113316635377, "c_npmi": -0.12039276236084549, "u_mass": -2.254017773402301, "c_uci": -4.856576951306825}