{"c_v": 0.3896556035476767, "c_npmi": -0.14370788564150905, "u_mass": -1.6337562621181965, "c_uci": -4.983163115082437}