{"0": {"endocrinologist": 0.3835572302341461, "thyroid issues": 0.35315555334091187, "acromegaly": 0.35196453332901, "pituitary tumor": 0.3476419448852539, "pituitary gland": 0.31578516960144043, "symptoms": 0.30447348952293396, "swelling": 0.30146676301956177, "prolactin levels": 0.2965647876262665, "pituitary": 0.2939005494117737, "thyroid": 0.29215770959854126, "pre surgery": 0.2895629405975342, "tumour": 0.2893914580345154, "growth hormone": 0.28571242094039917, "diagnosed": 0.2851371765136719, "blood work": 0.28332000970840454, "cyst": 0.2813814580440521, "post surgery": 0.2806769609451294, "other symptoms": 0.2769760191440582, "hgh": 0.2747672200202942, "elevated igf": 0.2699736952781677, "blood test": 0.264743834733963, "prolactin": 0.2645277976989746, "blood tests": 0.26153093576431274, "tumor": 0.2575169801712036, "side effects": 0.2558220624923706, "growth plates": 0.2551611661911011, "high igf": 0.25508347153663635, "surgery": 0.2540293335914612, "hair loss": 0.2478025257587433, "was diagnosed": 0.24747171998023987, "diagnosis": 0.23916131258010864, "endocrine": 0.23601731657981873, "gland": 0.2332460582256317, "hormone levels": 0.23307478427886963, "daily injections": 0.23117250204086304, "surgeries": 0.23024848103523254, "igf levels": 0.22947348654270172, "mri": 0.2248111069202423, "facial": 0.21983934938907623, "facial features": 0.2165432870388031, "injections": 0.2130153775215149, "severe": 0.210952490568161, "jaw": 0.20824965834617615, "oily skin": 0.2063351571559906, "weight gain": 0.20505309104919434, "headaches": 0.20314466953277588, "my face": 0.20207563042640686, "normal range": 0.20122891664505005, "bone growth": 0.19999167323112488, "growth": 0.1981474757194519}, "1": {"endocrinologist": 0.4679774343967438, "prolactin levels": 0.43979138135910034, "elevated igf": 0.4295242428779602, "pituitary tumor": 0.42455047369003296, "high igf": 0.403470516204834, "thyroid issues": 0.39589571952819824, "igf levels": 0.39370688796043396, "prolactin": 0.3931393623352051, "pituitary": 0.38771337270736694, "blood work": 0.3845689296722412, "pituitary gland": 0.3626149296760559, "thyroid": 0.3460683524608612, "diagnosed": 0.3456883430480957, "blood test": 0.34390759468078613, "hormone levels": 0.3424112796783447, "blood tests": 0.33574405312538147, "cyst": 0.3294582962989807, "tumour": 0.32234686613082886, "endocrine": 0.32179728150367737, "growth hormone": 0.3193624019622803, "igf": 0.3189839720726013, "acromegaly": 0.31467205286026, "hgh": 0.3114541471004486, "was diagnosed": 0.30604100227355957, "tumor": 0.297036737203598, "diagnosis": 0.28912127017974854, "hormone": 0.28323107957839966, "mri": 0.2803216576576233, "endo said": 0.27769505977630615, "symptoms": 0.27734455466270447, "endo": 0.2766258120536804, "normal range": 0.27600011229515076, "diabetes insipidus": 0.26764267683029175, "growth plates": 0.2601020932197571, "tumors": 0.25211596488952637, "gland": 0.2450956404209137, "daily injections": 0.24154338240623474, "other symptoms": 0.23709458112716675, "injections": 0.23253750801086426, "pregnant": 0.2241135537624359, "diabetes": 0.2240491360425949, "insulin resistance": 0.22136858105659485, "hormones": 0.22122696042060852, "lab work": 0.220075786113739, "neurosurgeon": 0.21772535145282745, "swelling": 0.21592402458190918, "insulin": 0.21573132276535034, "hair loss": 0.2046838253736496, "glucose tolerance": 0.19902580976486206, "elevated": 0.1945091187953949}}