{"0": {"cold urticaria": 0.6153662204742432, "urticaria": 0.5674046277999878, "aquagenic urticaria": 0.5639326572418213, "hives": 0.5265010595321655, "allergic reaction": 0.4837917685508728, "antihistamines": 0.4619141221046448, "induced urticaria": 0.4606840908527374, "allergy meds": 0.44764697551727295, "allergy": 0.44366902112960815, "rashes": 0.44014352560043335, "histamine": 0.437713623046875, "rash": 0.43550747632980347, "allergic reactions": 0.43234485387802124, "allergy medication": 0.43187856674194336, "itchiness": 0.4258797764778137, "antihistamine": 0.4203891456127167, "covered in hives": 0.4203636944293976, "allergy medicine": 0.42007148265838623, "welts": 0.41990572214126587, "taking antihistamines": 0.4174741804599762, "anaphylaxis": 0.4170854389667511, "anaphylactic shock": 0.4012114405632019, "allergy shots": 0.39940324425697327, "allergies": 0.3974423408508301, "take an antihistamine": 0.3952556848526001, "allergic": 0.3931318521499634, "allergist told": 0.390876829624176, "allergy pills": 0.3813125491142273, "allergist": 0.37537717819213867, "zyrtec": 0.37522366642951965, "anaphylactic": 0.36652272939682007, "itchy": 0.3577747344970703, "itching": 0.35674941539764404, "eczema": 0.35443174839019775, "itch": 0.34490442276000977, "cold showers": 0.3388880789279938, "swelling": 0.3284762501716614, "benadryl": 0.32747113704681396, "cold weather": 0.3263765871524811, "allegra": 0.32575005292892456, "cold uticaria": 0.32574450969696045, "claritin": 0.3248010575771332, "swollen": 0.32251065969467163, "epipen": 0.31314152479171753, "cold": 0.3115348219871521, "hot shower": 0.3104444146156311, "cold drinks": 0.30961155891418457, "stay warm": 0.30710387229919434, "symptom": 0.30369943380355835, "cold water": 0.30334725975990295}, "1": {"hives": 0.7695843577384949, "aquagenic urticaria": 0.6751030683517456, "urticaria": 0.6691169738769531, "covered in hives": 0.6358716487884521, "cold urticaria": 0.6251879334449768, "induced urticaria": 0.5323136448860168, "allergic reaction": 0.5176967978477478, "histamine": 0.4875045418739319, "eczema": 0.4723042845726013, "rashes": 0.4680812954902649, "antihistamines": 0.4662002921104431, "itchiness": 0.4619830548763275, "allergy": 0.4615107774734497, "taking antihistamines": 0.45824044942855835, "allergy meds": 0.449599027633667, "allergic reactions": 0.4494847059249878, "rash": 0.4491802155971527, "allergy medication": 0.4443296194076538, "anaphylaxis": 0.4380577802658081, "welts": 0.4371652603149414, "antihistamine": 0.43316489458084106, "allergy shots": 0.4324198365211487, "allergy medicine": 0.4239422678947449, "allergist": 0.417350709438324, "itching": 0.41499143838882446, "itchy": 0.41243597865104675, "anaphylactic": 0.4066576361656189, "allergic": 0.4039526581764221, "itch": 0.3987351655960083, "allergy pills": 0.3985466957092285, "allergist told": 0.39371925592422485, "zyrtec": 0.3887495994567871, "anaphylactic shock": 0.3880091905593872, "benadryl": 0.3876270651817322, "take an antihistamine": 0.38709330558776855, "allergies": 0.37893053889274597, "hive": 0.32046329975128174, "epipen": 0.2986045479774475, "claritin": 0.2979053854942322, "red dots": 0.28716468811035156, "allegra": 0.28604453802108765, "dermatologist": 0.2809785306453705, "asthma": 0.2756327688694, "scratching": 0.26523467898368835, "acid reflux": 0.26038503646850586, "take allegra": 0.25748351216316223, "breathing problems": 0.24974480271339417, "swollen": 0.24787363409996033, "anxiety": 0.2288925051689148, "cold showers": 0.22693483531475067}}