{"c_v": 0.29884449427589277, "c_npmi": -0.14381815037032297, "u_mass": -2.2245205779224446, "c_uci": -3.909103566355191}