{"c_v": 0.42461983778256585, "c_npmi": -0.31111457685267996, "u_mass": -12.830336869615895, "c_uci": -9.410416242016328}