{"c_v": 0.35427185834579206, "c_npmi": -0.20973532742716108, "u_mass": -7.004553277598669, "c_uci": -6.667543506907229}