{"0": {"zika virus": 0.6384589672088623, "zika": 0.47744137048721313, "infectious disease": 0.42655515670776367, "infectious diseases": 0.4190080761909485, "virus infection": 0.4116019010543823, "epidemic": 0.4076728820800781, "outbreak": 0.402721643447876, "emerging infectious": 0.3974733352661133, "viruses": 0.3967210054397583, "virus": 0.38882482051849365, "infectious": 0.3848390579223633, "been infected": 0.38343554735183716, "outbreaks": 0.37883731722831726, "zikv infection": 0.3773069977760315, "mosquito borne": 0.3769240379333496, "infect dis": 0.3764808475971222, "viral": 0.37353581190109253, "women infected": 0.3734581768512726, "infected": 0.3708418607711792, "ebola": 0.3705808222293854, "vaccine": 0.3661608397960663, "vaccines": 0.35776764154434204, "diseases": 0.3551102578639984, "aedes mosquitoes": 0.34933605790138245, "vaccine trial": 0.34910261631011963, "centers for disease": 0.3478202819824219, "disease": 0.34515342116355896, "severe microcephaly": 0.3382798433303833, "mosquito control": 0.33663612604141235, "infect": 0.3316519856452942, "viral load": 0.33072566986083984, "mosquitoes": 0.32014158368110657, "illness": 0.31581175327301025, "disease control": 0.3100801706314087, "infection during": 0.30896279215812683, "mosquito": 0.3084503412246704, "fever": 0.30571967363357544, "mosquitos": 0.3035050630569458, "disease journal": 0.30147603154182434, "infections": 0.2880025804042816, "sexually transmitted": 0.28512081503868103, "dengue": 0.28368937969207764, "microcephaly": 0.2829129993915558, "prior dengue": 0.28049641847610474, "birth defects": 0.27939945459365845, "birth defect": 0.2729944884777069, "infection": 0.2688240110874176, "congenital": 0.26837968826293945, "morbidity and mortality": 0.26233047246932983, "brain damage": 0.2528823912143707}, "1": {"rio olympics": 0.6039559841156006, "olympics": 0.5229259133338928, "zika virus": 0.3001928925514221, "rio": 0.2898920178413391, "zika": 0.2748747169971466, "ebola": 0.25858694314956665, "risk": 0.2534063458442688, "outbreak": 0.24120232462882996, "emerging infectious": 0.2371114194393158, "brazilian": 0.2320401668548584, "outbreaks": 0.23166432976722717, "infectious disease": 0.2292529046535492, "infectious": 0.22889405488967896, "infectious diseases": 0.21892178058624268, "brazil": 0.2164817750453949, "epidemic": 0.21229718625545502, "women infected": 0.21093329787254333, "been infected": 0.2087835818529129, "zikv infection": 0.20865797996520996, "emergency committee": 0.20330452919006348, "global health": 0.20236290991306305, "infect dis": 0.2016221582889557, "viral load": 0.19444933533668518, "virus infection": 0.191570445895195, "infection during": 0.1895260512828827, "infections": 0.1869831383228302, "infected": 0.1850833296775818, "crisis": 0.18274074792861938, "centers for disease": 0.1789282262325287, "dengue": 0.17823834717273712, "aedes aegypti": 0.17700877785682678, "caused": 0.17697089910507202, "world health": 0.17600730061531067, "prior dengue": 0.1757763773202896, "infect": 0.17165358364582062, "infection": 0.17119905352592468, "vaccine": 0.17111936211585999, "viral": 0.17109540104866028, "emergency": 0.17072874307632446, "severe": 0.1689150631427765, "health officials": 0.16820459067821503, "exposed": 0.16512466967105865, "diseases": 0.16479870676994324, "ae aegypti": 0.16469094157218933, "will be": 0.16466480493545532, "threat": 0.1635570526123047, "disease": 0.16066581010818481, "brain damage": 0.16061444580554962, "officials say": 0.1602526754140854, "causes": 0.16014215350151062}}