{"0": {"malaria": 0.7731523513793945, "malaria vaccine": 0.6884975433349609, "mosquitoes": 0.5018457174301147, "mosquito": 0.49096107482910156, "plasmodium": 0.4169706106185913, "sickle cell": 0.31982797384262085, "disease": 0.30686914920806885, "vaccine": 0.209040567278862, "africa": 0.20139896869659424, "blood": 0.17881733179092407, "treatment": 0.14093630015850067, "infection": 0.1347566395998001, "anti": 0.13188029825687408, "symptoms": 0.11159719526767731, "african": 0.10057569295167923, "world": 0.08221794664859772, "control": 0.0748087540268898, "know": 0.04698418825864792, "all": 0.03471533954143524, "because": 0.033640701323747635, "would": 0.028702056035399437, "but": 0.027837097644805908, "its": 0.023315418511629105, "against": 0.02108069509267807, "take": 0.016466420143842697, "help": 0.015909913927316666, "more than": 0.011241932399570942, "for": 0.003757921978831291, "how": 0.0013766721822321415, "been": 0.00028585316613316536, "no": -0.001092810183763504, "any": -0.0022679055109620094, "have been": -0.004930252209305763, "has": -0.005505770444869995, "what": -0.00557389110326767, "or": -0.006228241138160229, "year": -0.006427254993468523, "thank you": -0.008454845286905766, "which": -0.008828899823129177, "first": -0.009145516902208328, "get": -0.010306326672434807, "day": -0.010935895144939423, "after": -0.013419007882475853, "be": -0.01431266963481903, "more": -0.01682055927813053, "like": -0.018588639795780182, "does": -0.018920613452792168, "have": -0.018962744623422623, "is": -0.021667879074811935, "me": -0.021780110895633698}, "1": {"malaria": 0.5297203063964844, "malaria vaccine": 0.4645308256149292, "plasmodium": 0.38947761058807373, "mosquito": 0.38446786999702454, "mosquitoes": 0.3836559057235718, "disease": 0.2794310450553894, "sickle cell": 0.25378477573394775, "vaccine": 0.2375844120979309, "africa": 0.21832990646362305, "treatment": 0.21630337834358215, "symptoms": 0.20158039033412933, "anti": 0.19593028724193573, "african": 0.17849299311637878, "infection": 0.17179790139198303, "blood": 0.17142394185066223, "has": 0.13291220366954803, "against": 0.09712852537631989, "an": 0.09385278820991516, "help": 0.09118087589740753, "is": 0.08631211519241333, "had": 0.08608170598745346, "have": 0.08396866172552109, "who": 0.0835353434085846, "any": 0.08009423315525055, "have been": 0.07951751351356506, "which": 0.0780722126364708, "so": 0.07609672844409943, "about": 0.07605007290840149, "thank you": 0.07423841208219528, "would": 0.0712985247373581, "but": 0.06853079050779343, "year": 0.06751903146505356, "one": 0.06694547832012177, "am": 0.06573879718780518, "are": 0.06566403061151505, "also": 0.06466209888458252, "should": 0.06318101286888123, "was": 0.06280850619077682, "did not": 0.05994525924324989, "all": 0.05955464765429497, "does": 0.059468623250722885, "been": 0.058886803686618805, "did": 0.057967327535152435, "world": 0.05486778914928436, "no": 0.05473363399505615, "what": 0.054730817675590515, "first": 0.05441505089402199, "after": 0.05289691686630249, "with": 0.047681741416454315, "do you": 0.047191012650728226}, "2": {"malaria vaccine": 0.7788479328155518, "malaria": 0.5852082371711731, "vaccine": 0.46133261919021606, "mosquito": 0.3765034079551697, "mosquitoes": 0.37620651721954346, "plasmodium": 0.30621862411499023, "africa": 0.24848471581935883, "sickle cell": 0.24545705318450928, "disease": 0.20754079520702362, "african": 0.13930538296699524, "blood": 0.1183033436536789, "anti": 0.10426151007413864, "world": 0.06997586786746979, "first": 0.06968317180871964, "infection": 0.06013078987598419, "its": 0.036574460566043854, "treatment": 0.02965344861149788, "because": 0.020829979330301285, "against": 0.019461926072835922, "take": 0.0146451685577631, "be": 0.013824675232172012, "get": 0.013692215085029602, "control": 0.011841783300042152, "new": 0.01165088638663292, "but": 0.009593557566404343, "year": 0.009311221539974213, "which": 0.008159290999174118, "symptoms": 0.006660202518105507, "or": 0.006063226610422134, "would": 0.00403055502101779, "should": 0.0031311921775341034, "has": 0.0006632991135120392, "who": -0.0001766253262758255, "no": -0.0005285702645778656, "have been": -0.0013951882719993591, "all": -0.005093960091471672, "also": -0.009724194183945656, "me": -0.0099196070805192, "more": -0.01201589871197939, "have": -0.012500794604420662, "it is": -0.013150988146662712, "for": -0.013265099376440048, "that": -0.015169123187661171, "been": -0.015516694635152817, "know": -0.016358785331249237, "it": -0.016934294253587723, "our": -0.017810937017202377, "people": -0.01795351505279541, "an": -0.018056664615869522, "day": -0.019577568396925926}}