{"c_v": 0.2615243513857195, "c_npmi": -0.21282738007337507, "u_mass": -6.030732513478644, "c_uci": -6.986977913496003}