{"0": {"my eardrum": 0.7466793060302734, "ear infection": 0.7261871695518494, "ear infections": 0.7072909474372864, "eardrum": 0.704369306564331, "ear drops": 0.6771359443664551, "ear canal": 0.673941969871521, "left ear": 0.6659228801727295, "ears": 0.660514235496521, "ear": 0.6578367948532104, "middle ear": 0.6543486714363098, "both ears": 0.6533907651901245, "right ear": 0.6489366888999939, "inner ear": 0.6487668752670288, "ear wax": 0.63787841796875, "hearing loss": 0.5513830184936523, "hearing aid": 0.4904816150665283, "hearing bones": 0.4765703082084656, "hearing": 0.4755694270133972, "cannot hear": 0.47321587800979614, "hearing aids": 0.45359230041503906, "hearing test": 0.452262818813324, "vertigo": 0.4445435106754303, "been diagnosed": 0.41862523555755615, "ear drum": 0.4119853377342224, "was diagnosed": 0.40805187821388245, "neck": 0.4077480733394623, "completely deaf": 0.40252721309661865, "deaf": 0.40165457129478455, "headphones": 0.39461782574653625, "dizziness": 0.3946063816547394, "able to hear": 0.39322128891944885, "diagnosed with cholesteatoma": 0.3916771709918976, "mastoidectomy": 0.3881760239601135, "tympanoplasty": 0.38423722982406616, "dizzy": 0.3717374801635742, "doctor said": 0.37069225311279297, "diagnosed": 0.3696126937866211, "muffled": 0.3637608587741852, "surgeon said": 0.3534400463104248, "mastoid cavity": 0.34956395626068115, "doc": 0.3472234606742859, "complications": 0.3466278314590454, "doctor told": 0.34328824281692505, "symptoms": 0.33052951097488403, "sharp pain": 0.3283230662345886, "cholesteatoma removed": 0.32709383964538574, "facial paralysis": 0.32405924797058105, "sorry to hear": 0.3237525224685669, "sound": 0.32101789116859436, "congenital cholesteatoma": 0.32012349367141724}, "1": {"diagnosed with cholesteatoma": 0.6630986928939819, "cholesteatoma": 0.5952298641204834, "cholesteatoma removed": 0.5933615565299988, "congenital cholesteatoma": 0.5755764245986938, "cholesteatomas": 0.49301064014434814, "second surgery": 0.46665629744529724, "pre surgery": 0.4594566226005554, "surgery": 0.4509420394897461, "first surgery": 0.44394832849502563, "surgeon said": 0.44298622012138367, "been diagnosed": 0.42871424555778503, "ear infection": 0.42836177349090576, "two surgeries": 0.4279840588569641, "ear infections": 0.41827645897865295, "was diagnosed": 0.4154711961746216, "my eardrum": 0.41030174493789673, "ear wax": 0.4101927876472473, "diagnosed": 0.3974764347076416, "surgeries": 0.39654314517974854, "surgeon": 0.3941021263599396, "tumor": 0.3875856399536133, "middle ear": 0.37933745980262756, "doctor said": 0.37787681818008423, "ear canal": 0.3720865547657013, "mastoidectomy": 0.36508315801620483, "eardrum": 0.3645426630973816, "doc": 0.3604539632797241, "ear drops": 0.3537976145744324, "left ear": 0.3495732545852661, "complications": 0.34788036346435547, "doctor told": 0.3457190990447998, "ct scans": 0.3450246751308441, "inner ear": 0.3390531837940216, "diagnosis": 0.3358405828475952, "right ear": 0.3313494026660919, "medical advice": 0.3301854729652405, "ear": 0.330041766166687, "doctor": 0.3288961946964264, "appointment": 0.3259192109107971, "ct scan": 0.3257911801338196, "both ears": 0.32497215270996094, "ears": 0.3153274357318878, "doctors": 0.3132271468639374, "dr": 0.31197836995124817, "pain meds": 0.31155717372894287, "medical": 0.3108287453651428, "hospital": 0.30916404724121094, "incision": 0.3082284927368164, "tympanoplasty": 0.30556005239486694, "sharp pain": 0.3041611611843109}}