{"c_v": 0.354643962468694, "c_npmi": -0.16483135511072178, "u_mass": -1.538021089656609, "c_uci": -5.0099527175299094}