,num_GARD_IDs_mentioned,num_unique_posts_comments,num_unique_GARD_IDs_mentioned,cosine_similarity_of_GARD_IDs,num_EOM_models,num_Leaf_models,num_all-MiniLM-L6-v2_models,num_universal-sentence-encoder_models,num_universal-sentence-encoder-multilingual_models,num_paraphrase-multilingual-MiniLM-L12-v2_models,num_distiluse-base-multilingual-cased_models
count,74.0,74.0,74.0,0.0,74.0,74.0,74.0,74.0,74.0,74.0,74.0
mean,3445.824324324324,2150.554054054054,44.527027027027025,,4.72972972972973,5.22972972972973,0.918918918918919,0.9864864864864865,0.972972972972973,0.9324324324324325,0.918918918918919
std,8228.272250538947,4242.392114503624,60.209730013517145,,0.7989256021271145,2.972694443551251,0.2748228199711542,0.11624763874381937,0.16326908396901552,0.25271571992678227,0.2748228199711542
min,11.0,103.0,1.0,,2.0,1.0,0.0,0.0,0.0,0.0,0.0
25%,233.75,228.25,12.0,,5.0,5.0,1.0,1.0,1.0,1.0,1.0
50%,575.0,723.5,23.5,,5.0,5.0,1.0,1.0,1.0,1.0,1.0
75%,1728.25,1687.25,55.0,,5.0,5.0,1.0,1.0,1.0,1.0,1.0
max,42788.0,27016.0,448.0,,5.0,30.0,1.0,1.0,1.0,1.0,1.0
