{"c_v": 0.34294041026667393, "c_npmi": -0.25378105180972654, "u_mass": -5.621838851294339, "c_uci": -7.772142207111622}