{"c_v": 0.2825375743357075, "c_npmi": -0.32167798012964954, "u_mass": -3.0337461113195867, "c_uci": -9.471970955467246}