{"0": {"osteogenesis": 0.362394243478775, "fractures": 0.31258076429367065, "fracture": 0.31256720423698425, "osteogenesis imperfecta": 0.303627073764801, "pain": 0.27374616265296936, "bone": 0.27152639627456665, "bones": 0.2581351399421692, "disease": 0.2550959587097168, "symptoms": 0.24371835589408875, "brittle bones": 0.24319162964820862, "physical therapy": 0.23475758731365204, "genetic": 0.2233031541109085, "doctors": 0.2167237251996994, "surgery": 0.2151782065629959, "diagnosis": 0.21412813663482666, "doctor": 0.203385591506958, "medical": 0.19718807935714722, "bone density": 0.19461065530776978, "genetic testing": 0.16797181963920593, "broken": 0.16566112637519836, "severe": 0.16532845795154572, "mutation": 0.16322243213653564, "leg": 0.15331882238388062, "parents": 0.15317034721374512, "child": 0.15305206179618835, "growing up": 0.15051794052124023, "anxiety": 0.1459832489490509, "oi": 0.14515820145606995, "problems": 0.14468565583229065, "form of oi": 0.14405472576618195, "baby": 0.14317107200622559, "treatment": 0.14256170392036438, "health": 0.14041286706924438, "growing": 0.14024746417999268, "my parents": 0.13932669162750244, "age": 0.13898399472236633, "born": 0.13651885092258453, "oi type": 0.13649289309978485, "broke": 0.1329958438873291, "my body": 0.1328471302986145, "type ii": 0.13103467226028442, "collagen": 0.13078197836875916, "physical": 0.12967245280742645, "care": 0.1290033757686615, "type collagen": 0.12763801217079163, "issues": 0.1231074333190918, "old": 0.12224291265010834, "normal": 0.12218622863292694, "common": 0.121426522731781, "sleep": 0.1211843490600586}, "1": {"osteogenesis imperfecta": 0.7812450528144836, "osteogenesis": 0.6828813552856445, "brittle bones": 0.5400916337966919, "bone": 0.4907442033290863, "bones": 0.47016167640686035, "bone density": 0.4544597566127777, "fractures": 0.44883519411087036, "fracture": 0.43417203426361084, "physical therapy": 0.35773730278015137, "imperfecta": 0.341133177280426, "disease": 0.3402411937713623, "collagen": 0.3397384583950043, "type collagen": 0.3232310712337494, "pain": 0.3217092752456665, "broken": 0.2973616123199463, "severe": 0.2837861478328705, "surgery": 0.27467089891433716, "diagnosis": 0.2696417272090912, "treatment": 0.2685176730155945, "mutation": 0.265857458114624, "genetic": 0.2648038864135742, "symptoms": 0.2521480917930603, "broke": 0.2508809268474579, "leg": 0.24786894023418427, "genetic testing": 0.24159181118011475, "more severe": 0.24131658673286438, "form of oi": 0.2387901246547699, "bad": 0.23683464527130127, "my body": 0.23187872767448425, "health": 0.23174422979354858, "care": 0.23025435209274292, "breaking": 0.22577428817749023, "medical": 0.21742293238639832, "body": 0.21612365543842316, "does not": 0.21410083770751953, "physical": 0.2117552012205124, "doctors": 0.21149814128875732, "do not": 0.2101045399904251, "break": 0.20847269892692566, "mental health": 0.20643103122711182, "anxiety": 0.2042883336544037, "help": 0.20414137840270996, "sleep": 0.20016852021217346, "without": 0.19932152330875397, "did not": 0.1935802400112152, "cannot": 0.19182458519935608, "mild": 0.19028550386428833, "doctor": 0.1869300901889801, "could not": 0.1850525140762329, "not sure": 0.18107382953166962}}