{"c_v": 0.319262775667937, "c_npmi": -0.29307817234094957, "u_mass": -6.594651824557294, "c_uci": -8.402094526577164}