{"0": {"misophonia sufferers": 0.46771520376205444, "misophonia": 0.4602777063846588, "chewing noises": 0.44103968143463135, "severe misophonia": 0.4275180697441101, "trigger noises": 0.3773531913757324, "trigger sounds": 0.3685351312160492, "tinnitus": 0.36356431245803833, "repetitive noises": 0.35973960161209106, "noises": 0.35335028171539307, "certain noises": 0.35227859020233154, "chew loudly": 0.34953343868255615, "noise complaint": 0.34944331645965576, "mouth noises": 0.34562918543815613, "ear buds": 0.343619167804718, "noise": 0.33806943893432617, "eating sounds": 0.33586496114730835, "earplug": 0.33268576860427856, "those noises": 0.3290633261203766, "wear earplugs": 0.3290494680404663, "noise app": 0.32868075370788574, "noise cancellation": 0.32845932245254517, "mental disorders": 0.3267483115196228, "noise cancelling": 0.3258202373981476, "earplugs": 0.32431045174598694, "noise canceling": 0.3243083953857422, "sound sensitivity": 0.3242563009262085, "mental disorder": 0.3232438266277313, "ambient noise": 0.32250604033470154, "obnoxiously loud": 0.3213449716567993, "anxiety issues": 0.318477988243103, "ear canal": 0.31804358959198, "these noises": 0.3167892098426819, "loud eater": 0.3165894150733948, "noisy": 0.3148174285888672, "wearing earplugs": 0.3118939697742462, "loud music": 0.31106677651405334, "screaming": 0.30791231989860535, "loud": 0.3058071434497833, "hearing": 0.30547794699668884, "mouth sounds": 0.3049277365207672, "noise ordinance": 0.3039615750312805, "mental illnesses": 0.3035099506378174, "hearing aids": 0.3024251461029053, "sounds": 0.30170467495918274, "loud eaters": 0.30089515447616577, "disorders": 0.30050161480903625, "cancelling headphones": 0.3001638650894165, "headphones and listens": 0.2986770272254944, "anxiety": 0.2984304428100586, "mental illness": 0.298297256231308}, "1": {"am bot": 0.3448430299758911, "bot": 0.3375358283519745, "removed as": 0.32993024587631226, "been removed": 0.32740429043769836, "bot and this": 0.3270310163497925, "spam please": 0.31304338574409485, "removed": 0.31202808022499084, "delete": 0.30075544118881226, "spam": 0.28730127215385437, "automatically please": 0.2855615019798279, "automatically": 0.28015851974487305, "triggered": 0.27254873514175415, "your post": 0.2681308686733246, "posting": 0.26538604497909546, "post": 0.2640604078769684, "trigger sounds": 0.26354941725730896, "original post": 0.2632354497909546, "get triggered": 0.2614552974700928, "report this": 0.2612744867801666, "posted": 0.2587234675884247, "triggering": 0.2583572268486023, "message compose": 0.2575814127922058, "please message": 0.2551717460155487, "whining": 0.2517251670360565, "post comment": 0.2517207860946655, "posts": 0.24872201681137085, "getting triggered": 0.24624183773994446, "being triggered": 0.24548882246017456, "your account": 0.2415388971567154, "mute": 0.24149230122566223, "tone": 0.240879625082016, "posting here": 0.2387617528438568, "performed automatically": 0.23819823563098907, "this comment": 0.2381535768508911, "posts or comments": 0.23635894060134888, "commenting": 0.23595759272575378, "trigger warning": 0.2350274622440338, "compose": 0.23427216708660126, "old": 0.23327848315238953, "trigger noises": 0.23317071795463562, "message": 0.23224514722824097, "off topic": 0.23203769326210022, "repost": 0.23149998486042023, "reduce spam": 0.22943896055221558, "trigger": 0.22883015871047974, "sing": 0.2287808060646057, "shut up": 0.22861473262310028, "misophonia": 0.2284967601299286, "thread": 0.22722171247005463, "remove": 0.22715938091278076}}