{"c_v": 0.39729734001485584, "c_npmi": -0.19973305077910053, "u_mass": -7.511025782499793, "c_uci": -6.894763943564149}