{"c_v": 0.4212920130820373, "c_npmi": -0.19937045007006493, "u_mass": -9.889361315522905, "c_uci": -6.6423867330340745}