{"0": {"cholesteatoma removed": 0.5599249005317688, "hearing loss": 0.5410476922988892, "diagnosed with cholesteatoma": 0.5123820304870605, "ear canal": 0.4858848452568054, "ear infection": 0.46183544397354126, "hearing aid": 0.46170416474342346, "hearing bones": 0.4565155804157257, "cholesteatoma": 0.4513018727302551, "congenital cholesteatoma": 0.4488317370414734, "second surgery": 0.4392646551132202, "eardrum": 0.425674706697464, "left ear": 0.42469868063926697, "cholesteatomas": 0.4213135540485382, "my eardrum": 0.41986024379730225, "hearing aids": 0.41360628604888916, "ear infections": 0.4133819341659546, "inner ear": 0.4010191559791565, "middle ear": 0.39312243461608887, "two surgeries": 0.3895738124847412, "mastoidectomy": 0.3856728672981262, "ear wax": 0.3853316009044647, "surgery": 0.38404205441474915, "right ear": 0.38348424434661865, "hearing test": 0.3802768588066101, "first surgery": 0.3786485195159912, "tympanoplasty": 0.37090903520584106, "pre surgery": 0.3659213185310364, "hearing": 0.3639603853225708, "ear": 0.3568706512451172, "medical advice": 0.3549615442752838, "completely deaf": 0.34441623091697693, "ears": 0.3383854627609253, "ear drops": 0.33166536688804626, "surgeries": 0.32766860723495483, "eustachian tubes": 0.32422077655792236, "diagnosis": 0.32394611835479736, "deaf": 0.31966352462768555, "complications": 0.3193877339363098, "cannot hear": 0.3173292875289917, "both ears": 0.31568261981010437, "eustachian tube": 0.31283536553382874, "been diagnosed": 0.31212639808654785, "tinnitus": 0.3080250322818756, "ear drum": 0.2916860580444336, "mastoid obliteration": 0.28771594166755676, "was diagnosed": 0.28669339418411255, "second opinion": 0.2850818336009979, "sorry to hear": 0.280325710773468, "surgeon said": 0.2730902135372162, "healing process": 0.27050545811653137}, "1": {"ear infection": 0.6094913482666016, "diagnosed with cholesteatoma": 0.5826684236526489, "ear infections": 0.5514656901359558, "cholesteatoma removed": 0.5185580253601074, "congenital cholesteatoma": 0.49849969148635864, "cholesteatomas": 0.48622819781303406, "cholesteatoma": 0.48600834608078003, "ear canal": 0.4796542823314667, "my eardrum": 0.46222567558288574, "inner ear": 0.4606913924217224, "hearing loss": 0.45754706859588623, "eardrum": 0.4569815993309021, "diagnosis": 0.4473643898963928, "left ear": 0.4451475143432617, "eustachian tubes": 0.43603119254112244, "eustachian tube": 0.4303376078605652, "middle ear": 0.4120185971260071, "vertigo": 0.40498921275138855, "right ear": 0.4048388600349426, "tinnitus": 0.3966553807258606, "ear wax": 0.38577085733413696, "ear": 0.3680737614631653, "been diagnosed": 0.36604923009872437, "ear drops": 0.35890278220176697, "symptoms": 0.3556581735610962, "hearing aid": 0.35256749391555786, "hearing test": 0.341369092464447, "ears": 0.33993780612945557, "was diagnosed": 0.338875412940979, "dizziness": 0.33785495162010193, "dizzy": 0.33733266592025757, "hearing bones": 0.33449774980545044, "both ears": 0.3336569368839264, "medical advice": 0.33086925745010376, "hearing aids": 0.3301810026168823, "diagnosed": 0.32192540168762207, "ear drum": 0.30934464931488037, "tympanoplasty": 0.307629257440567, "cyst": 0.3045322299003601, "complications": 0.3027263581752777, "eustachian": 0.2975170314311981, "ct scan": 0.2941344380378723, "completely deaf": 0.28832462430000305, "ct mri": 0.2873835563659668, "second surgery": 0.2839850187301636, "hearing": 0.27705177664756775, "tumor": 0.27213066816329956, "second opinion": 0.27091723680496216, "cannot hear": 0.2705572247505188, "mri": 0.26814380288124084}}