{"c_v": 0.27388903764763595, "c_npmi": -0.245484714817522, "u_mass": -1.890429078105381, "c_uci": -7.134603801056354}