{"c_v": 0.30359093077443233, "c_npmi": -0.22024534992249442, "u_mass": -6.9645386597775, "c_uci": -6.666186724057352}