{"0": {"diagnosed with spina": 0.6425022482872009, "tethered spinal": 0.5163966417312622, "been diagnosed": 0.5067489743232727, "was diagnosed": 0.4829542636871338, "diagnosed": 0.47351133823394775, "spinal": 0.4721880555152893, "spine": 0.47102123498916626, "chronic pain": 0.45877256989479065, "spinal cord": 0.45751500129699707, "born with spina": 0.45710718631744385, "back pain": 0.4458000659942627, "pain management": 0.43805623054504395, "pain": 0.43517619371414185, "patients": 0.43051159381866455, "spina bifida": 0.4232810139656067, "patient": 0.4195444583892822, "spina": 0.4007537364959717, "nerve damage": 0.39979827404022217, "medical": 0.39690518379211426, "scoliosis": 0.39410191774368286, "surgery": 0.39127016067504883, "treated": 0.3907666802406311, "spasms": 0.38883674144744873, "painful": 0.3888337016105652, "diagnosis": 0.38586604595184326, "spinabifida": 0.38553017377853394, "surgical": 0.3837394416332245, "constant pain": 0.37406444549560547, "surgeries": 0.37357914447784424, "your doctor": 0.37335067987442017, "complications": 0.3733447194099426, "symptoms": 0.3733377456665039, "health issues": 0.37305760383605957, "physical therapy": 0.3686210513114929, "use wheelchair": 0.3680954575538635, "ultrasound": 0.36211055517196655, "surgeon": 0.3611709475517273, "detethering surgery": 0.36071115732192993, "wheelchair user": 0.35997992753982544, "doctor": 0.3595471978187561, "clinic": 0.35901594161987305, "wheelchair users": 0.3589267432689667, "wheelchair": 0.3588845431804657, "doctors": 0.35867130756378174, "doc": 0.35232794284820557, "fetal surgery": 0.34891563653945923, "treatment": 0.3485765755176544, "neurosurgeon": 0.34308725595474243, "dr": 0.34265297651290894, "syndrome": 0.34155699610710144}, "1": {"bladder and bowel": 0.6274885535240173, "bladder": 0.5836378335952759, "bladder augmentation": 0.5577607154846191, "incontinence issues": 0.5480871796607971, "urinary": 0.5455235838890076, "bladder control": 0.5432184934616089, "urethra": 0.5330361723899841, "neurogenic bladder": 0.5237811803817749, "incontinence": 0.5072945356369019, "urologist": 0.5068597793579102, "use catheter": 0.5039857029914856, "urology": 0.48304933309555054, "urine": 0.48145246505737305, "intermittent catheters": 0.48042893409729004, "catheterize": 0.47053787112236023, "bladder cancer": 0.46596425771713257, "catheters": 0.4502316117286682, "bowel management": 0.43050456047058105, "kidney infections": 0.42997848987579346, "catheter": 0.4297354221343994, "surgeries": 0.42814648151397705, "detethering surgery": 0.42749232053756714, "my kidneys": 0.4106156527996063, "patients": 0.4096152186393738, "patient": 0.40883851051330566, "diaper": 0.40660709142684937, "surgical": 0.4044259786605835, "diapers": 0.3993123471736908, "kidney": 0.39242658019065857, "been diagnosed": 0.3901297450065613, "urodynamics test": 0.3888256549835205, "surgery": 0.387317955493927, "medical": 0.38582974672317505, "toilet": 0.3855348229408264, "complications": 0.3799054026603699, "treated": 0.3789743483066559, "diagnosed": 0.3762363791465759, "was diagnosed": 0.3742288053035736, "pee": 0.37002286314964294, "surgeon": 0.36839592456817627, "treatment": 0.3674430549144745, "tube": 0.3600922226905823, "clinic": 0.35881179571151733, "constipation": 0.3561626672744751, "pain management": 0.3513248562812805, "kidneys": 0.3489217460155487, "dr": 0.34686022996902466, "bowel": 0.3449796438217163, "doctor": 0.3449241518974304, "medicine": 0.3436436653137207}, "2": {"wheelchair users": 0.8608309030532837, "wheelchair user": 0.8221222162246704, "use wheelchair": 0.8179444670677185, "disability community": 0.8110370635986328, "disabled people": 0.8055232763290405, "wheelchair": 0.7815402746200562, "disability": 0.7723476886749268, "being disabled": 0.7245737314224243, "wheelchair bound": 0.7139450311660767, "disabilities": 0.6930781602859497, "disabled": 0.6087052822113037, "mobility": 0.45640718936920166, "physical therapist": 0.4559544324874878, "physical therapy": 0.4360836148262024, "therapist": 0.42507508397102356, "health issues": 0.42128247022628784, "patients": 0.4185018539428711, "healthcare": 0.41813117265701294, "special needs": 0.41059961915016174, "therapy": 0.4063357412815094, "spinal": 0.401759535074234, "able bodied": 0.39338594675064087, "health": 0.3875555992126465, "paralyzed": 0.3871023952960968, "tethered spinal": 0.3852043151855469, "support group": 0.3798356354236603, "support": 0.37980222702026367, "suffer": 0.370114803314209, "patient": 0.3680991530418396, "mental health": 0.36809760332107544, "chronic": 0.3662174344062805, "personal experience": 0.3644675016403198, "struggles": 0.3631780743598938, "adults with sb": 0.3574516773223877, "able to walk": 0.35652291774749756, "syndrome": 0.35477524995803833, "primary care": 0.3547402024269104, "helping": 0.3500295877456665, "be helpful": 0.34790509939193726, "pain management": 0.3475648760795593, "medical": 0.33773303031921387, "chair": 0.33608078956604004, "feet": 0.3360660970211029, "diapers": 0.3348187208175659, "helped": 0.33095842599868774, "dr": 0.3287609815597534, "scoliosis": 0.3279385566711426, "diaper": 0.3275443911552429, "their chair": 0.32734453678131104, "treatment": 0.32718780636787415}, "3": {"bodied": 0.7810388803482056, "till": 0.7759116888046265, "met": 0.7741211652755737, "comment": 0.7483688592910767, "keto": 0.7379040718078613, "plus": 0.735558271408081, "op": 0.7332774996757507, "comments": 0.7278717756271362, "de": 0.7245128154754639, "to": 0.7236829996109009, "iv": 0.7212532758712769, "on": 0.7176840901374817, "im": 0.7051144242286682, "hi": 0.7030194997787476, "gotten": 0.7022929191589355, "pt": 0.7016066312789917, "yo": 0.701050877571106, "male": 0.7003393173217773, "teen": 0.6987283229827881, "talk about": 0.6953721046447754, "folks": 0.6937497854232788, "per": 0.6930332183837891, "far": 0.6914653182029724, "etc": 0.6908639073371887, "dont": 0.6906885504722595, "posted": 0.6878765821456909, "mind": 0.6833350658416748, "ton": 0.6821296811103821, "saying": 0.6795449256896973, "too": 0.6794630289077759, "thoughts": 0.6785742044448853, "hey": 0.6777955889701843, "tho": 0.6725730299949646, "talking about": 0.6725455522537231, "say": 0.6713175773620605, "lol": 0.670831561088562, "hi all": 0.670701265335083, "telling": 0.6699447631835938, "by": 0.6684486865997314, "want": 0.6677197217941284, "interesting": 0.6667386293411255, "utis": 0.6662591695785522, "in": 0.6651902198791504, "please": 0.6641954183578491, "goes": 0.6640389561653137, "things": 0.6640312075614929, "chiari": 0.6636790037155151, "insight": 0.663355827331543, "this": 0.660966157913208, "me": 0.660462498664856}, "4": {"spina bifida": 0.7706276178359985, "born with spina": 0.6707168817520142, "spinabifida": 0.6654707193374634, "spina": 0.6340327262878418, "bifida occulta": 0.6180935502052307, "bifida": 0.5899767875671387, "diagnosed with spina": 0.5708221793174744, "lipomeningocele": 0.35627758502960205, "ive": 0.33291491866111755, "this thread": 0.3238174319267273, "occulta": 0.3204878568649292, "bodied": 0.31601661443710327, "cranberry": 0.31528234481811523, "enema": 0.31513792276382446, "idea": 0.3121844530105591, "mitrofanoff": 0.3114752769470215, "my daughter": 0.30892500281333923, "camp": 0.30853575468063354, "activity": 0.30840200185775757, "beautiful": 0.30309319496154785, "prenatal": 0.30105021595954895, "birth": 0.29542332887649536, "born": 0.29524844884872437, "utis": 0.29441678524017334, "our daughter": 0.2938321828842163, "fetal": 0.29366785287857056, "are interested": 0.29314470291137695, "seek": 0.29130005836486816, "story": 0.29062941670417786, "spine": 0.2901532053947449, "female": 0.2887924313545227, "sex life": 0.2869853973388672, "attention": 0.28471696376800537, "stones": 0.28397294878959656, "lipoma": 0.2818524241447449, "daughter": 0.28148531913757324, "very active": 0.2806946337223053, "project": 0.27977895736694336, "activities": 0.2794986665248871, "mind": 0.27815812826156616, "this post": 0.27783751487731934,