{"c_v": 0.3364889626014332, "c_npmi": -0.28986554740486026, "u_mass": -3.548537548316614, "c_uci": -8.911902833507025}