{"0": {"allergy immunology": 0.46815386414527893, "allergy syndrome": 0.4676428437232971, "allergic diseases": 0.46636807918548584, "allergy tests": 0.4611722230911255, "ige allergies": 0.4501190185546875, "allergy test": 0.4467809498310089, "allergist immunologist": 0.4466726779937744, "allergy testing": 0.4315606355667114, "referral to an allergist": 0.43079084157943726, "seeing an allergist": 0.42895954847335815, "allergy meds": 0.42743951082229614, "typical allergy": 0.4251519739627838, "saw an allergist": 0.42506736516952515, "allergy clinic": 0.4221622943878174, "oral allergy": 0.4213066101074219, "nickel allergy": 0.42089271545410156, "became allergic": 0.4199877381324768, "allergy shots": 0.41759467124938965, "see an allergist": 0.4122821092605591, "actual allergies": 0.4084678292274475, "viruses allergic": 0.4032076895236969, "seasonal allergies": 0.4019486904144287, "allergic": 0.39875662326812744, "allergic to latex": 0.3978075385093689, "allergist said": 0.3964189291000366, "salicylate allergy": 0.39367181062698364, "allergies": 0.3928939700126648, "gi symptoms": 0.3920462429523468, "allergic reactions": 0.39133167266845703, "allergic to nickel": 0.38865724205970764, "food allergies": 0.38834524154663086, "allergic reaction": 0.38717120885849, "true allergies": 0.3852716088294983, "allergy season": 0.38010531663894653, "lupus diagnosis": 0.3798292875289917, "allergist": 0.37829411029815674, "allergy": 0.3775264024734497, "allergy type": 0.37745487689971924, "allergic type": 0.3772648572921753, "become allergic": 0.37689512968063354, "allergists": 0.376817911863327, "aura symptoms": 0.3742624521255493, "neurological symptoms": 0.37356337904930115, "histamine intolerant": 0.37187808752059937, "histamine intolerance": 0.36919105052948, "mitochondrial disorder": 0.36864471435546875, "allergic to the world": 0.3670622706413269, "lyme disease": 0.36367371678352356, "symptomatic": 0.36280402541160583, "autoimmune disorders": 0.3625262975692749}, "1": {"medical advice": 0.4029962420463562, "regarding medical": 0.363198459148407, "doctor recommended": 0.34463098645210266, "medical issues": 0.34109461307525635, "any medical": 0.3396242558956146, "your doctor": 0.3293033242225647, "literate doctor": 0.32808834314346313, "medicine doctor": 0.31803685426712036, "medically": 0.3116369843482971, "medical": 0.31074070930480957, "medical mystery": 0.30118995904922485, "mayo clinic": 0.2843625545501709, "naturopathic doctor": 0.2830463945865631, "doctor": 0.27865058183670044, "physician": 0.27798861265182495, "mastocytosis patients": 0.27747002243995667, "tl dr": 0.2716497480869293, "doctor lists": 0.2712055444717407, "thanks for posting": 0.2692936360836029, "dr maitland": 0.2676355838775635, "thanks for sharing": 0.26744186878204346, "mg daily": 0.26372507214546204, "mg pm": 0.26341837644577026, "doctors": 0.26215583086013794, "medical professionals": 0.2619990110397339, "physicians": 0.2599254846572876, "mg twice": 0.25800254940986633, "doctors who": 0.2578813135623932, "dr afrin": 0.25765809416770935, "mg capsules": 0.2563699781894684, "mitochondrial disorder": 0.2527550458908081, "content on mcas": 0.25069549679756165, "pre medicate": 0.24895693361759186, "mg per": 0.24871665239334106, "dr": 0.24693316221237183, "medicate": 0.24634501338005066, "idiopathic mcas": 0.24080078303813934, "please consult": 0.24004298448562622, "sarna dr": 0.23678380250930786, "doc": 0.2366945594549179, "medicated": 0.23663417994976044, "dr weinstock": 0.23574784398078918, "mg": 0.23506861925125122, "mg cetirizine": 0.23173165321350098, "mcas sufferers": 0.23151667416095734, "gi doc": 0.23050019145011902, "mastocytic enterocolitis": 0.2302224040031433, "meds compounded": 0.22938747704029083, "medicine": 0.22793403267860413, "thanks for the reply": 0.22750765085220337}, "2": {"medical advice": 0.29575979709625244, "regarding medical": 0.2788172662258148, "mast cells": 0.2737686038017273, "content on mcas": 0.26686033606529236, "thanks for posting": 0.2648128867149353, "your doctor": 0.2640010118484497, "mastocytosis patients": 0.2639195919036865, "mast cell": 0.262844979763031, "doctor recommended": 0.25847142934799194, "mastocytosis": 0.25531649589538574, "any medical": 0.25508490204811096, "mastocytic enterocolitis": 0.2537291944026947, "autoimmune diseases": 0.25266653299331665, "bot and this": 0.2515564262866974, "thanks for sharing": 0.2501685619354248, "medical issues": 0.2479226291179657, "mitochondrial disorder": 0.24763616919517517, "autoimmune disease": 0.2473854422569275, "literate doctor": 0.2457713782787323, "medically": 0.24548566341400146, "medical": 0.24079196155071259, "autoimmune disorders": 0.23961833119392395, "mastocytic": 0.23574942350387573, "systemic mastocytosis": 0.23399460315704346, "medical mystery": 0.23291227221488953, "medicine doctor": 0.23268505930900574, "autoimmune disorder": 0.2265278398990631, "idiopathic mcas": 0.22397108376026154, "mass cell": 0.22381673753261566, "dr maitland": 0.22223854064941406, "am bot": 0.21710121631622314, "thanks for the reply": 0.2163490355014801, "mayo clinic": 0.21434149146080017, "autoimmune": 0.2114674597978592, "auto immune": 0.21145442128181458, "autoimmune urticaria": 0.2095414251089096, "mg twice": 0.20838496088981628, "mg daily": 0.20622512698173523, "physician": 0.20099025964736938, "tl dr": 0.20055954158306122, "doctor": 0.199083611369133, "meds compounded": 0.19894075393676758, "naturopathic doctor": 0.19892126321792603, "activate mast": 0.19862093031406403, "cell disease": 0.1978500485420227, "am robot": 0.1972888559103012, "cell disorders": 0.19680143892765045, "muscle spasms": 0.19621729850769043, "mg capsules": 0.19547894597053528, "compose to mcas": 0.19465476274490356}, "3": {"mg cetirizine": 0.4829440116882324, "mg capsules": 0.46221011877059937, "medication regimen": 0.44927075505256653, "compounding pharmacy": 0.4264064431190491, "histamine bucket": 0.42617863416671753, "histamine receptors": 0.41667497158050537, "medicated": 0.41627007722854614, "anti histamine": 0.41341632604599, "pharmaceuticals": 0.41243329644203186, "histamine overload": 0.4095615744590759, "medications": 0.40710335969924927, "medicate": 0.40640586614608765, "anti histamines": 0.40478548407554626, "pharmacy": 0.4038335680961609, "pharmacist": 0.40183356404304504, "compounding pharmacies": 0.4003324508666992, "histamine": 0.3990396559238434, "medication": 0.39816609025001526, "pre medicate": 0.3950704336166382, "rescue medications": 0.3947841227054596, "histamine block": 0.39437222480773926, "histamines": 0.3927251100540161, "histamine intolerant": 0.3926681578159332, "histamine reducing": 0.3920004963874817, "cortisol": 0.3902124762535095, "prescription": 0.38883012533187866, "low histamine": 0.3886600136756897, "stabilizing medications": 0.3866727948188782, "histamine release": 0.38660457730293274, "high histamine": 0.3851735591888428, "mg daily": 0.3847121596336365, "integrative medicine": 0.3823220133781433, "serotonin": 0.3802792429924011, "histamine intolerance": 0.3775899112224579, "histamine dump": 0.37695619463920593, "mg twice": 0.3765188455581665, "kidney pills": 0.37621575593948364, "levothyroxine": 0.37605908513069153, "both pfizer": 0.3728641867637634, "epinephrine": 0.3724881708621979, "aspirin": 0.3716084361076355, "medicines": 0.36989644169807434, "higher histamine": 0.36989614367485046, "histamine foods": 0.36787062883377075, "histamine levels": 0.36769819259643555, "histamine liberator": 0.36663001775741577, "antihistamine": 0.36533552408218384, "functional medicine": 0.362348735332489, "histamine diet": 0.3618835210800171, "first pfizer": 0.3610488772392273}, "4": {"medical advice": 0.348669171333313, "referral to an allergist": 0.3389849364757538, "skin rashes": 0.3338804543018341, "allergy meds": 0.3116881251335144, "allergy immunology": 0.3103945255279541, "regarding medical": 0.31005167961120605, "contact dermatitis": 0.3090481460094452, "allergy clinic": 0.307020366191864,