{"c_v": 0.3439203506412072, "c_npmi": -0.28587133925032887, "u_mass": -6.617456416828057, "c_uci": -8.766228523518041}