{"0": {"hereditary neuropathy": 0.47080913186073303, "dystrophy": 0.4156795144081116, "autonomic neuropathy": 0.4093675911426544, "mild symptoms": 0.4062957763671875, "muscular dystrophy": 0.39991122484207153, "diagnoses": 0.3984495997428894, "sensory neuropathy": 0.38405585289001465, "diagnosed": 0.38373735547065735, "peripheral neuropathy": 0.37877213954925537, "neurological disease": 0.37226203083992004, "nerve biopsy": 0.3668328523635864, "got diagnosed": 0.36383289098739624, "multiple sclerosis": 0.36329150199890137, "diabetic neuropathy": 0.3552013635635376, "dysplasia": 0.3529757857322693, "neuropathy": 0.35232746601104736, "idiopathic peripheral": 0.351937472820282, "neurological problems": 0.35149049758911133, "neurologists": 0.35145801305770874, "been diagnosed": 0.3509775400161743, "misdiagnosed": 0.3469103276729584, "neurologist": 0.3468090891838074, "see neurologist": 0.3432473838329315, "newly diagnosed": 0.3426574468612671, "autoimmune disease": 0.3396037518978119, "diagnose": 0.3379341661930084, "neurologist who": 0.3378715217113495, "nerve pain": 0.33142319321632385, "diagnosed until": 0.3299856185913086, "palsy": 0.3295504152774811, "neurological disorders": 0.3294835090637207, "symptoms": 0.32880735397338867, "genetic tests": 0.32827049493789673, "genetic test": 0.3282456696033478, "hereditary": 0.32722365856170654, "hip dysplasia": 0.327032208442688, "was diagnosed": 0.3246898055076599, "gabapentin": 0.32298263907432556, "proper diagnosis": 0.32256072759628296, "differential diagnosis": 0.32182711362838745, "osteogenesis imperfecta": 0.32074177265167236, "neuromuscular disorders": 0.3199406862258911, "baclofen": 0.3198530077934265, "symptoms until": 0.31846630573272705, "peripheral nerve": 0.31830787658691406, "bloodwork": 0.3144000172615051, "blood work": 0.3127731680870056, "diagnosis": 0.31275704503059387, "neuromuscular diseases": 0.312210351228714, "genetic testing": 0.31100863218307495}, "1": {"flat feet": 0.4976724684238434, "insoles": 0.4806164503097534, "orthotics": 0.4771156907081604, "ankle brace": 0.46797576546669006, "plantar fasciitis": 0.4664868712425232, "ankle support": 0.4554416537284851, "ankle braces": 0.453080415725708, "ankle foot": 0.45074260234832764, "plantar": 0.44691264629364014, "flat footed": 0.4387733042240143, "footed": 0.4311235547065735, "arched feet": 0.416301429271698, "podiatrist": 0.4146793484687805, "custom insoles": 0.4136020839214325, "squat shoes": 0.4109794795513153, "custom orthotics": 0.40989649295806885, "my feet": 0.4063699543476105, "footwear": 0.4025093913078308, "shoe inserts": 0.4021759629249573, "barefoot": 0.3994560241699219, "dress shoes": 0.39760303497314453, "pair of shoes": 0.39053934812545776, "feet and ankles": 0.38950228691101074, "wear braces": 0.38408297300338745, "foot": 0.3783802390098572, "slippers": 0.3760431110858917, "leg braces": 0.37450218200683594, "running shoes": 0.3728221654891968, "charcot foot": 0.36840009689331055, "ankle": 0.3663746118545532, "hiking socks": 0.36562347412109375, "shoes": 0.3638092875480652, "orthopedic": 0.36158961057662964, "drop foot": 0.36090603470802307, "crutches": 0.36014658212661743, "compression socks": 0.3567620515823364, "flip flops": 0.355887234210968, "hip pain": 0.35564595460891724, "feet": 0.3553745746612549, "hiking boots": 0.35347577929496765, "soles": 0.353223979473114, "ankles": 0.3525480031967163, "leg cramps": 0.3522442579269409, "callus": 0.35116899013519287, "sneakers": 0.3503139913082123, "diabetic socks": 0.35003310441970825, "high arches": 0.349337637424469, "new balance": 0.3462096154689789, "socks": 0.34523290395736694, "weak ankles": 0.34255266189575195}, "2": {"people with disabilities": 0.33784860372543335, "disability": 0.3283117115497589, "disabilities": 0.31818199157714844, "dystrophy": 0.315940260887146, "been diagnosed": 0.31455785036087036, "diagnosed": 0.30913791060447693, "chronic pain": 0.2970517873764038, "newly diagnosed": 0.29657313227653503, "depressed": 0.2956070601940155, "mild symptoms": 0.29425421357154846, "muscular dystrophy": 0.29298722743988037, "neuromuscular disorders": 0.29129332304000854, "disabled": 0.29119133949279785, "debilitating": 0.29011261463165283, "wheelchair bound": 0.28151053190231323, "nerve pain": 0.2802349627017975, "physiotherapy": 0.27797144651412964, "depression": 0.27658358216285706, "osteogenesis imperfecta": 0.2759178876876831, "coping": 0.275096595287323, "neurological problems": 0.2727516293525696, "wheelchair": 0.2726450562477112, "wheel chair": 0.27171194553375244, "baclofen": 0.27105772495269775, "mobility issues": 0.2679216265678406, "physical therapy": 0.2676912248134613, "neurological disorders": 0.2645583748817444, "therapy": 0.2626315951347351, "neurological disease": 0.2616193890571594, "autonomic neuropathy": 0.26155221462249756, "arthritis": 0.2574158310890198, "sensory neuropathy": 0.25685790181159973, "joint pain": 0.2546353042125702, "diagnosed until": 0.25297975540161133, "cmt patients": 0.2525096535682678, "symptoms": 0.2512645721435547, "using wheelchair": 0.2510593831539154, "neuropathic pain": 0.2502008080482483, "naltrexone": 0.24955213069915771, "got diagnosed": 0.2493753433227539, "support group": 0.24692007899284363, "palsy": 0.24684485793113708, "disorder": 0.24586144089698792, "disease progresses": 0.24576783180236816, "multiple sclerosis": 0.24378754198551178, "hereditary neuropathy": 0.24320518970489502, "therapies": 0.24318119883537292, "diagnoses": 0.24147525429725647, "cope": 0.24135233461856842, "nerve biopsy": 0.24118930101394653}, "3": {"naltrexone": 0.3441295325756073, "gene therapy": 0.3377840220928192, "dtx pharma": 0.3253340423107147, "cmt patients": 0.32251808047294617, "dystrophy": 0.3072042167186737, "pfizer": 0.2855669856071472, "gabapentin": 0.283397912979126, "pmp gene": 0.2809673845767975, "neurotoxic": 0.27918675541877747, "therapies": 0.2788606286048889, "neurologists": 0.2768729329109192, "baclofen": 0.2765543758869171, "genetically tested": 0.2755606174468994, "idiopathic peripheral": 0.2701590061187744, "mda clinic": 0.26641252636909485, "diagnosed until": 0.2632845342159271, "misdiagnosed": 0.2632179856300354, "cmt clinic": 0.26231151819229126, "neuromuscular": 0.25639837980270386, "whole genome": 0.2556128203868866, "muscular dystrophy": 0.2551981210708618, "diagnosed": 0.25376200675964355, "multiple sclerosis": 0.2535172700881958, "nerve biopsy": 0.2534257769584656, "autonomic neuropathy": 0.2511760890483856, "hereditary neuropathy": 0.25004443526268005, "bloodwork": 0.24612969160079956, "sarms": 0.24547159671783447, "got diagnosed": 0.24537193775177002, "neurologist who": 0.24313966929912567, "stem cell": 0.24147561192512512, "aars gene": 0.2401672601699829, "been diagnosed": 0.2400660514831543, "diagnoses": 0.23955562710762024, "emg": 0.23915362358093262, "genetic test": 0.2384558469057083, "clinical trials": 0.23766109347343445, "tested positive": 0.23743943870067596, "mda": 0.23610380291938782, "geneticist": 0.23539942502975464, "neuro": 0.23466140031814575, "genetic testing": 0.23454338312149048, "peripheral neuropathy": 0.23421403765678406, "lengthening": 0.23089854419231415, "researched": 0.22956472635269165, "autosomal": 0.22943711280822754, "experimental": 0.22837218642234802, "idiopathic": 0.2282957136631012, "newly diagnosed": 0.2275790125131607, "genetic tests": 0.22729980945587158}, "4": {"leg cramps": 0.47607237100601196, "nerve pain": 0.4598155617713928, "muscle cramps": 0.4305769205093384, "sensory neuropathy": 0.42951148748397827, "restless leg": 0.4218975603580475, "pains": 0.41664791107177734, "chronic pain": 0.40389910340309143, "hip pain": 0.4025741219520569, "neuropathic pain": 0.40255284309387207, "autonomic neuropathy": 0.40172311663627625, "gabapentin": 0.3968229293823242, "pain relief": 0.3963722288608551, "muscle spasms": 0.3938153386116028, "peripheral neuropathy": 0.3928681015968323, "cramp": 0.3920709490776062, "joint pain": 0.388494610786438, "neuropathy": 0.3875456750392914,