{"c_v": 0.3771909080234489, "c_npmi": -0.3080783429330508, "u_mass": -6.515298149408904, "c_uci": -9.48562704664304}