{"c_v": 0.22785030606713794, "c_npmi": -0.20711075055100092, "u_mass": -5.333415795415361, "c_uci": -7.357619006710822}