{"0": {"nerve pain": 0.4313454031944275, "arthritis": 0.4247978925704956, "neuropathy": 0.38949257135391235, "heat rashes": 0.3886275291442871, "raynaud phenomenon": 0.3848920464515686, "symptoms": 0.38258516788482666, "symptom": 0.3794155716896057, "psoriatic arthritis": 0.37773996591567993, "joint pain": 0.37676653265953064, "peripheral neuropathy": 0.3746466636657715, "raynauds": 0.37219566106796265, "redness and pain": 0.3682926893234253, "psoriasis": 0.36764365434646606, "similar symptoms": 0.36562579870224, "inflammation": 0.3542587161064148, "fiber neuropathy": 0.34455063939094543, "rheumatologist": 0.3437461256980896, "neurologists": 0.33893394470214844, "rheumatologists": 0.3384305238723755, "neuromuscular neurologist": 0.33333122730255127, "swelling": 0.33226943016052246, "burning pain": 0.33164793252944946, "rashes": 0.3306497037410736, "nerve damage": 0.3256595730781555, "sunburn": 0.3252149522304535, "nerves": 0.3229449987411499, "swollen": 0.3211633861064911, "neurologist": 0.31883639097213745, "cold therapy": 0.3124587833881378, "erythromelagia": 0.3120068907737732, "nerve": 0.3092508316040039, "allergic reaction": 0.3076649606227875, "itchy": 0.30751538276672363, "rash": 0.3070475459098816, "raynaud": 0.3036139905452728, "neurological": 0.30244988203048706, "numbness": 0.30130529403686523, "pain": 0.30047929286956787, "erythromelalgia": 0.30004778504371643, "neurology": 0.2991171181201935, "allergy": 0.29879260063171387, "nerve fibers": 0.29666170477867126, "hives": 0.295051634311676, "rosacea": 0.2916976511478424, "got diagnosed": 0.28870147466659546, "burning sensation": 0.2882139980792999, "seeing doctor": 0.28816738724708557, "dermatologists": 0.28728365898132324, "allergies": 0.28551533818244934, "heat therapy": 0.2846754193305969}, "1": {"payday loans": 0.6983474493026733, "loans": 0.5679839253425598, "bad credit": 0.562613308429718, "loan": 0.5613888502120972, "credit": 0.5018436312675476, "payday": 0.3734840750694275, "cash": 0.35646817088127136, "covered by insurance": 0.2700706720352173, "pay": 0.2617930471897125, "insurance": 0.24410396814346313, "money": 0.22673718631267548, "poor": 0.22137993574142456, "quick": 0.2169080525636673, "apply": 0.21295276284217834, "quickly": 0.21247237920761108, "fast": 0.211282879114151, "immediately": 0.20369991660118103, "as soon": 0.1801343858242035, "buy": 0.17101255059242249, "weaning off": 0.16896498203277588, "directly": 0.16861261427402496, "advance": 0.16749173402786255, "late": 0.16657665371894836, "slowly": 0.1644706428050995, "long term": 0.16201451420783997, "really bad": 0.16177582740783691, "thanks in advance": 0.16009314358234406, "soon": 0.15949775278568268, "right away": 0.1567075252532959, "early": 0.1565355360507965, "few days": 0.15532177686691284, "do not": 0.1509488970041275, "just wanted": 0.15013809502124786, "easily": 0.1499839723110199, "just": 0.14967961609363556, "lie down": 0.1483680009841919, "only": 0.1475885808467865, "few months": 0.14746883511543274, "month": 0.14698836207389832, "take notes": 0.14650164544582367, "lack": 0.14553818106651306, "once month": 0.14433228969573975, "amount": 0.14429686963558197, "low blood": 0.1442473828792572, "referral": 0.14387916028499603, "unfortunately": 0.14298902451992035, "direct": 0.1427510380744934, "low dose": 0.14104792475700378, "done": 0.14098785817623138, "how long": 0.14095312356948853}}