{"0": {"fda approval": 0.572960615158081, "sma patients": 0.5271881222724915, "clinical trials": 0.5176581144332886, "fda": 0.4982919692993164, "clinical trial": 0.4843159317970276, "diagnosed with sma": 0.46979111433029175, "cure sma": 0.4610757827758789, "treatment": 0.4360657334327698, "therapies": 0.4280201494693756, "treatments": 0.4254586696624756, "gene therapy": 0.422065794467926, "was diagnosed": 0.4103795886039734, "these treatments": 0.4080694317817688, "muscular dystrophy": 0.3946237862110138, "spinal muscular": 0.3868960738182068, "clinical": 0.3833978474140167, "spinal tap": 0.3806127607822418, "patients": 0.3740317225456238, "nhs": 0.3734475374221802, "efficacy": 0.37266796827316284, "disease progression": 0.36893877387046814, "medicine": 0.3681161403656006, "medications": 0.3640992045402527, "treated with zolgensma": 0.3557089567184448, "other drugs": 0.35452723503112793, "medication": 0.3533138632774353, "supplements": 0.3471311926841736, "clinic": 0.3416586220264435, "diagnosed": 0.3410504460334778, "older patients": 0.3388051986694336, "th injection": 0.33783963322639465, "getting spinraza": 0.3372528851032257, "atrophy": 0.33427467942237854, "trials": 0.3326517939567566, "after the procedure": 0.3255273401737213, "lumbar": 0.32423973083496094, "smn protein": 0.32311201095581055, "doctor said": 0.3216674327850342, "spinal fluid": 0.3128916621208191, "medical": 0.3125002980232239, "spinal": 0.31141555309295654, "spinal fusion": 0.31005173921585083, "first dose": 0.3098745346069336, "smn gene": 0.30965283513069153, "dosage": 0.30604857206344604, "therapy": 0.3053128123283386, "physical therapy": 0.2996486723423004, "complications": 0.2949071526527405, "cure": 0.28765127062797546, "diagnosis": 0.286886990070343}, "1": {"getting spinraza": 0.6644260883331299, "spinraza": 0.5513575077056885, "sma patients": 0.4706048369407654, "diagnosed with sma": 0.43886953592300415, "cure sma": 0.3657238185405731, "treated with zolgensma": 0.3617249131202698, "treatment": 0.35700467228889465, "older patients": 0.3530657887458801, "treatments": 0.3468741178512573, "fda approval": 0.3339945077896118, "clinical trials": 0.32824641466140747, "clinical trial": 0.3166683614253998, "these treatments": 0.3119547367095947, "was diagnosed": 0.30645373463630676, "patients": 0.2978628873825073, "other drugs": 0.2957848310470581, "medications": 0.28594979643821716, "efficacy": 0.28574079275131226, "dosage": 0.28070926666259766, "medication": 0.27500900626182556, "primary care": 0.2691837549209595, "fda": 0.26704835891723633, "first dose": 0.2665746808052063, "gene therapy": 0.2663494944572449, "mda": 0.2642117142677307, "diagnosed": 0.2586781680583954, "disease progression": 0.2562769055366516, "spinal tap": 0.25623607635498047, "loading doses": 0.25258010625839233, "diagnosis": 0.24747394025325775, "therapies": 0.247153639793396, "complications": 0.2452797144651413, "medicine": 0.2450389266014099, "supplements": 0.24370603263378143, "after the procedure": 0.23906035721302032, "side effects": 0.23723214864730835, "clinic": 0.23518747091293335, "medicaid": 0.23407450318336487, "treating": 0.22530104219913483, "types of sma": 0.22102418541908264, "phase trial": 0.22089596092700958, "patient": 0.21657724678516388, "therapy": 0.2165617048740387, "md": 0.21619321405887604, "treat": 0.21431592106819153, "zolgensma": 0.2142162322998047, "doses": 0.21058028936386108, "sma type": 0.20969974994659424, "children hospital": 0.20911651849746704, "nhs": 0.20654582977294922}, "2": {"diagnosed with sma": 0.6797623634338379, "sma patients": 0.5931195616722107, "was diagnosed": 0.47029489278793335, "cure sma": 0.4519646167755127, "diagnosed": 0.43806350231170654, "diagnosis": 0.43723148107528687, "disease progression": 0.3546009659767151, "types of sma": 0.3455289602279663, "primary care": 0.33985796570777893, "muscular dystrophy": 0.3394887447357178, "disability": 0.3305588662624359, "sma type": 0.32735520601272583, "older patients": 0.3200730085372925, "wheelchair": 0.3194059133529663, "scoliosis": 0.3188508450984955, "smn gene": 0.3164812922477722, "smn genes": 0.30948615074157715, "complications": 0.3064422607421875, "atrophy": 0.30427244305610657, "physical therapy": 0.302359014749527, "sma community": 0.30088934302330017, "sma": 0.29829633235931396, "disease": 0.291888564825058, "patients": 0.29126712679862976, "people with disabilities": 0.28872549533843994, "treatment": 0.2873166799545288, "spinal fusion": 0.2871240973472595, "smn protein": 0.2832212448120117, "spinal muscular": 0.2823581397533417, "treatments": 0.2767467498779297, "able to walk": 0.2755017876625061, "symptoms": 0.26786577701568604, "clinical": 0.2673448324203491, "medical": 0.2633892893791199, "disabilities": 0.2633344829082489, "lumbar": 0.26293259859085083, "recovery": 0.2627617120742798, "diseases": 0.26107192039489746, "children hospital": 0.26029324531555176, "severity": 0.2601594924926758, "back pain": 0.25371426343917847, "healthcare": 0.24991688132286072, "having child": 0.24727120995521545, "spinal": 0.24503453075885773, "health insurance": 0.24370244145393372, "health": 0.24269983172416687, "therapy": 0.2424963414669037, "care needs": 0.23987220227718353, "treated with zolgensma": 0.23794910311698914, "normal life": 0.23711687326431274}, "3": {"sma community": 0.7545639872550964, "sma": 0.6787385940551758, "cure sma": 0.6084685325622559, "sma patients": 0.5974863767623901, "diagnosed with sma": 0.5597578287124634, "smn": 0.5362494587898254, "sma type": 0.529321551322937, "types of sma": 0.44346433877944946, "discord": 0.4330650866031647, "levels of smn": 0.4293743371963501, "mda": 0.4282723069190979, "hi everyone": 0.42528361082077026, "copies of smn": 0.4248594045639038, "smn copies": 0.4157608151435852, "community": 0.41390639543533325, "hi all": 0.4104421138763428, "talked": 0.40900319814682007, "message": 0.4039192795753479, "smn gene": 0.40355342626571655, "join": 0.4004960358142853, "hear about": 0.39754194021224976, "share": 0.3963506817817688, "thanks for sharing": 0.39614337682724, "sharing": 0.38861218094825745, "email": 0.38797682523727417, "posting": 0.3828481435775757, "smn protein": 0.38054585456848145, "best of luck": 0.3803945481777191, "contact": 0.37806764245033264, "progress": 0.3753355145454407, "post": 0.3744114339351654, "sub": 0.3741810917854309, "got approved": 0.3736104369163513, "hi": 0.3730747103691101, "good luck": 0.3723333477973938, "discuss": 0.37207961082458496, "active": 0.37037235498428345, "started": 0.3696972131729126, "support": 0.3690441846847534, "please share": 0.36857008934020996, "smn genes": 0.3643261790275574, "hi there": 0.36337244510650635, "im": 0.36227846145629883, "shared": 0.3603206276893616, "experienced": 0.36016136407852173, "reply": 0.3600010275840759, "met": 0.35917019844055176, "message me": 0.35779470205307007, "doing": 0.35702282190322876, "posts": 0.35626479983329773}, "4": {"wheelchair": 0.6504424214363098, "people with disabilities": 0.5659210681915283, "disability": 0.5642387866973877, "disabilities": 0.5242655873298645, "power chair": 0.470813512802124, "mobility": 0.4408014416694641, "able to walk": 0.4060083031654358, "disabled": 0.40334248542785645, "sma patients": 0.39227646589279175, "diagnosed with sma": 0.3484548330307007, "accessible": 0.34319666028022766, "survey": 0.32078075408935547, "assistance": 0.3193889856338501, "older patients": 0.31637609004974365, "physical therapy": 0.31522589921951294, "family access": 0.3135300278663635, "chair": 0.3088390827178955, "spinal cord": 0.30484911799430847, "lumbar": 0.302259236574173, "spinal": 0.29920727014541626, "care needs": 0.2987098693847656, "nhs": 0.29680293798446655, "could walk": 0.29092180728912354, "sitting": 0.28686362504959106, "sma type": 0.2858407497406006, "sma community": 0.2853580415248871, "support": 0.28497350215911865, "device": 0.28396737575531006, "equipment": 0.278715044260025, "assist": 0.2781793475151062, "spinal muscular": 0.2774907350540161,