{"c_v": 0.3198741004171463, "c_npmi": -0.21653797596026703, "u_mass": -4.107319013545319, "c_uci": -7.294520959666576}