{"c_v": 0.817013516266555, "c_npmi": -0.09812956659373752, "u_mass": -4.687408095689163, "c_uci": -5.869819927508117}