{"0": {"lenticular astigmatism": 0.554047703742981, "scleral lense": 0.5113093852996826, "scleral lenses": 0.5109871029853821, "keratoconic cornea": 0.5032737255096436, "transplanted cornea": 0.4934723675251007, "referral to an ophthalmologist": 0.4789767265319824, "sclearal lenses": 0.4739490747451782, "myopia and astigmatism": 0.4705667495727539, "sclera lenses": 0.4702804684638977, "cornea transplantation": 0.4698787331581116, "ortho lenses": 0.46697598695755005, "astigmatism and myopia": 0.46623116731643677, "mild astigmatism": 0.4661056399345398, "cornea transplant": 0.4657230079174042, "eyeglass prescription": 0.4656963050365448, "cornea transplants": 0.4639313519001007, "ophthalmic ointment": 0.46286314725875854, "irregular astigmatism": 0.46249252557754517, "intraocular lens": 0.46003222465515137, "jupiter lenses": 0.4595244526863098, "astigmatisms": 0.4553214907646179, "sceral lenses": 0.4550272226333618, "examined by an ophthalmologist": 0.45389747619628906, "regular astigmatism": 0.4538883864879608, "astigmatism correction": 0.45387905836105347, "astigmatism": 0.4531060457229614, "permeable lenses": 0.4504190683364868, "corneal transplantation": 0.44945085048675537, "residual astigmatism": 0.44885534048080444, "scleral lens": 0.4457249045372009, "poor eyesight": 0.44546931982040405, "astigmatic": 0.4452064633369446, "most optometrists": 0.4448056221008301, "ophthalmologist preferably": 0.442834734916687, "corneal ectasia": 0.4416431784629822, "weakened cornea": 0.4412274658679962, "cornea reshaping": 0.44108855724334717, "corneal transplant": 0.4405103921890259, "irregular cornea": 0.43986719846725464, "ophthalmology department": 0.4383564591407776, "corneal transplants": 0.4382100999355316, "scheral lenses": 0.4378163814544678, "ophthalmologist": 0.43583381175994873, "reshapes the cornea": 0.4342285394668579, "reshape the cornea": 0.4303557276725769, "ophthalmology": 0.4288412630558014, "contact lenses": 0.4286501407623291, "normalize the cornea": 0.4278576672077179, "contact lense": 0.42785197496414185, "eye strain": 0.4276735782623291}, "1": {"movie online": 0.6581407785415649, "movies online": 0.6377627849578857, "movie free": 0.5988047122955322, "online instanmovie": 0.5885739922523499, "movie streaming": 0.573053777217865, "streaming movie": 0.5711453557014465, "full movie": 0.5543009042739868, "watch online": 0.5474167466163635, "film free": 0.5418353080749512, "full movies": 0.5393183827400208, "watch movies": 0.5341653823852539, "online dvd": 0.5322598218917847, "film complet": 0.5195571184158325, "streaming online": 0.5188648700714111, "movie download": 0.5166283249855042, "watching movies": 0.5157536864280701, "online streaming": 0.5145456790924072, "visit the film": 0.5105464458465576, "movie stream": 0.5068161487579346, "online watch": 0.48731356859207153, "movies watch": 0.4862225651741028, "imdb watch": 0.4853833019733429, "free streaming": 0.4811025857925415, "online free": 0.47848737239837646, "online stream": 0.4779163599014282, "stream online": 0.4756981134414673, "world movies": 0.4756016135215759, "movie watch": 0.469024121761322, "ver online": 0.4679705798625946, "streaming full": 0.4676656126976013, "full streaming": 0.46417173743247986, "movie guddu": 0.46277981996536255, "movie rangitaranga": 0.46057364344596863, "episode online": 0.4575994312763214, "entourage movie": 0.4565175771713257, "movie lt": 0.4551626443862915, "hd movie": 0.45047128200531006, "movie papanasam": 0.4467003643512726, "streaming watch": 0.44436782598495483, "dope movie": 0.44160667061805725, "film stream": 0.4381955564022064, "film released": 0.43754899501800537, "including movies": 0.436633825302124, "movie brrip": 0.43599098920822144, "movie putlocker": 0.4329789876937866, "movies spend": 0.4309927225112915, "english film": 0.42987295985221863, "online hd": 0.4291532635688782, "online megashare": 0.428286612033844, "ted movies": 0.42729437351226807}, "2": {"movie online": 0.46414703130722046, "movies online": 0.4474625289440155, "movie free": 0.4179723858833313, "movie streaming": 0.4028836786746979, "streaming movie": 0.3962811827659607, "online instanmovie": 0.3926045894622803, "full movie": 0.39065802097320557, "movie download": 0.38154715299606323, "full movies": 0.37618231773376465, "film free": 0.3707547187805176, "film complet": 0.3690442442893982, "watch movies": 0.36675259470939636, "movie stream": 0.3591330647468567, "visit the film": 0.35625892877578735, "watch online": 0.35441797971725464, "online dvd": 0.34504467248916626, "movie rangitaranga": 0.341560959815979, "movies watch": 0.34010329842567444, "streaming online": 0.338780015707016, "watching movies": 0.33814260363578796, "movie watch": 0.33725613355636597, "online streaming": 0.33688533306121826, "movie putlocker": 0.3339756727218628, "movie guddu": 0.3311050534248352, "world movies": 0.32573026418685913, "online watch": 0.3239986300468445, "film stream": 0.3233037292957306, "movie brrip": 0.32110029458999634, "imdb watch": 0.3197522759437561, "entourage movie": 0.3141690194606781, "english film": 0.31321579217910767, "hd movie": 0.3114253282546997, "movie papanasam": 0.3090682625770569, "movie lt": 0.3088271915912628, "movie inside": 0.30859053134918213, "online stream": 0.3083149790763855, "movie jurassic": 0.30638137459754944, "stream online": 0.3062835931777954, "free streaming": 0.30376994609832764, "movie terminator": 0.30353599786758423, "film released": 0.30308157205581665, "streaming full": 0.30196306109428406, "stream films": 0.30146870017051697, "dope movie": 0.3014581799507141, "full streaming": 0.29903048276901245, "movies rated": 0.29620441794395447, "online free": 0.2925402522087097, "genisys movie": 0.2913689613342285, "movies spend": 0.29126840829849243, "ultron movie": 0.29113030433654785}}