{"0": {"hemophilia treatment": 0.780015230178833, "hemophilia": 0.7430973052978516, "mild hemophiliac": 0.7409493327140808, "hemophiliac": 0.7405499815940857, "hemophilic": 0.7389636039733887, "mild hemophilia": 0.7380726337432861, "severe hemophiliac": 0.7349686622619629, "national hemophilia": 0.7339267730712891, "severe hemophilia": 0.733814001083374, "hemophilia society": 0.7300306558609009, "hemophilia association": 0.7232792973518372, "another hemophiliac": 0.7181562185287476, "non hemophiliac": 0.7158116102218628, "hemophilia community": 0.7141997814178467, "hemophilia federation": 0.713216245174408, "local hemophilia": 0.708655595779419, "federation of hemophilia": 0.7075743675231934, "hemophilia foundation": 0.6999985575675964, "hemophilia center": 0.6925731301307678, "regional hemophilia": 0.6898857355117798, "severe hemo": 0.6880961060523987, "hemophilic arthropathy": 0.6845386624336243, "hemophiliacs": 0.6811013221740723, "severe haemophilia": 0.6728806495666504, "younger hemophiliacs": 0.6716650724411011, "haemophilia": 0.6659591197967529, "other hemophiliacs": 0.6654685735702515, "hematology clinic": 0.653281569480896, "started hemlibra": 0.6481282711029053, "haemophilia centre": 0.6434539556503296, "older hemophiliacs": 0.6420568227767944, "haemophiliac": 0.6360772848129272, "fellow hemophiliacs": 0.6338326334953308, "haemophilia society": 0.6198101043701172, "hematology": 0.6194635629653931, "severe hem": 0.6182845830917358, "hematologists": 0.6181808114051819, "hem severe": 0.615344226360321, "your hematologist": 0.6133518815040588, "hematology team": 0.6067899465560913, "hematologist": 0.6007323861122131, "hemlibra": 0.5917307138442993, "hemophila": 0.588001012802124, "hemorrhage": 0.5869916677474976, "switched to hemlibra": 0.5852541923522949, "switching to hemlibra": 0.574964165687561, "haemophiliacs": 0.5712223052978516, "bleeding disorder": 0.5647594928741455, "bleeding disorders": 0.5599073171615601, "bleeding issues": 0.547583818435669}, "1": {"tattoos": 0.598686933517456, "tattoo": 0.5735411643981934, "first tattoo": 0.5682743787765503, "tattoo artist": 0.5414685010910034, "bruising": 0.41296517848968506, "bracelets": 0.411257803440094, "hemophilia treatment": 0.4050562381744385, "alert bracelet": 0.40023165941238403, "piercings": 0.3996645510196686, "bruises": 0.3987257480621338, "bruise": 0.395729124546051, "blood drawn": 0.3951447606086731, "bracelet": 0.3944580554962158, "mild hemophilia": 0.38845929503440857, "hemophilic arthropathy": 0.3864024877548218, "severe hemophilia": 0.38255342841148376, "bandage": 0.3811799883842468, "hemophilia": 0.38078516721725464, "hemophilic": 0.3764464259147644, "mild hemophiliac": 0.3753700256347656, "local hemophilia": 0.37486231327056885, "severe hemophiliac": 0.3744221329689026, "stitches": 0.3739877939224243, "hemophilia association": 0.3705083131790161, "non hemophiliac": 0.370508074760437, "bruised": 0.3699723184108734, "regional hemophilia": 0.3661239743232727, "another hemophiliac": 0.36172670125961304, "national hemophilia": 0.36034727096557617, "your hematologist": 0.3585532307624817, "hemophiliac": 0.3584296405315399, "hemophilia center": 0.3572496175765991, "tainted blood": 0.35425740480422974, "sore arm": 0.35397055745124817, "hemophilia community": 0.3500382900238037, "switched to hemlibra": 0.3477737307548523, "wound": 0.34683817625045776, "hemophilia society": 0.34666821360588074, "younger hemophiliacs": 0.3453179895877838, "hemophilia federation": 0.3422572910785675, "other hemophiliacs": 0.3418073058128357, "federation of hemophilia": 0.3360491693019867, "bleeding issues": 0.3328341841697693, "hematology": 0.3328281342983246, "scar tissue": 0.33259302377700806, "hematology clinic": 0.33115220069885254, "switching to hemlibra": 0.33090856671333313, "hemophiliacs": 0.33005961775779724, "blood thinners": 0.32942599058151245, "scarred": 0.3290107846260071}}