{"c_v": 0.3055927078347008, "c_npmi": -0.25583501494061023, "u_mass": -6.513261747054891, "c_uci": -7.655575451206149}