{"c_v": 0.35089132567570275, "c_npmi": -0.28739680971584824, "u_mass": -6.831018453425936, "c_uci": -8.543377626326789}