{"c_v": 0.35396388477719426, "c_npmi": -0.3221828690742414, "u_mass": -7.740537729972914, "c_uci": -9.304231226728984}