{"0": {"hearing loss": 0.6298712491989136, "ear infection": 0.5936058759689331, "unilateral hearing": 0.5931254029273987, "residual hearing": 0.5671910047531128, "sudden deafness": 0.5616343021392822, "ear infections": 0.5457422733306885, "sudden hearing": 0.5448690056800842, "bilateral hearing": 0.542121171951294, "reduce the tinnitus": 0.5411844253540039, "wear an earplug": 0.5407972931861877, "unilateral deafness": 0.5394465923309326, "selective hearing": 0.5353705286979675, "reactive tinnitus": 0.5348731279373169, "constant tinnitus": 0.5337142944335938, "hearing preservation": 0.517387866973877, "bad ear": 0.5110849142074585, "hearing impaired": 0.5072187185287476, "eardrum": 0.5046098232269287, "hearing aid": 0.5031261444091797, "diagnosed with an acoustic": 0.5030226707458496, "tinnitus": 0.5027857422828674, "duration of deafness": 0.4954824149608612, "sensorineural hearing": 0.4947274625301361, "ear canal": 0.49467772245407104, "working ears": 0.4934813976287842, "hearing protection": 0.49209368228912354, "hearing aids": 0.4914137125015259, "left ear": 0.49003463983535767, "hearing test": 0.486760675907135, "meniere disease": 0.4751451015472412, "nerve deafness": 0.47379496693611145, "severe vertigo": 0.47361379861831665, "inner ear": 0.4730373024940491, "menieres disease": 0.46978759765625, "eardrums": 0.4689292907714844, "ear canals": 0.46150869131088257, "sided deafness": 0.46042996644973755, "total deafness": 0.45745348930358887, "right ear": 0.45602744817733765, "partially deaf": 0.45545846223831177, "unilaterally deaf": 0.4546915590763092, "auditory nerve": 0.454078733921051, "permanently deaf": 0.45247432589530945, "complete deafness": 0.4518657624721527, "hearing protectors": 0.44533851742744446, "extreme vertigo": 0.44435256719589233, "auditory nerves": 0.4434671401977539, "neuro otologist": 0.4428582191467285, "unable to hear": 0.4424324333667755, "earplug": 0.4384791851043701}, "1": {"hearing impaired": 0.6606031656265259, "hearing loss": 0.6563565731048584, "selective hearing": 0.645117998123169, "unilateral deafness": 0.6225367784500122, "sided deafness": 0.6216982007026672, "complete deafness": 0.6095013618469238, "unilaterally deaf": 0.5994908809661865, "total deafness": 0.5972651243209839, "hearing protection": 0.5927568674087524, "partially deaf": 0.5876890420913696, "duration of deafness": 0.5842540264129639, "hearing aid": 0.582796573638916, "unilateral hearing": 0.5762485265731812, "deafness": 0.5761910676956177, "sudden deafness": 0.5719133615493774, "profound deafness": 0.5696866512298584, "fully deaf": 0.5645874738693237, "hearing": 0.5634201169013977, "hearing preservation": 0.5632845759391785, "permanently deaf": 0.5576799511909485, "deaf side": 0.5553810596466064, "deaf community": 0.5519063472747803, "residual hearing": 0.5508935451507568, "nerve deafness": 0.5459437370300293, "sided deaf": 0.5452049970626831, "hearing aids": 0.5441020131111145, "hearing test": 0.5438095331192017, "severely deaf": 0.5325024724006653, "deaf": 0.5297941565513611, "totally deaf": 0.527411937713623, "auditory processing": 0.52692711353302, "bilateral hearing": 0.5267780423164368, "hearing protectors": 0.5256857872009277, "listening fatigue": 0.5245730876922607, "half deaf": 0.5226403474807739, "completely deaf": 0.5176364779472351, "sensorineural hearing": 0.5175402164459229, "auditory": 0.5168483257293701, "ability to hear": 0.5090237259864807, "sudden hearing": 0.504079282283783, "conductive hearing": 0.5029040575027466, "auditory nerve": 0.49917516112327576, "working ears": 0.4931202232837677, "auditory nerves": 0.48604440689086914, "wear an earplug": 0.48430317640304565, "eardrum": 0.4800105094909668, "avoid loud": 0.47898346185684204, "inner ear": 0.47682201862335205, "deaf culture": 0.47467660903930664, "eardrums": 0.474229097366333}, "2": {"stereo headphones": 0.6738408803939819, "headphone accommodations": 0.6347066164016724, "bose hearphones": 0.6174619793891907, "mono hearer": 0.6173795461654663, "wireless earbuds": 0.6129381060600281, "mobile ears": 0.6096146106719971, "headset earphones": 0.6092737317085266, "hearphones": 0.606721818447113, "mono audio": 0.5980932712554932, "pro ears": 0.5906589031219482, "hearing aid": 0.5856529474258423, "earphone": 0.5856413841247559, "bluetooth earbuds": 0.5854983925819397, "earphones": 0.5844240188598633, "headphones": 0.5789910554885864, "hearing aids": 0.578231930732727, "hearing protectors": 0.5752601623535156, "ear buds": 0.5733736157417297, "headphone": 0.5730748772621155, "hearing protection": 0.5683078765869141, "earpiece": 0.5682386159896851, "pair of headphones": 0.5662688612937927, "sound isolation": 0.5597038269042969, "earplugs": 0.5567706227302551, "gaming headsets": 0.5530918836593628, "regular headphones": 0.549795925617218, "hearing impaired": 0.5497569441795349, "earplug": 0.5454812049865723, "hearing preservation": 0.5446258783340454, "wearing headphones": 0.54377281665802, "ear plug": 0.5394659042358398, "hearing loss": 0.5394521951675415, "stereo to mono": 0.5391809940338135, "ear cup": 0.5346561670303345, "eardrums": 0.5338932871818542, "headset": 0.532571017742157, "ear plugs": 0.5290170907974243, "headsets": 0.528028130531311, "bluetooth headset": 0.5274437665939331, "bilateral hearing": 0.5268566012382507, "working ears": 0.5256019830703735, "selective hearing": 0.5254701972007751, "eardrum": 0.5218254923820496, "stereo mix": 0.5202266573905945, "yuni headphones": 0.5164171457290649, "earbud": 0.5163724422454834, "earwax": 0.5138520002365112, "wear an earplug": 0.5117477774620056, "earmuffs": 0.511299192905426, "auditory": 0.5075238943099976}, "3": {"hearing aids": 0.6929644346237183, "hearing aid": 0.6880077123641968, "hearing protection": 0.6298761367797852, "hearing protectors": 0.6160287857055664, "hearing preservation": 0.6065822839736938, "hearing loss": 0.5913268327713013, "cochlear implants": 0.551282525062561, "hearing test": 0.5414361953735352, "hearing impaired": 0.5369924306869507, "selective hearing": 0.5337103605270386, "cochlear implant": 0.531980574131012, "wear an earplug": 0.505692183971405, "bilateral hearing": 0.5051689147949219, "residual hearing": 0.5001537799835205, "earplugs": 0.4967533349990845, "audiologist recommended": 0.49664556980133057, "sensorineural hearing": 0.49533629417419434, "cochlear osia": 0.49118727445602417, "pro ears": 0.4908992350101471, "earplug": 0.48651015758514404, "earpiece": 0.48481547832489014, "working ears": 0.482338547706604, "cochlear implantation": 0.4821201264858246, "eardrum": 0.4785315990447998, "ear cup": 0.47806233167648315, "eardrums": 0.47605031728744507, "ear canal": 0.4696345627307892, "mobile ears": 0.46647346019744873, "wireless earbuds": 0.46515941619873047, "earwax": 0.46436312794685364, "cochlear": 0.46129170060157776, "ear canals": 0.46128523349761963, "hearing": 0.46001923084259033, "earmuffs": 0.4555630087852478, "candidate for cochlear": 0.45215171575546265, "cochlear hydrops": 0.4498635232448578, "ear infection": 0.4486217498779297, "ear muffs": 0.4478136897087097, "ear infections": 0.44740134477615356, "mono hearer": 0.447176456451416, "unilateral hearing": 0.44575732946395874, "left ear": 0.44428086280822754, "ear plug": 0.4429200291633606, "ear buds": 0.4426763653755188, "headset earphones": 0.44164592027664185, "right ear": 0.43887192010879517, "headphone accommodations": 0.43591633439064026, "audiologist": 0.4331169128417969, "outer ear": 0.4327813684940338, "earphone": 0.43234819173812866}, "4": {"cochlear implant": 0.6976696252822876, "cochlear implants": 0.689048171043396, "cochlear implantation": 0.6743869781494141, "hearing preservation": 0.6209533214569092, "hearing aid": 0.5922840237617493, "hearing loss": 0.583733320236206, "hearing protection": 0.5732693672180176, "hearing aids": 0.5644025802612305, "cochlear osia": 0.5569607019424438, "hearing impaired": 0.5546911358833313, "selective hearing": 0.5507270097732544, "bilateral hearing": 0.5453193187713623,