{"0": {"diagnosed with spina": 0.5511206388473511, "scoliosis": 0.4774494171142578, "back pain": 0.4588010013103485, "been diagnosed": 0.4269424378871918, "tethered spinal": 0.4228494167327881, "pain management": 0.42266565561294556, "spinal": 0.42045360803604126, "diagnosis": 0.41352224349975586, "was diagnosed": 0.4071740508079529, "lumbar": 0.40349292755126953, "spine": 0.39033371210098267, "spinal cord": 0.3878524899482727, "chronic pain": 0.3874887228012085, "constant pain": 0.38284143805503845, "surgeries": 0.3820090889930725, "use wheelchair": 0.381009042263031, "diagnosed": 0.37724196910858154, "neurosurgeon": 0.3716830909252167, "wheelchair": 0.3679678738117218, "complications": 0.3566119074821472, "wheelchair user": 0.3509669899940491, "lower back": 0.34989500045776367, "physical therapy": 0.34943628311157227, "able to walk": 0.3453095555305481, "nerve damage": 0.34433501958847046, "your doctor": 0.3361275792121887, "incontinence issues": 0.3353090286254883, "mri": 0.3327016532421112, "wheelchair users": 0.33044183254241943, "second opinion": 0.3241775631904602, "surgery": 0.3209097385406494, "neurogenic bladder": 0.3195362091064453, "paralyzed": 0.3139694929122925, "walk normally": 0.31157922744750977, "neurologist": 0.30958330631256104, "sb clinic": 0.30774688720703125, "health issues": 0.30729949474334717, "pain": 0.3013913631439209, "leg braces": 0.29632970690727234, "disability": 0.2927491366863251, "bladder augmentation": 0.291806697845459, "constipation": 0.2895811200141907, "bifida occulta": 0.28861796855926514, "patients": 0.2854110598564148, "detethering surgery": 0.2830401659011841, "wheelchair bound": 0.2825586795806885, "recovery": 0.28178566694259644, "physical therapist": 0.28026148676872253, "can walk": 0.2795790433883667, "symptoms": 0.2778109014034271}, "1": {"spina bifida": 0.6276713609695435, "bifida": 0.547760546207428, "spina": 0.547263503074646, "spinabifida": 0.5374331474304199, "bifida occulta": 0.5128685235977173, "born with spina": 0.49550700187683105, "lonely": 0.455560564994812, "disability community": 0.44394856691360474, "adults with sb": 0.43477118015289307, "community": 0.4289756417274475, "support": 0.4289212226867676, "hi all": 0.42101794481277466, "support group": 0.4159430265426636, "want to talk": 0.41360098123550415, "hi everyone": 0.4076983332633972, "started": 0.4068269431591034, "sb clinic": 0.40596675872802734, "diagnosed with spina": 0.40161848068237305, "hi": 0.4010119140148163, "visit": 0.39714404940605164, "facebook": 0.391762375831604, "talked": 0.3900963068008423, "post": 0.38554519414901733, "life": 0.385115385055542, "survey": 0.3849387764930725, "together": 0.38443371653556824, "doing": 0.3796042203903198, "chat": 0.3791791796684265, "lives": 0.37904366850852966, "sharing your": 0.3788280189037323, "talk": 0.3762223422527313, "meet": 0.3745650053024292, "sharing": 0.37375402450561523, "thanks for sharing": 0.37218916416168213, "posts": 0.37214767932891846, "sbo": 0.3718905448913574, "facebook group": 0.3716062903404236, "hello": 0.37056684494018555, "contact": 0.36940115690231323, "thank you": 0.36828359961509705, "would love": 0.3643859624862671, "talking": 0.3625345826148987, "want": 0.3622981905937195, "active": 0.36096620559692383, "experiences": 0.35997486114501953, "thanks": 0.35954153537750244, "partner": 0.35897713899612427, "wheelchair user": 0.3584427237510681, "name": 0.3577410876750946, "social": 0.3573659062385559}, "2": {"fetal surgery": 0.5504348278045654, "diagnosed with spina": 0.4958139657974243, "children hospital": 0.440064013004303, "fetal": 0.42521631717681885, "pediatric": 0.4042500853538513, "born with spina": 0.4021046757698059, "prenatal": 0.3815973401069641, "primary care": 0.3744431138038635, "surgeries": 0.374059796333313, "was diagnosed": 0.3717646598815918, "been diagnosed": 0.3624235689640045, "complications": 0.3615633249282837, "pregnancy": 0.36008381843566895, "diagnosis": 0.3498936891555786, "sb clinic": 0.34946608543395996, "diagnosed": 0.34566590189933777, "local hospital": 0.33703744411468506, "pregnant": 0.33402013778686523, "your child": 0.3287554979324341, "malformation": 0.32016152143478394, "surgery": 0.3111940622329712, "health issues": 0.3067246675491333, "spina bifida": 0.3033084273338318, "daughter has": 0.29326218366622925, "neurosurgeon": 0.29280203580856323, "second opinion": 0.2902134656906128, "medicaid": 0.28803616762161255, "patients": 0.2877357602119446, "hospital": 0.28716546297073364, "bifida occulta": 0.2859247922897339, "your son": 0.28552255034446716, "after birth": 0.2837669551372528, "use wheelchair": 0.2819134294986725, "special needs": 0.2810431122779846, "wheelchair": 0.2780458331108093, "chiari malformation": 0.27359604835510254, "your doctor": 0.2704293727874756, "medical": 0.26918768882751465, "ultrasound": 0.26751142740249634, "appointment": 0.267468124628067, "surgical": 0.2650030851364136, "adults with sb": 0.26494553685188293, "hydrocephalus": 0.26422902941703796, "our son": 0.2631712853908539, "our daughter": 0.2630567252635956, "mri": 0.2621864676475525, "scoliosis": 0.26034411787986755, "wheelchair user": 0.25845855474472046, "syndrome": 0.2579221725463867, "birth": 0.2576116621494293}, "3": {"bladder and bowel": 0.5926597118377686, "bladder control": 0.5848028063774109, "bladder augmentation": 0.5623836517333984, "incontinence issues": 0.5493136644363403, "bladder": 0.5482862591743469, "intermittent catheters": 0.5352650284767151, "use catheter": 0.4982239007949829, "bladder cancer": 0.4955410659313202, "neurogenic bladder": 0.48279303312301636, "urodynamics test": 0.47500449419021606, "urinary": 0.4502166509628296, "uti": 0.44730836153030396, "urologist": 0.44471806287765503, "urodynamics": 0.4236820936203003, "urethra": 0.41861239075660706, "kidney infections": 0.4179001450538635, "urine": 0.4177635908126831, "catheters": 0.41665488481521606, "incontinence": 0.41523849964141846, "urology": 0.4074400067329407, "catheter": 0.40619832277297974, "catheterize": 0.3923644423484802, "kidney stones": 0.3736875653266907, "pee": 0.35741499066352844, "utis": 0.3382224440574646, "bowel management": 0.3323041498661041, "your doctor": 0.3097228407859802, "been diagnosed": 0.30735769867897034, "pain management": 0.3066776990890503, "kidney": 0.3060477674007416, "diagnosis": 0.30420392751693726, "surgeries": 0.3035795986652374, "complications": 0.303072452545166, "detethering surgery": 0.3005121350288391, "reflux": 0.2946174144744873, "my kidneys": 0.29283469915390015, "constipation": 0.29144012928009033, "diagnosed with spina": 0.286308228969574, "drs": 0.28608009219169617, "was diagnosed": 0.2857559323310852, "kidneys": 0.27616173028945923, "patients": 0.27133089303970337, "back pain": 0.26727697253227234, "bowels": 0.2622522711753845, "bifida occulta": 0.261234849691391, "treatment": 0.2598876953125, "second opinion": 0.2578624486923218, "diagnosed": 0.25766533613204956, "malformation": 0.2569148540496826, "constant pain": 0.2498103678226471}, "4": {"depression": 0.42035117745399475, "take care": 0.3903411626815796, "get better": 0.3763583302497864, "therapy": 0.37282347679138184, "mental health": 0.34884411096572876, "being disabled": 0.3347916603088379, "therapist": 0.33339059352874756, "recovery": 0.3216657042503357, "suffer": 0.31734493374824524, "disability community": 0.3131667375564575, "been diagnosed": 0.30009737610816956, "lonely": 0.29405489563941956, "chronic pain": 0.2871541976928711, "normal life": 0.28673815727233887, "diagnosed": 0.2848023772239685, "be helpful": 0.2814628481864929, "disability": 0.28099703788757324, "was diagnosed": 0.2711724638938904, "self": 0.27052760124206543, "getting worse": 0.26747679710388184, "find someone": 0.26732730865478516, "alone": 0.2665662169456482, "anxiety": 0.26530033349990845, "struggling": 0.264263391494751, "struggle": 0.25732874870300293, "be able": 0.25664255023002625, "physical therapy": 0.2556340992450714, "support group": 0.25104981660842896,