{"c_v": 0.3440120842965693, "c_npmi": -0.21614517539792952, "u_mass": -3.157555603265538, "c_uci": -7.270153358217666}