{"c_v": 0.2237682428403323, "c_npmi": -0.16231651821815302, "u_mass": -2.404488382728478, "c_uci": -4.9388812033497285}