{"0": {"ocular albinism": 0.6910952925682068, "people with albinism": 0.6739386916160583, "albinism awareness": 0.6373043060302734, "person with albinism": 0.6229574680328369, "albinism": 0.6115043759346008, "types of albinism": 0.5966593027114868, "oculocutaneous albinism": 0.5946738719940186, "albinos": 0.5503770112991333, "international albinism": 0.523779034614563, "vision issues": 0.5186529159545898, "albino": 0.5120571851730347, "eye color": 0.5090500116348267, "visual impairment": 0.49010953307151794, "visually impaired": 0.48813557624816895, "vision problems": 0.4874190092086792, "low vision": 0.465324729681015, "eyesight": 0.44011634588241577, "ocular": 0.41603344678878784, "visual acuity": 0.41371190547943115, "eye": 0.4055589735507965, "eyes": 0.4027705192565918, "pigmentation": 0.4014338254928589, "vision": 0.39960578083992004, "eye doctor": 0.3952007591724396, "albino porn": 0.38315343856811523, "blind": 0.3762533664703369, "photophobia": 0.3734264373779297, "my eyes": 0.37234216928482056, "pigment": 0.37137162685394287, "blue eyes": 0.36841005086898804, "sunglasses": 0.36583682894706726, "eye pain": 0.3591168224811554, "perception": 0.34864023327827454, "astigmatism": 0.33782288432121277, "eye surgery": 0.33272236585617065, "eyebrows": 0.3291792869567871, "colour": 0.3274027705192566, "green eyes": 0.3271946310997009, "color": 0.325968474149704, "legally blind": 0.3206597864627838, "impairment": 0.30930736660957336, "impaired": 0.3028239607810974, "red eyes": 0.3025158941745758, "wear glasses": 0.3018701672554016, "visually": 0.29992106556892395, "laser eye": 0.29984548687934875, "affected your": 0.29689618945121765, "very pale": 0.29609233140945435, "ophthalmologist": 0.2937391400337219, "light sensitivity": 0.28793424367904663}, "1": {"people with albinism": 0.8447463512420654, "albinism awareness": 0.8346693515777588, "albinism": 0.8282416462898254, "international albinism": 0.8219765424728394, "person with albinism": 0.8006256222724915, "types of albinism": 0.7682493925094604, "albino": 0.7627192735671997, "albinos": 0.7503145933151245, "oculocutaneous albinism": 0.7363337278366089, "ocular albinism": 0.6489517688751221, "albino porn": 0.6252285838127136, "met": 0.425953209400177, "uv": 0.4257720410823822, "all": 0.40734052658081055, "oca": 0.40301430225372314, "anyone": 0.4010627865791321, "personally": 0.3999626636505127, "genetic": 0.3985523283481598, "other people": 0.39593809843063354, "black": 0.39593708515167236, "everyone": 0.3958316445350647, "my brother": 0.3939157724380493, "people": 0.38969066739082336, "nystagmus": 0.38804900646209717, "my family": 0.38792580366134644, "community": 0.38610708713531494, "im": 0.3850800395011902, "agree": 0.38467276096343994, "story": 0.38448816537857056, "oh": 0.38229119777679443, "anyone else": 0.38186943531036377, "even": 0.37951552867889404, "hi": 0.37696897983551025, "group": 0.3731454610824585, "colour": 0.3708871304988861, "haha": 0.3705545663833618, "color": 0.37037187814712524, "people who": 0.3702472150325775, "others": 0.37024474143981934, "any": 0.36994361877441406, "son": 0.3680236339569092, "stories": 0.3669126629829407, "lol": 0.3658255338668823, "ok": 0.36551809310913086, "any other": 0.3644358217716217, "comment": 0.3599419891834259, "nonce": 0.35979628562927246, "especially": 0.359699010848999, "me": 0.359684020280838, "most people": 0.3586113452911377}}