{"c_v": 0.34850968171223135, "c_npmi": -0.22801116428216922, "u_mass": -3.5407309091525767, "c_uci": -7.536617282578007}