{"0": {"diagnosed with spina": 0.446858286857605, "spinal": 0.435214638710022, "spinal cord": 0.42012447118759155, "tethered spinal": 0.4079335331916809, "spina bifida": 0.39677202701568604, "born with spina": 0.37327420711517334, "spine": 0.3452607989311218, "spinabifida": 0.34202027320861816, "scoliosis": 0.32326775789260864, "fetal surgery": 0.2858599126338959, "back pain": 0.26378142833709717, "neurosurgeon": 0.26377207040786743, "chronic pain": 0.26373395323753357, "spina": 0.2570187449455261, "pain management": 0.2378002256155014, "nerve damage": 0.23643973469734192, "detethering surgery": 0.23118215799331665, "neurogenic bladder": 0.2306058406829834, "leg braces": 0.2263154834508896, "sb clinic": 0.2199477255344391, "kidney stones": 0.21989798545837402, "paralyzed": 0.21628007292747498, "left leg": 0.21578332781791687, "neurologist": 0.21348661184310913, "ankle": 0.21314406394958496, "physical therapy": 0.21287783980369568, "been diagnosed": 0.2126275599002838, "was diagnosed": 0.21207618713378906, "diagnosis": 0.21066729724407196, "my kidneys": 0.20979002118110657, "bladder cancer": 0.20516498386859894, "surgery": 0.20305019617080688, "kidney": 0.19992443919181824, "diagnosed": 0.1995503306388855, "kidneys": 0.1988600790500641, "wheelchair bound": 0.1955571174621582, "constant pain": 0.19544526934623718, "children hospital": 0.19431838393211365, "neurogenic": 0.18981631100177765, "surgeries": 0.18734616041183472, "surgical": 0.18501271307468414, "syndrome": 0.18319740891456604, "hydrocephalus": 0.18165382742881775, "meningocele": 0.18047446012496948, "physical therapist": 0.18008381128311157, "scar tissue": 0.1793089210987091, "knee": 0.17822685837745667, "pain": 0.17685270309448242, "belly button": 0.17598581314086914, "wheelchair": 0.1751374453306198}, "1": {"spina bifida": 0.6612879633903503, "born with spina": 0.6232913732528687, "spinabifida": 0.6154769659042358, "diagnosed with spina": 0.5991041660308838, "spinal": 0.5740540027618408, "tethered spinal": 0.5528825521469116, "spina": 0.5120471119880676, "spinal cord": 0.5034281015396118, "spine": 0.4995896816253662, "bifida": 0.48556116223335266, "paralyzed": 0.4703370928764343, "meningocele": 0.464651882648468, "scoliosis": 0.46221908926963806, "folic": 0.4454435110092163, "constipation": 0.4444400668144226, "lipomeningocele": 0.4342726469039917, "bifida occulta": 0.4336308240890503, "sb": 0.4262394309043884, "about": 0.4240914583206177, "dimple": 0.4191339313983917, "mitrofanoff": 0.4176448583602905, "able bodied": 0.41700005531311035, "sbo": 0.4161437749862671, "spasms": 0.41293802857398987, "dating": 0.4126947522163391, "trauma": 0.40868744254112244, "syndrome": 0.40835168957710266, "can relate": 0.40650367736816406, "lives": 0.404087096452713, "talking about": 0.40300890803337097, "bowels": 0.4022027254104614, "lesion": 0.40219417214393616, "talk about": 0.40135031938552856, "my kidneys": 0.40133365988731384, "hydrocephalus": 0.40124011039733887, "urology": 0.4001196622848511, "fetal": 0.39867162704467773, "be": 0.3984926640987396, "blisters": 0.39736244082450867, "urologist": 0.3959410786628723, "lump": 0.39579063653945923, "afo": 0.39491015672683716, "mentioned": 0.3945264220237732, "wish": 0.3939663767814636, "saw": 0.39357295632362366, "pt": 0.39135652780532837, "dm me": 0.39080068469047546, "urethra": 0.3902984857559204, "mention": 0.39024171233177185, "having": 0.38995087146759033}, "2": {"neurogenic bladder": 0.4949226379394531, "kidney infections": 0.4844931662082672, "urinary": 0.4808388352394104, "bladder control": 0.46842169761657715, "bladder cancer": 0.4590955376625061, "bladder and bowel": 0.45795464515686035, "incontinence issues": 0.4527429938316345, "urine": 0.44833454489707947, "catheterize": 0.4468054175376892, "kidneys": 0.4441133141517639, "kidney": 0.44045770168304443, "bladder": 0.43716150522232056, "intermittent catheters": 0.43677449226379395, "bladder augmentation": 0.43589797616004944, "kidney stones": 0.426983118057251, "incontinence": 0.40421485900878906, "my kidneys": 0.4026232659816742, "use catheter": 0.39219987392425537, "catheter": 0.38422083854675293, "urethra": 0.37868961691856384, "catheters": 0.37306877970695496, "bowel management": 0.3480321168899536, "urology": 0.319530189037323, "hydrocephalus": 0.3123301863670349, "bowel": 0.2931833565235138, "urologist": 0.2877563238143921, "tethered spinal": 0.278825581073761, "diagnosed with spina": 0.27189794182777405, "toilet": 0.2681385278701782, "spinal": 0.256298303604126, "bowels": 0.24702802300453186, "spinal cord": 0.2448054850101471, "spina bifida": 0.24398687481880188, "chronic pain": 0.2405439019203186, "diapers": 0.23444265127182007, "pee": 0.23098543286323547, "scoliosis": 0.22861793637275696, "reflux": 0.2252848744392395, "diaper": 0.22382530570030212, "fetal surgery": 0.22359612584114075, "pain management": 0.21880821883678436, "detethering surgery": 0.21385443210601807, "neurosurgeon": 0.20430155098438263, "back pain": 0.2042798399925232, "sb clinic": 0.19609889388084412, "neurogenic": 0.19551831483840942, "ultrasound": 0.19309094548225403, "meningocele": 0.18920354545116425, "bathroom": 0.18894091248512268, "nerve damage": 0.1887129843235016}, "3": {"lose weight": 0.3852669298648834, "exercise": 0.3162609338760376, "gym": 0.3107176721096039, "adaptive sports": 0.28816840052604675, "muscles": 0.2881626486778259, "muscle": 0.27455881237983704, "weight": 0.2679629921913147, "physical therapy": 0.24621295928955078, "diet": 0.22244936227798462, "jiu jitsu": 0.2174159586429596, "physical therapist": 0.2145531177520752, "leg braces": 0.20863667130470276, "walk normally": 0.205145001411438, "able to walk": 0.19694843888282776, "pull ups": 0.19015488028526306, "health issues": 0.18889249861240387, "healthy": 0.1868153214454651, "spinal cord": 0.18625810742378235, "ankle": 0.18545550107955933, "get better": 0.1832084357738495, "waist down": 0.1820531189441681, "sports": 0.1814614087343216, "fatty": 0.17865893244743347, "physical": 0.1767139434814453, "belly button": 0.17258937656879425, "good luck": 0.17078596353530884, "left leg": 0.16857340931892395, "physically": 0.16542477905750275, "pull up": 0.16451165080070496, "health": 0.16264937818050385, "scoliosis": 0.16231568157672882, "your body": 0.158786803483963, "walking": 0.15637096762657166, "spine": 0.1541825532913208, "knee": 0.15354686975479126, "effort": 0.15269987285137177, "back pain": 0.15114504098892212, "wheelchair bound": 0.15048107504844666, "walk": 0.15042924880981445, "fit": 0.15024976432323456, "belly": 0.14947471022605896, "can walk": 0.148589625954628, "any tips": 0.1476481854915619, "routine": 0.14739549160003662, "upper body": 0.1453092396259308, "tethered spinal": 0.14507682621479034, "use wheelchair": 0.1429450958967209, "constant pain": 0.1424238532781601, "wheelchair": 0.1393408179283142, "spinal": 0.13933561742305756}, "4": {"wheelchair": 0.4399273097515106, "wheelchair bound": 0.4394689202308655, "use wheelchair": 0.4297572374343872, "wheelchair users": 0.4250034689903259, "wheelchair user": 0.42369306087493896, "disabled people": 0.4224986433982849, "disabilities": 0.3673878610134125, "disability": 0.3573303818702698, "disability community": 0.3572382628917694, "being disabled": 0.3384205102920532, "disabled": 0.31692934036254883, "chair": 0.3044004440307617, "their chair": 0.2793801724910736, "stool": 0.2176414430141449, "mobility": 0.2084108144044876, "paralyzed": 0.20171654224395752, "sitting": 0.18318411707878113, "sit": 0.16312691569328308, "able to walk": 0.16114330291748047, "scoliosis": 0.1579955518245697, "leg braces": 0.15697360038757324, "uncomfortable": 0.14769501984119415, "am sorry": 0.1474107801914215, "ankle": 0.1457560658454895, "access": 0.14566420018672943, "tethered spinal": 0.1455300897359848, "knee": 0.1427372694015503, "spine": 0.14059467613697052, "diagnosed with spina": 0.1396080106496811, "spinal": 0.13843649625778198, "left leg": 0.13609622418880463, "social life": 0.13414035737514496,