{"0": {"translab surgery": 0.4751066565513611, "post surgery": 0.4555043876171112, "neurosurgeon": 0.42788970470428467, "surgery": 0.4142841100692749, "after surgery": 0.41340863704681396, "pre surgery": 0.40120360255241394, "surgical": 0.3993781805038452, "surgeries": 0.38868969678878784, "acoustic neuromas": 0.3583952784538269, "acoustic neuroma": 0.35671526193618774, "surgeon": 0.3395386040210724, "ear canal": 0.3321869373321533, "vestibular therapy": 0.3278599977493286, "hearing loss": 0.3212512731552124, "left ear": 0.31968432664871216, "brain tumor": 0.3182237148284912, "affected ear": 0.3074494004249573, "surgeons": 0.3031041920185089, "neurologist": 0.3008050322532654, "tumor": 0.2922949194908142, "ear infection": 0.2879927158355713, "hearing aids": 0.2878357172012329, "vestibular nerve": 0.27967196702957153, "hearing aid": 0.27779510617256165, "facial paralysis": 0.2760929763317108, "right ear": 0.2738385796546936, "physical therapy": 0.2678704261779785, "tumors": 0.2519802153110504, "was diagnosed": 0.2458193302154541, "completely deaf": 0.24027632176876068, "sudden hearing": 0.23732399940490723, "hearing test": 0.23657357692718506, "treatment": 0.23632514476776123, "inner ear": 0.23481576144695282, "facial nerve": 0.23231685161590576, "moderate hearing": 0.23107507824897766, "ear": 0.22990094125270844, "diagnosis": 0.22873079776763916, "cancer": 0.2255648374557495, "neuroma": 0.22521312534809113, "diagnosed": 0.22319838404655457, "nerve damage": 0.2225448340177536, "medical": 0.2214871495962143, "pulsatile tinnitus": 0.21992328763008118, "medical center": 0.2166544497013092, "both ears": 0.21474988758563995, "hospital": 0.21431377530097961, "recovery": 0.21265730261802673, "paralysis": 0.2098149061203003, "academic medical": 0.2054695188999176}, "1": {"affected ear": 0.4447568655014038, "hearing loss": 0.4348393976688385, "ear infection": 0.4313323497772217, "acoustic neuromas": 0.41202691197395325, "acoustic neuroma": 0.4031665027141571, "ear canal": 0.39423540234565735, "sudden hearing": 0.38445982336997986, "left ear": 0.37545716762542725, "hearing aids": 0.3674522638320923, "headaches": 0.362406462430954, "brain tumor": 0.36042478680610657, "hearing test": 0.35917067527770996, "other symptoms": 0.3504610061645508, "symptoms": 0.3481493592262268, "hearing aid": 0.3377889394760132, "moderate hearing": 0.33531492948532104, "right ear": 0.3347342014312744, "diagnosis": 0.33316731452941895, "was diagnosed": 0.3313590884208679, "pulsatile tinnitus": 0.32648298144340515, "symptom": 0.32603931427001953, "dizzy": 0.3210616707801819, "dizziness": 0.3209613561630249, "inner ear": 0.313343346118927, "ear": 0.3131020665168762, "vestibular nerve": 0.3128025531768799, "diagnosed": 0.3101876974105835, "loss and tinnitus": 0.3046334385871887, "neurologist": 0.2953605651855469, "tumor": 0.2951982915401459, "ears": 0.2853209376335144, "both ears": 0.2832476496696472, "neurosurgeon": 0.27968159317970276, "nerve damage": 0.2789323329925537, "completely deaf": 0.2763199210166931, "deafness": 0.2762138843536377, "dizzy spells": 0.2756432294845581, "paralysis": 0.26862770318984985, "hearing": 0.2672205865383148, "tumors": 0.2670421898365021, "facial paralysis": 0.26403605937957764, "neuroma": 0.2615482211112976, "deaf": 0.2416853904724121, "facial nerve": 0.22712522745132446, "acoustic": 0.22710373997688293, "brain stem": 0.22503328323364258, "blood pressure": 0.22020366787910461, "nerves": 0.21138256788253784, "sorry to hear": 0.20936307311058044, "facial numbness": 0.2045694887638092}}