{"c_v": 0.3234714385029813, "c_npmi": -0.2047146586851905, "u_mass": -1.172803303499648, "c_uci": -6.4011568518574595}