{"c_v": 0.3086694888484367, "c_npmi": -0.23772026900346238, "u_mass": -3.620452511316445, "c_uci": -7.3131662190800135}