{"0": {"allergy symptoms": 0.4375884532928467, "symptoms": 0.3816109299659729, "similar symptoms": 0.37205493450164795, "allergy tests": 0.36641359329223633, "symptom": 0.3660702705383301, "neurological symptoms": 0.35580724477767944, "lyme disease": 0.3511184751987457, "allergic rhinitis": 0.3487337529659271, "allergic reaction": 0.3484281301498413, "gi symptoms": 0.341600239276886, "allergen": 0.33825671672821045, "allergist immunologist": 0.3367937207221985, "allergy testing": 0.3360253572463989, "diagnosed with mcas": 0.33367103338241577, "physical symptoms": 0.33338120579719543, "histamine intolerance": 0.3316972851753235, "allergy": 0.33050912618637085, "main symptoms": 0.33027756214141846, "allergic reactions": 0.32595714926719666, "allergies": 0.32278507947921753, "allergy shots": 0.32170096039772034, "neurological issues": 0.3160370886325836, "allergist": 0.31505173444747925, "allergists": 0.3086598515510559, "undiagnosed": 0.30623191595077515, "food allergies": 0.3013896644115448, "fibromyalgia": 0.301342248916626, "neurologist": 0.2999958395957947, "rhinitis": 0.29652220010757446, "ige allergies": 0.29401907324790955, "allergic": 0.2940176725387573, "autoimmune diseases": 0.2916039228439331, "seasonal allergies": 0.2912701368331909, "illnesses": 0.2895503044128418, "dysautonomia neurologist": 0.2893451750278473, "been diagnosed": 0.2877882421016693, "disease": 0.28685832023620605, "asthma": 0.2862031161785126, "proper diagnosis": 0.28406059741973877, "neurologist who": 0.2834746837615967, "allergens": 0.28263336420059204, "anaphylactic": 0.2822014093399048, "mediated allergies": 0.2819646894931793, "diagnosis": 0.28175124526023865, "neuropathy": 0.28143399953842163, "neurological": 0.2796582281589508, "rheumatologist": 0.2786661982536316, "autoimmune": 0.27517634630203247, "illness": 0.2749233543872833, "histamines": 0.2745993137359619}, "1": {"take benadryl": 0.4078425168991089, "histamine intolerance": 0.3878690004348755, "benadryl": 0.38719111680984497, "histamine diet": 0.3830749988555908, "allergy symptoms": 0.3698030114173889, "anti histamines": 0.3473626673221588, "anti histamine": 0.3425268530845642, "histamine foods": 0.34166353940963745, "antihistamines": 0.3385292887687683, "antihistamine": 0.3349706530570984, "histamine": 0.3342417776584625, "histamines": 0.33341681957244873, "grow histamine": 0.32899928092956543, "histamine release": 0.32839101552963257, "low histamine": 0.32576045393943787, "allergic reaction": 0.3238237202167511, "medication": 0.32073697447776794, "medications": 0.3117585778236389, "allergic reactions": 0.3116523027420044, "allergen": 0.30955827236175537, "allergy shots": 0.3091142475605011, "histamine blocker": 0.3041101098060608, "allergy": 0.3009313941001892, "histamine levels": 0.3008855879306793, "cetirizine": 0.3002282977104187, "allergic rhinitis": 0.2996705174446106, "vitamin deficiencies": 0.29759854078292847, "food allergies": 0.2965506613254547, "medicines": 0.2949925363063812, "anaphylactic reactions": 0.29426875710487366, "antidepressant": 0.2940269410610199, "high histamine": 0.292489230632782, "zyrtec and pepcid": 0.28827011585235596, "symptoms": 0.288141667842865, "benedryl": 0.28794747591018677, "meds": 0.28606659173965454, "anaphylactic reaction": 0.2853121757507324, "benzos": 0.2821143865585327, "allergies": 0.28207290172576904, "allergy tests": 0.2812192440032959, "histamine receptors": 0.28110969066619873, "histamine bucket": 0.28006482124328613, "take zyrtec": 0.27849480509757996, "allergist": 0.27494359016418457, "anaphylactic": 0.2725352644920349, "dosage": 0.2707239091396332, "similar symptoms": 0.269998162984848, "symptom": 0.26953956484794617, "amitriptyline": 0.2685093879699707, "allergic": 0.2683050036430359}}