{"c_v": 0.3093805939552695, "c_npmi": -0.17018075383476272, "u_mass": -2.0107929229554466, "c_uci": -5.807576703363974}