{"0": {"eczema": 0.5110716819763184, "skin rashes": 0.4765050411224365, "juvenile dermatomyositis": 0.47351694107055664, "dermatomyositis": 0.47162145376205444, "rash": 0.4643702507019043, "rashes": 0.4596827030181885, "dermatologist": 0.4038287401199341, "itchy": 0.3984246850013733, "arthritis": 0.3567791283130646, "symptoms": 0.34674912691116333, "symptom": 0.34401774406433105, "itch": 0.3239785134792328, "swollen": 0.32289618253707886, "see rheumatologist": 0.32209259271621704, "myositis": 0.3158304691314697, "bumps": 0.3113054633140564, "itching": 0.311117559671402, "other symptoms": 0.30563223361968994, "inflammation": 0.3019372224807739, "swelling": 0.297880619764328, "got diagnosed": 0.29671430587768555, "was misdiagnosed": 0.28410282731056213, "skin biopsy": 0.2825332283973694, "joint pain": 0.2798645794391632, "rheumatologist": 0.27918702363967896, "cortisone": 0.27834129333496094, "muscle pain": 0.27445462346076965, "papules": 0.27436304092407227, "misdiagnosed": 0.2685869634151459, "diagnosis": 0.2583245038986206, "lupus": 0.25707003474235535, "this disease": 0.25505316257476807, "disease": 0.25231948494911194, "was diagnosed": 0.24594691395759583, "lesions": 0.2445274293422699, "myositis association": 0.24339604377746582, "autoimmune": 0.2402685582637787, "hair loss": 0.2388017475605011, "redness": 0.23873037099838257, "diagnosed": 0.23721960186958313, "inflammatory": 0.23413284122943878, "skin": 0.23411396145820618, "autoimmune diseases": 0.2233313024044037, "muscle biopsy": 0.22279632091522217, "sore": 0.21743398904800415, "my arms": 0.21162626147270203, "painful": 0.2111159861087799, "knuckle": 0.20999766886234283, "muscle weakness": 0.20990076661109924, "diseases": 0.2089400589466095}, "1": {"arthritis": 0.30440017580986023, "symptoms": 0.30223941802978516, "myositis": 0.29803019762039185, "got diagnosed": 0.28697118163108826, "muscle pain": 0.2858959436416626, "dermatomyositis": 0.28403472900390625, "juvenile dermatomyositis": 0.2836117744445801, "symptom": 0.28220945596694946, "joint pain": 0.26714402437210083, "eczema": 0.2645360231399536, "medication": 0.2621161937713623, "see rheumatologist": 0.2582656741142273, "meds": 0.2556382119655609, "was misdiagnosed": 0.2525421977043152, "rheumatologist": 0.2519354224205017, "other symptoms": 0.24678362905979156, "inflammation": 0.24294210970401764, "misdiagnosed": 0.24015510082244873, "lupus": 0.23964917659759521, "disease": 0.2289884388446808, "was diagnosed": 0.22450518608093262, "treatments": 0.2242126762866974, "medicine": 0.2237587720155716, "myositis association": 0.22329458594322205, "muscle weakness": 0.22158853709697723, "diagnosed": 0.2209223508834839, "diagnosis": 0.21835945546627045, "autoimmune": 0.21609807014465332, "feel weak": 0.21273928880691528, "autoimmune diseases": 0.20892715454101562, "doctors": 0.20571763813495636, "swelling": 0.20565803349018097, "rashes": 0.20562347769737244, "side effects": 0.204551562666893, "fatigue": 0.20228777825832367, "diseases": 0.20227313041687012, "dermatologist": 0.20182758569717407, "pain": 0.20150987803936005, "inflammatory": 0.20128050446510315, "treatment": 0.20071309804916382, "muscle biopsy": 0.20056438446044922, "doctor": 0.19979800283908844, "rash": 0.1992252767086029, "cortisone": 0.1987408995628357, "get better": 0.19541358947753906, "doc": 0.19497084617614746, "anti inflammatory": 0.19426597654819489, "patients": 0.1925521343946457, "lung disease": 0.18965035676956177, "swollen": 0.18681898713111877}}