{"c_v": 0.3267926092452929, "c_npmi": -0.19663602041378261, "u_mass": -3.6042383619885476, "c_uci": -6.673849123736747}