{"0": {"symptoms": 0.3953063488006592, "arthritis": 0.3886014223098755, "canker sores": 0.3884716033935547, "meningitis": 0.3870588541030884, "symptom": 0.37577664852142334, "ulcers": 0.3720315992832184, "mouth sores": 0.3668901324272156, "joint pains": 0.3668183982372284, "ulcer": 0.3667750358581543, "uveitis": 0.36467301845550537, "rheumatoid arthritis": 0.3645388185977936, "psoriatic arthritis": 0.3602960705757141, "inflammation": 0.3590277433395386, "similar symptoms": 0.35827958583831787, "ulcerative colitis": 0.357043594121933, "joint pain": 0.3543829917907715, "canker sore": 0.3539283275604248, "sores": 0.3503844141960144, "ulceration": 0.34934574365615845, "anterior uveitis": 0.34607839584350586, "seeing rheumatologist": 0.34575438499450684, "other symptoms": 0.34380143880844116, "muscle pain": 0.3393736779689789, "chronic pain": 0.33847081661224365, "colitis": 0.3384290933609009, "mouth ulcers": 0.3336993455886841, "herpes": 0.3317057490348816, "neurological symptoms": 0.3315054178237915, "folliculitis": 0.3312222361564636, "pains": 0.330155611038208, "oral ulcer": 0.32955214381217957, "see rheumatologist": 0.3267143964767456, "oral ulcers": 0.32360705733299255, "abdominal pain": 0.3222711384296417, "painkillers": 0.3220740258693695, "cold sore": 0.3197406530380249, "psoriasis": 0.31787824630737305, "ankylosing spondylitis": 0.31614843010902405, "nose sores": 0.31478357315063477, "eye inflammation": 0.3146931529045105, "open sores": 0.31253737211227417, "pain management": 0.3123813569545746, "rheumatologist says": 0.3121544122695923, "rheumatologist": 0.31062185764312744, "chest pain": 0.3105112910270691, "knee pain": 0.30953240394592285, "fibromyalgia": 0.3092372417449951, "aphthous ulcers": 0.30780869722366333, "rheumatologists": 0.3070220947265625, "inflammatory": 0.3017253577709198}, "1": {"got diagnosed": 0.39083677530288696, "behcet disease": 0.36291927099227905, "being diagnosed": 0.35509103536605835, "been diagnosed": 0.3544692397117615, "newly diagnosed": 0.34955352544784546, "symptoms": 0.3444846272468567, "recently diagnosed": 0.3421819508075714, "seeing rheumatologist": 0.3392942547798157, "undiagnosed": 0.33731764554977417, "meningitis": 0.33650487661361694, "diagnosis": 0.33450615406036377, "difficult to diagnose": 0.32924267649650574, "symptom": 0.32919421792030334, "diagnosed": 0.32887423038482666, "chronic illness": 0.3287319540977478, "illnesses": 0.32699400186538696, "was diagnosed": 0.3259882926940918, "diagnosed with behcets": 0.3256206810474396, "misdiagnosed": 0.3245466351509094, "disease": 0.3241552710533142, "diagnoses": 0.3228216767311096, "see rheumatologist": 0.32136070728302, "neurological symptoms": 0.3207949101924896, "diagnose": 0.318528950214386, "arthritis": 0.3164503574371338, "uveitis": 0.3141142725944519, "diagnosed with behcet": 0.31392258405685425, "illness": 0.3134155869483948, "similar symptoms": 0.3131720721721649, "rare disease": 0.31184208393096924, "diagnosing": 0.3075484037399292, "rheumatologist": 0.30346107482910156, "diseases": 0.30246198177337646, "neurologist": 0.2968764305114746, "rheumatologist who": 0.29677677154541016, "rare diseases": 0.2956954836845398, "rheumatologists": 0.2956582307815552, "chronic pain": 0.2956165075302124, "new rheumatologist": 0.2953234314918518, "other symptoms": 0.2935138940811157, "rheumatoid arthritis": 0.29304349422454834, "diagnostic": 0.2920513153076172, "anterior uveitis": 0.2909427285194397, "rheumatologist says": 0.28949910402297974, "psoriasis": 0.2881773114204407, "psoriatic arthritis": 0.28677982091903687, "pain management": 0.2839403450489044, "disorders": 0.28203850984573364, "officially diagnosed": 0.28178027272224426, "neurological issues": 0.28132349252700806}, "2": {"covid vaccine": 0.47809988260269165, "flu shot": 0.4756392538547516, "pfizer vaccine": 0.47242140769958496, "vaccine": 0.4596834182739258, "vaccines": 0.4525372385978699, "pneumonia vaccine": 0.44060465693473816, "vaccinated": 0.4362829327583313, "flu": 0.36087989807128906, "flu like": 0.35767948627471924, "meningitis": 0.34979286789894104, "anterior uveitis": 0.31293174624443054, "fever": 0.31098371744155884, "pneumonia": 0.3099221885204315, "your immune": 0.3049614429473877, "painkillers": 0.3034343123435974, "uveitis": 0.3025354743003845, "allergic reaction": 0.3010771870613098, "fevers": 0.29801076650619507, "immune suppressants": 0.2939251661300659, "injection": 0.2938244938850403, "injections": 0.2922918200492859, "immune response": 0.284128874540329, "rheumatoid arthritis": 0.2787556052207947, "tylenol": 0.27325713634490967, "autoimmune disease": 0.2731913626194, "psoriatic arthritis": 0.27190613746643066, "inflammation": 0.2718338668346405, "anti inflammatory": 0.2701805830001831, "joint pains": 0.26954254508018494, "benadryl": 0.2688141465187073, "immune": 0.26704978942871094, "symptoms": 0.2669869065284729, "autoimmune": 0.2654484510421753, "colitis": 0.2653968334197998, "rheumatoid": 0.26367437839508057, "sore arm": 0.2601628303527832, "chest pain": 0.2595602571964264, "got diagnosed": 0.2575320601463318, "autoimmune diseases": 0.255993127822876, "joint pain": 0.25534719228744507, "similar symptoms": 0.25317302346229553, "immune system": 0.25310027599334717, "other symptoms": 0.25202426314353943, "ulcerative colitis": 0.2516779899597168, "doses": 0.2514805793762207, "ibuprofen": 0.25077709555625916, "outbreak": 0.2497277855873108, "antibiotics": 0.24788379669189453, "prescribed colchicine": 0.24767017364501953, "antibiotic": 0.24615663290023804}}