{"c_v": 0.4270053302625042, "c_npmi": -0.1882061911686057, "u_mass": -9.684736765502823, "c_uci": -6.463265684448226}