{"0": {"chiari malformation": 0.4524359703063965, "malformation": 0.43658873438835144, "spina bifida": 0.4215090274810791, "constant pain": 0.41807734966278076, "lumbar": 0.40815648436546326, "incontinence issues": 0.4015684127807617, "intermittent catheters": 0.39611703157424927, "chiari": 0.39224520325660706, "urology": 0.38881340622901917, "diagnosed with spina": 0.38360723853111267, "spina": 0.37349337339401245, "urologist": 0.37062641978263855, "back pain": 0.36847418546676636, "lipoma": 0.36309540271759033, "bladder cancer": 0.3577461838722229, "uti": 0.35362184047698975, "nerve damage": 0.35313159227371216, "chronic pain": 0.35187482833862305, "bladder augmentation": 0.34764182567596436, "incontinence": 0.34546467661857605, "bifida": 0.34533166885375977, "bladder": 0.3415730595588684, "cyst": 0.34136420488357544, "kidney stones": 0.33665215969085693, "catheters": 0.33500945568084717, "use catheter": 0.33415132761001587, "neurologist": 0.33381199836730957, "urinary": 0.33098188042640686, "scoliosis": 0.32663530111312866, "neurogenic bladder": 0.32651713490486145, "sacral": 0.32461822032928467, "utis": 0.3227123022079468, "spinal": 0.32243913412094116, "catheter": 0.3223286271095276, "physical therapy": 0.32177042961120605, "hydrocephalus": 0.3205925226211548, "bladder control": 0.32054924964904785, "bladder and bowel": 0.3195216953754425, "bifida occulta": 0.31605130434036255, "detethering surgery": 0.30992984771728516, "kidney infections": 0.3054548501968384, "cath": 0.30322712659835815, "tethered spinal": 0.30217477679252625, "spinal cord": 0.30116164684295654, "urethra": 0.29471567273139954, "born with spina": 0.2944570481777191, "spasms": 0.2938787043094635, "pain management": 0.29183346033096313, "mri": 0.29107463359832764, "surgery": 0.2892460525035858}, "1": {"diagnosed with spina": 0.49219146370887756, "spina bifida": 0.45776447653770447, "spina": 0.43588733673095703, "disabled people": 0.41977357864379883, "born with spina": 0.41698670387268066, "disabilities": 0.4143826365470886, "disability community": 0.4089285135269165, "bifida": 0.38958871364593506, "disability": 0.3887767195701599, "malformation": 0.37985873222351074, "chiari malformation": 0.3520455062389374, "wheelchair users": 0.3488461673259735, "bifida occulta": 0.34812504053115845, "being disabled": 0.3448867201805115, "disabled": 0.34240591526031494, "wheelchair user": 0.33675265312194824, "wheelchair bound": 0.33642035722732544, "wheelchair": 0.3313177525997162, "been diagnosed": 0.3295833468437195, "hydrocephalus": 0.3277182877063751, "diagnosed": 0.32759594917297363, "support group": 0.3229334354400635, "chiari": 0.3107526898384094, "scoliosis": 0.2993154525756836, "paralyzed": 0.2972779870033264, "special needs": 0.2960834205150604, "urology": 0.29567089676856995, "detethering surgery": 0.2928863763809204, "incontinence issues": 0.2926200032234192, "use wheelchair": 0.2867768704891205, "lumbar": 0.28615206480026245, "crutches": 0.2834119200706482, "spinal cord": 0.2780141234397888, "was diagnosed": 0.27682584524154663, "pediatric": 0.27625298500061035, "physical therapy": 0.2750546634197235, "health issues": 0.2737749218940735, "neurosurgeon": 0.26900795102119446, "fetal surgery": 0.2631149888038635, "spinal": 0.2619693875312805, "therapy": 0.25141629576683044, "able bodied": 0.25030621886253357, "chronic pain": 0.24871394038200378, "cyst": 0.24489045143127441, "medicaid": 0.24458430707454681, "severe": 0.24452489614486694, "adults with sb": 0.24239979684352875, "syndrome": 0.24232378602027893, "patients": 0.24185337126255035, "sacral": 0.24016568064689636}, "2": {"anyone here": 0.463645875453949, "subreddit": 0.40925705432891846, "anybody": 0.38630884885787964, "this subreddit": 0.37962329387664795, "grew up": 0.3783929944038391, "welcome": 0.3719063997268677, "does anyone": 0.36717402935028076, "anyone": 0.36449915170669556, "hey": 0.36141157150268555, "year old": 0.3569027781486511, "long story": 0.3565129041671753, "post op": 0.35551172494888306, "gotten": 0.35545963048934937, "hi": 0.353267639875412, "wow": 0.3524129390716553, "want to talk": 0.3500027656555176, "any questions": 0.34993284940719604, "new": 0.3497019410133362, "ago": 0.3452833890914917, "find someone": 0.3441157341003418, "has anyone": 0.34301215410232544, "anyone else": 0.34268689155578613, "going through": 0.3414788842201233, "happy to answer": 0.3407913148403168, "yo": 0.3398936986923218, "talked": 0.336751252412796, "greatly appreciated": 0.3355187773704529, "community": 0.33517223596572876, "post history": 0.3351615071296692, "year ago": 0.33248457312583923, "sorry to hear": 0.3324531018733978, "wondering": 0.3323971629142761, "few days": 0.33227282762527466, "post": 0.3313412070274353, "appreciated": 0.3311852216720581, "hi everyone": 0.32970327138900757, "found out": 0.3287827670574188, "very active": 0.3285820484161377, "growing up": 0.328208863735199, "hey man": 0.3278886079788208, "high school": 0.3278622031211853, "school": 0.3270203471183777, "someone": 0.32394397258758545, "facebook group": 0.3238815367221832, "reddit": 0.32382285594940186, "hello": 0.3224247694015503, "share": 0.3223157823085785, "talk about": 0.3219059705734253, "teen": 0.32115834951400757, "this sub": 0.32099711894989014}, "3": {"spina bifida": 0.8033698201179504, "diagnosed with spina": 0.7234086990356445, "spina": 0.6940128803253174, "bifida": 0.6556692123413086, "born with spina": 0.6524968147277832, "bifida occulta": 0.5929844379425049, "chiari malformation": 0.44869017601013184, "disabilities": 0.4364745020866394, "malformation": 0.43557921051979065, "hydrocephalus": 0.43281999230384827, "disability": 0.4265529215335846, "scoliosis": 0.40913140773773193, "disabled people": 0.40409743785858154, "wheelchair bound": 0.3984448313713074, "spinal": 0.38733839988708496, "wheelchair user": 0.385717511177063, "disability community": 0.38487106561660767, "wheelchair": 0.36607128381729126, "wheelchair users": 0.36559268832206726, "lumbar": 0.36548078060150146, "spinal cord": 0.35765016078948975, "being disabled": 0.3532032370567322, "tethered spinal": 0.348191499710083, "folic acid": 0.33876949548721313, "use wheelchair": 0.3317605257034302, "chiari": 0.33065691590309143, "neurosurgeon": 0.33021417260169983, "disabled": 0.3301548361778259, "paralyzed": 0.33007556200027466, "folic": 0.3251821994781494, "fetal surgery": 0.3234296143054962, "incontinence issues": 0.31819185614585876, "urology": 0.30562537908554077, "incontinence": 0.2947835922241211, "medicaid": 0.2881719172000885, "crutches": 0.28319767117500305, "fetal": 0.27924391627311707, "prenatal": 0.27067089080810547, "shunt": 0.26870623230934143, "syndrome": 0.26290908455848694, "special needs": 0.26028725504875183, "back pain": 0.24876192212104797, "defect": 0.2459971159696579, "support group": 0.24477936327457428, "weeks pregnant": 0.24202881753444672, "mri": 0.23747079074382782, "diapers": 0.23290714621543884, "able bodied": 0.23116643726825714, "spine": 0.23037604987621307, "leg braces": 0.23030942678451538}}