{"c_v": 0.28093510950555084, "c_npmi": -0.2111172916835319, "u_mass": -3.8028817481232347, "c_uci": -6.878807475712943}