{"c_v": 0.3523417195122357, "c_npmi": -0.2879094152300179, "u_mass": -8.418022691968874, "c_uci": -8.822406196849368}