{"c_v": 0.3445262341948724, "c_npmi": -0.2459481851927193, "u_mass": -7.969458900052584, "c_uci": -7.797631035418325}