{"0": {"selective mutism": 0.5460287928581238, "situational mutism": 0.5407074689865112, "traumatic mutism": 0.5314962863922119, "progressive mutism": 0.5188772082328796, "social anxiety": 0.5056288242340088, "extreme shyness": 0.5008611083030701, "mutism": 0.4875957667827606, "inability to speak": 0.48563945293426514, "anxiety disorder": 0.48440730571746826, "speech therapy": 0.480558842420578, "anxiety disorders": 0.47774142026901245, "social phobia": 0.4726872742176056, "see psychologist": 0.4711325764656067, "socially anxious": 0.4647371768951416, "diagnosed with sm": 0.45217880606651306, "severe anxiety": 0.4446389079093933, "processing disorder": 0.43590307235717773, "extreme anxiety": 0.43539392948150635, "muteness": 0.4352834224700928, "trouble talking": 0.4316079616546631, "extremely shy": 0.43148237466812134, "generalized anxiety": 0.4298100471496582, "mental disorders": 0.42532825469970703, "personality disorder": 0.4241856336593628, "diagnosed with autism": 0.422252893447876, "elective mutism": 0.42184942960739136, "functioning autism": 0.4189344048500061, "agoraphobia": 0.418210506439209, "anxiety and depression": 0.41482722759246826, "stop talking": 0.41266217827796936, "anxiety attack": 0.4107196629047394, "seek help": 0.41041111946105957, "seeing therapist": 0.4101787209510803, "talk to strangers": 0.4088596701622009, "disorder": 0.40831685066223145, "difficulty speaking": 0.4082016348838806, "anxiety": 0.40806806087493896, "start talking": 0.40609192848205566, "comfortable talking": 0.4048071503639221, "autism spectrum": 0.40298745036125183, "severe social": 0.4027285575866699, "selectively mute": 0.40091055631637573, "unable to speak": 0.3982833921909332, "phobia": 0.3969881534576416, "behavioral therapy": 0.3967638611793518, "therapy": 0.39673078060150146, "initiate conversations": 0.3965231776237488, "autism": 0.395536869764328, "completely mute": 0.39362481236457825, "disorders": 0.39324650168418884}, "1": {"speech therapy": 0.42377883195877075, "behavioral therapy": 0.41302192211151123, "diagnosed with sm": 0.3972514867782593, "functioning autism": 0.39606720209121704, "diagnosed with autism": 0.38307422399520874, "situational mutism": 0.3691333532333374, "traumatic mutism": 0.36158686876296997, "therapy": 0.36096835136413574, "anxiety disorders": 0.35899123549461365, "anxiety disorder": 0.3568532466888428, "speech therapist": 0.35331353545188904, "talkative kid": 0.34843388199806213, "inability to speak": 0.3432467579841614, "helping her": 0.3428453803062439, "therapy sessions": 0.3423950970172882, "progressive mutism": 0.3353187143802643, "see psychologist": 0.33512336015701294, "autism": 0.3319091200828552, "counselling": 0.32745546102523804, "selective mutism": 0.3251507878303528, "she talks": 0.3237641453742981, "childhood trauma": 0.32280629873275757, "autism spectrum": 0.32223108410835266, "seeing therapist": 0.3219109773635864, "extreme shyness": 0.3190501034259796, "asperger syndrome": 0.3185848593711853, "severe anxiety": 0.3172440826892853, "processing disorder": 0.3168375492095947, "learning disability": 0.3154633045196533, "counseling": 0.3151186406612396, "psychologists and therapists": 0.31345224380493164, "young child": 0.3108585476875305, "social anxiety": 0.31041818857192993, "guidance counselor": 0.310394823551178, "extreme anxiety": 0.30576813220977783, "afford therapy": 0.30421867966651917, "therapist": 0.2999195456504822, "social phobia": 0.29819124937057495, "disorders": 0.29536962509155273, "mental disorders": 0.2935594618320465, "agoraphobia": 0.29181841015815735, "adhd": 0.29062825441360474, "mutism": 0.2902601957321167, "anxiety and depression": 0.29014134407043457, "ways to communicate": 0.28899216651916504, "art therapy": 0.2886681854724884, "unable to speak": 0.2885986566543579, "diagnosed": 0.28678566217422485, "communicate verbally": 0.2865118682384491, "personality disorder": 0.2863295078277588}, "2": {"sm": 0.521600604057312, "overcoming sm": 0.5015275478363037, "participate": 0.48943451046943665, "discord": 0.4774693548679352, "forum": 0.47472190856933594, "joining": 0.4716491997241974, "diagnosed with sm": 0.4635680019855499, "discord chat": 0.4572511613368988, "participation": 0.44927141070365906, "community": 0.44874677062034607, "support group": 0.439864844083786, "facebook groups": 0.43759942054748535, "discussions": 0.4365586042404175, "joined": 0.43620145320892334, "members": 0.43392425775527954, "participating": 0.43278104066848755, "friend group": 0.43112680315971375, "join": 0.4268583655357361, "discord server": 0.4224148988723755, "smer": 0.41785258054733276, "smers": 0.41120806336402893, "selective mutism": 0.4070855975151062, "member": 0.40380072593688965, "discussed": 0.40198248624801636, "shared": 0.39692041277885437, "contribute": 0.3944047689437866, "chats": 0.3940005302429199, "social": 0.3902320861816406, "gatherings": 0.3860657215118408, "spread awareness": 0.38273918628692627, "accepting": 0.38238847255706787, "selective": 0.3820146322250366, "messaging": 0.38170868158340454, "socialize": 0.3816348910331726, "group": 0.3812530040740967, "seeking": 0.38035857677459717, "sharing": 0.37934213876724243, "share": 0.37791433930397034, "survey": 0.37749356031417847, "chat": 0.3769867718219757, "our members": 0.3762524724006653, "lonely": 0.37475326657295227, "meeting new": 0.3739713728427887, "facebook": 0.37309157848358154, "sub": 0.3729953169822693, "groups": 0.3706616163253784, "chatting": 0.3694301247596741, "anti social": 0.3687029480934143, "active": 0.36833369731903076, "association": 0.3675624132156372}, "3": {"encourage him": 0.41106292605400085, "trouble talking": 0.40860217809677124, "stop talking": 0.39876317977905273, "initiate conversations": 0.3951953947544098, "start talking": 0.386328786611557, "inability to speak": 0.38598114252090454, "situational mutism": 0.37581661343574524, "initiate conversation": 0.3709205985069275, "extremely shy": 0.3707835078239441, "communicate verbally": 0.36809277534484863, "unable to speak": 0.3672667145729065, "extreme shyness": 0.3660888075828552, "comfortable talking": 0.3658616542816162, "difficulty speaking": 0.3613033592700958, "stay silent": 0.35889989137649536, "conversing": 0.35685092210769653, "talk to strangers": 0.3561537563800812, "talk": 0.35403719544410706, "hold conversation": 0.35355091094970703, "seek help": 0.35275161266326904, "speech therapy": 0.34941422939300537, "initiating conversation": 0.34553512930870056, "progressive mutism": 0.3436034917831421, "social anxiety": 0.3411328196525574, "muteness": 0.3380677103996277, "see psychologist": 0.33509722352027893, "completely mute": 0.33400046825408936, "go mute": 0.3330216705799103, "diagnosed with sm": 0.33265578746795654, "communicating": 0.33006760478019714, "traumatic mutism": 0.32862913608551025, "stopped talking": 0.3279680013656616, "ways to communicate": 0.32699060440063477, "stopped speaking": 0.3219481408596039, "verbal communication": 0.32083988189697266, "talking": 0.31833508610725403, "selective mutism": 0.31449538469314575, "selectively mute": 0.3128310739994049, "stop caring": 0.31254690885543823, "able to talk": 0.30879807472229004, "functioning autism": 0.30874937772750854, "communicate": 0.3081352114677429, "nonverbal communication": 0.3067294657230377, "shy and quiet": 0.30423611402511597, "severe anxiety": 0.3021157383918762, "severe social": 0.3002083897590637, "conversation": 0.29825448989868164, "social phobia": 0.2964744567871094, "socially anxious": 0.2959548532962799, "start crying": 0.2930751442909241}, "4": {"speech app": 0.6000938415527344, "ways to communicate": 0.5813104510307312, "communicate verbally": 0.5742122530937195, "voice chat": 0.5667790174484253, "text to speech": 0.5599778890609741, "speech therapy": 0.5456231236457825, "voice chats": 0.5404362678527832, "inability to speak": 0.5287495255470276, "communicating": 0.5229569673538208, "nonverbal communication": 0.5217980146408081, "ability to speak": 0.5147947669029236,