{"c_v": 0.38561846802032484, "c_npmi": -0.3673131515080408, "u_mass": -8.590207515438697, "c_uci": -10.636759667264316}