{"0": {"seeing an allergist": 0.4543224573135376, "allergen": 0.4418761432170868, "celiac": 0.4394451975822449, "appointment with an allergist": 0.4386982321739197, "fodmap": 0.4361427426338196, "see an allergist": 0.4325198531150818, "oral allergy": 0.4284580945968628, "saw an allergist": 0.4268312156200409, "pepcid": 0.4267945885658264, "gastroparesis": 0.42512246966362, "fodmap diet": 0.4233812689781189, "celiacs": 0.4222405254840851, "gerd": 0.4179576337337494, "prevacid": 0.41684865951538086, "gastritis": 0.41526901721954346, "food allergies": 0.41451525688171387, "omeprazole daily": 0.41066974401474, "digestive issues": 0.410494863986969, "allergy test": 0.40822529792785645, "esophageal spasms": 0.4073667526245117, "zantac": 0.4058028757572174, "urticaria pigmentosa": 0.40143612027168274, "celiac disease": 0.3967522382736206, "allergist recommended": 0.3959401249885559, "allergy meds": 0.3949419856071472, "mg of omeprazole": 0.3935776352882385, "esophageal spasm": 0.39102989435195923, "allergy drops": 0.3887232542037964, "crohns": 0.3884800672531128, "constant burping": 0.3877914547920227, "taking omeprazole": 0.38605427742004395, "esophageal eosinophilia": 0.38573551177978516, "repeat endoscopy": 0.3857199549674988, "nexium": 0.3853343725204468, "allergy testing": 0.38427025079727173, "allergens": 0.38405388593673706, "allergy tests": 0.38265755772590637, "endoscopy": 0.38170409202575684, "hiatal hernia": 0.3797898292541504, "prilosec": 0.37954747676849365, "histamine intolerance": 0.37841343879699707, "upper endoscopy": 0.37778082489967346, "zofran": 0.3771924376487732, "omeprazole mg": 0.37631872296333313, "mg omeprazole": 0.37613624334335327, "acid reflux": 0.3761073350906372, "allergist": 0.3760873079299927, "allergy": 0.37563759088516235, "allergy tested": 0.37510913610458374, "gluten intolerance": 0.3743096590042114}, "1": {"gluten intolerance": 0.4167959690093994, "celiac": 0.40547090768814087, "celiacs": 0.4051494002342224, "hard liquor": 0.3923591077327728, "gastritis": 0.39172741770744324, "drinking alcohol": 0.3912075161933899, "constant burping": 0.38159626722335815, "gluten containing": 0.3800809681415558, "drinking beer": 0.37246015667915344, "pepcid": 0.37195444107055664, "fodmap": 0.36449509859085083, "histamine intolerance": 0.3633806109428406, "drink beer": 0.3592311441898346, "celiac disease": 0.35711079835891724, "nexium": 0.3541982173919678, "seeing an allergist": 0.3505120873451233, "hoppy beers": 0.3499559760093689, "gluten free": 0.3491898775100708, "ranitidine": 0.3475503623485565, "alcohol": 0.33824971318244934, "urticaria pigmentosa": 0.33581578731536865, "gluten": 0.3348199725151062, "antacids": 0.33333778381347656, "beers": 0.3320343494415283, "stopped drinking": 0.33132243156433105, "see an allergist": 0.32811030745506287, "prescribed omeprazole": 0.3279438018798828, "esophageal eosinophilia": 0.3254101276397705, "zantac": 0.325320303440094, "kombucha": 0.32417482137680054, "gastro": 0.3217492699623108, "saw an allergist": 0.3194866180419922, "fodmap diet": 0.31879091262817383, "hiatal hernia": 0.31874704360961914, "allergy test": 0.31854578852653503, "ibs": 0.31847289204597473, "omeprazole": 0.31754446029663086, "belching": 0.31729426980018616, "abdominal pain": 0.3172129988670349, "allergen": 0.31673896312713623, "allergy": 0.31671857833862305, "digestive issues": 0.3163876533508301, "prevacid": 0.3163139224052429, "beer wine": 0.31615397334098816, "liquor": 0.31595221161842346, "allergy shots": 0.31573817133903503, "appointment with an allergist": 0.31567147374153137, "prilosec": 0.31463533639907837, "acidic foods": 0.3145802915096283, "allergy meds": 0.31454503536224365}}