{"c_v": 0.30020446984341986, "c_npmi": -0.2770680739587025, "u_mass": -3.0301419284425073, "c_uci": -8.171629293266207}