{"0": {"osteogenesis imperfecta": 0.3802031874656677, "osteogenesis": 0.34180980920791626, "brittle bones": 0.31349727511405945, "bone": 0.2899102568626404, "bones": 0.2682300806045532, "bone density": 0.26379626989364624, "type ii": 0.2470879703760147, "fracture": 0.2443806380033493, "form of oi": 0.23657742142677307, "fractures": 0.22178500890731812, "type iii": 0.21792857348918915, "type collagen": 0.20943762362003326, "diagnosis": 0.20722061395645142, "type iv": 0.20325547456741333, "genetic testing": 0.17666848003864288, "genetic": 0.17478156089782715, "pain": 0.17117193341255188, "disease": 0.16688019037246704, "type": 0.1610974669456482, "physical therapy": 0.1603381484746933, "surgery": 0.15426722168922424, "types": 0.14627255499362946, "medical": 0.14061075448989868, "oi type": 0.13671022653579712, "symptoms": 0.1238265112042427, "son has": 0.12186859548091888, "broken": 0.12143439054489136, "year old": 0.11359035968780518, "my mom": 0.11019112914800644, "years old": 0.10277538001537323, "leg": 0.10102535784244537, "severe": 0.10065164417028427, "my parents": 0.100099116563797, "mutation": 0.09932764619588852, "my mother": 0.09895385801792145, "form": 0.0957118421792984, "am": 0.09556429088115692, "iv": 0.09316431730985641, "health": 0.09301848709583282, "collagen": 0.09244323521852493, "mom": 0.09190039336681366, "treatment": 0.09183000028133392, "our family": 0.08990055322647095, "my dad": 0.08786214888095856, "anxiety": 0.08696547895669937, "physical": 0.08431100100278854, "hi there": 0.08321264386177063, "daughter": 0.08302902430295944, "more severe": 0.08170749992132187, "broke": 0.08103461563587189}, "1": {"osteogenesis imperfecta": 0.8411421179771423, "osteogenesis": 0.6527129411697388, "brittle bones": 0.5182071924209595, "bone": 0.44107282161712646, "bones": 0.43397560715675354, "bone density": 0.42921215295791626, "fractures": 0.4226118326187134, "fracture": 0.4213857054710388, "imperfecta": 0.3832172155380249, "genetic": 0.35308945178985596, "broken": 0.3048575222492218, "surgery": 0.3031613826751709, "genetic testing": 0.29373258352279663, "physical therapy": 0.2802659273147583, "mutation": 0.2682877779006958, "type collagen": 0.26398980617523193, "disease": 0.26044735312461853, "pain": 0.2556802034378052, "form of oi": 0.2544843852519989, "diagnosis": 0.24857088923454285, "collagen": 0.23680798709392548, "broke": 0.22966596484184265, "severe": 0.22417707741260529, "physical": 0.22080515325069427, "breaking": 0.21769598126411438, "body": 0.21737447381019592, "breaks": 0.2107742428779602, "treatment": 0.20260313153266907, "medical": 0.2015727162361145, "without": 0.19610774517059326, "leg": 0.19306474924087524, "bad": 0.19097106158733368, "rare": 0.18872490525245667, "mental health": 0.1854831427335739, "problems": 0.18192866444587708, "anxiety": 0.17981532216072083, "growing up": 0.17424067854881287, "more severe": 0.17397040128707886, "type iv": 0.17361432313919067, "for": 0.17294013500213623, "health": 0.17243027687072754, "my body": 0.16905497014522552, "issues": 0.16843289136886597, "break": 0.1678905189037323, "growing": 0.16409774124622345, "than": 0.16163788735866547, "hard": 0.16083228588104248, "help": 0.15977619588375092, "support": 0.159760981798172, "which": 0.15963274240493774}}