{"0": {"dermatomyositis": 0.5675384402275085, "juvenile dermatomyositis": 0.5239554643630981, "was diagnosed": 0.5195909142494202, "myositis association": 0.5023560523986816, "diagnosed": 0.4828954339027405, "myositis": 0.48278921842575073, "diagnosis": 0.4729185998439789, "got diagnosed": 0.4616865813732147, "see rheumatologist": 0.46032389998435974, "misdiagnosed": 0.4340985417366028, "rheumatologist": 0.414915531873703, "this disease": 0.38913673162460327, "other symptoms": 0.38738077878952026, "patients": 0.3845776915550232, "was misdiagnosed": 0.37395215034484863, "lupus": 0.3648093342781067, "treatment": 0.36178335547447205, "disease": 0.35719162225723267, "treatments": 0.34728315472602844, "autoimmune diseases": 0.34630948305130005, "symptoms": 0.33785438537597656, "biopsy": 0.3343590497970581, "skin biopsy": 0.3322422504425049, "diseases": 0.31792300939559937, "remission": 0.31613004207611084, "autoimmune": 0.314087837934494, "inflammation": 0.3124050498008728, "immune system": 0.3120644688606262, "prednisone": 0.3086756467819214, "dermatologist": 0.3038693070411682, "auto immune": 0.30360257625579834, "meds": 0.2934538424015045, "inflammatory": 0.29217416048049927, "symptom": 0.2890615463256836, "treat": 0.28286007046699524, "dr": 0.2824881374835968, "muscle biopsy": 0.28228646516799927, "joint pain": 0.2809077799320221, "arthritis": 0.27868080139160156, "rash": 0.2772698998451233, "skin rashes": 0.27648934721946716, "medical": 0.2746734321117401, "anti inflammatory": 0.2710293233394623, "doctor": 0.2628597319126129, "lesions": 0.2602076232433319, "severe": 0.25927025079727173, "medicine": 0.2545587718486786, "into remission": 0.2508963942527771, "swelling": 0.24921658635139465, "muscle weakness": 0.2487911731004715}, "1": {"dermatomyositis": 0.601280927658081, "skin rashes": 0.5831714868545532, "see rheumatologist": 0.5456938743591309, "juvenile dermatomyositis": 0.5230274796485901, "rash": 0.47353416681289673, "diagnosis": 0.467770516872406, "other symptoms": 0.4676344394683838, "skin biopsy": 0.45754408836364746, "eczema": 0.4547298848628998, "dermatologist": 0.4343077540397644, "symptoms": 0.43094566464424133, "misdiagnosed": 0.41170430183410645, "rheumatologist": 0.4005621671676636, "joint pain": 0.39339274168014526, "myositis": 0.39249706268310547, "myositis association": 0.38280564546585083, "lupus": 0.37275388836860657, "was diagnosed": 0.3703863322734833, "this disease": 0.36673635244369507, "lesions": 0.36371153593063354, "diagnosed": 0.36111652851104736, "rashes": 0.3591562509536743, "swelling": 0.34777456521987915, "arthritis": 0.33931320905685425, "got diagnosed": 0.32835423946380615, "was misdiagnosed": 0.32814621925354004, "autoimmune diseases": 0.3248826265335083, "bumps": 0.3152174949645996, "symptom": 0.3149683177471161, "biopsy": 0.308260440826416, "swollen": 0.3041990101337433, "inflammation": 0.3040969669818878, "disease": 0.28769299387931824, "muscle pain": 0.2873970866203308, "autoimmune": 0.27987366914749146, "muscle biopsy": 0.27852049469947815, "treat": 0.2750747501850128, "itchy": 0.2739301025867462, "treatments": 0.2689193785190582, "cream": 0.2658286690711975, "diseases": 0.2655985355377197, "itching": 0.262041836977005, "inflammatory": 0.2610233426094055, "treatment": 0.2554645538330078, "patients": 0.24966102838516235, "sore": 0.24899035692214966, "dr": 0.24496333301067352, "blood clots": 0.23844434320926666, "immune system": 0.2297418862581253, "skin": 0.22694796323776245}}