{"c_v": 0.35484480172458766, "c_npmi": -0.12338822408104347, "u_mass": -1.875618180266601, "c_uci": -4.705991139153191}