{"0": {"marfan syndrome": 0.4868954122066498, "marfan patients": 0.4049755334854126, "marfan patient": 0.3963865339756012, "marfans patients": 0.38077905774116516, "marfans patient": 0.3619379997253418, "thoracic aorta": 0.3417031168937683, "aortic aneurysms": 0.34034645557403564, "aortic aneurysm": 0.3396775722503662, "got diagnosed": 0.3377889394760132, "thoracic aortic": 0.33565250039100647, "marfan org": 0.33080726861953735, "hiatal hernia": 0.3306429982185364, "asking for diagnosis": 0.32695847749710083, "marfanoid body": 0.3252277672290802, "severe scoliosis": 0.3243495523929596, "hypochondriac": 0.31873494386672974, "mild scoliosis": 0.3166324198246002, "endocarditis": 0.3142275810241699, "atrial fibrillation": 0.31229346990585327, "proper diagnosis": 0.3108595609664917, "abdominal aneurysm": 0.30160093307495117, "hernia repair": 0.3004951477050781, "been diagnosed": 0.29955923557281494, "undiagnosed": 0.29898613691329956, "echocardiogram": 0.29775121808052063, "abdominal aortic": 0.2968899607658386, "marfanoid habitus": 0.29622745513916016, "cardiac issues": 0.29589152336120605, "hernia": 0.29545193910598755, "echocardiograms": 0.29447150230407715, "typical marfan": 0.294083833694458, "was diagnosed": 0.2935832142829895, "abdominal aorta": 0.2925037741661072, "echo cardiogram": 0.292231023311615, "danlos syndrome": 0.2916010618209839, "diagnosed at birth": 0.2915474474430084, "orthopedic": 0.2903631329536438, "orthopedist": 0.2900354862213135, "cannot diagnose": 0.28997868299484253, "clinically diagnosed": 0.2883893847465515, "chest pain": 0.2880033552646637, "dilated aorta": 0.2876591682434082, "medical marijuana": 0.28687480092048645, "seeing cardiologist": 0.28377801179885864, "heart issues": 0.28238964080810547, "chest pains": 0.2823728322982788, "marfanoid characteristics": 0.28219616413116455, "cardiologist says": 0.2819196879863739, "dietz syndrome": 0.28119683265686035, "see cardiologist": 0.28070223331451416}, "1": {"dislocated lenses": 0.5744951963424683, "eye surgeries": 0.558337390422821, "contact lenses": 0.5241682529449463, "bad eyesight": 0.5193814039230347, "lenses removed": 0.5067410469055176, "astigmatism": 0.49595654010772705, "eye issues": 0.49192678928375244, "lens implants": 0.4908702075481415, "dislocated lens": 0.4849505126476288, "contact lens": 0.48413658142089844, "eye problems": 0.48019939661026, "lens replacement": 0.4748702645301819, "ophthalmologist": 0.4648841619491577, "lenses": 0.46467334032058716, "optometrist": 0.46264904737472534, "lens dislocation": 0.4586002230644226, "eye sight": 0.4469150900840759, "eyesight": 0.4455604553222656, "left eye": 0.44403913617134094, "lens removal": 0.4385102093219757, "glasses": 0.4339151382446289, "severe myopia": 0.43218544125556946, "retinas": 0.4228776693344116, "retinal detachments": 0.4185901880264282, "reading glasses": 0.4151262640953064, "lense": 0.41437846422195435, "had retinal": 0.4073083996772766, "right eye": 0.4071056842803955, "retina": 0.40449604392051697, "retinal detachment": 0.4005243182182312, "wear glasses": 0.3998468220233917, "wearing glasses": 0.39542677998542786, "eye exam": 0.39459937810897827, "ectopia lentis": 0.39037835597991943, "myopia": 0.3886916935443878, "legally blind": 0.3805691599845886, "eye": 0.3797176480293274, "retinal": 0.3793103098869324, "poor vision": 0.3661404252052307, "lens": 0.36578601598739624, "vision problems": 0.365332692861557, "eyes": 0.3652956187725067, "thick glasses": 0.3637263774871826, "both eyes": 0.35007065534591675, "replacement surgery": 0.3456815481185913, "blind": 0.34397661685943604, "keep an eye": 0.3404453694820404, "jaw surgery": 0.3303658962249756, "surgery to correct": 0.3255450427532196, "post surgery": 0.3007291555404663}}