{"c_v": 0.36099110026664205, "c_npmi": -0.25745722361185247, "u_mass": -2.9782218817064514, "c_uci": -8.357227076738248}