{"c_v": 0.3073471624382892, "c_npmi": -0.3084337777945077, "u_mass": -5.680628930325793, "c_uci": -9.131711102614974}