{"0": {"idiopathic mcas": 0.6112359166145325, "mcas sufferers": 0.5692157745361328, "diagnose and treat": 0.5509645938873291, "been diagnosed": 0.5148210525512695, "allergy meds": 0.49013984203338623, "proper diagnosis": 0.4780921936035156, "medical advice": 0.4702076315879822, "recently diagnosed": 0.4698689579963684, "officially diagnosed": 0.4666644036769867, "official diagnosis": 0.46403366327285767, "newly diagnosed": 0.4579429030418396, "seeing an immunologist": 0.45698249340057373, "see an allergist": 0.45471876859664917, "chronic urticaria": 0.4430224895477295, "diagnosis": 0.4404206871986389, "doctor recommended": 0.43763497471809387, "histamine intolerance": 0.4277699887752533, "allergy syndrome": 0.4276609420776367, "main symptom": 0.4275707006454468, "proper treatment": 0.4246649742126465, "allergy immunology": 0.42456483840942383, "allergy tests": 0.4238954782485962, "diagnosed yet": 0.4219421148300171, "zyrtec and pepcid": 0.41933831572532654, "allergy clinic": 0.41644275188446045, "allergy test": 0.415311336517334, "salicylate allergy": 0.41457074880599976, "idiopathic urticaria": 0.4123302102088928, "histamine intolerant": 0.412057489156723, "otc meds": 0.4114108085632324, "became allergic": 0.41099703311920166, "allergic diseases": 0.4093044400215149, "allergy": 0.4085925817489624, "diagnose": 0.4083511531352997, "reduction in symptoms": 0.40815532207489014, "any medical": 0.40796440839767456, "treatment options": 0.4078787565231323, "allergy shots": 0.4068832993507385, "diagnosed": 0.40588730573654175, "autoimmune urticaria": 0.4057321846485138, "clinical diagnosis": 0.4029201865196228, "took benadryl": 0.39992743730545044, "immunotherapy": 0.39976590871810913, "actual allergies": 0.3992621898651123, "misdiagnosed": 0.397563099861145, "prescribing": 0.3975515365600586, "common symptom": 0.39682501554489136, "allergy testing": 0.3961312770843506, "allergy type": 0.39430463314056396, "specializes in mcas": 0.39334243535995483}, "1": {"getting the vaccine": 0.5904891490936279, "covid vaccine": 0.56838458776474, "covid vaccines": 0.5588631629943848, "seeing an immunologist": 0.5423392057418823, "pfizer vaccine": 0.5346839427947998, "mcas sufferers": 0.523743748664856, "vaccine": 0.50771564245224, "idiopathic mcas": 0.5032477974891663, "being vaccinated": 0.5006254315376282, "immunotherapy": 0.49984830617904663, "vaccines": 0.4961915612220764, "allergy shots": 0.4823887348175049, "vaccinated": 0.4802086353302002, "covid infection": 0.47466400265693665, "flu shots": 0.47316861152648926, "flu vaccine": 0.4585767388343811, "viruses allergic": 0.45321887731552124, "flu shot": 0.44957736134529114, "vaccination": 0.4485175311565399, "allergy immunology": 0.436889111995697, "diagnose and treat": 0.4293191432952881, "post covid": 0.4198228716850281, "been diagnosed": 0.41912227869033813, "newly diagnosed": 0.4079928696155548, "recently diagnosed": 0.40350186824798584, "mrna vaccines": 0.3998323082923889, "immunity": 0.3951941430568695, "auto immune": 0.39279794692993164, "flu like": 0.3902357220649719, "officially diagnosed": 0.3874416947364807, "covid vax": 0.3806854486465454, "bartonella infection": 0.380452036857605, "diagnosed yet": 0.3803407549858093, "allergy meds": 0.3800645172595978, "proper diagnosis": 0.3776615858078003, "medical advice": 0.37753939628601074, "specializes in mcas": 0.3713911473751068, "allergist immunologist": 0.369651734828949, "immunologists": 0.36732426285743713, "chronic infection": 0.36295652389526367, "official diagnosis": 0.3624020516872406, "immune response": 0.3617922067642212, "got sick": 0.36105695366859436, "autoimmune conditions": 0.3571528494358063, "became allergic": 0.35221144556999207, "doctor recommended": 0.3483924865722656, "fever": 0.34794652462005615, "getting sick": 0.34762775897979736, "immunology": 0.3473133146762848, "immunologist": 0.3471689224243164}}