{"0": {"me": 0.5927108526229858, "my": 0.5643450617790222, "out there": 0.524378776550293, "you": 0.5174322128295898, "your": 0.5053353905677795, "would love": 0.5042446255683899, "any": 0.49637943506240845, "to": 0.4851427674293518, "some": 0.4785248041152954, "on": 0.4775639772415161, "only": 0.4750210642814636, "or": 0.4744102954864502, "love": 0.4735284149646759, "but": 0.46853893995285034, "am": 0.4668976068496704, "do": 0.46689438819885254, "be": 0.46616536378860474, "like": 0.46493977308273315, "just": 0.45796650648117065, "so": 0.4569088816642761, "this": 0.45570284128189087, "here": 0.45529866218566895, "good": 0.4526294469833374, "see": 0.4502689838409424, "who wants": 0.4436779022216797, "an": 0.42934197187423706, "that": 0.4226025938987732, "there": 0.4188724756240845, "off": 0.41620808839797974, "and": 0.4156416058540344, "it": 0.4143185615539551, "at": 0.41379645466804504, "his": 0.41253048181533813, "the": 0.39868617057800293, "two": 0.39545100927352905, "was": 0.39056313037872314, "post": 0.38978275656700134, "can": 0.3882501423358917, "them": 0.38805514574050903, "what": 0.38783928751945496, "get": 0.3854863941669464, "he": 0.3851009011268616, "would": 0.3845621943473816, "other": 0.3834559917449951, "are": 0.3792274594306946, "in": 0.3780742287635803, "for": 0.37735792994499207, "more": 0.37690722942352295, "one": 0.37644827365875244, "of": 0.37497079372406006}, "1": {"them both": 0.4750292897224426, "two": 0.46430301666259766, "he": 0.4517194330692291, "his": 0.4270644187927246, "deleted his": 0.4002571105957031, "both": 0.39477258920669556, "his account": 0.38982394337654114, "who": 0.3714045286178589, "other": 0.365618497133255, "real": 0.3615964651107788, "same": 0.36097925901412964, "again": 0.35849255323410034, "same time": 0.35655027627944946, "see": 0.3539164662361145, "on": 0.35142260789871216, "one": 0.3481485843658447, "them": 0.3468364477157593, "was": 0.3368743658065796, "and": 0.3352266550064087, "me": 0.32834309339523315, "my": 0.32680538296699524, "they": 0.322716623544693, "but": 0.3220643401145935, "this": 0.316080778837204, "some": 0.31606486439704895, "there": 0.3139100670814514, "that": 0.3087098002433777, "the": 0.30779147148132324, "an": 0.3077683746814728, "still": 0.3050481677055359, "so": 0.30483943223953247, "or": 0.3041558861732483, "did": 0.3010113835334778, "find": 0.3002447485923767, "do": 0.29405027627944946, "out there": 0.2932364344596863, "diphallia": 0.2915576100349426, "more": 0.2900031805038452, "here": 0.2897041440010071, "to": 0.2880924344062805, "of": 0.28723645210266113, "post": 0.2862327992916107, "like": 0.2850908041000366, "it": 0.28382977843284607, "in": 0.2779258191585541, "at": 0.2746826410293579, "have": 0.27467644214630127, "any": 0.2740444540977478, "you": 0.26694005727767944, "are": 0.26688283681869507}}