{"0": {"idiopathic urticaria": 0.5036550164222717, "cholinergic urticaria": 0.49509263038635254, "urticaria": 0.48928335309028625, "urticaria pigmentosa": 0.48700377345085144, "aquagenic urticaria": 0.48446881771087646, "seeing an allergist": 0.4757726192474365, "idiopathic anaphylaxis": 0.47103795409202576, "allergy meds": 0.4679480791091919, "allergy test": 0.4626199007034302, "chronic urticaria": 0.4592303931713104, "allergen": 0.4564526677131653, "see an allergist": 0.4555906057357788, "chronic hives": 0.4524381756782532, "fibro": 0.45169201493263245, "zyrtec pepcid": 0.45094364881515503, "allergy tests": 0.4465162456035614, "diagnosed with fibromyalgia": 0.446072518825531, "allergy testing": 0.44051074981689453, "itching hives": 0.4339689612388611, "hives": 0.43117547035217285, "antihistamine regimen": 0.43105554580688477, "fibromyalgia": 0.42677879333496094, "histamine intolerance": 0.426157146692276, "gi symptoms": 0.42372018098831177, "zyrtec and zantac": 0.42317312955856323, "antihistamines": 0.42294687032699585, "zyrtec and pepcid": 0.42259201407432556, "ige allergies": 0.42250004410743713, "allergy specialist": 0.4205784499645233, "allergic reaction": 0.4182136058807373, "cold urticaria": 0.4169382154941559, "systemic symptoms": 0.4158761203289032, "zyrtec allegra": 0.41559964418411255, "high histamine": 0.41550809144973755, "anaphylaxis": 0.41456228494644165, "gabapentin": 0.4143626093864441, "allergy medicine": 0.4119603633880615, "histamine diet": 0.4115736484527588, "had fibro": 0.41141122579574585, "anti histamine": 0.41078245639801025, "taking zyrtec": 0.4098714590072632, "histamine": 0.40751829743385315, "allergy": 0.4064300060272217, "oral allergy": 0.406388521194458, "claritin pepcid": 0.4061638116836548, "take zyrtec": 0.4053409695625305, "allergy immunology": 0.40451884269714355, "random hives": 0.4041997194290161, "allergens": 0.4023694396018982, "histamine foods": 0.40192002058029175}, "1": {"getting the vaccine": 0.622326672077179, "covid vaccine": 0.6016783714294434, "moderna vaccine": 0.5966984033584595, "flu vaccine": 0.5846618413925171, "vaccine": 0.5706982016563416, "flu shot": 0.5662960410118103, "getting vaccinated": 0.5546029210090637, "pfizer vaccine": 0.5524047613143921, "vaccination": 0.5429806113243103, "vaccinated": 0.5378327369689941, "vaccines": 0.4997577965259552, "allergy shots": 0.4385172724723816, "xolair injections": 0.41837120056152344, "urticaria pigmentosa": 0.4105352759361267, "urticaria": 0.4086710214614868, "injections": 0.40784308314323425, "aquagenic urticaria": 0.4044675827026367, "taking zyrtec": 0.40444445610046387, "antihistamines": 0.40386033058166504, "idiopathic anaphylaxis": 0.4001616835594177, "zyrtec twice": 0.3977869749069214, "zyrtec pepcid": 0.39361321926116943, "anaphylaxis": 0.39305752515792847, "counter antihistamines": 0.3881547451019287, "cholinergic urticaria": 0.3879614472389221, "epipen": 0.3850625455379486, "use an epipen": 0.38138848543167114, "random hives": 0.38065797090530396, "idiopathic urticaria": 0.38000357151031494, "anaphylactic shock": 0.37803828716278076, "zyrtec and pepcid": 0.3772694766521454, "anti histamine": 0.3769493103027344, "take zyrtec": 0.37615931034088135, "zyrtec and zantac": 0.3742178976535797, "allergen": 0.37415236234664917, "vax": 0.36970269680023193, "allergy immunology": 0.365584135055542, "zyrtec allegra": 0.3654724359512329, "zyrtec": 0.36382928490638733, "hives": 0.36228594183921814, "allergy test": 0.35984957218170166, "seeing an allergist": 0.3585308790206909, "anti ige": 0.35538971424102783, "allergy testing": 0.3517615795135498, "flonase": 0.34961938858032227, "carry an epipen": 0.3487417697906494, "antihistamine regimen": 0.3485168218612671, "allergy tests": 0.34575217962265015, "claritin allegra": 0.34480851888656616, "epi pen": 0.34329327940940857}}