{"c_v": 0.4090745363105812, "c_npmi": -0.4283691882311971, "u_mass": -11.187855271792039, "c_uci": -12.468738726871461}