{"0": {"famotidine mg": 0.38769808411598206, "allergy medicine": 0.37655186653137207, "antihistamine regimen": 0.37303435802459717, "mg famotidine": 0.3686092495918274, "allergy immunology": 0.3658692538738251, "diagnosed with mcas": 0.3646101951599121, "histamine bucket": 0.3629083037376404, "histamine intolerance": 0.36100322008132935, "ige allergies": 0.3547413647174835, "allergist immunologist": 0.35398033261299133, "allergic rhinitis": 0.3529910147190094, "allergy meds": 0.3500787913799286, "thyroid medication": 0.34269893169403076, "allergy tests": 0.33855390548706055, "oral allergy": 0.33681660890579224, "cetirizine mg": 0.3362446129322052, "chronic lyme": 0.33622127771377563, "antihistamine": 0.3361768126487732, "histamine foods": 0.33604326844215393, "nickel allergy": 0.33598440885543823, "lyme disease": 0.3345455527305603, "allergy test": 0.33409011363983154, "anti histamines": 0.3327285051345825, "histamine receptors": 0.33271780610084534, "histamines": 0.33265653252601624, "antihistamines": 0.3325759768486023, "mastocytic enterocolitis": 0.3311188817024231, "allergy shots": 0.3310281038284302, "allegra mg": 0.33029550313949585, "anti histamine": 0.3300139307975769, "diagnosed with fibromyalgia": 0.3281106650829315, "counter antihistamines": 0.32726651430130005, "mg cetirizine": 0.3267572522163391, "allergist said": 0.3256986737251282, "histamine diets": 0.3230898976325989, "allergic response": 0.3227804899215698, "histamine diet": 0.3222081661224365, "histamine": 0.32145777344703674, "allergist told": 0.3212396502494812, "daily mg": 0.3211735486984253, "histamine levels": 0.32019340991973877, "histamine release": 0.3195948600769043, "histamine rich": 0.31837570667266846, "mg hydroxyzine": 0.3178388178348541, "cutaneous mastocytosis": 0.3174351155757904, "hydroxyzine mg": 0.31706881523132324, "autoimmune disorders": 0.31666862964630127, "allergic reactions": 0.31654873490333557, "allergic reaction": 0.31641408801078796, "neuroendocrine tumor": 0.3159777522087097}, "1": {"histamine bucket": 0.7326281070709229, "histamine intolerance": 0.702720046043396, "allergy meds": 0.6917561292648315, "pots dysautonomia": 0.6895291805267334, "histamine rich": 0.6710835695266724, "histamines": 0.6701375842094421, "histamine release": 0.6663263440132141, "having anaphylactic": 0.6651405096054077, "histamine": 0.6626488566398621, "allergist told": 0.6623135209083557, "histamine liberators": 0.661442756652832, "allergist said": 0.6613245010375977, "mg famotidine": 0.6541597247123718, "chronic hives": 0.6527466773986816, "chronic lyme": 0.6449178457260132, "famotidine pepcid": 0.6449124813079834, "diagnosed with mcas": 0.6435722708702087, "ige allergies": 0.6415565013885498, "cutaneous mastocytosis": 0.6410589218139648, "induced asthma": 0.6382298469543457, "histamine diet": 0.6374617218971252, "histamine diets": 0.6367361545562744, "allergenic": 0.6318665146827698, "allergic rhinitis": 0.6295238733291626, "adrenal glands": 0.6273280382156372, "histamine foods": 0.6269977688789368, "angioedema": 0.6254246234893799, "allergists": 0.6239874958992004, "histamine receptors": 0.6234957575798035, "histamine blocker": 0.6217842102050781, "high in histamines": 0.6212841272354126, "seeing an allergist": 0.6210833787918091, "allergist": 0.6203738451004028, "allergy shots": 0.6191140413284302, "sores": 0.6188942790031433, "low histamine": 0.618879497051239, "allergy medicine": 0.6188163757324219, "histidine": 0.6178658604621887, "histamine blockers": 0.6170237064361572, "hypoallergenic": 0.6169441938400269, "dermatitis": 0.6166983842849731, "erythromelalgia": 0.616670548915863, "mcas sufferers": 0.6156660318374634, "tms for cure": 0.6155294179916382, "taking zyrtec": 0.6151180267333984, "anti histamine": 0.6130532622337341, "mastocytoma": 0.61235511302948, "anti histamines": 0.611931324005127, "tmsforacure": 0.6110682487487793, "high histamine": 0.6110107898712158}, "2": {"covid vaccine": 0.6114321351051331, "flu vaccine": 0.5850856304168701, "getting the vaccine": 0.5596951842308044, "moderna vaccine": 0.5517021417617798, "vaccinated": 0.5464884042739868, "vaccination": 0.5455945730209351, "getting vaccinated": 0.5452094078063965, "pfizer vaccine": 0.5441862940788269, "vaccines": 0.5433557033538818, "vaccine": 0.5425200462341309, "allergy immunology": 0.4637114405632019, "allergist immunologist": 0.4473072290420532, "flu shot": 0.44650331139564514, "immunology": 0.4234997630119324, "bad flu": 0.4177551567554474, "immunotherapy": 0.39913463592529297, "immunologist": 0.39656299352645874, "allergy shots": 0.3960312604904175, "flu like": 0.387803852558136, "immunologists": 0.3843767046928406, "immunologist who": 0.37843644618988037, "allergy medicine": 0.3766893148422241, "flu": 0.36703646183013916, "autoimmune diseases": 0.3624827265739441, "coronavirus": 0.3617748022079468, "allergic rhinitis": 0.35369110107421875, "autoimmune disease": 0.3531191051006317, "ige allergies": 0.35041344165802, "infectious disease": 0.344374418258667, "nickel allergy": 0.3326312303543091, "oral allergy": 0.3303223252296448, "allergist told": 0.32929909229278564, "corn allergy": 0.32809242606163025, "allergenic": 0.3268020749092102, "immune system": 0.32413625717163086, "allergy tests": 0.32400184869766235, "immune systems": 0.3230796456336975, "allergy meds": 0.32247620820999146, "allergist said": 0.32206815481185913, "allergy test": 0.3220379948616028, "sinus infection": 0.3202892541885376, "allergic to wheat": 0.31937989592552185, "immunity": 0.3191094994544983, "antihistamine regimen": 0.31822478771209717, "counter antihistamines": 0.31766948103904724, "allergy testing": 0.31501448154449463, "antihistamine": 0.3140779137611389, "sinus infections": 0.314024418592453, "immune response": 0.31057649850845337, "lyme disease": 0.31040096282958984}}