{"c_v": 0.3355523719808555, "c_npmi": -0.31775507871608005, "u_mass": -7.706023057546896, "c_uci": -9.345983614382323}