{"c_v": 0.4036851340317632, "c_npmi": -0.14274842244225078, "u_mass": -8.220559079162854, "c_uci": -5.1822677101160695}