{"c_v": 0.3959293855332468, "c_npmi": -0.22751638930094534, "u_mass": -10.853047935723884, "c_uci": -7.116462638772237}