{"c_v": 0.3574839961515816, "c_npmi": -0.2054218661681586, "u_mass": -9.782369091948343, "c_uci": -6.417335800708141}