{"c_v": 0.38562314965948863, "c_npmi": -0.2646906348565866, "u_mass": -11.871172562010416, "c_uci": -7.8528418375146}