{"0": {"eye hallucinations": 0.44939926266670227, "retinal migraine": 0.42365121841430664, "eye fatigue": 0.41896235942840576, "ocular migraines": 0.4046960175037384, "eye dysfunctions": 0.40337908267974854, "ocular migraine": 0.4027796983718872, "shaky vision": 0.4011208117008209, "symptoms": 0.4004175066947937, "symptom": 0.39424410462379456, "symptome": 0.3923841714859009, "symptomes": 0.39208245277404785, "les symptomes": 0.3901676535606384, "blurred vision": 0.39011991024017334, "perception disorder": 0.38861578702926636, "migraine with auras": 0.3882620930671692, "eye strain": 0.3873324394226074, "symptomps": 0.38724395632743835, "visual disturbances": 0.386638879776001, "migraines with auras": 0.38407641649246216, "symptons": 0.382295161485672, "eye irritation": 0.38151758909225464, "blurry vision": 0.381280779838562, "migraine auras": 0.38115549087524414, "symptomatic": 0.380776047706604, "migraine with aura": 0.3795529901981354, "nyctalopia impaired": 0.3778563439846039, "visual disturbance": 0.37760263681411743, "cause blindness": 0.3724319636821747, "migraines with aura": 0.37122467160224915, "eye checkup": 0.37060636281967163, "hallucinations": 0.3663408160209656, "nausea dizziness": 0.3658130168914795, "mild astigmatism": 0.3657055199146271, "eyes checked": 0.3649190068244934, "hypnagogic hallucinations": 0.36420440673828125, "neige visuelle": 0.3639620542526245, "vertigo dizziness": 0.3620750308036804, "accompanying symptoms": 0.36193376779556274, "visually impaired": 0.3605369031429291, "aura migraines": 0.35956355929374695, "dizziness and nausea": 0.3595575988292694, "grainy vision": 0.35862886905670166, "darkened vision": 0.3581168055534363, "visual acuity": 0.35796013474464417, "epileptic seizures": 0.3574225604534149, "aural migraines": 0.3572119474411011, "neurological disorder": 0.3570135235786438, "poor eyesight": 0.35692986845970154, "migraine aura": 0.3567410707473755, "astigmatisms": 0.3566102981567383}, "1": {"covid vaccine": 0.5528515577316284, "getting vaccinated": 0.5223063230514526, "get vaccinated": 0.5121194124221802, "vaccines": 0.5101218223571777, "vaccine": 0.5068790912628174, "pro vaccine": 0.5019955039024353, "vaccination": 0.49307525157928467, "mrna vaccines": 0.4904952049255371, "pfizer vaccine": 0.4873630106449127, "flu shot": 0.4826011061668396, "vaccinated": 0.46455663442611694, "fully vaccinated": 0.41594523191452026, "flu": 0.36144596338272095, "meningitis": 0.34914207458496094, "immune disease": 0.3485374450683594, "viral infections": 0.34741032123565674, "viral infection": 0.3447588086128235, "anti epileptics": 0.33416253328323364, "anti epileptic": 0.3194698989391327, "autism": 0.30518877506256104, "antiepileptic": 0.30416905879974365, "fluoxetine": 0.3032742738723755, "allergic reaction": 0.29594600200653076, "covid infection": 0.29538029432296753, "injections": 0.2945958971977234, "epileptic seizures": 0.29431021213531494, "epilepsy medication": 0.28945547342300415, "injection": 0.289355993270874, "anti convulsant": 0.2887386679649353, "placebo effect": 0.28834718465805054, "uveitis": 0.2864324450492859, "pneumonia": 0.2839374542236328, "infectious disease": 0.28270646929740906, "immune response": 0.28196918964385986, "ear infections": 0.28065550327301025, "anti convulsants": 0.2801775336265564, "seizure medication": 0.2794820964336395, "encephalitis": 0.27892860770225525, "side effects": 0.278811514377594, "immune": 0.2784552574157715, "autoimmune disease": 0.2782677412033081, "epileptics": 0.27819451689720154, "vax": 0.277293860912323, "neuritis": 0.2757704257965088, "autoimmune diseases": 0.27373480796813965, "vagus nerve": 0.27176302671432495, "shots": 0.2712486982345581, "sinusitis": 0.2704327404499054, "chronic sinusitis": 0.27029019594192505, "infectious": 0.2698228657245636}}