{"c_v": 0.2934872361395698, "c_npmi": -0.1740111103894001, "u_mass": -5.460763623014354, "c_uci": -6.263397264671697}