{"c_v": 0.2598948156144147, "c_npmi": -0.15494699202946285, "u_mass": -2.83825854674545, "c_uci": -5.567370579588288}