{"0": {"clinical trials": 0.5573938488960266, "clinical trial": 0.5174382925033569, "treatments": 0.4652978181838989, "fda": 0.4630752205848694, "treatment": 0.45407646894454956, "clinical": 0.4251268208026886, "muscular dystrophy": 0.41351762413978577, "trials": 0.36768168210983276, "diagnosed": 0.35023102164268494, "dystrophy": 0.3365718424320221, "patients": 0.3301105499267578, "therapy": 0.32825982570648193, "medicine": 0.3191392719745636, "physical therapy": 0.3147183358669281, "cure": 0.3070921301841736, "drug": 0.2962947487831116, "medical": 0.29186010360717773, "results": 0.28191184997558594, "fulcrum": 0.2771437466144562, "losmapimod": 0.2756922245025635, "studies": 0.2694474756717682, "good news": 0.26798367500305176, "trial": 0.2651647627353668, "diagnosis": 0.2647654414176941, "disease": 0.260328471660614, "fshd": 0.25610947608947754, "research": 0.25114989280700684, "effects": 0.2501603364944458, "drugs": 0.24875810742378235, "dux and pax": 0.24148838222026825, "genetic testing": 0.22837349772453308, "muscle wasting": 0.2257380485534668, "effect": 0.22306858003139496, "news": 0.2142200767993927, "doctors": 0.21036364138126373, "tested": 0.2099384367465973, "article": 0.20883908867835999, "genetic test": 0.20747116208076477, "medical center": 0.20743592083454132, "neurologist": 0.204847514629364, "fsh": 0.20252947509288788, "hope": 0.20174166560173035, "dux": 0.1989399790763855, "approval": 0.19597908854484558, "dux reduction": 0.19079405069351196, "fsh society": 0.18251794576644897, "seems": 0.18115723133087158, "md": 0.18019717931747437, "has anyone": 0.17976689338684082, "doctor": 0.17713260650634766}, "1": {"diagnosis": 0.4716726541519165, "muscular dystrophy": 0.46205413341522217, "diagnosed": 0.4519621729850769, "dystrophy": 0.4498687982559204, "physical therapy": 0.36897528171539307, "symptoms": 0.35053884983062744, "disease": 0.30438166856765747, "muscle wasting": 0.29622000455856323, "treatment": 0.29196494817733765, "treatments": 0.2913030982017517, "fshd": 0.2844202220439911, "clinical": 0.2822503447532654, "patients": 0.2718068063259125, "therapy": 0.26585179567337036, "exercise": 0.25109320878982544, "fsh": 0.24923869967460632, "muscular": 0.24122992157936096, "muscle": 0.23114091157913208, "medical": 0.2276851236820221, "scapular winging": 0.2275245487689972, "shoulders": 0.22355693578720093, "neurologist": 0.222890704870224, "weakness": 0.21734802424907684, "muscles": 0.21268215775489807, "shoulder": 0.21036860346794128, "fsh society": 0.20832601189613342, "strength": 0.20123514533042908, "genetic test": 0.20057649910449982, "clinical trials": 0.19401328265666962, "clinical trial": 0.1911415159702301, "pain": 0.19052937626838684, "your arms": 0.1870451122522354, "be able": 0.18311479687690735, "genetic testing": 0.1815693974494934, "doctor": 0.17964155972003937, "body weight": 0.17610952258110046, "arms": 0.17352040112018585, "doctors": 0.17345866560935974, "medicine": 0.17267191410064697, "md": 0.1667577624320984, "skinny": 0.16120845079421997, "cure": 0.16069693863391876, "scapular": 0.15777015686035156, "healthy": 0.15521055459976196, "has anyone": 0.15364135801792145, "winging": 0.15222477912902832, "advice": 0.14401277899742126, "support": 0.1436888575553894, "normal": 0.14032138884067535, "taking": 0.13865958154201508}, "2": {"fsh society": 0.6627039909362793, "fshd": 0.6622796654701233, "fsh": 0.638137936592102, "charity": 0.39236003160476685, "join us": 0.3690723180770874, "support": 0.3629878759384155, "look forward": 0.3426589369773865, "news": 0.33674877882003784, "md": 0.33620357513427734, "good luck": 0.329218327999115, "muscular dystrophy": 0.3169263005256653, "th": 0.3168630003929138, "getting": 0.3111886978149414, "day": 0.3030282258987427, "good news": 0.30296918749809265, "pm": 0.30243533849716187, "doing": 0.3016629219055176, "started": 0.3014287054538727, "hope": 0.30142566561698914, "went": 0.3003685772418976, "going": 0.2957659065723419, "approval": 0.2955106496810913, "dystrophy": 0.289273202419281, "results": 0.2886918783187866, "may": 0.2881413698196411, "can get": 0.28797560930252075, "luck": 0.28769412636756897, "group": 0.28625547885894775, "go": 0.2830568552017212, "up": 0.28276145458221436, "me": 0.28193336725234985, "do": 0.28033962845802307, "so far": 0.2776397168636322, "fda": 0.2775728702545166, "would love": 0.2773210406303406, "we": 0.277143657207489, "able to do": 0.2748221755027771, "thanks": 0.27470383048057556, "start": 0.27333563566207886, "on": 0.27243945002555847, "only": 0.2715246081352234, "next": 0.2704354226589203, "cure": 0.2702827751636505, "diagnosed": 0.26995849609375, "active": 0.2688234746456146, "working": 0.26797327399253845, "all": 0.267312616109848, "works": 0.2646797001361847, "our": 0.2639782726764679, "need": 0.2627865672111511}}