{"c_v": 0.4266205537448015, "c_npmi": -0.2506020306742164, "u_mass": -9.136362805438525, "c_uci": -8.125630975269994}