{"0": {"cmt patients": 0.7024683952331543, "cmt clinic": 0.5895388722419739, "recently diagnosed": 0.4893224835395813, "got diagnosed": 0.47910940647125244, "been diagnosed": 0.47883284091949463, "diagnosed": 0.4767998456954956, "forms of cmt": 0.4639776349067688, "common symptom": 0.4639012813568115, "newly diagnosed": 0.45658719539642334, "tl dr": 0.45115357637405396, "was diagnosed": 0.44851264357566833, "cmt": 0.446513295173645, "symptom": 0.4378216564655304, "misdiagnosed": 0.43079835176467896, "clinical": 0.4298088550567627, "cmtx": 0.42926713824272156, "cmt communities": 0.42901986837387085, "diagnoses": 0.42118948698043823, "diagnostic": 0.41956767439842224, "diagnosed until": 0.41564780473709106, "diagnose": 0.4147786498069763, "cmters": 0.413987934589386, "officially diagnosed": 0.41305750608444214, "undiagnosed": 0.41023898124694824, "diagnosis": 0.40938815474510193, "cmt center": 0.4070218503475189, "chronic": 0.40683889389038086, "formally diagnosed": 0.40651339292526245, "joint pain": 0.40532785654067993, "chronic pain": 0.40473973751068115, "mild symptoms": 0.4036630094051361, "patients": 0.40354979038238525, "proper diagnosis": 0.40218883752822876, "symptoms": 0.40181735157966614, "syndrome": 0.3988565504550934, "clinical trial": 0.39795857667922974, "disorders": 0.3965206444263458, "pain mngt": 0.3955480456352234, "mild case": 0.3942275047302246, "clinical trials": 0.39118513464927673, "therapy": 0.3884160816669464, "neurological disorders": 0.3876416087150574, "cmt ers": 0.38698869943618774, "pains": 0.38535967469215393, "neurological problems": 0.38432663679122925, "nerve pain": 0.38080310821533203, "medical advice": 0.3801468014717102, "nerve biopsy": 0.3799920082092285, "pain management": 0.37884676456451416, "neuropathic pain": 0.3780927062034607}, "1": {"exercises": 0.619924783706665, "strength training": 0.6146700382232666, "workouts": 0.6090126633644104, "workout": 0.6057047843933105, "exercise routine": 0.5855419635772705, "building muscle": 0.5779757499694824, "fitness": 0.5719283819198608, "working out": 0.5718671083450317, "exercising": 0.5691347122192383, "exercise": 0.5641101002693176, "build muscle": 0.5589948892593384, "muscle building": 0.5562810897827148, "muscles": 0.5403386354446411, "muscle wasting": 0.53763747215271, "develop muscle": 0.5375806093215942, "muscular": 0.533200740814209, "muscle weakness": 0.5331072211265564, "gain muscle": 0.5320879220962524, "physical activity": 0.5312410593032837, "muscle loss": 0.5294834971427917, "muscle wastage": 0.5270215272903442, "physical therapy": 0.5222089290618896, "muscle": 0.5158267021179199, "stretching": 0.5132290124893188, "muscle twitching": 0.5126370191574097, "gym class": 0.5008621215820312, "weight lifting": 0.4985864460468292, "personal trainer": 0.49533677101135254, "yoga": 0.4891916513442993, "gym": 0.48374301195144653, "leg muscles": 0.4836002290248871, "thigh muscles": 0.47968238592147827, "lift weights": 0.47787702083587646, "resistance exercise": 0.4775480628013611, "work out": 0.4734634459018707, "fatigued": 0.4718658924102783, "physiotherapy": 0.4707343578338623, "stamina": 0.46939486265182495, "muscle mass": 0.46684566140174866, "stretch": 0.4645296335220337, "muscular atrophy": 0.46149536967277527, "grip strength": 0.46092307567596436, "fatigue": 0.4599282741546631, "muscle growth": 0.4589739441871643, "muscle groups": 0.4546687602996826, "hit the gym": 0.45266205072402954, "muscle spasms": 0.4516863226890564, "go to the gym": 0.45167362689971924, "training": 0.4514731764793396, "muscular dystrophy": 0.4513765573501587}, "2": {"friday feelings": 0.6881686449050903, "vent": 0.6377431750297546, "pre": 0.6370789408683777, "nbsp": 0.6331937313079834, "dig": 0.6218898296356201, "gait": 0.620675265789032, "moments": 0.6152499914169312, "friday": 0.6141601800918579, "gut": 0.608737587928772, "sad": 0.6044978499412537, "december": 0.5985517501831055, "moment": 0.5975135564804077, "excited": 0.5945451855659485, "dejerine sottas": 0.5937168598175049, "small celebrations": 0.5928595662117004, "onto": 0.5920109152793884, "event": 0.5901957750320435, "mane": 0.5891569256782532, "events": 0.5889317989349365, "best of luck": 0.588193416595459, "good luck": 0.5879930257797241, "sottas": 0.5860249400138855, "pois": 0.5855405330657959, "exciting": 0.584906816482544, "mod": 0.5786081552505493, "dont": 0.5785795450210571, "glad": 0.577136754989624, "celebrations": 0.5763248205184937, "keto": 0.5762860774993896, "joy": 0.5756632089614868, "co": 0.574577808380127, "vit": 0.5740644931793213, "met": 0.5740580558776855, "luck": 0.5719634294509888, "lasted": 0.5714489221572876, "due to covid": 0.5690526962280273, "today": 0.5687279105186462, "lol": 0.5682756900787354, "gotten": 0.5674368143081665, "aars": 0.5668403506278992, "ya": 0.5658950805664062, "very exciting": 0.5657930374145508, "super": 0.5657475590705872, "fun fact": 0.5639113783836365, "happy": 0.5634154081344604, "september": 0.5622403621673584, "hi all": 0.5620662569999695, "some days": 0.561855673789978, "easiest": 0.5612093806266785, "feeling": 0.5606403350830078}, "3": {"nerve pain": 0.6428163647651672, "tingling": 0.6418840289115906, "nerves": 0.6099457740783691, "tingling and numbness": 0.5960193872451782, "nerves small": 0.5861082077026367, "numbness tingling": 0.5797598958015442, "pain mngt": 0.5795820951461792, "irritations weekly": 0.5679207444190979, "nerve damage": 0.5661184787750244, "pains": 0.5628778338432312, "neuropathic pain": 0.5601354241371155, "nerve": 0.5569444298744202, "discomfort": 0.5502915978431702, "peripheral nerves": 0.5473283529281616, "chronic pain": 0.5464954376220703, "nerve conduction": 0.5423415303230286, "pain": 0.5396502017974854, "frustration": 0.5371754765510559, "numbness": 0.5347229838371277, "small irritations": 0.5334920287132263, "soreness": 0.5330105423927307, "common symptom": 0.5209161639213562, "symptom": 0.5207082629203796, "pressure sores": 0.5206972360610962, "tremors": 0.5132617354393005, "headaches": 0.5122190713882446, "joint pain": 0.5104554295539856, "numb": 0.510418713092804, "irritations": 0.5104085803031921, "muscle twitching": 0.5047685503959656, "tremor": 0.5038718581199646, "peripheral nerve": 0.5002801418304443, "spasms": 0.49967119097709656, "twitches": 0.4932999908924103, "frustrating": 0.4928606152534485, "reflexes": 0.4907614588737488, "sensory neuropathy": 0.48923632502555847, "mild symptoms": 0.4886031746864319, "ache": 0.4879993200302124, "twitching": 0.48656511306762695, "things bugging": 0.48561352491378784, "pain meds": 0.4853481650352478, "pain relief": 0.4813493490219116, "pain management": 0.47786402702331543, "symptoms": 0.47758668661117554, "aches": 0.4772716164588928, "frustrated": 0.47446349263191223, "muscle cramps": 0.4740419387817383, "nerve conductivity": 0.4718407094478607, "muscle spasms": 0.47173717617988586}, "4": {"pain meds": 0.6637361645698547, "pain medication": 0.6529743671417236, "pain management": 0.5860102772712708, "pain relief": 0.5718677043914795, "chronic pain": 0.5650166273117065, "pain mngt": 0.5148659348487854, "cmt patients": 0.5088493824005127, "neuropathic pain": 0.491554856300354, "treatments": 0.4903227686882019, "therapies": 0.48579955101013184, "therapeutic": 0.4782930016517639, "pain": 0.47773998975753784, "treatment": 0.4698665738105774, "medications": 0.4641973674297333, "medication": 0.4580240845680237, "prescribed": 0.44776538014411926, "pills": 0.44666731357574463, "side effects": 0.44261667132377625, "medicines": 0.4404028654098511, "symptom": 0.43723952770233154, "pains": 0.43460869789123535, "nerve pain": 0.43296265602111816, "nausea": 0.4318753778934479, "therapy": 0.42988866567611694, "common symptom": 0.42352259159088135, "treated": 0.42294663190841675, "prescription": 0.419317364692688, "medical advice": 0.4179653227329254, "hip pain": 0.4164935350418091, "drug": 0.4154301881790161, "stopped taking": 0.41433092951774597, "joint pain": 0.41293254494667053, "drugs": 0.4113227128982544,