{"c_v": 0.3685092558138786, "c_npmi": -0.2543924225652619, "u_mass": -5.192931673133891, "c_uci": -8.135829847290626}