{"0": {"mg pill": 0.3930944502353668, "mg pills": 0.3891866207122803, "took mg": 0.37114834785461426, "lowered libido": 0.3665289580821991, "anxiety depression": 0.36446672677993774, "last pill": 0.36262547969818115, "antidepressants": 0.3577442169189453, "loss of libido": 0.3575668931007385, "mg everyday": 0.3554312586784363, "antidepressant": 0.35421833395957947, "mg daily": 0.3494609594345093, "anxiety and depression": 0.3457210659980774, "decrease in libido": 0.33300477266311646, "dopamine": 0.3300020098686218, "serotonin": 0.3286750316619873, "half pill": 0.32768774032592773, "took pills": 0.3275056481361389, "hormone imbalance": 0.32308250665664673, "lower libido": 0.3214800953865051, "testosterone": 0.317365825176239, "first pill": 0.31727364659309387, "erectile dysfunction": 0.3144770860671997, "testosterone levels": 0.3130689859390259, "this drug": 0.30738335847854614, "hormonal": 0.3066261410713196, "last dose": 0.2983259856700897, "sexual dysfunction": 0.29440435767173767, "your hormones": 0.293554425239563, "hormones": 0.2929885685443878, "side effects": 0.2928559184074402, "severe anxiety": 0.2924058437347412, "low libido": 0.2902156114578247, "morning erections": 0.28909263014793396, "mg day": 0.287774920463562, "hormone levels": 0.28713279962539673, "pill": 0.2862536609172821, "mg every": 0.28156501054763794, "erection problems": 0.27962225675582886, "hormone": 0.27937161922454834, "pills": 0.27805665135383606, "mg eod": 0.2779773473739624, "free testosterone": 0.27747416496276855, "these drugs": 0.2720068693161011, "medication": 0.27106040716171265, "persistent erectile": 0.2705344557762146, "depression": 0.27015310525894165, "weak erections": 0.2690715789794922, "lower dose": 0.2688775658607483, "hormone panel": 0.2686969041824341, "androgen receptors": 0.26813119649887085}, "1": {"pfs sufferers": 0.3331339955329895, "pfs patients": 0.33277973532676697, "pfs sufferer": 0.32895416021347046, "suffering from pfs": 0.3215433955192566, "pfs network": 0.3140685558319092, "pfs victims": 0.27170610427856445, "pfs pssd": 0.2590313255786896, "pfs foundation": 0.257040798664093, "mg pills": 0.25270217657089233, "mg pill": 0.24485504627227783, "placebo": 0.23351067304611206, "mg per": 0.23212629556655884, "fap": 0.23076626658439636, "finasteride syndrome": 0.22679409384727478, "blown pfs": 0.2246013730764389, "these drugs": 0.2236524224281311, "post finasteride": 0.22326582670211792, "side effects": 0.21869389712810516, "this drug": 0.21803225576877594, "took mg": 0.21787244081497192, "mg every": 0.21254049241542816, "mg everyday": 0.21239466965198517, "pfs": 0.20670214295387268, "mg daily": 0.2042161226272583, "medical community": 0.20332278311252594, "dopamine": 0.20117947459220886, "pharma": 0.2009868174791336, "nofap": 0.19837996363639832, "side effect": 0.1949135661125183, "long flaccid": 0.19352462887763977, "mg": 0.1928391456604004, "mg eod": 0.1927160918712616, "no fap": 0.18969039618968964, "fda": 0.1895047426223755, "ph": 0.1860261857509613, "took pills": 0.18363960087299347, "therapy": 0.1832941770553589, "taking finasteride": 0.18265393376350403, "half pill": 0.1824137270450592, "recovery story": 0.1823807656764984, "last pill": 0.1803235411643982, "pills": 0.18000802397727966, "drugs": 0.17930418252944946, "recovery stories": 0.1789524257183075, "medications": 0.1752411425113678, "these forums": 0.1745721399784088, "find cure": 0.17411190271377563, "side affects": 0.17405855655670166, "antidepressants": 0.1722106635570526, "flaccid": 0.17128674685955048}, "2": {"hair loss": 0.4752632975578308, "hair transplant": 0.40554070472717285, "hair growth": 0.3969624638557434, "going bald": 0.39148327708244324, "hair transplants": 0.38934409618377686, "shaved head": 0.3782384395599365, "androgenic alopecia": 0.37279099225997925, "scalp": 0.3683738708496094, "baldness": 0.3449834883213043, "hairline": 0.34429341554641724, "go bald": 0.33959028124809265, "balding": 0.3355036973953247, "ketoconazole shampoo": 0.33356380462646484, "my hairline": 0.33292004466056824, "hair": 0.32707369327545166, "hairloss": 0.31196892261505127, "hairs": 0.28526976704597473, "hormone imbalance": 0.2658756673336029, "alopecia": 0.2613750696182251, "shampoo": 0.2577689290046692, "testosterone": 0.2516355812549591, "hormonal": 0.24993383884429932, "shave your": 0.2451643943786621, "hormones": 0.24439159035682678, "testosterone levels": 0.2426706999540329, "mg pills": 0.24055582284927368, "hormone panel": 0.23933112621307373, "loss of libido": 0.23931223154067993, "anxiety depression": 0.2393030822277069, "mg pill": 0.2392859160900116, "your hormones": 0.2392745465040207, "headache": 0.23673918843269348, "hormone levels": 0.23416787385940552, "hormone": 0.23111292719841003, "last pill": 0.23059001564979553, "anxiety and depression": 0.22775748372077942, "shave": 0.22518762946128845, "free testosterone": 0.21796250343322754, "serotonin": 0.2155442088842392, "shaved": 0.21325822174549103, "antidepressants": 0.21293194591999054, "brain fog": 0.21260417997837067, "this drug": 0.21079517900943756, "side effects": 0.21011504530906677, "thyroid": 0.20749886333942413, "took mg": 0.2070167362689972, "antidepressant": 0.20542748272418976, "head": 0.2051807940006256, "androgen metabolism": 0.20354299247264862, "mg everyday": 0.20276586711406708}, "3": {"testosterone levels": 0.4972255825996399, "testosterone": 0.45958638191223145, "hormone levels": 0.4540742337703705, "hormone imbalance": 0.44260573387145996, "free testosterone": 0.4292782247066498, "hormonal": 0.40696683526039124, "hormones": 0.4010878801345825, "hormone panel": 0.39933502674102783, "estrogen levels": 0.3913547992706299, "androgen receptors": 0.37834131717681885, "hormone": 0.37600719928741455, "your hormones": 0.37468165159225464, "androgen receptor": 0.3731748163700104, "high estrogen": 0.37060749530792236, "androgen metabolism": 0.3561055660247803, "androgenic alopecia": 0.33214059472084045, "anti androgens": 0.32891184091567993, "anti androgen": 0.3197428286075592, "lower libido": 0.3121282160282135, "prolactin levels": 0.30832427740097046, "lowered libido": 0.30629298090934753, "thyroid": 0.3057647943496704, "androgens": 0.3031936287879944, "decrease in libido": 0.2971504330635071, "anti androgenic": 0.29627853631973267, "serotonin": 0.2941351532936096, "finasteride syndrome": 0.28434038162231445, "neurosteroids": 0.2837797701358795, "erectile dysfunction": 0.2826383709907532, "androgenic": 0.2793985605239868, "pituitary gland": 0.279036283493042, "steroids": 0.27026036381721497, "low libido": 0.26610973477363586, "steroid": 0.26445895433425903, "mg pills": 0.260632187128067, "mg pill": 0.25995028018951416, "endocrine system": 0.259929895401001, "androgen": 0.2561812400817871, "loss of libido": 0.2526174783706665, "estrogen": 0.25100454688072205, "neurosteroid": 0.2488282322883606, "sexual dysfunction": 0.2465612292289734, "endocrinologist": 0.23558223247528076, "endocrine": 0.23458565771579742, "ht receptors": 0.23402470350265503, "took mg": 0.23287102580070496, "dopamine": 0.22924311459064484, "antidepressants": 0.22872990369796753, "lower dose": 0.22368058562278748, "reductase inhibitors": 0.21901781857013702}, "4": {"loss of libido": 0.37590640783309937, "full recovery": 0.3623656630516052, "recovery": 0.3590981960296631, "recovery story": 0.34919846057891846, "recovering": 0.3395008146762848, "recover": 0.33688920736312866, "fully recover": 0.3368389308452606, "lowered libido": 0.33118271827697754, "recovery stories": 0.3297470808029175, "recoveries": 0.31687045097351074, "decrease in libido": 0.3058425486087799, "anxiety depression": 0.3046680688858032, "anxiety and depression": 0.2996082603931427, "fully recovered": 0.29766637086868286, "recovered": 0.2960590124130249, "hormone imbalance": 0.2851392328739166, "regain": 0.27678701281547546, "lower libido": 0.27531564235687256, "recover within": 0.27442365884780884, "sexual dysfunction": 0.2639177739620209, "low libido": 0.260758638381958,