{"c_v": 0.3460500579473406, "c_npmi": -0.30313537692362, "u_mass": -6.577754307609557, "c_uci": -9.037812005278008}