{"0": {"ch kitty": 0.6966031789779663, "ch kitten": 0.6894140243530273, "ch cats": 0.6813486814498901, "kitten": 0.6697317361831665, "ch cat": 0.6696169376373291, "kitty": 0.6694142818450928, "cat": 0.6551414728164673, "kittens": 0.646846354007721, "cats": 0.6295284032821655, "cat tree": 0.4410049021244049, "your vet": 0.392147958278656, "pet": 0.35011759400367737, "ch kitties": 0.2840218245983124, "litter": 0.27155452966690063, "months old": 0.26627591252326965, "cerebellar hypoplasia": 0.24211248755455017, "kitties": 0.23514309525489807, "poop": 0.23325106501579285, "baby": 0.22640439867973328, "year old": 0.21961504220962524, "mild": 0.21734556555747986, "boy": 0.2026071399450302, "litter box": 0.19959500432014465, "pee": 0.19426961243152618, "severe": 0.1875232458114624, "little": 0.17356935143470764, "moderate": 0.1718180775642395, "adopted": 0.1700085997581482, "can": 0.1698770523071289, "sometimes": 0.16922549903392792, "might": 0.15992221236228943, "non ch": 0.15962368249893188, "cannot": 0.1584724485874176, "advice": 0.1583370715379715, "be able": 0.15829259157180786, "wobblers": 0.15791772305965424, "does": 0.15642660856246948, "wobbly": 0.15618038177490234, "does not": 0.15023206174373627, "ch": 0.14557650685310364, "problem": 0.14522898197174072, "did": 0.14344851672649384, "should": 0.1408328115940094, "wobbler": 0.1394331157207489, "could": 0.13937009871006012, "helps": 0.13922655582427979, "having": 0.1385665237903595, "may": 0.13653002679347992, "doing": 0.13612769544124603, "make sure": 0.1334649920463562}, "1": {"ch kitten": 0.5742723941802979, "ch kitty": 0.5403203368186951, "sweet": 0.5360411405563354, "ch cats": 0.5071805119514465, "baby": 0.49377763271331787, "ch cat": 0.48393750190734863, "kittens": 0.4755759537220001, "kitty": 0.4613102078437805, "kitten": 0.4613081216812134, "months old": 0.4528176784515381, "year old": 0.45191073417663574, "cats": 0.4484626054763794, "pet": 0.44807401299476624, "boy": 0.44253283739089966, "cat": 0.4335496425628662, "glad": 0.43306487798690796, "happy": 0.4247942566871643, "loves": 0.42257624864578247, "good luck": 0.42033034563064575, "lol": 0.4200727641582489, "give him": 0.4020797312259674, "your vet": 0.391204297542572, "love": 0.37854379415512085, "oh my": 0.37494537234306335, "adopted": 0.36685964465141296, "ch kitties": 0.36379045248031616, "little": 0.3637824058532715, "kitties": 0.36150574684143066, "nice": 0.36139264702796936, "him": 0.3516739308834076, "his": 0.3501662611961365, "my": 0.3418784737586975, "great": 0.33624354004859924, "her": 0.33410021662712097, "me": 0.3335608243942261, "kind": 0.33105897903442383, "cat tree": 0.32758456468582153, "when she": 0.325594961643219, "amazing": 0.3248715102672577, "he": 0.3243976831436157, "luck": 0.3240966200828552, "be": 0.3219107687473297, "mine": 0.32158616185188293, "this": 0.3204305171966553, "pretty": 0.31836584210395813, "been": 0.31692564487457275, "your": 0.3167654871940613, "am": 0.3144204020500183, "being": 0.3129570186138153, "vet": 0.31028780341148376}}