{"c_v": 0.27220195703700756, "c_npmi": -0.19770322928118994, "u_mass": -2.1809471241310234, "c_uci": -5.4146467638041385}