{"0": {"allergy meds": 0.45563238859176636, "histamine intolerance": 0.4237363040447235, "allergy medicine": 0.42229196429252625, "see an allergist": 0.41322171688079834, "typical allergy": 0.41027528047561646, "seeing an allergist": 0.40486788749694824, "allergic reaction": 0.4033496379852295, "allergen": 0.402554988861084, "allergic rhinitis": 0.40166544914245605, "take benadryl": 0.3992516100406647, "allergy": 0.39473390579223633, "allergy tests": 0.3942595422267914, "symptoms": 0.3926517963409424, "allergy shots": 0.3921010494232178, "mg cetirizine": 0.39068835973739624, "benadryl": 0.38707903027534485, "cetirizine mg": 0.3846234679222107, "allergic reactions": 0.38452017307281494, "allergies": 0.38111841678619385, "symptom wise": 0.37772712111473083, "histamine diet": 0.37666377425193787, "symptom": 0.3742329478263855, "took benadryl": 0.3739735186100006, "oral allergy": 0.3735651969909668, "allergist": 0.3726896643638611, "allergic response": 0.3708353638648987, "itching hives": 0.3696577548980713, "allergy specialist": 0.3679172098636627, "symptomatic": 0.3674686551094055, "allergy season": 0.36719733476638794, "allergy test": 0.366926908493042, "common allergens": 0.3668171167373657, "dermatitis": 0.3664780259132385, "histamines": 0.3664180040359497, "allergist said": 0.3659752607345581, "eczema": 0.36544185876846313, "allergy testing": 0.3652840852737427, "allergist immunologist": 0.36482539772987366, "histamine": 0.3643301725387573, "similar symptoms": 0.3640094995498657, "allergists": 0.3636753559112549, "otc antihistamines": 0.36305686831474304, "allergist told": 0.3628019690513611, "chronic hives": 0.36171746253967285, "allergic": 0.36095792055130005, "anti histamines": 0.3601715564727783, "benadryl beforehand": 0.3591698408126831, "food allergies": 0.35724160075187683, "histamine diets": 0.35691511631011963, "lyme disease": 0.35479095578193665}, "1": {"getting the vaccine": 0.590313196182251, "flu vaccine": 0.5758118629455566, "covid vaccine": 0.5716270208358765, "getting vaccinated": 0.5674656629562378, "vaccines": 0.5580571889877319, "vaccine": 0.5546015501022339, "pfizer vaccine": 0.5356561541557312, "vaccination": 0.5330296754837036, "vaccinated": 0.5144299864768982, "flu shot": 0.4861903786659241, "allergy shots": 0.45375996828079224, "allergist immunologist": 0.45046788454055786, "moderna vaccine": 0.42968136072158813, "immunologist": 0.3986072242259979, "immunologist who": 0.39594507217407227, "immunologists": 0.38700318336486816, "immunotherapy": 0.3857831358909607, "allergy immunology": 0.38245832920074463, "allergic rhinitis": 0.3588123321533203, "injections": 0.3579317033290863, "benadryl beforehand": 0.3547816276550293, "took benadryl": 0.35267704725265503, "xolair injections": 0.35172078013420105, "injection": 0.35097482800483704, "allergy medicine": 0.34769105911254883, "allergic reaction": 0.3467445373535156, "flu": 0.3458573520183563, "allergy meds": 0.34307998418807983, "flu like": 0.34034523367881775, "allergic reactions": 0.33881473541259766, "take benadryl": 0.33386677503585815, "bad flu": 0.3316512703895569, "iv benadryl": 0.3210945129394531, "immune response": 0.31861627101898193, "rhinitis": 0.3171055018901825, "immunology": 0.3135579228401184, "allergist told": 0.3103061318397522, "benadryl": 0.308266818523407, "immunity": 0.3061204254627228, "anti histamines": 0.30527281761169434, "anti histamine": 0.30450594425201416, "mg cetirizine": 0.3037269115447998, "immune": 0.30344969034194946, "cetirizine mg": 0.30186742544174194, "shots": 0.3017958998680115, "allergic response": 0.2991090416908264, "ige allergies": 0.2989923059940338, "doses": 0.2989851236343384, "antihistamines": 0.2987339496612549, "allergist said": 0.2970214784145355}}