{"c_v": 0.39845068081464197, "c_npmi": -0.17085929697385488, "u_mass": -3.751996188666133, "c_uci": -5.5732753060873765}