{"0": {"zika virus": 0.7099682092666626, "virus infection": 0.635350227355957, "ebola": 0.5787947177886963, "virus": 0.548054575920105, "viruses": 0.5387893915176392, "zikv infection": 0.530207097530365, "vaccine trial": 0.5265776515007019, "vaccine": 0.5229797959327698, "vaccines": 0.5224266052246094, "emerging infectious": 0.5143642425537109, "infectious disease": 0.507545530796051, "infectious diseases": 0.49784940481185913, "epidemic": 0.4881172478199005, "viral": 0.48099377751350403, "dengue": 0.4669612646102905, "viral load": 0.45325082540512085, "infected": 0.4447433352470398, "been infected": 0.443986713886261, "infect": 0.443483829498291, "infect dis": 0.4408819079399109, "infectious": 0.4259152412414551, "prior dengue": 0.41641318798065186, "women infected": 0.39776909351348877, "outbreak": 0.38636869192123413, "diseases": 0.38256096839904785, "disease": 0.37383413314819336, "outbreaks": 0.37161022424697876, "infection": 0.3702833652496338, "infection during": 0.36770832538604736, "infections": 0.36307916045188904, "disease journal": 0.35960209369659424, "disease control": 0.34659114480018616, "illness": 0.32437315583229065, "fever": 0.31118687987327576, "prevalence": 0.2838329076766968, "gm mosquitoes": 0.27767688035964966, "syndrome gbs": 0.2644374370574951, "sexually transmitted": 0.2570662200450897, "aedes mosquitoes": 0.23837783932685852, "mosquito borne": 0.23128056526184082, "sexual transmission": 0.22809740900993347, "mosquito control": 0.22771236300468445, "prevention cdc": 0.22728946805000305, "centers for disease": 0.21552309393882751, "using condoms": 0.21138957142829895, "barre syndrome": 0.21128855645656586, "sporadic transmission": 0.2112540602684021, "threat": 0.20885366201400757, "world health": 0.20824472606182098, "mosquito": 0.20755824446678162}, "1": {"zika virus": 0.46357929706573486, "ebola": 0.4042832553386688, "emerging infectious": 0.38712114095687866, "zikv infection": 0.3752356469631195, "virus infection": 0.3687841296195984, "birth defects": 0.3646391034126282, "birth defect": 0.3640901744365692, "severe microcephaly": 0.3604072630405426, "infectious disease": 0.35985660552978516, "infectious diseases": 0.3502119779586792, "epidemic": 0.3462943434715271, "vaccine trial": 0.3349044919013977, "dengue": 0.33131593465805054, "virus": 0.32852429151535034, "viruses": 0.32177072763442993, "vaccine": 0.3209879696369171, "vaccines": 0.32040315866470337, "brain damage": 0.3150426149368286, "microcephaly": 0.3140515387058258, "women infected": 0.31124234199523926, "diseases": 0.31073063611984253, "disease": 0.31061047315597534, "prior dengue": 0.30695122480392456, "infect dis": 0.30224594473838806, "been infected": 0.29912269115448, "infect": 0.29524683952331543, "disease journal": 0.29291030764579773, "infected": 0.29129457473754883, "infectious": 0.29126694798469543, "syndrome gbs": 0.2881794273853302, "related birth": 0.28630369901657104, "babies born": 0.27514225244522095, "during pregnancy": 0.27392613887786865, "viral": 0.2734980583190918, "illness": 0.27078086137771606, "neurological disorders": 0.2695862948894501, "infection during": 0.2681576609611511, "disease control": 0.26506710052490234, "fetus": 0.2609274387359619, "baby born": 0.25677067041397095, "pregnant women": 0.25649580359458923, "outbreak": 0.2550133168697357, "barre syndrome": 0.254282683134079, "infection": 0.25398513674736023, "outbreaks": 0.2516361474990845, "infections": 0.24956953525543213, "pregnant woman": 0.2438308298587799, "fetal": 0.2423797845840454, "viral load": 0.24200019240379333, "sexually transmitted": 0.24162130057811737}, "2": {"gm mosquitoes": 0.532699704170227, "aedes mosquitoes": 0.5306477546691895, "mosquito borne": 0.5031392574310303, "mosquito control": 0.4895251393318176, "mosquito": 0.4678258001804352, "mosquitoes": 0.4664294123649597, "mosquitos": 0.45805755257606506, "dengue": 0.4022579789161682, "zika virus": 0.3967518210411072, "prior dengue": 0.3704211115837097, "ebola": 0.358859121799469, "emerging infectious": 0.3555903434753418, "zikv infection": 0.33074265718460083, "virus infection": 0.3182947039604187, "epidemic": 0.30202507972717285, "vaccine trial": 0.29712021350860596, "vaccines": 0.29705435037612915, "infectious diseases": 0.28764232993125916, "infect dis": 0.2817731499671936, "vaccine": 0.28173550963401794, "been infected": 0.2812860310077667, "viruses": 0.2792946696281433, "infectious disease": 0.2790795564651489, "infect": 0.2770402431488037, "infected": 0.2688092887401581, "virus": 0.265667200088501, "outbreaks": 0.2630923092365265, "infectious": 0.26266151666641235, "women infected": 0.24860981106758118, "infection during": 0.24600179493427277, "outbreak": 0.24534639716148376, "infections": 0.2444303035736084, "bites": 0.2289057970046997, "infection": 0.22836479544639587, "aedes aegypti": 0.223562091588974, "diseases": 0.21683302521705627, "aedes albopictus": 0.2167435884475708, "viral": 0.21438083052635193, "disease control": 0.2138059139251709, "ae albopictus": 0.20285087823867798, "bug": 0.19691818952560425, "viral load": 0.1966438591480255, "disease journal": 0.1940094530582428, "disease": 0.18961024284362793, "bite": 0.18875029683113098, "centers for disease": 0.18209034204483032, "fever": 0.1782590001821518, "albopictus": 0.17679063975811005, "mice": 0.17568188905715942, "aegypti": 0.1749069094657898}, "3": {"zika virus": 0.4139663577079773, "virus infection": 0.37477731704711914, "ebola": 0.34400272369384766, "zikv infection": 0.3384817838668823, "infectious diseases": 0.33801785111427307, "infectious disease": 0.3356739282608032, "vaccine trial": 0.3290309011936188, "vaccines": 0.3204781413078308, "vaccine": 0.31690555810928345, "emerging infectious": 0.3047529458999634, "dengue": 0.2902458608150482, "epidemic": 0.27998411655426025, "women infected": 0.2770273685455322, "viruses": 0.2765231728553772, "prior dengue": 0.274421751499176, "been infected": 0.27126675844192505, "virus": 0.27120715379714966, "infect": 0.2691394090652466, "viral load": 0.26732003688812256, "infect dis": 0.26284709572792053, "disease control": 0.2567116618156433, "infected": 0.25628477334976196, "infectious": 0.2543272078037262, "disease journal": 0.24985679984092712, "diseases": 0.24427762627601624, "disease": 0.22712504863739014, "infection during": 0.21999357640743256, "infections": 0.2164701223373413, "infection": 0.2161760926246643, "viral": 0.2146604359149933, "gm mosquitoes": 0.20793485641479492, "outbreak": 0.20411670207977295, "outbreaks": 0.1957097053527832, "mosquito control": 0.18865257501602173, "illness": 0.17669615149497986, "sexual transmission": 0.1752200573682785, "sexually transmitted": 0.17438286542892456, "syndrome gbs": 0.17249783873558044, "mosquito borne": 0.17186662554740906, "fever": 0.16248707473278046, "birth defects": 0.1589985191822052, "babies born": 0.1587810516357422, "pregnant women": 0.1568050980567932, "birth defect": 0.15676754713058472, "aedes mosquitoes": 0.15334868431091309, "sporadic transmission": 0.15234023332595825, "transmission yes": 0.15151649713516235, "pregnant woman": 0.1514466404914856, "prevalence": 0.1465979814529419, "using condoms": 0.14597493410110474}, "4": {"emergency committee": 0.22897644340991974, "funding": 0.2240281105041504, "prevention cdc": 0.21357935667037964, "zika virus": 0.20296593010425568, "dominican republic": 0.1684603989124298, "prior dengue": 0.16107603907585144, "crisis": 0.16005930304527283, "ebola": 0.1525687426328659, "costa rica": 0.15256528556346893, "centers for disease": 0.14766491949558258, "against": 0.14207085967063904, "zikv": 0.14160998165607452, "prevent": 0.1405358463525772, "zikv infection": 0.13843677937984467, "us": 0.1378316432237625, "venezuela": 0.1340062916278839, "for": 0.13232393562793732, "not know": 0.13213248550891876, "emergency": 0.13130933046340942, "gm mosquitoes": 0.1312626153230667, "threat": 0.13064444065093994, "officials say": 0.1299373358488083, "million": 0.12970863282680511, "dengue": 0.12934423983097076,