{"c_v": 0.35540621401457817, "c_npmi": -0.25906092787371393, "u_mass": -6.142765449176589, "c_uci": -7.869120826105314}