{"0": {"loss of libido": 0.5810604095458984, "decrease in libido": 0.578629732131958, "lowered libido": 0.5730491280555725, "masturbating times": 0.5473573207855225, "lower libido": 0.5253947377204895, "low libido": 0.5180255770683289, "masturbation": 0.5173782110214233, "during sex": 0.5127922296524048, "erectile dysfunction": 0.5042256712913513, "sexual dysfunction": 0.5006167888641357, "no libido": 0.4993012845516205, "masturbating": 0.4912716746330261, "having sex": 0.4888056516647339, "masturbate": 0.4881410002708435, "persistent sexual": 0.4774811863899231, "sexual satiety": 0.4765552282333374, "libido": 0.47502249479293823, "ejaculating": 0.46017932891845703, "sex drive": 0.4600312113761902, "morning erections": 0.456630676984787, "progesterone": 0.45421114563941956, "viagra": 0.4529351592063904, "hormonal": 0.4502979815006256, "side effects": 0.448083758354187, "penis atrophy": 0.4451419711112976, "numb penis": 0.44436168670654297, "weaker erections": 0.44200628995895386, "high estrogen": 0.4412144422531128, "erection problems": 0.4392167329788208, "zero libido": 0.4313322603702545, "side effect": 0.4308512210845947, "orgasms": 0.4301226735115051, "sexual side": 0.42672938108444214, "erection quality": 0.42508894205093384, "ejaculations": 0.41683414578437805, "spontaneous erections": 0.41593748331069946, "genital": 0.41568633913993835, "estrogen levels": 0.4148443639278412, "stopped taking": 0.41359591484069824, "symptom": 0.41330844163894653, "estrogen": 0.40817227959632874, "orgasm": 0.4073566198348999, "aroused": 0.4030340909957886, "penis shrinkage": 0.40125688910484314, "started taking": 0.400985985994339, "weak erections": 0.39635515213012695, "your hormones": 0.39524054527282715, "taking finasteride": 0.394783079624176, "testosterone levels": 0.3943174481391907, "side affects": 0.3938242197036743}, "1": {"hair loss": 0.5479412078857422, "taking finasteride": 0.544919490814209, "my hairline": 0.4920659065246582, "hairloss": 0.486575186252594, "stopping finasteride": 0.4742480516433716, "hair transplants": 0.47256845235824585, "hair transplant": 0.4642155170440674, "hairline": 0.45258447527885437, "side effects": 0.434040904045105, "stopped taking": 0.4327177405357361, "hair": 0.4315037727355957, "hair growth": 0.4271332621574402, "started taking": 0.42650747299194336, "ketoconazole shampoo": 0.4254150986671448, "topical finasteride": 0.41009601950645447, "last dose": 0.4041985273361206, "shampoo": 0.40143588185310364, "took mg": 0.39576613903045654, "took pills": 0.3950311541557312, "low dose": 0.39225417375564575, "shaved head": 0.3813033699989319, "lower dose": 0.3806988000869751, "taking fin": 0.38003039360046387, "hairs": 0.3779587745666504, "high dose": 0.37407761812210083, "prior to taking": 0.37405502796173096, "stop taking": 0.3734899163246155, "side effect": 0.3728349208831787, "treatments": 0.369882196187973, "prescribed": 0.3689171075820923, "treatment": 0.3680744171142578, "balding": 0.367582768201828, "doses": 0.3627333343029022, "going bald": 0.35805925726890564, "cured": 0.3530099391937256, "dutasteride": 0.3527587056159973, "supplements": 0.35143953561782837, "diagnosed": 0.34969955682754517, "shaved": 0.3484448790550232, "last pill": 0.3481658101081848, "adverse effects": 0.34784483909606934, "progesterone": 0.34680506587028503, "kept taking": 0.34557491540908813, "mg pill": 0.34272435307502747, "treated": 0.3393201231956482, "topical fin": 0.33825430274009705, "finasteride syndrome": 0.33728957176208496, "dose": 0.33682161569595337, "steroids": 0.33656400442123413, "symptom": 0.33590492606163025}, "2": {"pfs patients": 0.5615273714065552, "suffering from pfs": 0.5597363114356995, "pfs sufferers": 0.5557821989059448, "pfs sufferer": 0.5466117858886719, "hormone levels": 0.5177139043807983, "high estrogen": 0.4962295889854431, "estrogen levels": 0.49324291944503784, "loss of libido": 0.4919790029525757, "decrease in libido": 0.48744723200798035, "hormonal": 0.485771119594574, "testosterone levels": 0.483634352684021, "your hormones": 0.47194576263427734, "sexual dysfunction": 0.4713403582572937, "lowered libido": 0.4698514938354492, "dht levels": 0.46524664759635925, "hormone imbalance": 0.4588773250579834, "side effects": 0.4506632089614868, "progesterone": 0.4395173192024231, "hormones": 0.43589770793914795, "erectile dysfunction": 0.4346163272857666, "masturbating times": 0.4320804476737976, "hormone": 0.4304805397987366, "hormone panel": 0.42989301681518555, "adverse effects": 0.42219066619873047, "low libido": 0.41943132877349854, "estrogen": 0.4189871549606323, "masturbation": 0.4160889983177185, "lower libido": 0.4108808636665344, "androgen receptors": 0.4098324775695801, "finasteride syndrome": 0.40920647978782654, "androgen receptor": 0.40808945894241333, "symptom": 0.40638428926467896, "testosterone": 0.40199434757232666, "free testosterone": 0.39617684483528137, "side effect": 0.39046329259872437, "these symptoms": 0.38983845710754395, "taking finasteride": 0.3887650966644287, "penis atrophy": 0.38573747873306274, "high dose": 0.38546302914619446, "anti androgen": 0.38281798362731934, "dysfunction": 0.3806447982788086, "endocrine": 0.3790498375892639, "low dose": 0.3777368664741516, "epigenetic changes": 0.3748984932899475, "masturbating": 0.37410086393356323, "steroids": 0.3725307583808899, "endocrine system": 0.3723922371864319, "stopping finasteride": 0.37226057052612305, "androgen": 0.37151002883911133, "pfs victims": 0.37139463424682617}, "3": {"anxiety and depression": 0.5714086294174194, "anxiety depression": 0.5623952150344849, "panic attack": 0.5601580142974854, "panic attacks": 0.5597973465919495, "severe anxiety": 0.5282379388809204, "symptom": 0.5093570351600647, "taking finasteride": 0.49364417791366577, "mood swings": 0.4849729537963867, "symptons": 0.48323744535446167, "panic": 0.47576355934143066, "antidepressant": 0.47024935483932495, "dizziness": 0.46956199407577515, "depressive": 0.46731460094451904, "side effects": 0.4661458134651184, "antidepressants": 0.4605732560157776, "depression": 0.4601907730102539, "high dose": 0.45590317249298096, "stopped taking": 0.45533716678619385, "anxiety": 0.45531731843948364, "took pills": 0.4530636966228485, "symptoms": 0.4423782229423523, "these symptoms": 0.44023364782333374, "depressed": 0.43340641260147095, "numbness": 0.42926132678985596, "started taking": 0.428378701210022, "low dose": 0.42067620158195496, "last dose": 0.41868478059768677, "headache": 0.41627758741378784, "numb": 0.4162355661392212, "deep depression": 0.4145893156528473, "mental health": 0.4108245372772217, "mental illness": 0.4074822962284088, "brain fog": 0.40636593103408813, "doses": 0.4030935764312744, "took mg": 0.3986113667488098, "tingling": 0.39842402935028076, "melatonin": 0.39835238456726074, "feel better": 0.3976069986820221, "still experiencing": 0.39664584398269653, "dosage": 0.38995200395584106, "stopping finasteride": 0.38823992013931274, "adverse effects": 0.38708987832069397, "lower dose": 0.3860628008842468, "side effect": 0.3842743933200836, "anxious": 0.38413214683532715, "psychiatric": 0.383056640625, "heart palpitations": 0.3830314874649048, "treatments": 0.38044071197509766, "nervous": 0.3802661895751953, "mental state": 0.37960582971572876}, "4": {"taking finasteride": 0.7045129537582397, "finasteride syndrome": 0.6948012709617615, "stopping finasteride": 0.6872632503509521, "topical finasteride": 0.6024144887924194, "finasteride": 0.5885434746742249, "finasterid": 0.5779842138290405, "side effects": 0.5732946395874023, "symptom": 0.534805178642273, "adverse effects": 0.5253258943557739, "side effect": 0.5089747309684753, "post finasteride": 0.4961366355419159, "taking fin": 0.48826900124549866, "symptons": 0.48760029673576355, "these symptoms": 0.48448240756988525, "treatments": 0.4840294122695923, "topical fin": 0.4794350564479828, "diagnosed": 0.47329995036125183, "symptoms": 0.4717821478843689, "treatment": 0.4695354104042053,