{"c_v": 0.3276790074668273, "c_npmi": -0.2578978531366352, "u_mass": -4.755119994413654, "c_uci": -7.9115792320867495}