{"0": {"good news": 0.37631216645240784, "dystrophy": 0.2805728316307068, "clinical trials": 0.27988553047180176, "muscular dystrophy": 0.27442052960395813, "genetic test": 0.2674446702003479, "clinical trial": 0.2594999670982361, "genetic testing": 0.254345566034317, "look forward": 0.2527103126049042, "news": 0.2459743618965149, "tested": 0.24583834409713745, "fda": 0.2327524572610855, "cure": 0.22709673643112183, "trials": 0.22603343427181244, "gene": 0.20374462008476257, "blood test": 0.19950726628303528, "genetic": 0.19709336757659912, "hope": 0.19595520198345184, "diagnosed": 0.19528931379318237, "trial": 0.19348882138729095, "study": 0.1918010115623474, "treatments": 0.1876608431339264, "therapy": 0.18587623536586761, "results": 0.1837177872657776, "research": 0.18187575042247772, "good luck": 0.17724105715751648, "ago": 0.176624596118927, "exercise": 0.17283138632774353, "studies": 0.17147308588027954, "clinical": 0.17042875289916992, "muscle wasting": 0.17038950324058533, "patients": 0.16741186380386353, "dux reduction": 0.16556476056575775, "test": 0.16369110345840454, "good": 0.1604127436876297, "treatment": 0.15601390600204468, "neurologist": 0.1559075117111206, "approval": 0.1541241705417633, "new": 0.15330049395561218, "testing": 0.15329083800315857, "diagnosis": 0.15202531218528748, "active": 0.1506228893995285, "so far": 0.15044422447681427, "trying": 0.14920386672019958, "genes": 0.1485927551984787, "works": 0.14845198392868042, "potential": 0.14765778183937073, "working": 0.147506982088089, "article": 0.14733774960041046, "interesting": 0.14647260308265686, "can get": 0.1441359966993332}, "1": {"muscular dystrophy": 0.3957527279853821, "physical therapy": 0.3285379111766815, "diagnosed": 0.2960742115974426, "muscle wasting": 0.2910384237766266, "scapular winging": 0.28509974479675293, "dystrophy": 0.28295668959617615, "muscular": 0.2777699828147888, "neurologist": 0.2750116288661957, "genetic": 0.26023921370506287, "symptoms": 0.2504274249076843, "genetic test": 0.24843426048755646, "muscle": 0.24279969930648804, "therapy": 0.22632017731666565, "arms": 0.22180700302124023, "scapular": 0.22076626121997833, "exercise": 0.21873822808265686, "strength": 0.21566785871982574, "muscles": 0.2127675861120224, "genetic testing": 0.2086600959300995, "diagnosis": 0.20562268793582916, "shoulder": 0.20461270213127136, "skinny": 0.2044011950492859, "your arms": 0.20434899628162384, "shoulders": 0.19097261130809784, "blood test": 0.19050613045692444, "body weight": 0.18899290263652802, "cure": 0.18760928511619568, "weakness": 0.18738144636154175, "treatments": 0.18573108315467834, "fulcrum": 0.1790916919708252, "genes": 0.17769867181777954, "patients": 0.17545023560523987, "issues": 0.17485938966274261, "pain": 0.172576904296875, "gene": 0.17135293781757355, "physical": 0.17065030336380005, "your body": 0.16830408573150635, "body": 0.16572946310043335, "tested": 0.15583449602127075, "walk amp": 0.15405268967151642, "treatment": 0.1531294286251068, "straight": 0.14842334389686584, "disease": 0.1452540159225464, "fsh society": 0.14402219653129578, "working": 0.1436471939086914, "affected": 0.14359530806541443, "doctor": 0.14035853743553162, "trying": 0.14000611007213593, "healthy": 0.13984908163547516, "support": 0.13185656070709229}}