{"c_v": 0.2806016385665668, "c_npmi": -0.278249182051042, "u_mass": -3.010924376953033, "c_uci": -8.773150201239087}