{"0": {"prescribed modafinil": 0.6081677675247192, "comfortable prescribing": 0.5920748710632324, "medicated": 0.5861619710922241, "dosing": 0.5827400088310242, "being medicated": 0.5783648490905762, "prescribing": 0.5642687678337097, "medicate": 0.5634768605232239, "symptom profile": 0.5625648498535156, "medication induced": 0.5610616207122803, "stimulant medications": 0.5606808066368103, "prescribed adderall": 0.5564852952957153, "nausea": 0.5458384156227112, "sleeping pill": 0.5407781600952148, "recently diagnosed": 0.5389150977134705, "medicaid": 0.5377627015113831, "originally prescribed": 0.5374937653541565, "different medications": 0.5365291833877563, "medication": 0.5365273952484131, "symptom": 0.5364300608634949, "prescribed": 0.5351376533508301, "drowsiness": 0.5334329605102539, "narcolepsy without cataplexy": 0.5333518981933594, "drowsy": 0.5317816138267517, "other medications": 0.5310170650482178, "approved treatment": 0.5270782113075256, "cause drowsiness": 0.5264874696731567, "nauseous": 0.5246126651763916, "prescription": 0.5236622095108032, "medications": 0.5225811004638672, "diagnosed with ih": 0.5209455490112305, "treatment resistant": 0.5208437442779541, "effective treatment": 0.5195614099502563, "proper treatment": 0.5191000699996948, "side effects": 0.5181201696395874, "been diagnosed": 0.5170215368270874, "stopped taking": 0.5168677568435669, "idiopathic hypersomnia": 0.5168296098709106, "treatment options": 0.5165584087371826, "newly diagnosed": 0.5159170627593994, "medical issues": 0.5151507258415222, "chronic conditions": 0.5137453675270081, "able to prescribe": 0.5109623670578003, "got diagnosed": 0.5096558332443237, "anti depressants": 0.5085206627845764, "prescribe xyrem": 0.5084937214851379, "treatment": 0.5073407888412476, "prescriptions": 0.5070400238037109, "treatable": 0.5068646669387817, "treatments": 0.5067348480224609, "low dose": 0.5059142112731934}, "1": {"excessively sleepy": 0.7363210916519165, "daytime sleepiness": 0.7342566251754761, "super sleepy": 0.698765754699707, "being tired": 0.6967560052871704, "asleep during": 0.6953297853469849, "extreme sleepiness": 0.6919092535972595, "sleepiness": 0.691397488117218, "sleepy": 0.6907511353492737, "excessive sleepiness": 0.6901493072509766, "trouble sleeping": 0.6834096908569336, "urge to sleep": 0.6800242066383362, "extremely tired": 0.6786219477653503, "sleeping habits": 0.6760613918304443, "napping": 0.6729687452316284, "urge to nap": 0.671779990196228, "sleep latency": 0.6627532243728638, "sleep": 0.6616166234016418, "daytime naps": 0.6607689261436462, "tiredness": 0.654860258102417, "dozing off": 0.6543365716934204, "restful sleep": 0.6542482972145081, "sleeping": 0.653863787651062, "sleeping hours": 0.6521497368812561, "tired": 0.65061354637146, "delayed sleep": 0.6497554779052734, "sleep drunkenness": 0.6491343379020691, "sleep deprived": 0.6473954916000366, "fall asleep": 0.6471676826477051, "hour nap": 0.6456862688064575, "sleep disorder": 0.6454189419746399, "sleeper": 0.6441160440444946, "sleep attack": 0.6431276798248291, "drowsiness": 0.6430999040603638, "sleep attacks": 0.6426112651824951, "sleep phase": 0.6376198530197144, "slept hours": 0.63713538646698, "sleep deprivation": 0.6365661025047302, "sleep disorders": 0.6355375051498413, "sleepier": 0.6350300908088684, "wakefulness": 0.6348026394844055, "sleepiness scale": 0.6340185403823853, "sleep diary": 0.633277416229248, "sleep schedule": 0.6329231262207031, "sleep drunkeness": 0.6317684650421143, "napped": 0.6306222677230835, "cause drowsiness": 0.6299886107444763, "insufficient sleep": 0.6292382478713989, "falling asleep": 0.6282365322113037, "sleep patterns": 0.6276323795318604, "naps throughout": 0.6275922060012817}, "2": {"cause drowsiness": 0.6459277868270874, "sleep disorders": 0.6368672251701355, "sleep disorder": 0.6260877251625061, "daytime sleepiness": 0.6256474256515503, "sleep doc": 0.6241744756698608, "sleep clinic": 0.6183728575706482, "drowsiness": 0.6119372248649597, "extreme sleepiness": 0.6114941835403442, "sleepiness": 0.6108251810073853, "sleep phase": 0.6084264516830444, "sleep latency": 0.6048414707183838, "sleepiness scale": 0.6045775413513184, "excessively sleepy": 0.5997160077095032, "sleep study": 0.5975708365440369, "drowsy": 0.596908688545227, "asleep during": 0.5954617857933044, "delayed sleep": 0.5933504700660706, "sleep specialists": 0.5902228355407715, "excessive sleepiness": 0.5898582935333252, "sleep studies": 0.5883619785308838, "sleep specialist": 0.5845751762390137, "sleep apnoea": 0.5841021537780762, "sleep attacks": 0.5826581716537476, "sleepy": 0.580578088760376, "sleep attack": 0.5766725540161133, "super sleepy": 0.5733904242515564, "daytime naps": 0.568254828453064, "sleep diary": 0.5643140077590942, "sleep deprived": 0.5642673373222351, "sleep patterns": 0.5639336109161377, "sleep apnea": 0.561705470085144, "sleep schedule": 0.5605760812759399, "restful sleep": 0.5594213008880615, "napping": 0.5590612888336182, "epworth sleepiness": 0.5584129095077515, "trouble sleeping": 0.5575947165489197, "sleep lab": 0.5563852787017822, "sleep deprivation": 0.5541659593582153, "sleeping habits": 0.5538473725318909, "hypersomnia": 0.5519983768463135, "idiopathic hypersomnia": 0.550525426864624, "sleep drunkeness": 0.549384593963623, "sleeper": 0.547632098197937, "naps throughout": 0.5452550649642944, "sleep drunkenness": 0.5431652665138245, "somnogen": 0.54212486743927, "sleep": 0.5410991907119751, "sleep intertia": 0.5406076908111572, "sleeps": 0.5391933917999268, "slept": 0.5386450886726379}, "3": {"idiopathic hypersomnia": 0.7936891317367554, "hypersomnia": 0.7523561716079712, "hypersomnias": 0.7431894540786743, "sleep disorders": 0.7172280550003052, "secondary hypersomnia": 0.7127858400344849, "sleep disorder": 0.7118022441864014, "extreme sleepiness": 0.6923287510871887, "excessive sleepiness": 0.6862500905990601, "daytime sleepiness": 0.6802383065223694, "cause drowsiness": 0.6599758863449097, "hypersomnia foundation": 0.659019410610199, "sleepiness": 0.6546703577041626, "excessively sleepy": 0.6531885266304016, "bouts of insomnia": 0.6496901512145996, "sleep latency": 0.6447710990905762, "sleep attacks": 0.6383914947509766, "sleep deprived": 0.6374626755714417, "sleep deprivation": 0.6368108987808228, "sleepiness scale": 0.6283746957778931, "sleep attack": 0.624640703201294, "sleep apnoea": 0.6238999962806702, "parasomnias": 0.621192216873169, "epworth sleepiness": 0.6206566095352173, "delayed sleep": 0.616531252861023, "insomnia": 0.6120344400405884, "sleep studies": 0.6073509454727173, "sleep patterns": 0.6031032800674438, "insufficient sleep": 0.6027417182922363, "sleep phase": 0.601412296295166, "sleeping habits": 0.6008416414260864, "sleep drunkenness": 0.5976016521453857, "drowsiness": 0.5973516702651978, "sleep study": 0.5972881317138672, "trouble sleeping": 0.5916521549224854, "asleep during": 0.5876318216323853, "sleep drunkeness": 0.585789680480957, "sleep doc": 0.5832501649856567, "sleep diary": 0.5828918218612671, "sleep apnea": 0.5823531150817871, "sleep intertia": 0.5794144868850708, "sleep schedule": 0.5793047547340393, "super sleepy": 0.5736190676689148, "restful sleep": 0.5728466510772705, "slept hours": 0.572150468826294, "sleeping hours": 0.5716450214385986, "drowsy": 0.5713248252868652, "sleep paralysis": 0.571283221244812, "sleepy": 0.5689010620117188, "sleep efficiency": 0.5686315894126892, "nighttime sleep": 0.567470371723175}, "4": {"support groups": 0.5776810050010681, "support group": 0.5702934265136719, "facebook groups": 0.5204000473022461, "group on facebook": 0.5032821297645569, "thanks for posting": 0.4997941851615906, "facebook group": 0.49650320410728455, "community": 0.4953066110610962, "this subreddit": 0.4935501515865326, "anyone here": 0.47405076026916504, "forum": 0.46516162157058716, "subreddit": 0.464508980512619, "social events": 0.4633903205394745, "has helped": 0.4611983895301819, "supportive": 0.4607146084308624,