{"c_v": 0.33200766089416656, "c_npmi": -0.2646409093112755, "u_mass": -5.574697925549931, "c_uci": -7.997143050580964}