{"0": {"muscular dystrophy": 0.7253100275993347, "muscular dystrophies": 0.6602621674537659, "dystrophy": 0.6410739421844482, "myotonic dystrophy": 0.5792093276977539, "was diagnosed": 0.5516487956047058, "been diagnosed": 0.5501271486282349, "muscle biopsy": 0.5311653017997742, "recently diagnosed": 0.5279291868209839, "diagnosed with bmd": 0.520995557308197, "dystrophin gene": 0.5103829503059387, "diagnosed": 0.5086641311645508, "dystrophin": 0.50791335105896, "dystrophies": 0.5047101974487305, "congenital muscular": 0.49996960163116455, "minicore myopathy": 0.4907523989677429, "dystrophin protein": 0.49001550674438477, "diagnosed with fshd": 0.4864339232444763, "congenital myopathy": 0.48616716265678406, "md patients": 0.4773924946784973, "diagnosis": 0.4730033874511719, "neuromuscular diseases": 0.46390774846076965, "myopathy": 0.456587016582489, "got diagnosed": 0.4546266198158264, "bethlem myopathy": 0.4466429054737091, "diagnoses": 0.435263991355896, "physical therapy": 0.4348282814025879, "diagnose": 0.4292682111263275, "myotonic muscular": 0.4218602180480957, "muscle weakness": 0.41645514965057373, "disease progression": 0.4159763753414154, "physical disability": 0.4127221703529358, "duchenne muscular": 0.4116440415382385, "disorders": 0.411470890045166, "atrophy": 0.4061242341995239, "clinical": 0.3976175785064697, "type of muscular": 0.39583078026771545, "neuromuscular conditions": 0.3955988883972168, "form of muscular": 0.39212167263031006, "rare diseases": 0.3883403539657593, "becker muscular": 0.3849453628063202, "mda clinic": 0.38303664326667786, "biopsy": 0.37340638041496277, "type of md": 0.37294381856918335, "patients": 0.3686966598033905, "beckers muscular": 0.3686392903327942, "disease": 0.3664179742336273, "treatments": 0.36626505851745605, "girdle muscular": 0.366157591342926, "treatment": 0.36402687430381775, "syndrome": 0.36260709166526794}, "1": {"use wheelchair": 0.6924586296081543, "wheelchair": 0.6433600783348083, "physical disability": 0.6229798793792725, "disability": 0.6118519306182861, "disability services": 0.5887846946716309, "wheelchair bound": 0.5611083507537842, "disabilities": 0.5540656447410583, "mobility aids": 0.5008735060691833, "mental disability": 0.48787930607795715, "assistive": 0.4574335813522339, "mobility scooter": 0.4444397985935211, "mobility": 0.439768522977829, "able to walk": 0.4241657257080078, "physical therapy": 0.41855543851852417, "disabled": 0.4177834391593933, "physical therapist": 0.3859217166900635, "support groups": 0.3635541796684265, "assistance": 0.35665109753608704, "accessible": 0.35088229179382324, "can walk": 0.3399308919906616, "support group": 0.339390367269516, "support": 0.33028924465179443, "spinal": 0.3258826732635498, "mda clinic": 0.3164008855819702, "survey": 0.3147273659706116, "was diagnosed": 0.31243133544921875, "scooter": 0.31009146571159363, "recently diagnosed": 0.3059961199760437, "assist": 0.30535081028938293, "willing to help": 0.3040405511856079, "dystrophy": 0.30338698625564575, "patients": 0.3013840913772583, "sitting": 0.2994610071182251, "been diagnosed": 0.2952508330345154, "disorders": 0.2947280704975128, "got diagnosed": 0.29394596815109253, "ssdi": 0.2923806309700012, "health": 0.2921391725540161, "spinal fusion": 0.291329562664032, "therapist": 0.2910139560699463, "chronic": 0.2894675135612488, "chair": 0.2862173616886139, "md patients": 0.28373825550079346, "walking": 0.28039076924324036, "being able": 0.2800709009170532, "medicaid": 0.27938300371170044, "driving": 0.27933961153030396, "muscular dystrophy": 0.2793118953704834, "concerns": 0.2780119776725769, "cane": 0.27629560232162476}, "2": {"md patients": 0.3778005540370941, "diagnosis": 0.360914945602417, "diagnosed": 0.35598570108413696, "diagnosed with bmd": 0.3531387150287628, "was diagnosed": 0.3522007465362549, "been diagnosed": 0.3497734069824219, "mental disability": 0.33492639660835266, "use wheelchair": 0.330441951751709, "therapy": 0.3270801305770874, "disability": 0.31787580251693726, "got diagnosed": 0.3130744397640228, "take care": 0.30874937772750854, "recently diagnosed": 0.30509257316589355, "patients": 0.3043208420276642, "physical disability": 0.2991739809513092, "illness": 0.2905780076980591, "dystrophy": 0.2895122766494751, "he wants": 0.28831568360328674, "disabilities": 0.28260570764541626, "wheelchair": 0.28257042169570923, "diagnoses": 0.2786378860473633, "supportive": 0.2782222032546997, "therapist": 0.27646559476852417, "disorders": 0.2706826329231262, "diagnosed with fshd": 0.26742398738861084, "disability services": 0.26637667417526245, "depression": 0.2610017955303192, "clinical": 0.26084041595458984, "diagnose": 0.25991368293762207, "been suffering": 0.25802814960479736, "support groups": 0.25557243824005127, "mda clinic": 0.25547826290130615, "patient": 0.25378188490867615, "treatment": 0.25260183215141296, "physical therapy": 0.25232619047164917, "type of md": 0.2509155869483948, "suffering": 0.2504015564918518, "muscular dystrophy": 0.2487042248249054, "neurologist": 0.24612480401992798, "form of md": 0.2442692220211029, "doctor": 0.24222545325756073, "support group": 0.24218350648880005, "wheelchair bound": 0.239845871925354, "husband has": 0.23915204405784607, "myotonic dystrophy": 0.23849353194236755, "autism": 0.23745927214622498, "disorder": 0.2368183434009552, "disease": 0.23645463585853577, "assistive": 0.23606647551059723, "treat": 0.23418432474136353}}