{"c_v": 0.2929470559144192, "c_npmi": -0.24086555743228258, "u_mass": -4.469884737511283, "c_uci": -7.7318749046327255}