{"c_v": 0.3201792416269774, "c_npmi": -0.21529481157348684, "u_mass": -4.901050825310179, "c_uci": -6.219632312889751}