{"0": {"hearing impaired": 0.5324133038520813, "hearing loss": 0.5260111093521118, "sensorineural hearing": 0.5099157691001892, "hearing aids": 0.49616867303848267, "auditory nerve": 0.4831458330154419, "ear canal": 0.48188135027885437, "auditory nerves": 0.48044639825820923, "hearing aid": 0.47828739881515503, "bad ear": 0.47808581590652466, "headset earphones": 0.46973851323127747, "ear bud": 0.46846288442611694, "stereo headphones": 0.4673711657524109, "ear canals": 0.4663922190666199, "left ear": 0.4656863212585449, "ear buds": 0.46406346559524536, "residual hearing": 0.4515947997570038, "wireless earbuds": 0.4490934908390045, "ear muffs": 0.44845789670944214, "sided deaf": 0.4474213123321533, "sided deafness": 0.44627466797828674, "conduction headphones": 0.44349920749664307, "sudden hearing": 0.4411473572254181, "good ear": 0.4408949613571167, "conductive hearing": 0.44084087014198303, "bilateral hearing": 0.43987274169921875, "earphone": 0.43842172622680664, "yuni headphones": 0.4380207061767578, "right ear": 0.4362558424472809, "ear infection": 0.43591588735580444, "eardrums": 0.43317630887031555, "ear infections": 0.432750403881073, "ear plug": 0.4325813353061676, "hearing test": 0.43127739429473877, "earphones": 0.42955487966537476, "ear plugs": 0.42940735816955566, "eardrum": 0.42929375171661377, "nerve deafness": 0.4222830533981323, "middle ear": 0.42196857929229736, "earwax": 0.417391300201416, "selective hearing": 0.41730281710624695, "vibe headphone": 0.4169560372829437, "ear": 0.4166410565376282, "pair of headphones": 0.415617972612381, "acoustic neuromas": 0.4148886799812317, "auditory": 0.4140513241291046, "sudden deafness": 0.4128414988517761, "severely deaf": 0.41152095794677734, "earpiece": 0.411487877368927, "auditory processing": 0.4107239246368408, "diagnosed with an acoustic": 0.41021305322647095}, "1": {"tattoo": 0.5368751883506775, "tattoos": 0.503046452999115, "ear canal": 0.35510513186454773, "ear bud": 0.35368025302886963, "left ear": 0.34368807077407837, "ear muffs": 0.33852827548980713, "bad ear": 0.3366355001926422, "ear buds": 0.3336625099182129, "ear canals": 0.33257409930229187, "ear": 0.32247596979141235, "right ear": 0.3190290033817291, "good ear": 0.3187621533870697, "middle ear": 0.31619971990585327, "ear faces": 0.3148204982280731, "ear plug": 0.31188470125198364, "ear infection": 0.31103718280792236, "earpiece": 0.3107668161392212, "eardrum": 0.3055446743965149, "earwax": 0.3045262098312378, "ear plugs": 0.3019130825996399, "pro ears": 0.29628363251686096, "ear infections": 0.29625290632247925, "two ears": 0.29532739520072937, "earbud": 0.2936590611934662, "outer ear": 0.29321128129959106, "earphone": 0.29118847846984863, "eardrums": 0.291068434715271, "both ears": 0.29028961062431335, "wear an earplug": 0.2888323962688446, "inner ear": 0.28742456436157227, "ear cup": 0.28609132766723633, "earplug": 0.2832809090614319, "acoustic tumor": 0.2831576466560364, "one earbud": 0.28181296586990356, "melomania earbuds": 0.28174468874931335, "piercing": 0.2816770076751709, "wireless earbuds": 0.27928242087364197, "earbuds": 0.27843302488327026, "auditory nerve": 0.27802643179893494, "mute symbol": 0.2778130769729614, "totally deaf": 0.2773819863796234, "eared": 0.276742160320282, "ears": 0.2760944962501526, "earplugs": 0.2745925784111023, "working ears": 0.2733283042907715, "bluetooth earbuds": 0.27317288517951965, "ear drum": 0.27077826857566833, "deaf hoh": 0.2705506682395935, "completely deaf": 0.26984408497810364, "headset earphones": 0.2693629860877991}}