{"0": {"neuropathic pain": 0.6282365322113037, "chronic pain": 0.6243058443069458, "new symptom": 0.622382640838623, "neuralgia patients": 0.6194503307342529, "symptom": 0.6064541935920715, "main symptom": 0.6001710891723633, "terrible pains": 0.5957284569740295, "pain": 0.5904771089553833, "tingles": 0.5904722809791565, "constant ache": 0.5901179313659668, "neurological symptoms": 0.5869600176811218, "excruciating pain": 0.5845485925674438, "orofacial pain": 0.5804449319839478, "tingling": 0.579006552696228, "shocking pains": 0.578719973564148, "sharp pains": 0.577173113822937, "discomfort": 0.5765050649642944, "tension headache": 0.5753821730613708, "symptomatic": 0.5732275247573853, "tension headaches": 0.5703613758087158, "symptoms": 0.5678889751434326, "very painful": 0.5661704540252686, "pain imaginable": 0.5649791359901428, "facial pain": 0.5629035830497742, "chronic migraine": 0.5627375245094299, "irritating the nerve": 0.5627009868621826, "chronic migraines": 0.5619407892227173, "dolorosa": 0.5618709325790405, "pains": 0.5601433515548706, "breakthrough pain": 0.5598438382148743, "sores": 0.5593498945236206, "similar symptoms": 0.5593153834342957, "pain management": 0.5590353012084961, "extremely painful": 0.5546480417251587, "these symptoms": 0.554481029510498, "excederin migraine": 0.5541446208953857, "recently diagnosed": 0.5520977973937988, "pain signals": 0.5517027974128723, "ache": 0.5506283044815063, "headaches": 0.5489200353622437, "headache": 0.5471879243850708, "deep ache": 0.5466252565383911, "pain association": 0.5464621782302856, "nerve damage": 0.5444421172142029, "dull ache": 0.5441814064979553, "migraines": 0.5427852869033813, "migraine": 0.5427258610725403, "tingling sensation": 0.5412155985832214, "tingling sensations": 0.5407720804214478, "tn sufferers": 0.540458083152771}, "1": {"wear mask": 0.6849451065063477, "face masks": 0.6251975893974304, "wearing mask": 0.6155788898468018, "mask": 0.59914630651474, "masks": 0.5857958793640137, "face shield": 0.5578789710998535, "facial numbness": 0.5106150507926941, "nasal spray": 0.4930185079574585, "numbed": 0.46295976638793945, "numbs": 0.4600375294685364, "skin": 0.4575725793838501, "cold sores": 0.456271231174469, "topical": 0.45538413524627686, "cold sore": 0.45368075370788574, "face": 0.4526805877685547, "nose": 0.45249074697494507, "numbing agent": 0.45121896266937256, "scalp": 0.4508848786354065, "numbing": 0.44854146242141724, "topical creams": 0.444563627243042, "facial pain": 0.4427188038825989, "facial nerves": 0.44034630060195923, "head trauma": 0.4393117427825928, "post nasal": 0.4388938546180725, "runny nose": 0.4361603856086731, "scarf": 0.43397408723831177, "nose and throat": 0.4320262670516968, "scar": 0.43133533000946045, "facial trauma": 0.43071112036705017, "cold sensitivity": 0.42833006381988525, "nasal": 0.424938440322876, "numbness and tingling": 0.41994714736938477, "vaccinated": 0.419700562953949, "nasal drip": 0.4196990132331848, "facial": 0.4163506329059601, "tingling and numbness": 0.41619646549224854, "scars": 0.41375553607940674, "piercing": 0.41286247968673706, "under the skin": 0.4123108386993408, "numb": 0.41098088026046753, "wear off": 0.4101746082305908, "tingles": 0.4097171723842621, "very uncomfortable": 0.4085511565208435, "facial paralysis": 0.40768539905548096, "makeup": 0.4054860472679138, "atypical facial": 0.4052889347076416, "allergy": 0.40384578704833984, "faces": 0.4016973674297333, "allergies": 0.4010853171348572, "allergic reaction": 0.4009292721748352}, "2": {"covid vaccine": 0.5035713315010071, "new symptom": 0.4750458002090454, "pfizer vaccine": 0.46334609389305115, "symptom": 0.4478113651275635, "bad flare": 0.44744402170181274, "main symptom": 0.44431072473526, "similar symptoms": 0.4392712116241455, "vaccinated": 0.43287718296051025, "symptomatic": 0.43244242668151855, "vaccine": 0.4265819191932678, "vaccines": 0.4202880859375, "chronic migraine": 0.4184260964393616, "symptoms": 0.4171993136405945, "chronic migraines": 0.41675883531570435, "recently diagnosed": 0.4086141288280487, "ocular migraines": 0.40849900245666504, "excederin migraine": 0.40573596954345703, "these symptoms": 0.40488094091415405, "headaches": 0.4041098356246948, "inflammation": 0.40397971868515015, "got diagnosed": 0.40312159061431885, "side effects": 0.39768511056900024, "been diagnosed": 0.39586102962493896, "tn sufferers": 0.39464226365089417, "hemifacial spasms": 0.39372801780700684, "spasms": 0.3918878436088562, "inflammatory": 0.38849568367004395, "headache": 0.38810378313064575, "newly diagnosed": 0.38786768913269043, "fully vaccinated": 0.387628436088562, "migraine": 0.38644570112228394, "migraines": 0.3855935335159302, "during flare": 0.3835206627845764, "acute": 0.38154447078704834, "neurological symptoms": 0.3811216354370117, "tension headaches": 0.3784371614456177, "tension headache": 0.37679362297058105, "fever": 0.37276408076286316, "diagnosed": 0.3704119324684143, "shooting pains": 0.3696132302284241, "occipital neuralgia": 0.36914288997650146, "tingles": 0.36446326971054077, "neuralgia patients": 0.36430996656417847, "officially diagnosed": 0.3624677062034607, "flu": 0.36157089471817017, "cold sores": 0.3592952489852905, "sores": 0.3589475452899933, "bad reaction": 0.35769152641296387, "nauseated": 0.35642009973526, "affliction": 0.3548647165298462}}