{"c_v": 0.36210199691663086, "c_npmi": -0.27506589246269403, "u_mass": -8.931755470856302, "c_uci": -8.115205603250566}