{"0": {"ocular albinism": 0.6985153555870056, "albinism awareness": 0.5721504092216492, "visual impairment": 0.569198489189148, "vision issues": 0.5688437223434448, "person with albinism": 0.5627361536026001, "vision problems": 0.5480031371116638, "people with albinism": 0.5462578535079956, "oculocutaneous albinism": 0.5431746244430542, "visual acuity": 0.5101328492164612, "albinism": 0.5015268325805664, "ophthalmologist": 0.48370248079299927, "low vision": 0.4827337861061096, "wear glasses": 0.4656856954097748, "eyesight": 0.46470165252685547, "impairment": 0.4498394727706909, "visually impaired": 0.444906085729599, "types of albinism": 0.4428866505622864, "international albinism": 0.436092346906662, "albino": 0.43503332138061523, "ocular": 0.4335789382457733, "legally blind": 0.42609405517578125, "eye surgery": 0.4208645224571228, "albinos": 0.4192047417163849, "eye doctor": 0.41765615344047546, "albino porn": 0.4146367907524109, "laser eye": 0.3952972888946533, "eye pain": 0.3889150619506836, "astigmatism": 0.380932092666626, "eye color": 0.37162521481513977, "vision": 0.3709239959716797, "glasses": 0.3628494441509247, "diagnosis": 0.3623226284980774, "pigmentation": 0.3440573811531067, "light sensitivity": 0.34362900257110596, "blind": 0.33348625898361206, "sunglasses": 0.3302783668041229, "diagnosed": 0.33006393909454346, "impaired": 0.3281322121620178, "blue eyes": 0.31987908482551575, "photophobia": 0.317229688167572, "disability": 0.31337693333625793, "acuity": 0.3069182336330414, "eyes": 0.3050963580608368, "pigment": 0.2982974052429199, "eye": 0.2915526032447815, "red eyes": 0.2871287763118744, "oculocutaneous": 0.26821720600128174, "lighting": 0.2644154131412506, "eyebrows": 0.2609790861606598, "green eyes": 0.25301694869995117}, "1": {"albinism": 0.8346956968307495, "person with albinism": 0.8107749223709106, "people with albinism": 0.8022438287734985, "albinism awareness": 0.7933520078659058, "international albinism": 0.7612789869308472, "oculocutaneous albinism": 0.678662896156311, "types of albinism": 0.6753308773040771, "ocular albinism": 0.657245397567749, "albino": 0.5567747354507446, "albinos": 0.5256375670433044, "albino porn": 0.520172655582428, "impaired": 0.2767438292503357, "diagnosed": 0.26937758922576904, "impairment": 0.269331157207489, "awareness day": 0.26414257287979126, "diagnosis": 0.252701997756958, "real life": 0.25236213207244873, "world": 0.2508670389652252, "appreciated": 0.25042974948883057, "affect": 0.24897490441799164, "check out": 0.24687781929969788, "fetish": 0.24168464541435242, "genetic": 0.24071097373962402, "disability": 0.2399621456861496, "thanks": 0.23863697052001953, "medical": 0.23664110898971558, "astigmatism": 0.23582243919372559, "wear": 0.23403620719909668, "acuity": 0.23310382664203644, "feel free": 0.2321089804172516, "hand": 0.23210430145263672, "ophthalmologist": 0.230452299118042, "affects": 0.23028966784477234, "sharing": 0.23014551401138306, "visually impaired": 0.22967705130577087, "personal": 0.22774538397789001, "community": 0.22726111114025116, "very pale": 0.2264067828655243, "appearance": 0.22623273730278015, "awareness": 0.22567206621170044, "idea": 0.2253507673740387, "write": 0.2250024676322937, "read": 0.224839448928833, "reading": 0.22420965135097504, "visual acuity": 0.22308319807052612, "legally blind": 0.2228195071220398, "thank you": 0.22253498435020447, "written": 0.22116437554359436, "thank": 0.22101813554763794, "novel": 0.21935129165649414}, "2": {"albino": 0.7316009998321533, "albinos": 0.7104017734527588, "people with albinism": 0.6104767322540283, "albino porn": 0.5901482105255127, "albinism awareness": 0.5890235900878906, "person with albinism": 0.5876399278640747, "albinism": 0.5638927221298218, "oculocutaneous albinism": 0.5247375965118408, "ocular albinism": 0.5073320865631104, "international albinism": 0.475298672914505, "types of albinism": 0.45330530405044556, "white hair": 0.3324301242828369, "pigmentation": 0.326547235250473, "body hair": 0.31796926259994507, "pigment": 0.31080448627471924, "pale": 0.3102818429470062, "very pale": 0.30961692333221436, "genetic": 0.3095816373825073, "skin": 0.29875701665878296, "hair": 0.29707980155944824, "bullying": 0.29253053665161133, "impairment": 0.2888517379760742, "diagnosed": 0.285584956407547, "photophobia": 0.28385162353515625, "offended": 0.2710326910018921, "darker": 0.2709549367427826, "appearance": 0.2675686180591583, "shade": 0.26550477743148804, "skin cancer": 0.2650343179702759, "eye color": 0.2641671895980835, "acne": 0.25794389843940735, "diagnosis": 0.25447389483451843, "blonde hair": 0.2532581388950348, "eyebrows": 0.2516145408153534, "rude": 0.25067615509033203, "my skin": 0.24646243453025818, "bullied": 0.24516981840133667, "offensive": 0.2434743344783783, "oculocutaneous": 0.24298027157783508, "race": 0.24088862538337708, "astigmatism": 0.239923357963562, "blond": 0.2349770963191986, "sensitive": 0.2339523285627365, "personal": 0.23283782601356506, "blue eyes": 0.23026804625988007, "tan": 0.22987858951091766, "legally blind": 0.22816996276378632, "growing up": 0.22809240221977234, "im": 0.22776630520820618, "black": 0.22643159329891205}}