{"c_v": 0.32025755356536684, "c_npmi": -0.21844807908347208, "u_mass": -2.544773216368567, "c_uci": -6.879527197863923}