{"0": {"thalassemic patients": 0.6051913499832153, "chronic fatigue": 0.6027035713195801, "no symptoms": 0.573556661605835, "symptom": 0.5659148097038269, "tiredness": 0.5559024810791016, "beta thalassemia": 0.5540900230407715, "feel tired": 0.550633430480957, "symptoms": 0.550504744052887, "extreme fatigue": 0.5501009821891785, "these symptoms": 0.5440447330474854, "thalassemia minor": 0.5402907729148865, "fatigued": 0.5359803438186646, "fatigue": 0.527866005897522, "constant fatigue": 0.5245519876480103, "thalassemia trait": 0.5166327953338623, "symptomatic": 0.5092607736587524, "alpha thalassemia": 0.49648672342300415, "dizziness": 0.48911479115486145, "thalassemia major": 0.4852864742279053, "dizzy": 0.48353156447410583, "exhaustion": 0.4799031615257263, "lack of oxygen": 0.4787954092025757, "exhausted": 0.4772186279296875, "tired": 0.47657305002212524, "mild anemia": 0.4728946089744568, "thalassemia": 0.4538581371307373, "thalassemia intermedia": 0.45054852962493896, "chronic": 0.4504709243774414, "dizzy spells": 0.4451979696750641, "vertigo": 0.444948673248291, "sleepy": 0.4361974000930786, "always tired": 0.4360208511352539, "thalassemic": 0.43180543184280396, "headaches": 0.43096137046813965, "unwell": 0.42669224739074707, "headache": 0.41504615545272827, "anemic": 0.41498368978500366, "anaemia": 0.412899374961853, "health issues": 0.4085339605808258, "deficiency": 0.4083941578865051, "blood disorder": 0.4021966755390167, "pernicious anemia": 0.40122246742248535, "blood disorders": 0.40030908584594727, "anemia": 0.3973541259765625, "sedentary": 0.3905209004878998, "got sick": 0.3879508376121521, "hemolytic crisis": 0.38719597458839417, "working out": 0.38052093982696533, "sick": 0.37894347310066223, "thallasemia": 0.37814807891845703}, "1": {"beta thalassemia": 0.7113678455352783, "thalassemia minor": 0.7105939388275146, "thalassemia trait": 0.699173092842102, "thalassemic patients": 0.6844661235809326, "thalassemia major": 0.6694770455360413, "alpha thalassemia": 0.6694267988204956, "thalassemia intermedia": 0.6283213496208191, "thalassemia": 0.5981554388999939, "thalassemic": 0.5544217824935913, "fetal hemoglobin": 0.5039840936660767, "mild anemia": 0.5029070377349854, "thallasemia": 0.474204421043396, "pernicious anemia": 0.47151392698287964, "hemoglobin disease": 0.4571467638015747, "hemolytic anemia": 0.4548757076263428, "anemia": 0.45427656173706055, "hemoglobin levels": 0.4428333044052124, "anaemia": 0.4368516504764557, "blood disorders": 0.4304264187812805, "blood disorder": 0.43030795454978943, "thalassemias": 0.4273259937763214, "hemoglobin and hematocrit": 0.4192247986793518, "microcytic anemia": 0.40342220664024353, "hemoglobin level": 0.3995820879936218, "beta thal": 0.3971777558326721, "hemoglobin": 0.3958749771118164, "blood loss": 0.38552066683769226, "haemoglobin": 0.3693879246711731, "hematology": 0.367413192987442, "hemolytic crisis": 0.3668331503868103, "blood tests": 0.36663931608200073, "blood sugar": 0.35952234268188477, "severe hemolytic": 0.35773611068725586, "iron deficiency": 0.3478456735610962, "missing genes": 0.3465173840522766, "see hematologist": 0.34549617767333984, "hemolytic crises": 0.34358030557632446, "blood test": 0.33637672662734985, "hematocrit": 0.3288987874984741, "deficiency": 0.32854342460632324, "genetic disorder": 0.32808881998062134, "lack of oxygen": 0.32796233892440796, "genetic disorders": 0.32788026332855225, "beta globin": 0.32707375288009644, "hemoglobin electrophoresis": 0.3254374861717224, "while pregnant": 0.32509762048721313, "no symptoms": 0.324968159198761, "during pregnancy": 0.32270297408103943, "recently diagnosed": 0.32206106185913086, "symptomatic": 0.32170528173446655}, "2": {"thalassemia major": 0.8852005004882812, "thalassemic patients": 0.8825374245643616, "thalassemia trait": 0.8786942362785339, "alpha thalassemia": 0.8730003237724304, "beta thalassemia": 0.859592080116272, "thalassemia": 0.8579035997390747, "thalassemia minor": 0.8575963973999023, "thalassemia intermedia": 0.851276695728302, "thalassemic": 0.8190927505493164, "thallasemia": 0.7167102098464966, "thalassemias": 0.6964432001113892, "thalassaemia": 0.5698373913764954, "hemoglobin disease": 0.5524265766143799, "mild anemia": 0.5474059581756592, "anaemia": 0.5461326837539673, "anemia": 0.5283066034317017, "hemoglobin levels": 0.5264665484428406, "hemolytic anemia": 0.5244757533073425, "pernicious anemia": 0.5138485431671143, "hemoglobin": 0.5064512491226196, "hemoglobin and hematocrit": 0.505362331867218, "haemoglobin": 0.49031081795692444, "microcytic anemia": 0.4851383566856384, "hemoglobin level": 0.4797710180282593, "hemolytic crisis": 0.4630768597126007, "hematology": 0.45740270614624023, "severe hemolytic": 0.45134425163269043, "blood loss": 0.44989949464797974, "beta thal": 0.44597315788269043, "hemolytic crises": 0.4459311366081238, "fetal hemoglobin": 0.44427788257598877, "blood disorder": 0.4431643486022949, "blood sugar": 0.4403567612171173, "blood disorders": 0.439968466758728, "see hematologist": 0.43927261233329773, "hemolytic": 0.438473105430603, "hematocrit": 0.43716275691986084, "lack of oxygen": 0.4340304732322693, "vitamin": 0.4299888014793396, "hematologist": 0.4209447205066681, "hematologists": 0.4139423370361328, "vitamins": 0.4107910692691803, "iron deficiency": 0.40811699628829956, "hemoglobin electrophoresis": 0.39937251806259155, "jaundice": 0.39288783073425293, "deficiency": 0.3866915702819824, "oxygen": 0.38267606496810913, "iron pills": 0.3790236711502075, "cold": 0.3775067925453186, "hemolysis": 0.376825213432312}, "3": {"iron deficiency": 0.6775557398796082, "iron supplements": 0.6584757566452026, "iron intake": 0.6570786237716675, "iron levels": 0.6432995796203613, "iron pills": 0.6378483772277832, "iron deficient": 0.6341216564178467, "thalassemic patients": 0.589282214641571, "iron infusions": 0.5889279246330261, "beta thalassemia": 0.5805842876434326, "iron infusion": 0.5780841708183289, "mild anemia": 0.5695531368255615, "alpha thalassemia": 0.5679008960723877, "thalassemia minor": 0.5605734586715698, "ferritin levels": 0.5579334497451782, "thalassemia major": 0.5574362277984619, "excess iron": 0.551077127456665, "thalassemia trait": 0.5495802164077759, "thalassemia intermedia": 0.5317036509513855, "anemia": 0.5297131538391113, "iron overload": 0.5285566449165344, "anaemia": 0.5276377201080322, "pernicious anemia": 0.5252920389175415, "iron": 0.5210402011871338, "hemolytic anemia": 0.5110621452331543, "iron absorption": 0.5107583999633789, "thalassemia": 0.4989558458328247, "hemoglobin levels": 0.48248299956321716, "avoid iron": 0.4793294072151184, "iron rich": 0.4774075746536255, "iron binding": 0.4734007716178894, "thalassemic": 0.4716991186141968, "iron chelation": 0.46857815980911255, "ferritin level": 0.4672657251358032, "microcytic anemia": 0.46660590171813965, "iron chelators": 0.44760894775390625, "hemoglobin level": 0.4473857283592224, "hemoglobin disease": 0.44167447090148926, "hemoglobin and hematocrit": 0.4332253336906433, "serum levels": 0.4326186776161194, "hemoglobin": 0.4211159348487854, "severe hemolytic": 0.39923596382141113, "low dose": 0.3972267806529999, "haemoglobin": 0.39631789922714233, "vitamin": 0.3951703906059265, "vitamins": 0.3944550156593323, "fetal hemoglobin": 0.3883920907974243, "blood disorder": 0.38273829221725464, "ferritin": 0.382170170545578, "hemolytic crisis": 0.38174885511398315, "blood disorders": 0.3801116347312927}, "4": {"hemoglobin levels": 0.6961463689804077, "hemoglobin level": 0.6734262704849243, "hemoglobin and hematocrit": 0.6385854482650757, "hemoglobin disease": 0.6320337057113647, "mild anemia": 0.619412362575531, "hemolytic anemia": 0.6121771931648254, "hemoglobin": 0.6029520034790039, "blood disorder": 0.5964717268943787, "blood disorders": 0.5912128686904907, "serum levels": 0.5879116654396057, "blood tests": 0.5840911865234375, "beta thalassemia": 0.5706534385681152, "pernicious anemia": 0.5657434463500977,