{"c_v": 0.33641011463320053, "c_npmi": -0.20792131523448665, "u_mass": -2.265320111839648, "c_uci": -6.493241991445225}