{"c_v": 0.3763426388469563, "c_npmi": -0.3389649568955581, "u_mass": -9.503762304289287, "c_uci": -10.126810418112363}