{"c_v": 0.3958072470879976, "c_npmi": -0.26029537915613493, "u_mass": -7.208952070923606, "c_uci": -8.402581908682375}