{"c_v": 0.39959317267023375, "c_npmi": -0.2425109211728337, "u_mass": -9.407196976042881, "c_uci": -7.972654616582017}