{"0": {"positional headaches": 0.5109193921089172, "confirm the diagnosis": 0.5091031789779663, "referral to neurologist": 0.4965520203113556, "neurological symptoms": 0.49168455600738525, "neurological issues": 0.48273056745529175, "frequent headaches": 0.480735182762146, "official diagnosis": 0.4802519977092743, "neurological problems": 0.4772137701511383, "dizzy and nauseous": 0.4754451513290405, "daily headaches": 0.47473740577697754, "debilitating headaches": 0.4739883542060852, "initial diagnosis": 0.4677683711051941, "spinal headache": 0.46599501371383667, "original diagnosis": 0.4656567871570587, "diagnosis": 0.45691409707069397, "constant headache": 0.4553084373474121, "officially diagnosed": 0.45256054401397705, "numbness and tingling": 0.44709986448287964, "occasional migraines": 0.4446813464164734, "massive headache": 0.4418479800224304, "hemiplegic migraines": 0.44023221731185913, "newly diagnosed": 0.4401850402355194, "pre diagnosis": 0.4380711317062378, "slight headache": 0.4367098808288574, "diagnosed with iih": 0.4366890788078308, "tingling and numbness": 0.4364166855812073, "debilitating migraines": 0.43529027700424194, "seek medical": 0.43341362476348877, "neurological conditions": 0.4315531551837921, "idiopathic intracranial": 0.43071460723876953, "tension headaches": 0.4304018020629883, "main symptom": 0.42832064628601074, "neuro opthamologist": 0.427579402923584, "splitting headache": 0.427060604095459, "dizzy spells": 0.42609599232673645, "neurology appointment": 0.4259992837905884, "diagnose": 0.4259045720100403, "ocular migraines": 0.4256756901741028, "diagnosed in august": 0.4256361722946167, "these symptoms": 0.4251147508621216, "migraine disorder": 0.4246673583984375, "medical advice": 0.42458343505859375, "medical advise": 0.4243117570877075, "neurologist wants": 0.4241381883621216, "vestibular migraines": 0.42177748680114746, "continuous headache": 0.4209962487220764, "migraine meds": 0.4189766049385071, "light headedness": 0.4179944694042206, "neuro opthamilogist": 0.4170299768447876, "rebound headaches": 0.41652512550354004}, "1": {"covid vaccine": 0.5647698640823364, "getting vaccinated": 0.5378081798553467, "get vaccinated": 0.5206969976425171, "covid infection": 0.5165521502494812, "gotten the vaccine": 0.5019144415855408, "fully vaccinated": 0.4621344208717346, "diagnosed with iih": 0.4588201344013214, "other illnesses": 0.4446505606174469, "pfizer vaccine": 0.44022756814956665, "vaccine": 0.43940961360931396, "flu shot": 0.43492984771728516, "vaccines": 0.4288245439529419, "vaccinated": 0.4274688959121704, "prior to diagnosis": 0.41524815559387207, "newly diagnosed": 0.40441057085990906, "astrazeneca vaccine": 0.40234988927841187, "confirm the diagnosis": 0.40096357464790344, "vaccination": 0.3996259272098541, "due to covid": 0.3976958394050598, "fever": 0.3956078290939331, "initial diagnosis": 0.3918272852897644, "original diagnosis": 0.3900025486946106, "covid": 0.3897627592086792, "official diagnosis": 0.3896341323852539, "autoimmune issues": 0.386124849319458, "officially diagnosed": 0.38529253005981445, "coronavirus": 0.38095107674598694, "autoimmune conditions": 0.37561529874801636, "health concerns": 0.37366461753845215, "pre diagnosis": 0.37138622999191284, "main symptom": 0.366077184677124, "flu": 0.36571529507637024, "seek medical": 0.365517258644104, "due to the pandemic": 0.3630179762840271, "moderna vaccine": 0.361797034740448, "recently diagnosed": 0.3602648973464966, "main symptoms": 0.35815486311912537, "diagnosed in august": 0.35789328813552856, "auto immune": 0.3575200140476227, "rare illness": 0.3562636077404022, "debilitating headaches": 0.35583728551864624, "second opinion": 0.35420700907707214, "during the pandemic": 0.35103487968444824, "risk of complications": 0.3451915383338928, "diagnosis": 0.343402624130249, "originally diagnosed": 0.3425711989402771, "common symptom": 0.339962363243103, "illnesses": 0.3392135202884674, "symptom wise": 0.336801141500473, "frequent headaches": 0.33510279655456543}, "2": {"medical marijuana": 0.4761315584182739, "debilitating headaches": 0.44612157344818115, "use cbd": 0.44417959451675415, "dizzy and nauseous": 0.40846025943756104, "smoking weed": 0.40533119440078735, "positional headaches": 0.4047178626060486, "hemiplegic migraines": 0.40442726016044617, "frequent headaches": 0.4031297564506531, "dizzy spells": 0.40106770396232605, "debilitating migraines": 0.40104714035987854, "cbd oil": 0.39964810013771057, "cannabis": 0.39750730991363525, "other medications": 0.39194709062576294, "chronic migraines": 0.39090877771377563, "neurological problems": 0.39045897126197815, "cbd": 0.3898829519748688, "seek medical": 0.38859325647354126, "daily headaches": 0.3883276581764221, "neurological issues": 0.38742271065711975, "migraine meds": 0.3855106830596924, "chronic migraine": 0.38527432084083557, "lower dose": 0.38406839966773987, "migraines with aura": 0.3834317922592163, "migraine with aura": 0.379369854927063, "marijuana": 0.37538862228393555, "smoke weed": 0.37327757477760315, "alleviate symptoms": 0.36718714237213135, "second dose": 0.36645638942718506, "continuous headache": 0.3663843274116516, "neurological symptoms": 0.3651350140571594, "constant headache": 0.36429089307785034, "occasional migraines": 0.36387771368026733, "main symptom": 0.36213505268096924, "lower dosage": 0.359990656375885, "rebound headaches": 0.35735970735549927, "splitting headache": 0.355557382106781, "head aches": 0.3552756905555725, "treatment options": 0.3550155758857727, "massive headache": 0.352827787399292, "light headedness": 0.3514816462993622, "referral to neurologist": 0.35110989212989807, "migraine disorder": 0.3479025065898895, "recreational drugs": 0.34747499227523804, "suffer from chronic": 0.3468629717826843, "withdrawal symptoms": 0.3451339304447174, "low dose": 0.3444909453392029, "proper treatment": 0.34443241357803345, "neurological conditions": 0.3443663418292999, "tension headaches": 0.3442726731300354, "medical advice": 0.3433065712451935}}