{"0": {"erection problems": 0.4511543810367584, "weak erections": 0.4365568161010742, "decrease in libido": 0.4335368573665619, "lowered libido": 0.42705291509628296, "weaker erections": 0.4207591414451599, "loss of libido": 0.4177800416946411, "libido": 0.4099295139312744, "no libido": 0.4086247980594635, "erections": 0.4055086374282837, "erectile dysfunction": 0.39924293756484985, "morning erections": 0.3969956934452057, "low libido": 0.3905748426914215, "erection": 0.38336431980133057, "lower libido": 0.3815920948982239, "spontaneous erections": 0.37968605756759644, "get an erection": 0.3728176951408386, "daily cialis": 0.36922502517700195, "sexual dysfunction": 0.3679009675979614, "full erection": 0.36396777629852295, "zero libido": 0.349462628364563, "cialis": 0.3465113043785095, "random erections": 0.3451385498046875, "viagra": 0.3409402072429657, "nofap": 0.33674922585487366, "penile pain": 0.33327195048332214, "sex drive": 0.33056333661079407, "penis atrophy": 0.32608091831207275, "maintain an erection": 0.3254793882369995, "taking finasteride": 0.3254562020301819, "antidepressant": 0.3213975131511688, "stopping finasteride": 0.3178345561027527, "antidepressants": 0.3159063160419464, "ejaculation": 0.3026256561279297, "impotence": 0.2980507016181946, "flaccid penis": 0.29600027203559875, "anxiety depression": 0.2948031425476074, "ejaculations": 0.29468202590942383, "arousal": 0.29305189847946167, "erectile": 0.29242604970932007, "numb penis": 0.291483610868454, "finasteride": 0.29053327441215515, "penis shrinkage": 0.2890264689922333, "prostate pain": 0.2877252697944641, "testosterone": 0.2841530442237854, "testosterone levels": 0.283639132976532, "limp dick": 0.2831438183784485, "ejaculating": 0.2803933322429657, "post finasteride": 0.27906113862991333, "get hard": 0.27873116731643677, "get boner": 0.27670127153396606}, "1": {"taking finasteride": 0.501416802406311, "stopping finasteride": 0.48874160647392273, "hair loss": 0.46792611479759216, "finasteride": 0.45956951379776, "topical finasteride": 0.43277233839035034, "post finasteride": 0.43128615617752075, "finasterid": 0.40351182222366333, "use minoxidil": 0.37339746952056885, "rogaine": 0.37057748436927795, "minoxidil": 0.3644501268863678, "propecia help": 0.36106884479522705, "hairloss": 0.35877037048339844, "finasteride syndrome": 0.344514936208725, "hair transplant": 0.343112051486969, "alopecia": 0.3418176472187042, "propecia": 0.33948421478271484, "hair growth": 0.3343263864517212, "androgenic alopecia": 0.3339439034461975, "loss of libido": 0.333126425743103, "propeciahelp": 0.33290398120880127, "using minoxidil": 0.3300696015357971, "hairline": 0.3266073167324066, "hair transplants": 0.3238551616668701, "side effects": 0.3231685757637024, "propeciahelp com": 0.3224587142467499, "going bald": 0.31917688250541687, "baldness": 0.3138173222541809, "balding": 0.3105798065662384, "go bald": 0.30741193890571594, "decrease in libido": 0.29838478565216064, "lowered libido": 0.2928658127784729, "taking fin": 0.2882640063762665, "prolactin": 0.28818845748901367, "ketoconazole shampoo": 0.28428661823272705, "antidepressant": 0.28420886397361755, "antidepressants": 0.2808498442173004, "anti androgen": 0.277137815952301, "bald": 0.271750807762146, "low libido": 0.2673969864845276, "testosterone": 0.267228901386261, "erectile dysfunction": 0.2650509476661682, "side effect": 0.264395534992218, "my hairline": 0.2614358961582184, "scalp": 0.26143544912338257, "anti androgens": 0.2594168782234192, "thyroid": 0.25860875844955444, "libido": 0.2573431730270386, "testosterone levels": 0.25660043954849243, "hormonal": 0.25602132081985474, "erection problems": 0.25585293769836426}, "2": {"anxiety depression": 0.45304423570632935, "anxiety and depression": 0.4213419556617737, "antidepressants": 0.4200933575630188, "antidepressant": 0.4155784845352173, "depression": 0.3613942265510559, "taking finasteride": 0.3581899106502533, "deep depression": 0.34900373220443726, "severe anxiety": 0.3275175094604492, "symptoms": 0.3231302499771118, "anxiety": 0.3153028190135956, "stopping finasteride": 0.3132098317146301, "finasteride": 0.30508899688720703, "these symptoms": 0.30282652378082275, "panic attacks": 0.3011454939842224, "symptom": 0.2981169819831848, "dopamine": 0.2959073781967163, "symptons": 0.29510289430618286, "finasteride syndrome": 0.29230576753616333, "serotonin": 0.2910206913948059, "loss of libido": 0.2899493873119354, "medication": 0.2892313003540039, "hair loss": 0.28188031911849976, "post finasteride": 0.2814643979072571, "mg pills": 0.27697068452835083, "topical finasteride": 0.27642154693603516, "psychiatric": 0.2741371989250183, "brain fog": 0.2734333574771881, "suicidal thoughts": 0.2725197672843933, "side effects": 0.26988428831100464, "psychiatrist": 0.2695387601852417, "erection problems": 0.26910197734832764, "meds": 0.2688620984554291, "erectile dysfunction": 0.26804623007774353, "decrease in libido": 0.2668333947658539, "therapy": 0.26518192887306213, "medications": 0.2643481194972992, "insomnia": 0.2604662775993347, "lowered libido": 0.2592928409576416, "fatigue": 0.2580338418483734, "lexapro": 0.25795289874076843, "daily cialis": 0.2576240003108978, "melatonin": 0.2558935284614563, "depressed": 0.2516966164112091, "mental illness": 0.2492128312587738, "nofap": 0.2486698031425476, "weak erections": 0.24784743785858154, "mg pill": 0.24536681175231934, "took pills": 0.24500501155853271, "libido": 0.24493977427482605, "therapist": 0.24470488727092743}, "3": {"testosterone levels": 0.4118962287902832, "hormone levels": 0.40865373611450195, "testosterone": 0.38005030155181885, "estrogen levels": 0.37562835216522217, "prolactin levels": 0.3717710077762604, "hormone imbalance": 0.3714233636856079, "hormonal": 0.35872113704681396, "your hormones": 0.35130080580711365, "hormones": 0.3511597514152527, "hormone": 0.34677571058273315, "decrease in libido": 0.3411540389060974, "estrogen": 0.3382919430732727, "lowered libido": 0.3365608751773834, "high estrogen": 0.3348853588104248, "low libido": 0.3309396505355835, "prolactin": 0.327095627784729, "lower libido": 0.32617029547691345, "taking finasteride": 0.3205356299877167, "hormone panel": 0.318881094455719, "progesterone": 0.3162369132041931, "loss of libido": 0.3160552680492401, "free testosterone": 0.3114914894104004, "androgens": 0.3005419969558716, "anti androgen": 0.29798322916030884, "libido": 0.29731762409210205, "androgen": 0.29617610573768616, "no libido": 0.29531604051589966, "androgen metabolism": 0.2940683364868164, "thyroid": 0.2918310761451721, "androgen receptors": 0.2884497344493866, "endocrine": 0.288116455078125, "finasteride syndrome": 0.28788453340530396, "anti androgens": 0.2875607907772064, "neurosteroids": 0.2831892967224121, "side effects": 0.2824929356575012, "androgen receptor": 0.28243890404701233, "finasteride": 0.2770312428474426, "clomid": 0.27085617184638977, "topical finasteride": 0.27018725872039795, "sexual dysfunction": 0.2691095471382141, "antidepressants": 0.2684696614742279, "antidepressant": 0.2646436393260956, "stopping finasteride": 0.26352012157440186, "propecia help": 0.260613352060318, "hair loss": 0.25855499505996704, "erectile dysfunction": 0.25811493396759033, "alpha reductase": 0.25740519165992737, "propecia": 0.2552540600299835, "neurosteroid": 0.2552441954612732, "zero libido": 0.2539500892162323}, "4": {"pfs sufferers": 0.5669711828231812, "pfs sufferer": 0.5574434995651245, "pfs patients": 0.5254131555557251, "suffering from pfs": 0.5108565092086792, "blown pfs": 0.4905957281589508, "pfs": 0.48375025391578674, "pfs foundation": 0.4481024444103241, "pfs victims": 0.4454224705696106, "pfs network": 0.42240089178085327, "pfs pssd": 0.40969517827033997, "post finasteride": 0.31175515055656433, "topical finasteride": 0.2939273715019226, "stopping finasteride": 0.28818362951278687, "finasteride": 0.28706640005111694, "finasteride syndrome": 0.28484705090522766,