{"c_v": 0.33289909157114234, "c_npmi": -0.19655060930266346, "u_mass": -4.563564766676659, "c_uci": -6.351200240477449}