{"c_v": 0.40248864614551405, "c_npmi": -0.27385125547153605, "u_mass": -12.028553200527963, "c_uci": -8.794198356002104}