{"c_v": 0.34570558575307997, "c_npmi": -0.2587016584654804, "u_mass": -7.408296758026005, "c_uci": -8.001038894634364}