{"c_v": 0.2529186388205068, "c_npmi": -0.28665795496998314, "u_mass": -5.249475955266957, "c_uci": -8.715979571032799}