{"0": {"diagnosed with behcet": 0.6199830770492554, "diagnosed with behcets": 0.6090657114982605, "been diagnosed": 0.5245561003684998, "behcet disease": 0.5244488716125488, "other symptoms": 0.512999951839447, "difficult to diagnose": 0.5109925270080566, "official diagnosis": 0.500778317451477, "newly diagnosed": 0.49566006660461426, "diagnosis": 0.48894521594047546, "see rheumatologist": 0.4810402989387512, "similar symptoms": 0.47988682985305786, "was diagnosed": 0.47846725583076477, "diagnosed with bechets": 0.4781954884529114, "officially diagnosed": 0.469624400138855, "seeing rheumatologist": 0.46477311849594116, "misdiagnosed": 0.4521673917770386, "diagnoses": 0.4502389132976532, "diagnose": 0.4480547606945038, "symptoms": 0.4448750913143158, "recently diagnosed": 0.443398118019104, "diagnosed": 0.43884503841400146, "how to treat": 0.43793928623199463, "other autoimmune": 0.41816985607147217, "bd patients": 0.4077029228210449, "autoimmune conditions": 0.40641096234321594, "transverse myelitis": 0.4060865342617035, "aphthous ulcers": 0.40503665804862976, "diagnosing": 0.4049053192138672, "oral ulcers": 0.40487146377563477, "got diagnosed": 0.4012543559074402, "oral ulcer": 0.39138996601104736, "erythema nodosum": 0.3866727948188782, "joint pains": 0.38509634137153625, "rheumatologist says": 0.38454142212867737, "new rheumatologist": 0.3833025395870209, "autoimmune diseases": 0.381841778755188, "other diseases": 0.3806067109107971, "mouth ulcers": 0.37901708483695984, "diagnostic": 0.3781355619430542, "vaginal ulcers": 0.3763604760169983, "vasculitis": 0.3719470500946045, "rare diseases": 0.37147390842437744, "pains": 0.3713105320930481, "rare disease": 0.3654640316963196, "genital ulcers": 0.36288556456565857, "folliculitis": 0.362385630607605, "rheumatoid": 0.3610205054283142, "mouth sores": 0.35986995697021484, "neurological symptoms": 0.35949212312698364, "skin problems": 0.3593156933784485}, "1": {"pfizer vaccine": 0.5296880006790161, "covid vaccine": 0.5210371017456055, "vaccine": 0.49675631523132324, "vaccines": 0.49198246002197266, "flu shot": 0.4906475841999054, "vaccinated": 0.4680488109588623, "pneumonia vaccine": 0.4536625146865845, "flu like": 0.4271619915962219, "fever": 0.3894082307815552, "auto immune": 0.36567243933677673, "diagnosed with behcet": 0.36439400911331177, "autoimmune conditions": 0.3641718029975891, "transverse myelitis": 0.3611559271812439, "immune response": 0.3609620928764343, "fevers": 0.3577982485294342, "other autoimmune": 0.3552645444869995, "cold sore": 0.354758620262146, "diagnosed with behcets": 0.3512624502182007, "other symptoms": 0.34935465455055237, "flu": 0.3477398157119751, "difficult to diagnose": 0.3475053310394287, "newly diagnosed": 0.34422507882118225, "been diagnosed": 0.34284377098083496, "see rheumatologist": 0.33771812915802, "post covid": 0.3353325128555298, "antibodies": 0.33468151092529297, "similar symptoms": 0.33117780089378357, "autoimmune": 0.3295886516571045, "inflammation markers": 0.32941216230392456, "positive for covid": 0.32687076926231384, "official diagnosis": 0.3256426751613617, "seeing rheumatologist": 0.32351091504096985, "got diagnosed": 0.3234829902648926, "officially diagnosed": 0.32347625494003296, "was diagnosed": 0.3221595883369446, "immune system": 0.3199039697647095, "recently diagnosed": 0.3193773031234741, "injections": 0.317444771528244, "injection": 0.31410831212997437, "autoimmune diseases": 0.3135168254375458, "behcet disease": 0.31338128447532654, "inflammatory markers": 0.3107989430427551, "second opinion": 0.3086763024330139, "diagnosed with bechets": 0.30623772740364075, "inflammation": 0.30435365438461304, "infection": 0.30434226989746094, "misdiagnosed": 0.2992723286151886, "autoimmune disease": 0.29805779457092285, "symptoms": 0.2974867820739746, "tested for herpes": 0.2969844341278076}}