{"c_v": 0.3737435934757462, "c_npmi": -0.20803795822910612, "u_mass": -9.559923771800397, "c_uci": -6.85829215877875}