{"0": {"eardrum": 0.45596298575401306, "my eardrum": 0.44003933668136597, "hearing loss": 0.43608295917510986, "pre surgery": 0.4343843460083008, "tinnitus": 0.4109840989112854, "ear infection": 0.40047937631607056, "surgery": 0.39856719970703125, "ear drops": 0.3976285457611084, "surgeries": 0.39715611934661865, "anesthesia": 0.39207184314727783, "first surgery": 0.38791364431381226, "ear canal": 0.37792590260505676, "hearing aids": 0.3757493495941162, "ear infections": 0.37516796588897705, "general anesthesia": 0.36905497312545776, "eustachian": 0.3687988519668579, "eustachian tube": 0.3682098388671875, "prosthesis": 0.36553776264190674, "ear": 0.35997986793518066, "eustachian tubes": 0.3575173616409302, "hearing aid": 0.35359835624694824, "ear drum": 0.3511626720428467, "second surgery": 0.34704041481018066, "two surgeries": 0.32589876651763916, "mri": 0.3250223398208618, "implant": 0.3243938088417053, "incision": 0.321366548538208, "cyst": 0.3186178207397461, "left ear": 0.31561869382858276, "hearing": 0.3124793767929077, "ears": 0.31129568815231323, "inner ear": 0.30855104327201843, "pain meds": 0.3065037429332733, "ear wax": 0.29737475514411926, "both ears": 0.2901528477668762, "middle ear": 0.29015010595321655, "hearing test": 0.2835562527179718, "prosthetic": 0.28355544805526733, "deaf": 0.28311967849731445, "surgeon": 0.2824840247631073, "right ear": 0.2804238796234131, "completely deaf": 0.2776738405227661, "speedy recovery": 0.27690964937210083, "surgeon said": 0.27144044637680054, "ct mri": 0.26508408784866333, "healing process": 0.26442551612854004, "recovery": 0.26118791103363037, "severe": 0.2585385739803314, "facial nerve": 0.256139874458313, "muffled": 0.25237470865249634}, "1": {"ear infection": 0.5369120836257935, "my eardrum": 0.5338222980499268, "eardrum": 0.5076522827148438, "tinnitus": 0.4866045117378235, "ear drops": 0.4819869101047516, "ear drum": 0.4675743281841278, "ear infections": 0.45965200662612915, "ear canal": 0.45280903577804565, "eustachian tube": 0.4426238536834717, "eustachian": 0.43961644172668457, "hearing loss": 0.4392492175102234, "ear": 0.42935794591903687, "inner ear": 0.4270007014274597, "ear wax": 0.42179542779922485, "left ear": 0.4121452569961548, "eustachian tubes": 0.39959800243377686, "middle ear": 0.3781064748764038, "right ear": 0.3664860725402832, "hearing aids": 0.36030954122543335, "ears": 0.35850828886032104, "cyst": 0.35546237230300903, "hearing aid": 0.35039806365966797, "dizziness": 0.3431791365146637, "vertigo": 0.33948689699172974, "hearing test": 0.33882230520248413, "hearing": 0.329315185546875, "both ears": 0.32464197278022766, "mri": 0.3224230408668518, "ct scan": 0.3115187883377075, "ct mri": 0.3082459270954132, "dizzy": 0.3038725256919861, "infection": 0.30329251289367676, "medical advice": 0.3011654019355774, "been diagnosed": 0.2869494557380676, "muffled": 0.2859403192996979, "deaf": 0.27889329195022583, "diagnosed": 0.27836692333221436, "meningitis": 0.2776738405227661, "completely deaf": 0.27647608518600464, "pre surgery": 0.27308782935142517, "tumor": 0.2675784230232239, "diagnosis": 0.26550763845443726, "symptoms": 0.2642160952091217, "swelling": 0.2642131745815277, "hearing bones": 0.2640721797943115, "severe": 0.2638234496116638, "cannot hear": 0.26292067766189575, "general anesthesia": 0.25669586658477783, "implant": 0.2526785731315613, "sharp pain": 0.2493332177400589}}