{"c_v": 0.3376233807731631, "c_npmi": -0.21026001959311202, "u_mass": -1.371997201468007, "c_uci": -6.0990959290987785}