{"0": {"osteogenesis imperfecta": 0.4020753502845764, "imperfecta": 0.3503657877445221, "physical therapy": 0.2907276153564453, "brittle bones": 0.26912474632263184, "severe": 0.2616257071495056, "fracture": 0.25194379687309265, "symptoms": 0.24782195687294006, "genetic": 0.24441084265708923, "fractures": 0.23981404304504395, "diagnosis": 0.2341756373643875, "osteogenesis": 0.23339520394802094, "bone density": 0.2298935353755951, "bones": 0.22957003116607666, "bone": 0.2270849049091339, "oi type": 0.22451993823051453, "surgery": 0.2215612530708313, "genetic testing": 0.21321864426136017, "disease": 0.21192814409732819, "type collagen": 0.21182161569595337, "common": 0.19971084594726562, "brittle": 0.192841038107872, "doctor": 0.1895132064819336, "mental health": 0.18623879551887512, "medical": 0.18584215641021729, "form of oi": 0.18251267075538635, "our family": 0.18025469779968262, "questions": 0.17885133624076843, "physical": 0.1781618595123291, "parents": 0.17350979149341583, "support": 0.1698956936597824, "types": 0.1690255105495453, "treatment": 0.1679282933473587, "mental": 0.1676204651594162, "mutation": 0.16699138283729553, "pain": 0.16638892889022827, "condition": 0.1662920117378235, "doctors": 0.16616329550743103, "year old": 0.16577212512493134, "broken": 0.16318410634994507, "health": 0.16285812854766846, "type": 0.155413419008255, "issues": 0.1527905911207199, "body": 0.14983710646629333, "more severe": 0.14969924092292786, "problems": 0.1485835611820221, "family": 0.14557956159114838, "daughter": 0.14518627524375916, "blue jeans": 0.14441753923892975, "my body": 0.14404450356960297, "has": 0.1436493992805481}, "1": {"osteogenesis imperfecta": 0.7160459160804749, "brittle bones": 0.47803372144699097, "imperfecta": 0.47261983156204224, "fracture": 0.41829755902290344, "fractures": 0.38479307293891907, "osteogenesis": 0.38002124428749084, "bone density": 0.36253419518470764, "bones": 0.32600700855255127, "bone": 0.3205362558364868, "brittle": 0.30891501903533936, "disease": 0.2896774411201477, "physical therapy": 0.28933772444725037, "severe": 0.26413694024086, "broken": 0.2565174400806427, "type collagen": 0.2549910247325897, "diagnosis": 0.2421744465827942, "surgery": 0.23635797202587128, "mental health": 0.2217651754617691, "genetic": 0.21034422516822815, "problems": 0.20867225527763367, "genetic testing": 0.19875499606132507, "breaking": 0.19783203303813934, "more severe": 0.19597479701042175, "collagen": 0.19563502073287964, "broke": 0.19234853982925415, "doctors": 0.17951709032058716, "mental": 0.1741735339164734, "help": 0.169453427195549, "symptoms": 0.16833044588565826, "break": 0.16650378704071045, "pain": 0.16055920720100403, "medical": 0.1602201759815216, "mutation": 0.1561737209558487, "questions": 0.1561623215675354, "types": 0.1552284061908722, "breaks": 0.15245050191879272, "parents": 0.15186434984207153, "leg": 0.14862988889217377, "form of oi": 0.14755746722221375, "treatment": 0.14739640057086945, "advice": 0.145453542470932, "support": 0.14303840696811676, "growing": 0.14027763903141022, "blue jeans": 0.1399489790201187, "health": 0.1391633152961731, "issues": 0.1372370421886444, "thank": 0.1331620216369629, "anxiety": 0.12669138610363007, "my body": 0.12441124767065048, "trying": 0.12258009612560272}}