{"c_v": 0.2892277984038223, "c_npmi": -0.23648753038495857, "u_mass": -2.610614682375023, "c_uci": -6.890794178500055}