{"c_v": 0.311576102533958, "c_npmi": -0.2575197488223224, "u_mass": -2.0661687977775904, "c_uci": -8.179669020823383}