{"0": {"blood disorder": 0.6236943006515503, "recently diagnosed": 0.5606640577316284, "blood tests": 0.5428891777992249, "been diagnosed": 0.5365728735923767, "diagnosed with et": 0.5257133841514587, "was diagnosed": 0.5182450413703918, "blood test": 0.5022978782653809, "blood clots": 0.5001434087753296, "blood cancer": 0.4988108277320862, "diagnosed": 0.4971166253089905, "my hematologist": 0.4930635392665863, "hematologist says": 0.4860824942588806, "thrombocythemia": 0.4844363331794739, "blood thinners": 0.48028212785720825, "elevated platelets": 0.4757974147796631, "any symptoms": 0.4717200994491577, "symptom": 0.46784836053848267, "blood counts": 0.4661582112312317, "no symptoms": 0.4620726704597473, "thrombosis": 0.4591866135597229, "mpn patients": 0.4534090757369995, "hematocrit": 0.4519238770008087, "high platelets": 0.4511358141899109, "blood": 0.4477216303348541, "anemia": 0.44277143478393555, "bloodwork": 0.44244033098220825, "high platelet": 0.4352080225944519, "myelofibrosis": 0.4319460988044739, "symptoms": 0.42829304933547974, "reactive thrombocytosis": 0.42762619256973267, "hematologist": 0.42731422185897827, "my platelets": 0.42652761936187744, "diagnosis": 0.424128919839859, "essential thrombocythemia": 0.42034780979156494, "patients": 0.41983070969581604, "hematologists": 0.4197194576263428, "thrombocytosis": 0.419068306684494, "blood work": 0.4185826778411865, "hematologist oncologist": 0.41021132469177246, "low dose": 0.40871065855026245, "chronic": 0.40459465980529785, "biopsy": 0.4016595482826233, "platelet counts": 0.39889389276504517, "blood cells": 0.3962864279747009, "clinical": 0.3918948173522949, "referred to hematologist": 0.38648420572280884, "blood drawn": 0.3860202431678772, "my platelet": 0.3836628794670105, "platelet count": 0.38230204582214355, "platelets": 0.3750453293323517}, "1": {"mpn research": 0.6307783126831055, "mpn patients": 0.5504096746444702, "mpn": 0.52811199426651, "posts": 0.5212633013725281, "mpn specialist": 0.5119388103485107, "mpns": 0.5118582844734192, "forum": 0.509940505027771, "research foundation": 0.484957218170166, "website": 0.48338425159454346, "link": 0.48292529582977295, "post": 0.4688166379928589, "this subreddit": 0.4651181697845459, "facebook groups": 0.4555981159210205, "per": 0.44972339272499084, "meds": 0.4483864903450012, "facebook group": 0.4447104334831238, "news": 0.4384939670562744, "research": 0.43484318256378174, "mpl": 0.4323246479034424, "community": 0.4298306405544281, "recent": 0.42011797428131104, "health": 0.4163346290588379, "reddit": 0.4058462977409363, "information": 0.40419256687164307, "others": 0.4031466841697693, "recommend": 0.399964839220047, "very helpful": 0.3993312120437622, "google": 0.3911830186843872, "info": 0.3877006471157074, "hi everyone": 0.3849313259124756, "online": 0.38339829444885254, "support": 0.3830801248550415, "subreddit": 0.38015228509902954, "has anyone": 0.37816521525382996, "for": 0.3773534297943115, "chronic": 0.3768443167209625, "common": 0.3755117654800415, "rbc": 0.3710000514984131, "facebook": 0.3709353804588318, "seeing an mpn": 0.36859357357025146, "labs": 0.3669544458389282, "care": 0.3663509488105774, "related": 0.36629432439804077, "who has": 0.36459648609161377, "mpn voice": 0.36454784870147705, "recommended": 0.3630618453025818, "experiences": 0.36015254259109497, "recently": 0.36013078689575195, "helpful": 0.35850441455841064, "hct": 0.3576010763645172}}