{"0": {"food allergies": 0.3879677355289459, "gastroenteritis": 0.3796917200088501, "eosinophilic gastroenteritis": 0.37801802158355713, "gluten intolerance": 0.37205660343170166, "gastritis": 0.37077194452285767, "allergy meds": 0.35680800676345825, "esophagitis": 0.35654664039611816, "gastroparesis": 0.34980154037475586, "digestive issues": 0.34781700372695923, "lactose intolerance": 0.3451596200466156, "gastro doc": 0.34032291173934937, "symptoms": 0.3400442898273468, "see an allergist": 0.33841419219970703, "seeing an allergist": 0.33630380034446716, "celiac disease": 0.3356208801269531, "gastric": 0.3354087769985199, "stomach ache": 0.33520638942718506, "stomach pains": 0.33484822511672974, "swallowing problems": 0.3334276080131531, "stomach ulcers": 0.3326593041419983, "oral allergy": 0.3307405710220337, "allergen": 0.3294271230697632, "omeprazole daily": 0.32920944690704346, "indigestion": 0.32800519466400146, "ulcer": 0.3267277479171753, "nausea vomiting": 0.32598525285720825, "dysphagia": 0.3249918222427368, "allergic rhinitis": 0.32434502243995667, "allergy": 0.3235766589641571, "mg of omeprazole": 0.32292383909225464, "allergic reaction": 0.32129374146461487, "symptom relief": 0.31958115100860596, "taking omeprazole": 0.3193276524543762, "gastric emptying": 0.31912973523139954, "allergy tested": 0.3180469870567322, "ulcerative colitis": 0.3179973363876343, "allergy drops": 0.31744569540023804, "stomach pain": 0.3173423409461975, "nausea and vomiting": 0.31730371713638306, "allergy tests": 0.3169236183166504, "mg omeprazole": 0.31554847955703735, "histamine intolerance": 0.31534117460250854, "thyroid issues": 0.3150809407234192, "swallowing issues": 0.3139280080795288, "ulcers": 0.31365588307380676, "eosinophilic esophagitis": 0.312945693731308, "similar symptoms": 0.3127269148826599, "symptom": 0.3120655417442322, "omeprazole": 0.31143587827682495, "celiacs": 0.30985334515571594}, "1": {"drinking alcohol": 0.40396445989608765, "alcohol": 0.3757985234260559, "drink anything": 0.3521130084991455, "gluten intolerance": 0.3333243429660797, "drink beer": 0.3260120749473572, "allergy shots": 0.3153672218322754, "drinking beer": 0.31447678804397583, "drink coffee": 0.30944305658340454, "drink water": 0.3009031414985657, "food allergies": 0.29517340660095215, "allergy meds": 0.29026857018470764, "caffeine": 0.2886742055416107, "drinker": 0.28517067432403564, "take benadryl": 0.28485167026519775, "drinking": 0.2838675379753113, "benadryl": 0.28339096903800964, "symptoms": 0.2826387584209442, "gastritis": 0.2808946371078491, "drinks": 0.28069162368774414, "drink": 0.2804063558578491, "hard liquor": 0.2800758183002472, "see an allergist": 0.27998775243759155, "histamine intolerance": 0.2779526114463806, "taking benadryl": 0.27751755714416504, "seeing an allergist": 0.2774653434753418, "allergic reaction": 0.2774105668067932, "arsenic poisoning": 0.2766782343387604, "liquor": 0.2761738896369934, "lactose intolerance": 0.27598828077316284, "allergen": 0.2755962610244751, "beer and wine": 0.27458125352859497, "allergy": 0.27457767724990845, "nausea vomiting": 0.27396053075790405, "allergy tests": 0.2728315591812134, "beer wine": 0.27041095495224, "regular allergies": 0.2696714401245117, "stopped drinking": 0.26836755871772766, "carbonated drinks": 0.26793789863586426, "symptom": 0.26745733618736267, "stomach ache": 0.2667740285396576, "allergy tested": 0.2664605379104614, "nausea and vomiting": 0.26506680250167847, "stomach pains": 0.2647038400173187, "allergic reactions": 0.2642945647239685, "beers": 0.26317864656448364, "allergies": 0.2618107199668884, "gluten": 0.2614021301269531, "allergic": 0.2613829970359802, "allergist": 0.25902825593948364, "beer": 0.25858455896377563}}