{"c_v": 0.2812557393555628, "c_npmi": -0.3054766174455886, "u_mass": -6.071340174336685, "c_uci": -9.383198576848265}