{"c_v": 0.31966734650969475, "c_npmi": -0.13948330743705364, "u_mass": -2.0892123273541348, "c_uci": -4.263375149709265}