{"0": {"ectopic pregnancy": 0.4951499104499817, "ectopic pregnancies": 0.4445349872112274, "weeks pregnant": 0.42684948444366455, "having miscarriage": 0.4205626845359802, "miscarriage": 0.4064302444458008, "transvaginal ultrasound": 0.4006233811378479, "pregnancy tests": 0.38696521520614624, "left ovary": 0.3844822645187378, "uterus": 0.3807799220085144, "pregnant again": 0.37681475281715393, "pregnancy test": 0.3743908405303955, "right ovary": 0.3677383065223694, "another ultrasound": 0.3556780219078064, "got pregnant": 0.3531991243362427, "pregnant": 0.3430020213127136, "period cramps": 0.341900110244751, "abdominal pain": 0.3375629186630249, "prenatal": 0.3370235562324524, "severe abdominal": 0.32863056659698486, "pregnancy": 0.32760536670684814, "ovaries": 0.32240164279937744, "ultrasound": 0.31689542531967163, "ovary": 0.3165932893753052, "being pregnant": 0.3151702284812927, "gestational": 0.30793577432632446, "laparoscopic surgery": 0.307557076215744, "ultrasounds": 0.306465744972229, "ovulated": 0.30397194623947144, "pregnancies": 0.3016762137413025, "vaginal bleeding": 0.30081114172935486, "ovulation": 0.29911863803863525, "chemical pregnancy": 0.29285550117492676, "fetus": 0.292604923248291, "implantation bleeding": 0.28432124853134155, "gestational sac": 0.28347694873809814, "intrauterine": 0.2821204662322998, "pelvic area": 0.27862128615379333, "embryo": 0.2762245833873749, "cervix": 0.27535921335220337, "abortion": 0.270083487033844, "lower abdomen": 0.2681388258934021, "urine test": 0.26198631525039673, "pelvic": 0.2588205933570862, "transvaginal": 0.252483606338501, "abdominal": 0.25063857436180115, "post surgery": 0.249327152967453, "severe pain": 0.24536004662513733, "emergency surgery": 0.24300120770931244, "cramps": 0.2394973337650299, "missed period": 0.23771575093269348}, "1": {"anxiety": 0.6861135363578796, "having miscarriage": 0.668646514415741, "ectopic pregnancy": 0.6478525996208191, "anxious": 0.6465063095092773, "ectopic pregnancies": 0.623483419418335, "being pregnant": 0.6068764328956604, "pregnancy": 0.598693311214447, "pregnant": 0.5928934812545776, "miscarriage": 0.5914860963821411, "traumatic": 0.5901092886924744, "got pregnant": 0.589303195476532, "dizziness": 0.573649525642395, "trauma": 0.5722818374633789, "possible ectopic": 0.5698104500770569, "nervous": 0.5697304606437683, "nausea": 0.5656490921974182, "stress": 0.5633895397186279, "nauseous": 0.5630424618721008, "constipation": 0.5600305795669556, "urgent": 0.5590975284576416, "gestational": 0.5586113929748535, "relief": 0.5574250221252441, "able to conceive": 0.5563039183616638, "worried": 0.5559948086738586, "uterus": 0.5557122826576233, "passed out": 0.5556703805923462, "weeks pregnant": 0.5525097846984863, "suffered": 0.5520750284194946, "conceive": 0.5511907339096069, "severe abdominal": 0.5502809286117554, "prenatal": 0.5499112010002136, "ectopic": 0.5488486886024475, "pain meds": 0.54854416847229, "excruciating": 0.5470641255378723, "fallopian": 0.5463978052139282, "severe cramping": 0.544398307800293, "pregnancies": 0.5439233779907227, "fetus": 0.5432238578796387, "dizzy": 0.5421468019485474, "aches": 0.5398539900779724, "frustrating": 0.5392788052558899, "worry": 0.5375739336013794, "pregnant again": 0.5331273078918457, "worried about": 0.5327710509300232, "concerned": 0.5318081378936768, "freaking out": 0.5292675495147705, "cramps": 0.5248521566390991, "methotrexate": 0.5242772698402405, "vomiting": 0.5240521430969238, "ob gyn": 0.5235936641693115}}