{"c_v": 0.2654334457169227, "c_npmi": -0.23261153374441318, "u_mass": -1.9760443246746717, "c_uci": -6.755564411210747}