{"0": {"surgery": 0.41522854566574097, "pre surgery": 0.39323723316192627, "ear infections": 0.39032700657844543, "first surgery": 0.38635700941085815, "ear infection": 0.3858143091201782, "second surgery": 0.38547778129577637, "surgeon": 0.3522471785545349, "ear canal": 0.35146766901016235, "surgeries": 0.3489803075790405, "surgeon said": 0.3455871343612671, "two surgeries": 0.31659644842147827, "anesthesia": 0.30942249298095703, "inner ear": 0.3024868667125702, "hearing loss": 0.30199581384658813, "ear drops": 0.29699599742889404, "ear wax": 0.28855273127555847, "tumor": 0.28594309091567993, "eustachian tubes": 0.2821969985961914, "mastoidectomy": 0.2817125916481018, "my eardrum": 0.2815929055213928, "tinnitus": 0.2809393107891083, "tympanoplasty": 0.2788911461830139, "cholesteatoma removed": 0.27869394421577454, "eardrum": 0.27684077620506287, "sorry to hear": 0.2752229869365692, "ear drum": 0.26685765385627747, "healing process": 0.2623772621154785, "cyst": 0.2594841718673706, "ear": 0.2550813853740692, "left ear": 0.24814705550670624, "general anesthesia": 0.2474731206893921, "eustachian tube": 0.24743497371673584, "both ears": 0.2470301240682602, "hearing bones": 0.24700674414634705, "ears": 0.24670648574829102, "hearing aids": 0.24608677625656128, "facial nerve": 0.24361175298690796, "pain meds": 0.2364940047264099, "right ear": 0.22976261377334595, "doctors": 0.22790834307670593, "hearing aid": 0.22282850742340088, "dizziness": 0.22070619463920593, "healing": 0.21887385845184326, "operation": 0.21801698207855225, "congenital cholesteatoma": 0.21464739739894867, "sharp pain": 0.2141549289226532, "incision": 0.21364833414554596, "hearing": 0.21332912147045135, "meningitis": 0.2130773961544037, "doctor said": 0.21156540513038635}, "1": {"ear infection": 0.5656825304031372, "ear infections": 0.5487010478973389, "ear canal": 0.4222361147403717, "ear drops": 0.39945468306541443, "inner ear": 0.387245774269104, "my eardrum": 0.3821406364440918, "tinnitus": 0.38162392377853394, "eardrum": 0.36615556478500366, "ear wax": 0.3576732873916626, "symptoms": 0.35339367389678955, "left ear": 0.3524520993232727, "ear": 0.34674978256225586, "hearing loss": 0.34589913487434387, "meningitis": 0.3395967483520508, "ear drum": 0.33934485912323, "dizziness": 0.3389819264411926, "tumor": 0.33314940333366394, "eustachian tubes": 0.32906925678253174, "right ear": 0.32350337505340576, "infection": 0.3139726221561432, "middle ear": 0.3133663833141327, "ears": 0.3131796717643738, "infections": 0.30807921290397644, "both ears": 0.2901885509490967, "vertigo": 0.28802162408828735, "eustachian": 0.28231000900268555, "diagnosed with cholesteatoma": 0.2753686308860779, "cyst": 0.2751479148864746, "eustachian tube": 0.2736160159111023, "diagnosis": 0.27116531133651733, "been diagnosed": 0.2614011764526367, "hearing aids": 0.2594001591205597, "doctor": 0.25004857778549194, "cholesteatoma": 0.24401062726974487, "ossicular": 0.23878026008605957, "cholesteatoma removed": 0.23763598501682281, "facial nerve": 0.2375665307044983, "diagnosed": 0.23558083176612854, "was diagnosed": 0.2347877323627472, "sharp pain": 0.23421280086040497, "hearing bones": 0.23353558778762817, "hearing": 0.2315172553062439, "doctors": 0.2264413833618164, "cholesteatomas": 0.2249567210674286, "hearing test": 0.22199803590774536, "sorry to hear": 0.2216900885105133, "disease": 0.22126458585262299, "congenital cholesteatoma": 0.21680134534835815, "headphones": 0.21637097001075745, "hearing aid": 0.21609747409820557}}