{"0": {"spontaneous orgasms": 0.4123474955558777, "reach orgasm": 0.40490567684173584, "orgasms": 0.40110284090042114, "sexual dysfunction": 0.3970016837120056, "genital arousal": 0.3901515603065491, "orgasm": 0.37901636958122253, "urge to masturbate": 0.3507921099662781, "orgasming": 0.3406919538974762, "prostate": 0.33145827054977417, "sex drive": 0.3162209391593933, "hormonal": 0.31103599071502686, "masturbation": 0.3087722063064575, "urinary tract": 0.30735448002815247, "testosterone": 0.3070949614048004, "clitoris": 0.3003003001213074, "masturbating": 0.2998252511024475, "my clitoris": 0.2942369282245636, "hormones": 0.29328641295433044, "hormonal imbalance": 0.29306769371032715, "pelvic stretches": 0.2924630045890808, "my period": 0.2920673191547394, "hormone": 0.29008567333221436, "masturbated": 0.2845160961151123, "masturbate": 0.2792961895465851, "pudendal nerve": 0.2759268879890442, "pelvic muscles": 0.2708500027656555, "tingling sensation": 0.27031904458999634, "vagina": 0.2660285234451294, "erection": 0.2656937539577484, "pelvic pain": 0.2638797461986542, "my vagina": 0.26279452443122864, "genital": 0.26266011595726013, "vaginal": 0.26180338859558105, "urinary": 0.2606041431427002, "bladder pressure": 0.2588377594947815, "ejaculate": 0.25827473402023315, "unwanted arousal": 0.25381630659103394, "weird feeling": 0.2523196339607239, "hypersexuality": 0.2517510652542114, "constant arousal": 0.2498561143875122, "these sensations": 0.2486720085144043, "premature ejaculation": 0.24420180916786194, "sexual thoughts": 0.24193328619003296, "genitals": 0.24118420481681824, "pudendal neuralgia": 0.24025201797485352, "nerve pain": 0.24007976055145264, "genital area": 0.23731517791748047, "pelvic region": 0.23529544472694397, "pelvic area": 0.23187439143657684, "puberty": 0.22929251194000244}, "1": {"developed pgad": 0.2873004078865051, "physical therapy": 0.267285019159317, "pain disorder": 0.25426244735717773, "no cure": 0.254154771566391, "physical therapist": 0.2508184611797333, "diagnosis": 0.249819815158844, "therapy": 0.2470695525407791, "diagnosed": 0.24045909941196442, "my gp": 0.23661679029464722, "gynecologist": 0.2322140485048294, "pudendal nerve": 0.23111476004123688, "panic attacks": 0.22889581322669983, "pudendal neuralgia": 0.22769366204738617, "pgad": 0.22490063309669495, "interstitial cystitis": 0.22350886464118958, "depression": 0.22245058417320251, "cured": 0.22231554985046387, "pain specialist": 0.2201182246208191, "many doctors": 0.2189454734325409, "medical": 0.21857282519340515, "cure": 0.2174493372440338, "dr goldstein": 0.21739411354064941, "sexual dysfunction": 0.2173735797405243, "see doctor": 0.2165485918521881, "this disorder": 0.2161857932806015, "therapist": 0.21480929851531982, "disease": 0.21202710270881653, "panic attack": 0.21072332561016083, "treatment": 0.20976075530052185, "heal": 0.20465430617332458, "antidepressant": 0.20452138781547546, "very depressed": 0.20396465063095093, "your doctor": 0.20233306288719177, "mg": 0.2013397067785263, "these symptoms": 0.20100055634975433, "stress and anxiety": 0.19998270273208618, "syndrome": 0.19970861077308655, "nerve pain": 0.1992446780204773, "medical field": 0.1964069902896881, "antidepressants": 0.19603699445724487, "ill": 0.19452396035194397, "disorders": 0.19376657903194427, "medical professional": 0.1929737627506256, "mental health": 0.1924588531255722, "dr": 0.19193905591964722, "hypochondria": 0.1913101077079773, "doctor": 0.18958446383476257, "prostate": 0.18900516629219055, "hormonal imbalance": 0.18757425248622894, "medication": 0.18751946091651917}, "2": {"antidepressants": 0.5192164182662964, "antidepressant": 0.5125905275344849, "anti depressants": 0.48769044876098633, "anti depressant": 0.46813130378723145, "medication": 0.4083683490753174, "depressants": 0.40708979964256287, "any medications": 0.3996121883392334, "serotonin": 0.39314234256744385, "medications": 0.38845378160476685, "dopamine": 0.38322556018829346, "depression": 0.3718761205673218, "prozac": 0.3464743196964264, "pill": 0.34233707189559937, "stress and anxiety": 0.33593854308128357, "therapy": 0.32351282238960266, "depressant": 0.3222317695617676, "medicine": 0.3189687728881836, "panic attacks": 0.31056666374206543, "anxiety": 0.29551875591278076, "therapist": 0.29307061433792114, "depressed": 0.2928315997123718, "physical therapy": 0.29004335403442383, "physical therapist": 0.28785067796707153, "mg": 0.2834196090698242, "side effects": 0.28271007537841797, "drugs": 0.28017503023147583, "pudendal nerve": 0.2784571647644043, "panic attack": 0.2758939862251282, "prescribe": 0.26853781938552856, "psychiatrist": 0.26701951026916504, "hormonal imbalance": 0.26512882113456726, "very depressed": 0.26404139399528503, "pudendal neuralgia": 0.26088303327560425, "no cure": 0.2586895525455475, "hormonal": 0.2581242322921753, "mental health": 0.2578146159648895, "low dose": 0.25148236751556396, "stress": 0.25021451711654663, "testosterone": 0.2493588924407959, "hormones": 0.24850693345069885, "supplements": 0.2380523979663849, "treatments": 0.23794740438461304, "treatment": 0.23641128838062286, "hormone": 0.23386996984481812, "cure": 0.23252470791339874, "nervous system": 0.23171184957027435, "pain disorder": 0.2312251329421997, "sexual dysfunction": 0.23118427395820618, "psychosomatic": 0.23086565732955933, "birth control": 0.2275085747241974}, "3": {"cannot sleep": 0.3959381580352783, "able to sleep": 0.36587244272232056, "fall asleep": 0.36364585161209106, "nerve pain": 0.35056567192077637, "pain disorder": 0.34026849269866943, "woke up": 0.31762295961380005, "sleeping": 0.31360700726509094, "sleep": 0.30750536918640137, "asleep": 0.3065849542617798, "pudendal nerve": 0.3039475083351135, "nightmare": 0.29766958951950073, "nerve damage": 0.28116992115974426, "tired": 0.2796107530593872, "been suffering": 0.2755981683731079, "pudendal neuralgia": 0.27253738045692444, "relieve myself": 0.2707386016845703, "wake up": 0.26518934965133667, "antidepressant": 0.2641947865486145, "pain": 0.260427325963974, "depression": 0.2603858411312103, "very depressed": 0.26006078720092773, "stress and anxiety": 0.2574675679206848, "gets worse": 0.2568848729133606, "antidepressants": 0.2560773491859436, "nerve block": 0.2537199854850769, "ill": 0.2532404661178589, "anti depressant": 0.2523946166038513, "panic attacks": 0.25238722562789917, "no cure": 0.25133422017097473, "anxiety": 0.25111502408981323, "painful": 0.24917754530906677, "anti depressants": 0.24540233612060547, "nervous system": 0.2438230812549591, "got worse": 0.24356722831726074, "nerve": 0.2427668422460556, "neuralgia": 0.24155224859714508, "discomfort": 0.24077782034873962, "serotonin": 0.23967179656028748, "depressants": 0.23873010277748108, "midnight": 0.23865871131420135, "nerves": 0.23855078220367432, "last night": 0.23840802907943726, "dopamine": 0.2372683584690094, "suffering": 0.23429706692695618, "depressed": 0.23370082676410675, "pelvic pain": 0.23292970657348633, "nerve blocks": 0.23154333233833313, "panic attack": 0.2293688952922821, "these symptoms": 0.22923904657363892, "restless leg": 0.22597748041152954}}