{"c_v": 0.33677007384629914, "c_npmi": -0.26008354377748344, "u_mass": -3.234729952035593, "c_uci": -8.021313517027071}