{"c_v": 0.3145585519687112, "c_npmi": -0.1316660170940899, "u_mass": -1.418165031342539, "c_uci": -4.331980954478135}