{"0": {"was diagnosed": 0.5237032771110535, "elevated igf": 0.5102077126502991, "pituitary tumor": 0.49694305658340454, "diagnosed": 0.4812155067920685, "diagnosis": 0.4783637523651123, "igf levels": 0.45747554302215576, "acromegaly": 0.42127805948257446, "thyroid issues": 0.41016972064971924, "high igf": 0.4016331136226654, "growth hormone": 0.39875924587249756, "endocrinologist": 0.36141136288642883, "igf": 0.36056768894195557, "prolactin levels": 0.3593946695327759, "pituitary gland": 0.35838794708251953, "other symptoms": 0.3313198685646057, "adenoma": 0.32449761033058167, "hormone levels": 0.3146090805530548, "tumor": 0.31349313259124756, "tumors": 0.3037458658218384, "tumour": 0.30347150564193726, "this disease": 0.2992079257965088, "second surgery": 0.2965370714664459, "pituitary": 0.2963799834251404, "hormone": 0.29087305068969727, "thyroid": 0.2843848466873169, "prolactin": 0.28313279151916504, "symptoms": 0.27252212166786194, "surgeries": 0.25903213024139404, "post surgery": 0.25736916065216064, "slightly elevated": 0.2532278597354889, "bone growth": 0.2521798610687256, "insulin": 0.24968427419662476, "neurosurgeon": 0.24746578931808472, "treatment": 0.24629682302474976, "pre surgery": 0.24600958824157715, "patients": 0.2450072467327118, "hormones": 0.24085336923599243, "treatments": 0.24017927050590515, "severe": 0.23810115456581116, "surgery": 0.23137077689170837, "gh suppression": 0.22767090797424316, "elevated": 0.22412069141864777, "mri": 0.22009505331516266, "hair loss": 0.21991229057312012, "after surgery": 0.2189520001411438, "disease": 0.21077430248260498, "blood tests": 0.2016933709383011, "diabetes insipidus": 0.20056936144828796, "swelling": 0.19936715066432953, "weight gain": 0.19367584586143494}, "1": {"diagnosis": 0.4623860716819763, "was diagnosed": 0.4312644898891449, "other symptoms": 0.42059600353240967, "symptoms": 0.4130658209323883, "elevated igf": 0.3934229910373688, "thyroid issues": 0.39055144786834717, "diagnosed": 0.38991522789001465, "igf levels": 0.37280672788619995, "bone growth": 0.3687148094177246, "acromegaly": 0.3491574227809906, "swelling": 0.3391314148902893, "high igf": 0.32165488600730896, "growth hormone": 0.3119589388370514, "pituitary tumor": 0.30961012840270996, "igf": 0.30323025584220886, "second surgery": 0.2862979769706726, "this disease": 0.2728385925292969, "surgeries": 0.27241945266723633, "slightly elevated": 0.27056998014450073, "weight gain": 0.26821672916412354, "facial features": 0.2678679823875427, "hair loss": 0.26139262318611145, "acne": 0.26076918840408325, "pituitary gland": 0.25387388467788696, "side effects": 0.25152212381362915, "post surgery": 0.2490110993385315, "facial": 0.24476191401481628, "jaw": 0.2445080727338791, "headaches": 0.24375562369823456, "oily skin": 0.24131932854652405, "thyroid": 0.23734626173973083, "prolactin levels": 0.2342633306980133, "surgery": 0.22948932647705078, "treatments": 0.22552073001861572, "patients": 0.22533364593982697, "growth plates": 0.22471320629119873, "treatment": 0.22054342925548553, "migraines": 0.22020989656448364, "pituitary": 0.2197803407907486, "adenoma": 0.21790051460266113, "growing": 0.2146400809288025, "pre surgery": 0.21379420161247253, "tumor": 0.2126205861568451, "endocrinologist": 0.2117835283279419, "tumour": 0.21025840938091278, "look like": 0.20253756642341614, "disease": 0.20214572548866272, "tumors": 0.19616001844406128, "gland": 0.19592013955116272, "worried about": 0.1945405900478363}}