{"c_v": 0.3552048579936663, "c_npmi": -0.230071418281841, "u_mass": -8.210445951853549, "c_uci": -7.062196614582663}