{"c_v": 0.3640136165121477, "c_npmi": -0.2930417099428218, "u_mass": -9.15970183802679, "c_uci": -8.464125080957201}