{"0": {"rbc hemoglobin": 0.44627273082733154, "hemoglobin levels": 0.44011467695236206, "hemoglobin and hematocrit": 0.43690434098243713, "hemoglobin hematocrit": 0.4220132827758789, "leukemia": 0.3836267590522766, "blood tests": 0.3776369094848633, "seeing hematologist": 0.3671388328075409, "hemoglobin": 0.3659370541572571, "blood test": 0.361237108707428, "hematocrit": 0.3548419773578644, "see hematologist": 0.35025525093078613, "blood clot": 0.32471686601638794, "blood clots": 0.32396256923675537, "blood clotting": 0.3226269483566284, "elevated rbc": 0.3168194890022278, "hematologist": 0.31055665016174316, "biopsy": 0.31035053730010986, "referral to hematologist": 0.30919143557548523, "blood cells": 0.308377742767334, "blood cell": 0.2973440885543823, "polycythemia": 0.29363101720809937, "low ferritin": 0.2905440628528595, "blood work": 0.28136134147644043, "thyroid": 0.28048473596572876, "iron deficiency": 0.27328377962112427, "platelet count": 0.26661086082458496, "undiagnosed": 0.2654460668563843, "biopsy to confirm": 0.2645982801914215, "kidney disease": 0.2626953125, "hematologists": 0.2596482038497925, "blood counts": 0.2594364881515503, "diagnosed with pv": 0.25901156663894653, "been diagnosed": 0.258628249168396, "secondary polycythemia": 0.2572893500328064, "polycythemia which": 0.2569078803062439, "blood pressure": 0.25507932901382446, "tumor": 0.2547498345375061, "diagnosis": 0.2529664635658264, "cannot diagnose": 0.25278425216674805, "white blood": 0.2522255778312683, "recently diagnosed": 0.2515262961387634, "polycythemia vera": 0.25118130445480347, "hematology": 0.24640803039073944, "was diagnosed": 0.24627649784088135, "high rbc": 0.24510203301906586, "diagnosed": 0.23870894312858582, "blood draws": 0.23869948089122772, "high platelets": 0.23832884430885315, "platelet": 0.23812764883041382, "erythrocytosis": 0.2311139851808548}, "1": {"recently diagnosed": 0.35977083444595337, "been diagnosed": 0.3587677478790283, "seeing hematologist": 0.35282063484191895, "leukemia": 0.35117965936660767, "cannot diagnose": 0.3383914828300476, "undiagnosed": 0.3383091688156128, "diagnosis": 0.3352620601654053, "symptoms": 0.3333413004875183, "diagnosed": 0.3273015022277832, "was diagnosed": 0.32682424783706665, "see hematologist": 0.32577258348464966, "diagnose": 0.3245643079280853, "blood tests": 0.31186744570732117, "diagnosed with pv": 0.3098776936531067, "symptom": 0.3089440166950226, "biopsy": 0.2932972311973572, "diagnostic": 0.28913265466690063, "blood test": 0.2810794413089752, "referral to hematologist": 0.28106892108917236, "hematologist": 0.2797003388404846, "kidney disease": 0.27625536918640137, "disease": 0.2760823965072632, "tumor": 0.2750118672847748, "hemoglobin levels": 0.2742125988006592, "rbc hemoglobin": 0.2688608765602112, "who diagnostic": 0.26667946577072144, "hemoglobin and hematocrit": 0.26628077030181885, "thyroid": 0.2618752121925354, "blood clots": 0.25852882862091064, "doctors": 0.2582784593105316, "blood clot": 0.2582622170448303, "ocular migraines": 0.2576337456703186, "hemoglobin hematocrit": 0.2532373368740082, "constant headaches": 0.2530006766319275, "doctor": 0.25160953402519226, "iron deficiency": 0.24872654676437378, "blood work": 0.24544993042945862, "patients": 0.2440035045146942, "dizziness": 0.24329879879951477, "blood clotting": 0.24274608492851257, "hematocrit": 0.24101215600967407, "blood pressure": 0.2407088279724121, "polycythemia": 0.23566202819347382, "your doctor": 0.23492825031280518, "hematologists": 0.2336321473121643, "this disease": 0.2329522669315338, "cancer": 0.23267841339111328, "hemoglobin": 0.23252148926258087, "doc": 0.23142585158348083, "migraines": 0.23126345872879028}}