{"c_v": 0.3138381859333511, "c_npmi": -0.2677853152113705, "u_mass": -2.31304367652605, "c_uci": -7.779283285140324}