{"c_v": 0.407680378697574, "c_npmi": -0.15194427627018686, "u_mass": -1.4957971424805439, "c_uci": -5.627358540383763}