{"0": {"eating disorder": 0.45089787244796753, "disordered eating": 0.44589078426361084, "bulimic": 0.4421631097793579, "bulimia": 0.4117077589035034, "eating disorders": 0.4112911820411682, "diagnosed with gerd": 0.4019899070262909, "rumination syndrome": 0.37732547521591187, "binge eating": 0.37659725546836853, "been diagnosed": 0.3458760380744934, "disorder": 0.34071335196495056, "diagnosed": 0.3382776081562042, "throwing up": 0.33186906576156616, "purging": 0.32813090085983276, "esophagus": 0.3269501328468323, "gerd": 0.31498637795448303, "rumination": 0.30773767828941345, "cannot diagnose": 0.3044182062149048, "endoscopy": 0.302001029253006, "vomiting": 0.29925012588500977, "re chew": 0.29566943645477295, "disorders": 0.2915151119232178, "chewing": 0.28802287578582764, "threw up": 0.2878193259239197, "burping": 0.28197020292282104, "re swallow": 0.2804625630378723, "swallowing": 0.279424786567688, "acid reflux": 0.2781812250614166, "reflux": 0.2756211757659912, "diagnose": 0.2686033844947815, "symptoms": 0.26846078038215637, "regurgitation": 0.2682762145996094, "throw up": 0.2668004035949707, "anxiety": 0.2637631297111511, "depression": 0.25871750712394714, "diagnosis": 0.25500303506851196, "relationship with food": 0.25064903497695923, "eating": 0.24847812950611115, "mental health": 0.24782398343086243, "chest pain": 0.24738188087940216, "after eating": 0.24465824663639069, "misdiagnosed": 0.24438515305519104, "regurgitate": 0.24317753314971924, "throat": 0.24148978292942047, "severe": 0.24067062139511108, "spitting": 0.2393215149641037, "vomit": 0.23901279270648956, "swallow": 0.23900312185287476, "binge": 0.2388107031583786, "puke": 0.23741695284843445, "my throat": 0.2363731861114502}, "1": {"acid reflux": 0.4935816526412964, "gerd": 0.4668579697608948, "diagnosed with gerd": 0.45446962118148804, "esophagus": 0.44650137424468994, "reflux": 0.43583545088768005, "burping": 0.42092323303222656, "swallowing": 0.4197959303855896, "heartburn": 0.4159201979637146, "chew and swallow": 0.4039335548877716, "my throat": 0.4027129113674164, "acidic foods": 0.3972064256668091, "throwing up": 0.39442431926727295, "endoscopy": 0.39225858449935913, "bulimic": 0.38972023129463196, "vomiting": 0.3894406855106354, "throat": 0.3884474039077759, "re swallow": 0.3752382695674896, "swallow": 0.3725466728210449, "spitting": 0.3585105538368225, "regurgitate": 0.3564549386501312, "burp": 0.35591089725494385, "threw up": 0.35283151268959045, "chewing": 0.3522082567214966, "chest pain": 0.35124391317367554, "disordered eating": 0.35067763924598694, "regurgitation": 0.34702959656715393, "eating disorder": 0.3448219895362854, "throw up": 0.3428938686847687, "vomit": 0.34240299463272095, "bulimia": 0.3377563953399658, "your throat": 0.32737255096435547, "after eating": 0.3257104158401489, "stomach": 0.325452595949173, "purging": 0.3196049630641937, "drink water": 0.31796136498451233, "chew": 0.3154529631137848, "re chew": 0.315204918384552, "my mouth": 0.3129976987838745, "my stomach": 0.30789321660995483, "puke": 0.3025624752044678, "binge eating": 0.2992361783981323, "eating disorders": 0.29329484701156616, "bad breath": 0.2922288179397583, "certain foods": 0.28468501567840576, "stomach muscles": 0.28107577562332153, "your stomach": 0.27847161889076233, "eating": 0.27357572317123413, "acid": 0.2720760107040405, "anxiety": 0.26822203397750854, "acidic": 0.2675335705280304}}