{"c_v": 0.34278731514215244, "c_npmi": -0.28502171133356846, "u_mass": -6.333925667877587, "c_uci": -8.580971935526016}