{"0": {"smelling bad": 0.4009993076324463, "fecal odor": 0.38339346647262573, "body odor": 0.3635326027870178, "body odour": 0.3556482791900635, "rotten smell": 0.35425764322280884, "always smelled": 0.34278804063796997, "fishy odor": 0.3391280770301819, "test smelled": 0.33141762018203735, "these smells": 0.3269256055355072, "started smelling": 0.3224296569824219, "diagnosed with tmau": 0.3222128748893738, "cannot smell": 0.3202412724494934, "smelling": 0.31836095452308655, "smelled": 0.31126147508621216, "smelled like": 0.30653634667396545, "smells": 0.3050413131713867, "smells like": 0.30353277921676636, "odor": 0.3011528551578522, "smell": 0.2994929552078247, "poor hygiene": 0.2980509102344513, "odors": 0.2978675663471222, "deodorant": 0.2952333688735962, "stink": 0.29495275020599365, "scent": 0.293857216835022, "smelly": 0.2923204302787781, "sweat glands": 0.29138198494911194, "toxins": 0.28904664516448975, "scented": 0.28667229413986206, "bad breath": 0.27497124671936035, "odour": 0.2747523784637451, "stinky": 0.27010661363601685, "bad bacteria": 0.2681416869163513, "stinks": 0.25857722759246826, "body washes": 0.25319990515708923, "body wash": 0.25230324268341064, "sniffing": 0.24899229407310486, "regular sweat": 0.24525883793830872, "hygiene": 0.24441108107566833, "perfume": 0.23765899240970612, "bacteria each": 0.2368668019771576, "stress sweat": 0.23290371894836426, "sweating": 0.2301604449748993, "olfactory reference": 0.23008355498313904, "gut bacteria": 0.22493737936019897, "lactose intolerant": 0.22484558820724487, "digestive system": 0.22450506687164307, "symptoms went": 0.22052255272865295, "metabolic": 0.21106155216693878, "trimethylamine": 0.2105046957731247, "diarrhea": 0.20921584963798523}, "1": {"diagnosed with tmau": 0.610090970993042, "tma tmao": 0.485134482383728, "tmau": 0.4784766435623169, "tmau type": 0.46950942277908325, "tmau patm": 0.4378093481063843, "tsp or tbsp": 0.4355742037296295, "tmao": 0.43406301736831665, "tma": 0.408117413520813, "chat": 0.3846651315689087, "tea": 0.38007301092147827, "mg": 0.3782665729522705, "pm me": 0.37631750106811523, "want to talk": 0.3671531677246094, "discord": 0.36664682626724243, "hang out": 0.3580888509750366, "fbo": 0.3556259870529175, "mebo": 0.3492078185081482, "join": 0.34847164154052734, "trimethylamine": 0.3464812636375427, "pepto bismol": 0.3457387387752533, "tsp": 0.3443913459777832, "talk": 0.3393098711967468, "meet": 0.33717992901802063, "idk if": 0.33494874835014343, "talking about": 0.3346818685531616, "ton": 0.33331534266471863, "mg capsules": 0.3329589366912842, "you guys": 0.33269861340522766, "fmo": 0.3323926627635956, "tma production": 0.33149462938308716, "talk about": 0.3300217092037201, "taking cephalexin": 0.3297853469848633, "pm": 0.32816433906555176, "healing for long": 0.3278091549873352, "talked": 0.3275171220302582, "already bv": 0.3271065950393677, "cure": 0.3258444368839264, "dude": 0.3250410854816437, "talking": 0.32456010580062866, "has anyone": 0.3243657946586609, "th": 0.3233792185783386, "musty": 0.3219248950481415, "cured": 0.32119929790496826, "support group": 0.3210412263870239, "about": 0.3200985789299011, "meds": 0.319399893283844, "amp": 0.3179599940776825, "butt": 0.3176400065422058, "to": 0.3172510266304016, "does anyone": 0.31358474493026733}}