{"c_v": 0.3831325796336306, "c_npmi": -0.25014090541857853, "u_mass": -10.243963877769902, "c_uci": -7.68971501973731}