{"0": {"diagnosed with pv": 0.42901870608329773, "secondary polycythemia": 0.4133704602718353, "polycythemia": 0.406296044588089, "polycythemia which": 0.4052131772041321, "rbc hemoglobin": 0.3745250403881073, "hemoglobin hematocrit": 0.3743335008621216, "recently diagnosed": 0.3722681403160095, "hemoglobin levels": 0.36255407333374023, "hemoglobin and hematocrit": 0.36214011907577515, "been diagnosed": 0.3537766635417938, "leukemia": 0.35032543540000916, "hematology": 0.34685343503952026, "undiagnosed": 0.3452957272529602, "was diagnosed": 0.34506285190582275, "kidney disease": 0.3442770838737488, "hemoglobin": 0.33840131759643555, "hematologist": 0.33705705404281616, "referral to hematologist": 0.33453369140625, "diagnosis": 0.3311566114425659, "blood tests": 0.3276160955429077, "diagnostic": 0.327225923538208, "hematologists": 0.3261831998825073, "see hematologist": 0.325414776802063, "diagnosed": 0.32331788539886475, "diagnose": 0.31995606422424316, "seeing hematologist": 0.31854987144470215, "thyroid": 0.31423288583755493, "diagnostic criteria": 0.3131692111492157, "cannot diagnose": 0.3121878206729889, "polycythemia vera": 0.3097606301307678, "who diagnostic": 0.30956709384918213, "this disease": 0.30174359679222107, "blood test": 0.2968100309371948, "tumor": 0.2881922125816345, "erythrocytosis": 0.282034695148468, "disease": 0.2794605493545532, "hematocrit": 0.27630719542503357, "cancer": 0.27181726694107056, "blood cell": 0.26075035333633423, "blood clot": 0.2599482536315918, "blood pressure": 0.25973016023635864, "oncologist": 0.2588649392127991, "blood clots": 0.2572023272514343, "blood cells": 0.2526388168334961, "cancer center": 0.24889235198497772, "blood clotting": 0.24285432696342468, "diabetes": 0.23417875170707703, "erythropoietin": 0.23337094485759735, "kidney": 0.22554130852222443, "risk of clots": 0.22191500663757324}, "1": {"hemoglobin hematocrit": 0.6059906482696533, "rbc hemoglobin": 0.5942517518997192, "hemoglobin levels": 0.5740387439727783, "hemoglobin and hematocrit": 0.5685409307479858, "blood tests": 0.5535889863967896, "hemoglobin": 0.5356869697570801, "blood test": 0.5274419188499451, "referral to hematologist": 0.446407675743103, "blood clot": 0.4442295730113983, "blood clots": 0.4266957640647888, "see hematologist": 0.4179282486438751, "blood clotting": 0.41618072986602783, "blood cell": 0.4133487939834595, "hematocrit": 0.406268447637558, "hematologist": 0.4059261977672577, "seeing hematologist": 0.4041971266269684, "hematology": 0.40344998240470886, "blood cells": 0.40260109305381775, "thyroid": 0.402195543050766, "blood counts": 0.40014493465423584, "leukemia": 0.397488534450531, "hematologists": 0.3957354724407196, "blood pressure": 0.3812989592552185, "donate blood": 0.3678821325302124, "red blood": 0.36467939615249634, "blood work": 0.3565312623977661, "blood draws": 0.3542904257774353, "white blood": 0.35228002071380615, "blood": 0.34512609243392944, "diagnosed with pv": 0.3440193235874176, "high rbc": 0.34098362922668457, "elevated rbc": 0.33920174837112427, "genetic test": 0.33795076608657837, "kidney disease": 0.33170539140701294, "high testosterone": 0.3311561942100525, "testosterone levels": 0.33053991198539734, "recently diagnosed": 0.3190979063510895, "been diagnosed": 0.3045918941497803, "was diagnosed": 0.30212074518203735, "bloodwork": 0.29352837800979614, "diagnostic criteria": 0.2932811975479126, "mutation test": 0.28864607214927673, "erythrocytosis": 0.28819435834884644, "bloodwork done": 0.2875109314918518, "diagnostic": 0.2865781784057617, "diagnosed": 0.2836121618747711, "undiagnosed": 0.2827445864677429, "diagnosis": 0.28193989396095276, "iron deficiency": 0.2778254747390747, "kidney": 0.27661025524139404}}