{"c_v": 0.2889346727243135, "c_npmi": -0.25399544158000664, "u_mass": -2.210317752145709, "c_uci": -7.411388038904713}