{"c_v": 0.39801262281790756, "c_npmi": -0.26254301844853933, "u_mass": -8.613776475575179, "c_uci": -7.737097256177797}