{"c_v": 0.4084228358000981, "c_npmi": -0.25315089451528583, "u_mass": -1.4309646258348896, "c_uci": -7.907076932142173}