{"0": {"diagnosed with cml": 0.42761996388435364, "my hematologist": 0.36488208174705505, "hematologist oncologist": 0.3572808504104614, "got diagnosed": 0.3499070405960083, "recently diagnosed": 0.34296369552612305, "leukemia": 0.33419400453567505, "hematologist": 0.32520532608032227, "cancer": 0.31774628162384033, "was diagnosed": 0.3104141354560852, "diagnosed": 0.2963632643222809, "diagnosis": 0.2959546446800232, "oncologist": 0.28391939401626587, "blood test": 0.2821006178855896, "sprycel mg": 0.26275449991226196, "medical": 0.25859907269477844, "dasatinib mg": 0.2525605261325836, "blood cells": 0.24224141240119934, "disease": 0.23486295342445374, "your doctor": 0.2292226403951645, "covid vaccine": 0.22012978792190552, "biopsy": 0.21753643453121185, "cbc": 0.20898523926734924, "philadelphia chromosome": 0.2008897364139557, "mg": 0.19644147157669067, "bone pain": 0.19547957181930542, "chronic": 0.19012793898582458, "hospital": 0.1893334984779358, "doctor": 0.18805813789367676, "joint pain": 0.18736666440963745, "treatment": 0.18726259469985962, "treatment free": 0.18509383499622345, "transplant": 0.18363133072853088, "doctors": 0.1830274909734726, "cml": 0.18286976218223572, "chronic phase": 0.18015626072883606, "health insurance": 0.17866501212120056, "cells": 0.17533481121063232, "doc": 0.17192816734313965, "chromosome": 0.17152602970600128, "bcr abl": 0.17108619213104248, "medication": 0.1710178256034851, "patients": 0.16944919526576996, "white blood": 0.16927088797092438, "pleural effusion": 0.16779935359954834, "pleural effusions": 0.16712400317192078, "treatments": 0.16512933373451233, "my wife": 0.1602383255958557, "blood work": 0.15961679816246033, "blood count": 0.15951809287071228, "my husband": 0.15693175792694092}, "1": {"dasatinib mg": 0.35733717679977417, "sprycel mg": 0.34495627880096436, "got diagnosed": 0.2975376844406128, "recently diagnosed": 0.2910345792770386, "diagnosed with cml": 0.275773286819458, "medication": 0.2563675045967102, "side effects": 0.25371891260147095, "was diagnosed": 0.25202125310897827, "medications": 0.24638819694519043, "my hematologist": 0.2326248586177826, "chronic phase": 0.22348105907440186, "symptoms": 0.21754786372184753, "pill": 0.21730490028858185, "chronic": 0.21550758183002472, "leukemia": 0.21207204461097717, "mg": 0.2076788991689682, "pleural effusion": 0.20663490891456604, "diagnosed": 0.20497512817382812, "pleural effusions": 0.2041437178850174, "diagnosis": 0.20329730212688446, "joint pain": 0.2014247179031372, "hematologist oncologist": 0.1925378441810608, "hematologist": 0.1912544071674347, "side effect": 0.19071754813194275, "disease": 0.17326131463050842, "drug": 0.17075777053833008, "your doctor": 0.16315650939941406, "medical": 0.16267916560173035, "headaches": 0.1602095663547516, "diarrhea": 0.15471194684505463, "treatment": 0.15371932089328766, "treatment free": 0.15270790457725525, "oncologist": 0.1503523588180542, "drugs": 0.14817720651626587, "treatments": 0.148017019033432, "blood test": 0.1468687653541565, "fatigue": 0.14178602397441864, "months ago": 0.13987381756305695, "feel better": 0.13890868425369263, "dose": 0.13875535130500793, "sorry to hear": 0.1368994563817978, "bone pain": 0.1353190839290619, "covid vaccine": 0.1352614015340805, "cancer": 0.1332211196422577, "three weeks": 0.12946340441703796, "few days": 0.1253090500831604, "philadelphia chromosome": 0.12269973754882812, "nausea": 0.12059672921895981, "doc": 0.11940736323595047, "side affects": 0.11936771869659424}}