{"c_v": 0.31459139466624275, "c_npmi": -0.34721937455873836, "u_mass": -6.357158293213377, "c_uci": -10.234655108989656}