{"0": {"rheumatoid arthritis": 0.4314671754837036, "diagnosed with fibromyalgia": 0.4267522096633911, "rheumatic diseases": 0.425778865814209, "raynaud syndrome": 0.4027230739593506, "lyme disease": 0.37873631715774536, "scleroderma patients": 0.3735194802284241, "celiac disease": 0.37209048867225647, "got diagnosed": 0.3710023760795593, "systemic sclerosis": 0.36454278230667114, "hypochondriac": 0.35817402601242065, "chronic illness": 0.3578501343727112, "referral to rheumatologist": 0.3508974611759186, "recently diagnosed": 0.3499896228313446, "autoimmune disease": 0.34485477209091187, "seeing rheumatologist": 0.34450531005859375, "arthritis": 0.34252142906188965, "see rheumatologist": 0.34089937806129456, "rheumatologist": 0.33919498324394226, "referred to rheumatologist": 0.33873799443244934, "crest syndrome": 0.33607783913612366, "proper diagnosis": 0.33434566855430603, "newly diagnosed": 0.3325939178466797, "thyroid": 0.3324381709098816, "misdiagnosed": 0.3323328495025635, "autoimmune diseases": 0.331050843000412, "been diagnosed": 0.330233633518219, "rheumatologists": 0.3283156752586365, "sclerosis": 0.3268809914588928, "autoimmune disorders": 0.3267102837562561, "was diagnosed": 0.3245624303817749, "clinical symptoms": 0.3211411237716675, "tissue disease": 0.3154321014881134, "chronic pain": 0.3135030269622803, "systemic scleroderma": 0.31178513169288635, "autoimmune disorder": 0.31124189496040344, "diagnosis": 0.3112245798110962, "rare disease": 0.30869877338409424, "fibromyalgia": 0.3080378472805023, "immune disorders": 0.3063124418258667, "scleroderma specialist": 0.3046572804450989, "disease progression": 0.30451500415802, "lung fibrosis": 0.30040258169174194, "diagnoses": 0.29957181215286255, "sine scleroderma": 0.2992193400859833, "diagnose": 0.29914364218711853, "diagnostic": 0.2965382933616638, "calcinosis": 0.29623427987098694, "diagnosed": 0.29462432861328125, "diffuse scleroderma": 0.2902829647064209, "tissue diseases": 0.28825557231903076}, "1": {"scleroderma patients": 0.6113113760948181, "rheumatic diseases": 0.6108866333961487, "lyme disease": 0.5666517615318298, "raynaud syndrome": 0.5639137029647827, "referred to rheumatologist": 0.5595095157623291, "celiac disease": 0.5555557608604431, "diffuse scleroderma": 0.5516403913497925, "crest syndrome": 0.5506488084793091, "referral to rheumatologist": 0.5489041805267334, "chronic illness": 0.546723484992981, "sine scleroderma": 0.5397694706916809, "sclerosis": 0.53578782081604, "hypochondriac": 0.5288569927215576, "systemic sclerosis": 0.5272617340087891, "disease progression": 0.5251094698905945, "autoimmune disease": 0.5237461924552917, "rare disease": 0.5230597257614136, "diagnosed with fibromyalgia": 0.5225656628608704, "specializes in scleroderma": 0.5217280387878418, "seeing rheumatologist": 0.5168701410293579, "localized scleroderma": 0.5148549675941467, "autoimmune diseases": 0.5080348253250122, "autoimmune disorders": 0.5060639381408691, "scleroderma specialist": 0.5058587193489075, "scleroderma": 0.5017014741897583, "systemic scleroderma": 0.5010195374488831, "immune disorders": 0.49995672702789307, "rheumatoid arthritis": 0.4982079267501831, "autoimmune disorder": 0.4981768727302551, "disease": 0.48990297317504883, "see rheumatologist": 0.48181843757629395, "esophageal dysmotility": 0.4809667468070984, "antibody syndrome": 0.4786425828933716, "scleroderma org": 0.478463351726532, "rheumatologist who": 0.4684700071811676, "forms of scleroderma": 0.4680606424808502, "diseases": 0.4660714268684387, "chronic": 0.46038925647735596, "sclerodoma": 0.4546762704849243, "syndrome": 0.45458677411079407, "tissue disease": 0.4529886245727539, "misdiagnosed": 0.4507405757904053, "rheumatologist": 0.4497373700141907, "got diagnosed": 0.4492345452308655, "rheumatologists": 0.44900619983673096, "chronic pain": 0.4462096095085144, "thyroid": 0.44582468271255493, "chronic diarrhea": 0.44159650802612305, "illness": 0.43989264965057373, "nailfold capillaroscopy": 0.4389471411705017}}