{"0": {"diagnosed with cml": 0.6594889163970947, "recently diagnosed": 0.586315393447876, "got diagnosed": 0.5598724484443665, "was diagnosed": 0.5357269048690796, "diagnosed": 0.535213828086853, "patients": 0.4974958896636963, "oncologist": 0.48283398151397705, "chronic phase": 0.4639441967010498, "treatment": 0.45739805698394775, "chronic": 0.45355886220932007, "symptoms": 0.44933122396469116, "treatments": 0.4488285779953003, "my hematologist": 0.43342798948287964, "side effects": 0.43170422315597534, "hematologist oncologist": 0.41237688064575195, "leukemia": 0.4112652838230133, "diagnosis": 0.41099226474761963, "your doctor": 0.40891098976135254, "medical": 0.40730565786361694, "cancer": 0.40075787901878357, "biopsy": 0.3890807628631592, "treatment free": 0.3882797956466675, "sprycel mg": 0.3875208795070648, "medication": 0.3807554244995117, "doc": 0.37084242701530457, "medications": 0.36699962615966797, "doctors": 0.36314117908477783, "nausea": 0.3614937663078308, "doctor": 0.3610854744911194, "mild": 0.35531213879585266, "meds": 0.35203981399536133, "disease": 0.3499254286289215, "health": 0.3498460054397583, "pill": 0.34756937623023987, "dose": 0.3401948809623718, "hematologist": 0.33941465616226196, "side effect": 0.33066990971565247, "dasatinib mg": 0.32938358187675476, "covid vaccine": 0.32926204800605774, "cml": 0.32711416482925415, "hospital": 0.3235510587692261, "sick": 0.3084649443626404, "drug": 0.3036610186100006, "chemo": 0.3033263087272644, "feel better": 0.29845303297042847, "blood test": 0.2977776527404785, "pain": 0.2947578728199005, "health insurance": 0.28816840052604675, "has anyone": 0.2866947650909424, "drugs": 0.2833555340766907}, "1": {"book": 0.679216742515564, "reading": 0.5560434460639954, "read": 0.5299330949783325, "free": 0.49136343598365784, "by": 0.4592890441417694, "the": 0.43177151679992676, "wbc": 0.4301831126213074, "tkis": 0.4237317144870758, "feel free": 0.41849327087402344, "stuff": 0.4183988571166992, "please": 0.4071396589279175, "story": 0.40639936923980713, "from": 0.405200719833374, "information": 0.40507972240448, "research": 0.4042622447013855, "im": 0.4041892886161804, "got": 0.3972606658935547, "sprycel": 0.3958563208580017, "thanks": 0.3906160593032837, "tasigna": 0.38988196849823, "gleevec": 0.38855618238449097, "info": 0.3851853013038635, "on": 0.383171409368515, "get": 0.38073575496673584, "in": 0.3800700306892395, "thank": 0.3797568678855896, "find": 0.37911903858184814, "abl": 0.3777426481246948, "bosutinib": 0.3757452070713043, "easy": 0.37530621886253357, "able": 0.3745499849319458, "able to get": 0.37322449684143066, "to": 0.3723522424697876, "more": 0.37222206592559814, "far": 0.3713371753692627, "also": 0.37034159898757935, "tki": 0.3690917491912842, "for": 0.3681168556213379, "etc": 0.36810362339019775, "journey": 0.36758655309677124, "very": 0.3670199513435364, "gets": 0.36429548263549805, "let": 0.36426156759262085, "used": 0.3622152805328369, "things": 0.3610014021396637, "way": 0.35932695865631104, "if anyone": 0.35919487476348877, "imatinib": 0.3579511344432831, "it": 0.35733848810195923, "of": 0.3556385636329651}}