{"c_v": 0.30445632046230253, "c_npmi": -0.2905946240259085, "u_mass": -1.834960547720517, "c_uci": -8.528088971866861}