{"c_v": 0.3002876177300542, "c_npmi": -0.2038983883860198, "u_mass": -1.8856523019445146, "c_uci": -6.18276417889859}