{"0": {"diagnosed with mctd": 0.6654371619224548, "mctd patients": 0.6594610214233398, "recently diagnosed": 0.5811516046524048, "symptom": 0.5731173753738403, "been diagnosed": 0.5672130584716797, "newly diagnosed": 0.561774492263794, "main symptoms": 0.5566411018371582, "got diagnosed": 0.5434765815734863, "diagnosed": 0.5394868850708008, "was diagnosed": 0.5315689444541931, "chronic illness": 0.528258204460144, "symptoms": 0.5282256603240967, "health issues": 0.5239098072052002, "diagnosed with uctd": 0.5204484462738037, "patients": 0.5171383619308472, "chronic": 0.5042285323143005, "diagnostic": 0.4691869020462036, "diagnoses": 0.46201595664024353, "diagnose": 0.46085694432258606, "patient": 0.4566836357116699, "diagnosis": 0.4483572244644165, "rheumatologists": 0.4436990022659302, "illnesses": 0.44225025177001953, "your doctor": 0.4401429295539856, "doctor said": 0.4397505521774292, "see rheumatologist": 0.4350646138191223, "illness": 0.43131065368652344, "dr": 0.4301545023918152, "disorders": 0.42814701795578003, "disease activity": 0.42680174112319946, "autoimmune disorders": 0.4263073205947876, "rheumatic diseases": 0.4262112081050873, "autoimmune disorder": 0.4256803095340729, "definitive diagnosis": 0.4232598543167114, "diseases": 0.4191712737083435, "health": 0.4180987477302551, "anti dsdna": 0.41706037521362305, "inflammation markers": 0.41086357831954956, "rheumatology": 0.407317191362381, "rheumatologist": 0.40677279233932495, "tested positive": 0.40549004077911377, "official diagnosis": 0.4054258465766907, "medical": 0.40471628308296204, "treated": 0.40440934896469116, "disease": 0.4043990969657898, "side effects": 0.4033399224281311, "inflammation": 0.4023682475090027, "feeling better": 0.4017031788825989, "systemic lupus": 0.4003569483757019, "lupus": 0.39974212646484375}, "1": {"joint pains": 0.6257621049880981, "joint pain": 0.61822110414505, "symptom": 0.614592432975769, "chronic pain": 0.6108561754226685, "aches and pains": 0.6052699089050293, "main symptoms": 0.5990701913833618, "symptoms": 0.5989238023757935, "recently diagnosed": 0.578802227973938, "psoriatic arthritis": 0.573776125907898, "pains": 0.5614355802536011, "been diagnosed": 0.553309440612793, "arthritis": 0.5371935367584229, "diagnosed": 0.536424994468689, "muscle pain": 0.5359970331192017, "pain": 0.5304990410804749, "newly diagnosed": 0.5282975435256958, "painful": 0.525729775428772, "diagnosed with mctd": 0.5244760513305664, "chronic": 0.524397611618042, "chronic illness": 0.5242510437965393, "was diagnosed": 0.523911714553833, "fibromyalgia": 0.5227636098861694, "got diagnosed": 0.5221269130706787, "aches": 0.5175435543060303, "my joints": 0.5158070921897888, "shoulder pain": 0.510624885559082, "hurts": 0.5008751153945923, "gut pain": 0.4924045205116272, "muscle spasms": 0.4893118441104889, "rheumatic diseases": 0.48684823513031006, "neck pain": 0.48534494638442993, "nausea": 0.48476624488830566, "myositis": 0.4790312945842743, "rheumatic": 0.478515625, "diagnosed with uctd": 0.47636836767196655, "inflammatory": 0.46932411193847656, "inflammation": 0.4674091637134552, "chest pain": 0.46579310297966003, "headaches": 0.4625915288925171, "diagnostic": 0.4517517387866974, "migraines": 0.4505886435508728, "rheumatoid arthritis": 0.449501097202301, "hurt": 0.44656944274902344, "tissue disorder": 0.4455360174179077, "rash": 0.4440833628177643, "diagnosis": 0.4429236054420471, "mctd patients": 0.44211626052856445, "illnesses": 0.4411845803260803, "spasms": 0.4400915503501892, "illness": 0.4389292895793915}}