{"c_v": 0.3868296633069014, "c_npmi": -0.14080012636055808, "u_mass": -2.7432169956031194, "c_uci": -4.851238208318517}