{"0": {"testosterone therapy": 0.4951002299785614, "testosterone levels": 0.4613499045372009, "testosterone": 0.45408445596694946, "testosterone level": 0.45163244009017944, "natural testosterone": 0.4511756896972656, "testosterone gel": 0.45050355792045593, "low testosterone": 0.43648940324783325, "testosterone production": 0.42132407426834106, "hormone levels": 0.42113932967185974, "kallmann syndrome": 0.4153807759284973, "hormones": 0.40360939502716064, "hormone": 0.3892497718334198, "kallman syndrome": 0.38461729884147644, "kallmans syndrome": 0.36536598205566406, "testicular growth": 0.35554128885269165, "testicle growth": 0.33967262506484985, "normal puberty": 0.3378892242908478, "pituitary gland": 0.3345007598400116, "delayed puberty": 0.3167346715927124, "reproductive endocrinology": 0.31564414501190186, "oestrogen": 0.3141360878944397, "hit puberty": 0.30904170870780945, "absent puberty": 0.3078100085258484, "gonadotropin therapy": 0.30767887830734253, "see an endocrinologist": 0.305473268032074, "testicular volume": 0.297865092754364, "puberty": 0.28909310698509216, "endocrinologist": 0.2865685820579529, "estrogen": 0.28398945927619934, "got diagnosed": 0.2829471826553345, "through puberty": 0.2766096889972687, "diagnosis and treatment": 0.26338398456573486, "pituitary": 0.2615400552749634, "been diagnosed": 0.25606054067611694, "congenital hypogonadism": 0.2525184452533722, "gene defect": 0.2523231506347656, "was diagnosed": 0.24998754262924194, "penile growth": 0.24881044030189514, "genetic testing": 0.24854785203933716, "testicular": 0.24219253659248352, "diagnosis": 0.23505958914756775, "diagnosed": 0.23373723030090332, "fertility treatment": 0.23046007752418518, "syndrome": 0.2301969826221466, "fertility treatments": 0.22824032604694366, "genetic": 0.22075825929641724, "genetics": 0.21933799982070923, "replacement therapy": 0.21546827256679535, "testicle": 0.21204009652137756, "secondary sexual": 0.2086392343044281}, "1": {"kallmann syndrome": 0.7961561679840088, "kallman syndrome": 0.7729347944259644, "kallmans syndrome": 0.7515243887901306, "syndrome": 0.5393143892288208, "rare disease": 0.496319442987442, "got diagnosed": 0.4800542891025543, "delayed puberty": 0.4712795913219452, "was diagnosed": 0.45928505063056946, "been diagnosed": 0.4556328356266022, "absent puberty": 0.45532745122909546, "pituitary gland": 0.4546661674976349, "diagnosed": 0.4499199390411377, "see an endocrinologist": 0.44711339473724365, "congenital hypogonadism": 0.4448593854904175, "diagnosis": 0.4426990747451782, "pituitary": 0.44038107991218567, "normal puberty": 0.399854838848114, "kallmann": 0.3981204032897949, "gonadotropin therapy": 0.3864302337169647, "endocrinologist": 0.37922021746635437, "hypothalamus": 0.3786882162094116, "chh patients": 0.37561172246932983, "testosterone therapy": 0.3743119239807129, "gene defect": 0.3730548024177551, "diagnosis and treatment": 0.3697172999382019, "kallmanns": 0.36748749017715454, "testicular growth": 0.3641657829284668, "testicle growth": 0.35899487137794495, "symptoms": 0.3561822772026062, "patient meeting": 0.3516010642051697, "symptom": 0.34803974628448486, "puberty": 0.34642475843429565, "hit puberty": 0.3458186388015747, "testosterone": 0.344381183385849, "reproductive endocrinology": 0.34381210803985596, "through puberty": 0.34303244948387146, "congenital": 0.34246861934661865, "fellow patients": 0.341305136680603, "line patient": 0.3404264450073242, "low testosterone": 0.33725231885910034, "testosterone gel": 0.3355185091495514, "natural testosterone": 0.33540332317352295, "kallman": 0.33378028869628906, "hypogonadism": 0.3335489332675934, "patient meetings": 0.33081042766571045, "testicular": 0.33034437894821167, "testosterone level": 0.33005490899086, "testosterone levels": 0.3292097747325897, "patient": 0.32360368967056274, "kallmans": 0.3215113878250122}}