{"c_v": 0.29940587980293615, "c_npmi": -0.32160763382057495, "u_mass": -6.186205196820112, "c_uci": -9.300515531202873}