{"0": {"shunt tract": 0.6517046689987183, "shunt malfunction": 0.6238135099411011, "shunt failure": 0.5433983206748962, "valves and shunts": 0.49770593643188477, "shunt dependent": 0.47893357276916504, "shunt placement": 0.4764723479747772, "original shunt": 0.474273145198822, "shunt placed": 0.47072726488113403, "shunt failures": 0.44672009348869324, "shunt": 0.43689054250717163, "shunts": 0.4335802495479584, "neck pain": 0.4323562681674957, "go to the er": 0.4278491735458374, "shunting": 0.40854743123054504, "shunt tap": 0.408191978931427, "severe headaches": 0.40568292140960693, "diagnosed with hydrocephalus": 0.40536633133888245, "brain surgeries": 0.4049202799797058, "cerebrospinal fluid": 0.3932523727416992, "lp shunt": 0.39317595958709717, "constant headache": 0.3869360089302063, "frequent headaches": 0.38642454147338867, "neurosurgery": 0.38635560870170593, "pediatric neurosurgeon": 0.38253676891326904, "programmable shunts": 0.37496525049209595, "enlarged ventricles": 0.37482041120529175, "vp shunts": 0.3742455840110779, "vp shunt": 0.37203067541122437, "programmable shunt": 0.3716065287590027, "intracranial pressure": 0.3674001097679138, "bad headache": 0.3669983446598053, "sharp pain": 0.3653046488761902, "aqueductal stenosis": 0.3639802932739258, "shunt series": 0.36331838369369507, "chronic headaches": 0.36236149072647095, "dizzy spells": 0.36133575439453125, "ventriculostomy": 0.3597835302352905, "diagnosis": 0.35975372791290283, "debilitating headaches": 0.35914167761802673, "cerebrospinal": 0.35747379064559937, "surgeries": 0.3573141396045685, "neurosurgeon": 0.3563469350337982, "cerebral palsy": 0.3561927080154419, "headache": 0.35390985012054443, "head hurts": 0.35277771949768066, "lumbar puncture": 0.35224276781082153, "benign brain": 0.3507220149040222, "obstructive hydrocephalus": 0.34809279441833496, "third ventriculostomy": 0.34783774614334106, "pains": 0.3475867509841919}, "1": {"diagnosed with hydrocephalus": 0.6521912813186646, "congenital hydrocephalus": 0.5998069047927856, "born with hydrocephalus": 0.5964059829711914, "obstructive hydrocephalus": 0.573783278465271, "hydrocephalus": 0.5287476778030396, "pediatric neurosurgeon": 0.5286132097244263, "hydrocephalus association": 0.5063571929931641, "communicating hydrocephalus": 0.49512460827827454, "shunt tract": 0.47669485211372375, "hydro patients": 0.44917234778404236, "arrested hydrocephalus": 0.4441670775413513, "brain surgeries": 0.43432530760765076, "shunt malfunction": 0.42192986607551575, "cerebral palsy": 0.4161900281906128, "diagnosis": 0.41355881094932556, "cerebrospinal fluid": 0.4007842242717743, "was diagnosed": 0.38585716485977173, "neurosurgery": 0.37630510330200195, "shunt failure": 0.3754417598247528, "enlarged ventricles": 0.369692862033844, "neurosurgeon": 0.36584556102752686, "chiari malformation": 0.36368876695632935, "medical advice": 0.3634847402572632, "benign brain": 0.3622474670410156, "seizures": 0.3600463271141052, "seizure": 0.35958975553512573, "children hospital": 0.3595871329307556, "third ventriculostomy": 0.35895854234695435, "brain surgery": 0.35449326038360596, "shunt dependent": 0.35363784432411194, "medical issues": 0.3534771800041199, "diagnose": 0.35053205490112305, "neurology": 0.3484789729118347, "ventriculostomy": 0.3475661277770996, "neurosurgeon who": 0.3460979759693146, "aqueductal stenosis": 0.34520331025123596, "diagnosed": 0.3450620472431183, "surgeries": 0.3443606495857239, "malformation": 0.3433552384376526, "intracranial pressure": 0.3416234850883484, "neurosurgeon says": 0.3412749767303467, "neurological": 0.3391045033931732, "complications": 0.3377268314361572, "pediatric": 0.33770501613616943, "intracranial hypertension": 0.33677586913108826, "cerebrospinal": 0.33676645159721375, "intracranial": 0.3353102207183838, "neuro icu": 0.33492034673690796, "third ventricle": 0.3310536742210388, "pediatrician": 0.329531729221344}, "2": {"frequent headaches": 0.6629742383956909, "severe headaches": 0.6629371643066406, "debilitating headaches": 0.6492984294891357, "chronic headaches": 0.6460189819335938, "constant headache": 0.6318843960762024, "bad headache": 0.5934720039367676, "headache": 0.584562361240387, "diagnosed with hydrocephalus": 0.5682553052902222, "headaches nausea": 0.5511893033981323, "dull headache": 0.534704327583313, "headaches": 0.5322650074958801, "migraine": 0.515110969543457, "migraine meds": 0.5146562457084656, "obstructive hydrocephalus": 0.5044088363647461, "migraines": 0.49896836280822754, "hydrocephalus association": 0.47862449288368225, "migraine therapy": 0.47839558124542236, "dizzy spells": 0.47460079193115234, "head hurts": 0.4632548391819, "intracranial hypertension": 0.4581236243247986, "shunt tract": 0.4575761556625366, "hydrocephalus": 0.45749175548553467, "intracranial pressure": 0.4468700587749481, "born with hydrocephalus": 0.44137316942214966, "intercranial hypertension": 0.4356294870376587, "congenital hydrocephalus": 0.421436071395874, "brain surgeries": 0.41521501541137695, "benign brain": 0.4111276865005493, "shunt malfunction": 0.41047006845474243, "brain bleeds": 0.40542155504226685, "cerebrospinal fluid": 0.40528690814971924, "cranial pressure": 0.4016326367855072, "neck pain": 0.3955281376838684, "get dizzy": 0.39454126358032227, "dizziness": 0.3916371464729309, "hydro patients": 0.38648784160614014, "these symptoms": 0.3753933906555176, "other symptoms": 0.3727641999721527, "brain fog": 0.37124449014663696, "communicating hydrocephalus": 0.37075379490852356, "brain bleed": 0.36860984563827515, "cerebral palsy": 0.36819398403167725, "go to the er": 0.3651134967803955, "intracranial": 0.34911784529685974, "light headed": 0.3465389609336853, "arrested hydrocephalus": 0.3462643623352051, "valves and shunts": 0.34458106756210327, "shunt failure": 0.3430339992046356, "hydro related": 0.3430197536945343, "cerebrospinal": 0.34210437536239624}, "3": {"diagnosed with hydrocephalus": 0.6952751278877258, "hydrocephalus association": 0.5895901322364807, "born with hydrocephalus": 0.5830962061882019, "obstructive hydrocephalus": 0.5720621943473816, "hydrocephalus": 0.5548015236854553, "communicating hydrocephalus": 0.5419043302536011, "congenital hydrocephalus": 0.5383078455924988, "hydro patients": 0.48640674352645874, "arrested hydrocephalus": 0.461527943611145, "brain surgeries": 0.4597828686237335, "cerebral palsy": 0.4507124722003937, "benign brain": 0.43743395805358887, "neurological": 0.4232548177242279, "was diagnosed": 0.4179813861846924, "shunt tract": 0.41583627462387085, "neurology": 0.40707632899284363, "neurologist": 0.40186503529548645, "diagnosis": 0.39833348989486694, "brain surgery": 0.39372748136520386, "neurologists": 0.3896945118904114, "medical advice": 0.38579052686691284, "cerebrospinal fluid": 0.3839695453643799, "neurosurgery": 0.37800827622413635, "diagnosed": 0.37482696771621704, "seizures": 0.37407365441322327, "intercranial hypertension": 0.37028661370277405, "cognitive issues": 0.36875689029693604, "hydro related": 0.36723774671554565, "intracranial": 0.3664998412132263, "medical conditions": 0.3657814860343933, "medical issues": 0.3615320026874542, "cerebrospinal": 0.3605409860610962, "disability": 0.35617268085479736, "intracranial hypertension": 0.35566985607147217, "learning disabilities": 0.3556671738624573, "seizure": 0.35459381341934204, "epilepsy": 0.35098588466644287, "pediatric neurosurgeon": 0.3499716520309448, "cerebral": 0.3497281074523926, "diagnose": 0.34845536947250366, "intracranial pressure": 0.34843337535858154, "brain injury": 0.34808051586151123, "neurosurgeon": 0.3452138900756836, "debilitating headaches": 0.342840313911438, "disabilities": 0.34059110283851624, "neurosurgeon says": 0.3389049172401428, "shunt malfunction": 0.33795854449272156, "dementia": 0.3376908302307129, "spinal fluid": 0.336830198764801, "adhd": 0.33466750383377075}, "4": {"hydrocephalus": 0.8176157474517822, "diagnosed with hydrocephalus": 0.7769659757614136,