{"0": {"constant dizziness": 0.5205072164535522, "severe vertigo": 0.50847327709198, "lingering dizziness": 0.49075984954833984, "cervical vertigo": 0.47753751277923584, "cervicogenic vertigo": 0.47369205951690674, "vertigo": 0.4698740839958191, "perceptual dizziness": 0.4687908887863159, "positional vertigo": 0.46832120418548584, "dizziness clinic": 0.4670851230621338, "dizzy specialist": 0.46634620428085327, "milder dizziness": 0.4645106792449951, "actual vertigo": 0.4640297591686249, "dizziness": 0.4564455449581146, "specializes in dizziness": 0.4554597735404968, "mild dizziness": 0.4553259611129761, "intense vertigo": 0.449737548828125, "cervicogenic dizziness": 0.44838252663612366, "vestibular neuritis": 0.4441886842250824, "slight dizziness": 0.44413667917251587, "vertigo attacks": 0.442375123500824, "vestibular migraine": 0.4364221692085266, "dizzyness": 0.43223047256469727, "violent vertigo": 0.4320046007633209, "vestibular disorder": 0.42946308851242065, "dizzy clinic": 0.42921018600463867, "persistent postural": 0.42802923917770386, "challenge the dizziness": 0.4244813919067383, "residual dizziness": 0.42362892627716064, "vestibular": 0.42167186737060547, "dizzy spell": 0.41763609647750854, "vestibular issues": 0.4163510203361511, "lightheadedness": 0.41367417573928833, "vestibular physiotherapist": 0.4112960696220398, "dizzy spells": 0.4098625183105469, "vestibular disorders": 0.4073173999786377, "extremely dizzy": 0.4060424566268921, "wave of dizziness": 0.40423503518104553, "vestibular exercises": 0.3965226411819458, "vestibular specialist": 0.39648669958114624, "vestibular therapy": 0.3912128806114197, "waves of dizziness": 0.3851064443588257, "vestibular migraines": 0.38505491614341736, "dizzy": 0.3826565146446228, "vestibular therapist": 0.3815215229988098, "secondary dizziness": 0.37522515654563904, "dizzy conditions": 0.374239444732666, "postural": 0.37194836139678955, "see neurologist": 0.3695465922355652, "vestibular system": 0.36673444509506226, "neurologist": 0.3665218949317932}, "1": {"dizziness": 0.6821832656860352, "constant dizziness": 0.6812201738357544, "lingering dizziness": 0.678119421005249, "perceptual dizziness": 0.6574062705039978, "cervicogenic dizziness": 0.6539405584335327, "severe vertigo": 0.6511332988739014, "milder dizziness": 0.6455005407333374, "mild dizziness": 0.6438947916030884, "cervicogenic vertigo": 0.6438805460929871, "slight dizziness": 0.6409785747528076, "positional vertigo": 0.6390714645385742, "vertigo": 0.6274515390396118, "dizzy": 0.622076153755188, "actual vertigo": 0.6199654340744019, "dizzyness": 0.6181779503822327, "dizziness clinic": 0.6152515411376953, "dizzy specialist": 0.6148031949996948, "cervical vertigo": 0.6111316680908203, "extremely dizzy": 0.6091200709342957, "dizzy spells": 0.607580304145813, "intense vertigo": 0.6027189493179321, "dizzy spell": 0.5951564311981201, "lightheadedness": 0.5947431325912476, "violent vertigo": 0.5910165905952454, "residual dizziness": 0.5882744193077087, "vertigo attacks": 0.5845506191253662, "challenge the dizziness": 0.5837876796722412, "slightly dizzy": 0.5799531936645508, "dizzy clinic": 0.5792957544326782, "specializes in dizziness": 0.5785336494445801, "wave of dizziness": 0.5772738456726074, "super dizzy": 0.5753045082092285, "dizzy conditions": 0.5671172142028809, "waves of dizziness": 0.5658469796180725, "secondary dizziness": 0.5453753471374512, "lightheaded": 0.5357734560966492, "vestibular migraine": 0.5205872654914856, "vestibular neuritis": 0.4977527856826782, "spinning sensation": 0.47748076915740967, "light headed": 0.4744755029678345, "vestibular": 0.4703928530216217, "vestibular disorder": 0.4574626684188843, "inner ear": 0.44997477531433105, "vestibular migraines": 0.4495737552642822, "vestibular issues": 0.43954312801361084, "motion sickness": 0.43027156591415405, "vestibular disorders": 0.4292840361595154, "persistent postural": 0.4212711751461029, "headedness": 0.4150548577308655, "ear infection": 0.41347044706344604}, "2": {"vestibular migraine": 0.6422978639602661, "constant dizziness": 0.5923252701759338, "vestibular migraines": 0.583390474319458, "severe vertigo": 0.5678290724754333, "lingering dizziness": 0.5533338189125061, "cervical vertigo": 0.5439329147338867, "dizziness": 0.5429583787918091, "dizzy specialist": 0.5414890050888062, "perceptual dizziness": 0.5365334153175354, "mild dizziness": 0.5363701581954956, "milder dizziness": 0.5341418981552124, "intense vertigo": 0.526564359664917, "vertigo": 0.5257200002670288, "migraine": 0.5252673625946045, "slight dizziness": 0.5231419205665588, "cervicogenic vertigo": 0.5225778222084045, "dizzy spells": 0.5187362432479858, "positional vertigo": 0.5070030093193054, "dizzyness": 0.5069175958633423, "dizzy spell": 0.5063941478729248, "cervicogenic dizziness": 0.5060955286026001, "vertigo attacks": 0.5058892369270325, "dizziness clinic": 0.5044416785240173, "lightheadedness": 0.5043683648109436, "violent vertigo": 0.49930471181869507, "actual vertigo": 0.4922490119934082, "wave of dizziness": 0.4909823536872864, "migraine related": 0.48642897605895996, "dizzy clinic": 0.4838944375514984, "extremely dizzy": 0.4810914099216461, "waves of dizziness": 0.4760563373565674, "specializes in dizziness": 0.4726610779762268, "challenge the dizziness": 0.47262340784072876, "dizzy": 0.4717381000518799, "vestibular neuritis": 0.4632532000541687, "migraines": 0.45618176460266113, "residual dizziness": 0.45552656054496765, "see neurologist": 0.4494987726211548, "neurologist": 0.44382408261299133, "secondary dizziness": 0.43682536482810974, "lightheaded": 0.4341917932033539, "slightly dizzy": 0.4332997798919678, "super dizzy": 0.4328581690788269, "dizzy conditions": 0.4295879602432251, "headaches": 0.4237635135650635, "persistent postural": 0.4196006655693054, "tension headache": 0.41878199577331543, "neurologists": 0.41396814584732056, "vestibular disorder": 0.41169142723083496, "tension headaches": 0.407693088054657}, "3": {"positional vertigo": 0.5527598261833191, "severe vertigo": 0.5265603065490723, "cervicogenic vertigo": 0.5172706842422485, "cervical vertigo": 0.5165359973907471, "vertigo": 0.5041933655738831, "lingering dizziness": 0.5037157535552979, "constant dizziness": 0.5037132501602173, "actual vertigo": 0.5005995035171509, "milder dizziness": 0.4924396276473999, "dizziness": 0.4896436333656311, "cervicogenic dizziness": 0.48955655097961426, "perceptual dizziness": 0.47890615463256836, "mild dizziness": 0.477370023727417, "dizzy specialist": 0.46921443939208984, "slight dizziness": 0.46688395738601685, "intense vertigo": 0.4639194905757904, "dizziness clinic": 0.4596363306045532, "violent vertigo": 0.45826858282089233, "dizzyness": 0.4575234055519104, "extremely dizzy": 0.45059525966644287, "vertigo attacks": 0.44709330797195435, "vestibular": 0.4409594237804413, "dizzy": 0.43957406282424927, "lightheadedness": 0.43799805641174316, "slightly dizzy": 0.4362313151359558, "dizzy clinic": 0.4358028769493103, "residual dizziness": 0.4353015422821045, "vestibular neuritis": 0.43416351079940796, "postural": 0.4327874779701233, "secondary dizziness": 0.43138641119003296, "specializes in dizziness": 0.43071502447128296, "vestibular migraine": 0.4284324049949646, "challenge the dizziness": 0.422244668006897, "dizzy spell": 0.42184606194496155, "super dizzy": 0.42078542709350586, "persistent postural": 0.41369205713272095, "dizzy conditions": 0.41146254539489746, "wave of dizziness": 0.4092194139957428, "vestibular disorder": 0.4070218801498413, "vestibular issues": 0.40411972999572754, "dizzy spells": 0.4030722379684448, "vestibular physiotherapist": 0.4018341898918152, "waves of dizziness": 0.39761829376220703, "inner ear": 0.3955654799938202, "nystagmus": 0.39174118638038635, "vestibular system": 0.384490966796875, "vestibular migraines": 0.38142216205596924, "vestibular specialist": 0.3813149929046631, "eustachian": 0.37865105271339417, "spinning sensation": 0.37590014934539795},