{"c_v": 0.2807527854631397, "c_npmi": -0.24311764499913213, "u_mass": -5.685756995082934, "c_uci": -7.296061693485226}