{"c_v": 0.29691074293733355, "c_npmi": -0.1455291256630318, "u_mass": -2.8792125299991165, "c_uci": -5.339597105286024}