{"0": {"pelvic pain": 0.4156596064567566, "constant arousal": 0.4108890891075134, "tingling sensation": 0.3975257873535156, "nerve pain": 0.39172670245170593, "interstitial cystitis": 0.3875355124473572, "rls": 0.37728241086006165, "spasms": 0.36983001232147217, "neuralgia": 0.3697092831134796, "ssri": 0.3685483932495117, "pain disorder": 0.3672299385070801, "amitriptyline": 0.36500614881515503, "gabapentin": 0.36283499002456665, "tingling": 0.36107301712036133, "sexual dysfunction": 0.3577442169189453, "hypersexuality": 0.3550589084625244, "urge to masturbate": 0.35393112897872925, "urge to pee": 0.35321730375289917, "constant urge": 0.35314252972602844, "symptoms": 0.3525635302066803, "genital arousal": 0.35009539127349854, "sex drive": 0.3470483720302582, "constantly aroused": 0.3432919979095459, "pudendal neuralgia": 0.3425023555755615, "spontaneous orgasms": 0.3419317603111267, "orgasm": 0.3400329351425171, "anxiety": 0.33833691477775574, "symptom": 0.3362817168235779, "orgasms": 0.3327291011810303, "lyrica": 0.33229294419288635, "relieve": 0.3306288719177246, "restless leg": 0.32941102981567383, "psychosomatic": 0.32619452476501465, "orgasming": 0.3249863386154175, "arousal": 0.3248405158519745, "ssris": 0.3221176862716675, "nerve damage": 0.3217284381389618, "these symptoms": 0.32100075483322144, "stress and anxiety": 0.3180108666419983, "my clitoris": 0.31740280985832214, "panic attacks": 0.3168957233428955, "weird feeling": 0.3126703202724457, "dysfunction": 0.31211569905281067, "panic attack": 0.3084917962551117, "relieve myself": 0.30651241540908813, "sensations": 0.3062407374382019, "pain specialist": 0.3061990737915039, "hypochondria": 0.3056185841560364, "burning sensation": 0.3050389885902405, "priapism": 0.3024834990501404, "cysts": 0.3014753460884094}, "1": {"ssri": 0.6452271938323975, "ssris": 0.6259716749191284, "antidepressants": 0.5674370527267456, "anti depressants": 0.5666536688804626, "antidepressant": 0.5614209771156311, "anti depressant": 0.5084370374679565, "prozac": 0.5029338598251343, "amitriptyline": 0.4673020839691162, "depressants": 0.4638413190841675, "gabapentin": 0.4556647539138794, "medication": 0.4427807331085205, "meds": 0.43620824813842773, "depressant": 0.42485511302948, "serotonin": 0.40590864419937134, "depression": 0.4010137915611267, "psychiatrist": 0.39406248927116394, "any medications": 0.38541263341903687, "lyrica": 0.3703923225402832, "panic attacks": 0.3665200173854828, "rls": 0.3537813425064087, "anxiety": 0.34968578815460205, "stopped taking": 0.34051334857940674, "medications": 0.33687934279441833, "hypersexuality": 0.32982438802719116, "panic attack": 0.32931023836135864, "therapy": 0.3292718529701233, "very depressed": 0.3218846917152405, "sex drive": 0.3187711238861084, "mental health": 0.31719690561294556, "snri": 0.3149579167366028, "neuralgia": 0.31428179144859314, "pudendal neuralgia": 0.3123074173927307, "depressed": 0.3093966841697693, "diagnosed": 0.3029448986053467, "therapist": 0.30279144644737244, "sexual dysfunction": 0.2951105237007141, "dysfunction": 0.2949771285057068, "stress and anxiety": 0.293915331363678, "hormonal imbalance": 0.28874093294143677, "symptoms": 0.2846895158290863, "dopamine": 0.28144198656082153, "started taking": 0.28093063831329346, "spasms": 0.28053680062294006, "suicidal": 0.28051966428756714, "pain disorder": 0.2788359522819519, "disorder": 0.2748270034790039, "these symptoms": 0.27289074659347534, "side effect": 0.27040526270866394, "nerve pain": 0.26931530237197876, "prescribed": 0.26627054810523987}}