{"c_v": 0.3199073142470606, "c_npmi": -0.1952046946945766, "u_mass": -3.044530459704022, "c_uci": -6.116450876776136}