{"0": {"see an endocrinologist": 0.49887171387672424, "endocrinologist": 0.49763381481170654, "low testosterone": 0.4913209080696106, "testosterone therapy": 0.48285239934921265, "testosterone levels": 0.48048871755599976, "natural testosterone": 0.4802899956703186, "testosterone level": 0.4783939719200134, "testosterone gel": 0.4565565884113312, "testosterone": 0.4443119168281555, "testosterone production": 0.41772788763046265, "hormone levels": 0.4103563129901886, "hypogonadism": 0.4093865156173706, "delayed puberty": 0.4091259837150574, "trt": 0.40891242027282715, "estrogen": 0.3725428879261017, "normal puberty": 0.37234705686569214, "congenital hypogonadism": 0.36487048864364624, "pituitary gland": 0.3608555793762207, "testicular growth": 0.3521119952201843, "hormone": 0.3509703576564789, "hit puberty": 0.3496243357658386, "pituitary": 0.345800518989563, "testicle growth": 0.3412032723426819, "oestrogen": 0.3341577649116516, "late bloomer": 0.330192506313324, "puberty": 0.3297804594039917, "absent puberty": 0.3265504240989685, "blood test": 0.3216969072818756, "got diagnosed": 0.3211595118045807, "fsh levels": 0.3205570876598358, "blood work": 0.3189932703971863, "diagnosed": 0.31047800183296204, "been diagnosed": 0.3057232201099396, "blood tests": 0.30360954999923706, "penile growth": 0.2936112880706787, "hormones": 0.288125604391098, "growth spurt": 0.28780990839004517, "lh fsh": 0.2855965495109558, "body hair": 0.284970760345459, "testicular": 0.28467267751693726, "klinefelter": 0.28170645236968994, "hcg hmg": 0.28112173080444336, "fsh lh": 0.2802847623825073, "mood swings": 0.2774484157562256, "libido": 0.2767678499221802, "produce sperm": 0.27536582946777344, "reproductive endocrinology": 0.2745829224586487, "genetic": 0.2732113003730774, "testicular volume": 0.2717380225658417, "sex drive": 0.2695421576499939}, "1": {"kallmann syndrome": 0.620670735836029, "kallmans syndrome": 0.5763827562332153, "syndrome": 0.517581582069397, "kallman syndrome": 0.5023875832557678, "got diagnosed": 0.4460412859916687, "been diagnosed": 0.4428301453590393, "congenital hypogonadism": 0.43546727299690247, "diagnosed": 0.42315226793289185, "rare disease": 0.4229986369609833, "congenital": 0.38403305411338806, "was diagnosed": 0.36984166502952576, "gene defect": 0.3613376021385193, "diagnosis": 0.33634793758392334, "delayed puberty": 0.31908559799194336, "diagnosis and treatment": 0.31827861070632935, "hypogonadism": 0.3125430941581726, "patient meetings": 0.30530717968940735, "patient meeting": 0.3032726049423218, "fellow patients": 0.2925722599029541, "cleft lip": 0.28670382499694824, "see an endocrinologist": 0.27656108140945435, "endocrinologist": 0.2669453024864197, "testosterone therapy": 0.2606794834136963, "chh patients": 0.25861993432044983, "genetic": 0.2539016604423523, "symptom": 0.2500063180923462, "low testosterone": 0.249872624874115, "reproductive endocrinology": 0.24797648191452026, "ks friends": 0.24687933921813965, "dr andrew": 0.24461543560028076, "hosted by dr": 0.24042516946792603, "late bloomer": 0.2391432523727417, "happy to talk": 0.23897770047187805, "line patient": 0.23883980512619019, "mood swings": 0.23419243097305298, "gonadotropin therapy": 0.233909010887146, "patients": 0.23307546973228455, "genetic testing": 0.23032303154468536, "hormone levels": 0.22920411825180054, "testicular": 0.2261468470096588, "fellow ks": 0.22251707315444946, "genetics": 0.2197655439376831, "symptoms": 0.21679481863975525, "normal puberty": 0.2149878740310669, "testosterone level": 0.20995789766311646, "testicular growth": 0.20716866850852966, "fertility treatment": 0.20675955712795258, "medical experts": 0.20515823364257812, "testicular volume": 0.20380355417728424, "patient": 0.20239606499671936}, "2": {"delayed puberty": 0.37700533866882324, "testosterone therapy": 0.3688052296638489, "hypogonadism": 0.35084807872772217, "normal puberty": 0.3477632403373718, "late bloomer": 0.3420124650001526, "natural testosterone": 0.3330124020576477, "testosterone level": 0.3308224678039551, "testosterone levels": 0.3217201232910156, "low testosterone": 0.32014837861061096, "see an endocrinologist": 0.3172208070755005, "endocrinologist": 0.3171248435974121, "congenital hypogonadism": 0.31634700298309326, "testosterone gel": 0.30684417486190796, "testosterone": 0.30668801069259644, "bloomer": 0.30523672699928284, "been diagnosed": 0.3003140389919281, "puberty": 0.2962017357349396, "diagnosed": 0.29349103569984436, "absent puberty": 0.28870445489883423, "hit puberty": 0.288203626871109, "sex drive": 0.28468018770217896, "kallman syndrome": 0.279933899641037, "libido": 0.27731263637542725, "got diagnosed": 0.2763941287994385, "hormone levels": 0.27479588985443115, "mood swings": 0.269697368144989, "gonadotropin therapy": 0.2649262845516205, "kallmann syndrome": 0.2633594274520874, "testosterone production": 0.26249343156814575, "testicular growth": 0.2619357407093048, "estrogen": 0.2572665512561798, "sexual characteristics": 0.2526260018348694, "therapy": 0.25121229887008667, "hormones": 0.24740037322044373, "pituitary gland": 0.24660959839820862, "kallmans syndrome": 0.24442017078399658, "penile growth": 0.2425384223461151, "pituitary": 0.24087929725646973, "trt": 0.23786082863807678, "oestrogen": 0.23755794763565063, "congenital": 0.23663756251335144, "testicular volume": 0.23475025594234467, "symptoms": 0.2346373200416565, "body image": 0.2333495020866394, "was diagnosed": 0.23224641382694244, "hormone": 0.22865992784500122, "reproductive endocrinology": 0.2263939380645752, "starting treatment": 0.22526821494102478, "testicular": 0.2233116179704666, "testicle growth": 0.22319209575653076}}