{"0": {"urticaria": 0.4882436692714691, "raynauds": 0.4179157018661499, "gabapentin": 0.39872801303863525, "amitriptyline": 0.39796483516693115, "neuropathy": 0.38883519172668457, "peripheral neuropathy": 0.3881271779537201, "rheumatologist": 0.3859415650367737, "hives": 0.3786134719848633, "nerve pain": 0.37697118520736694, "lyrica": 0.37074172496795654, "burning pain": 0.36627060174942017, "tingling": 0.3567492365837097, "antihistamines": 0.3553462624549866, "allergic reaction": 0.3538229167461395, "joint pain": 0.352780282497406, "rash": 0.35103243589401245, "heat rashes": 0.35034188628196716, "rashes": 0.34968918561935425, "diagnoses": 0.34905409812927246, "redness and pain": 0.34902775287628174, "blotches": 0.3474562466144562, "symptoms": 0.347106397151947, "similar symptoms": 0.3463762402534485, "neuromuscular neurologist": 0.3449324667453766, "symptom": 0.34484314918518066, "restless leg": 0.3431801199913025, "numbness": 0.34287381172180176, "hashimotos": 0.3410225510597229, "rosacea": 0.3371099829673767, "been diagnosed": 0.3369024693965912, "diagnose": 0.3353056311607361, "lidocaine cream": 0.33512264490127563, "blotchy": 0.3323436379432678, "fiber neuropathy": 0.3322311043739319, "antihistamine": 0.3316134810447693, "lidocaine patches": 0.3292734920978546, "chilblains": 0.32920217514038086, "burning sensation": 0.3247891068458557, "diagnosed": 0.32360485196113586, "psoriatic arthritis": 0.3235442638397217, "discoloration": 0.32147693634033203, "danlos syndrome": 0.32023850083351135, "pins and needles": 0.3172869086265564, "lidocaine": 0.31565773487091064, "neurologist": 0.31559646129608154, "been experiencing": 0.31541550159454346, "raynaud phenomenon": 0.3148854970932007, "arthritis": 0.31393134593963623, "hypermobility": 0.31381213665008545, "swelling": 0.3137196898460388}, "1": {"payday loans": 0.7194198369979858, "loans": 0.5533342361450195, "bad credit": 0.5483052730560303, "loan": 0.5221373438835144, "payday": 0.3557552397251129, "credit": 0.3269222676753998, "cash": 0.2739642262458801, "fast": 0.21036460995674133, "ready": 0.20366066694259644, "bloodwork": 0.1874716877937317, "compounded": 0.18412268161773682, "compounding pharmacy": 0.17237776517868042, "quickly": 0.15412002801895142, "oral amitriptyline": 0.15050148963928223, "struggling": 0.15003567934036255, "autoimmune conditions": 0.14789193868637085, "starting": 0.14764654636383057, "sore": 0.1463979035615921, "urticaria": 0.1461927890777588, "nerve pain": 0.1438053548336029, "waiting": 0.14102031290531158, "facebook": 0.13765983283519745, "bumps": 0.13485045731067657, "gabapentin": 0.1327938437461853, "early": 0.1306685358285904, "taking adderall": 0.1304711401462555, "weaning off": 0.1303710639476776, "chronic fatigue": 0.13033626973628998, "advance": 0.12879665195941925, "money": 0.12761272490024567, "heat rashes": 0.1256711632013321, "lyrica": 0.125639408826828, "facial flares": 0.12506286799907684, "quick": 0.12473836541175842, "blood tests": 0.12278183549642563, "facebook groups": 0.12251468002796173, "joint pain": 0.12215687334537506, "redness and pain": 0.12184078991413116, "low blood": 0.12045939266681671, "pfizer": 0.11962155997753143, "neuropathy": 0.11942814290523529, "rash": 0.11904111504554749, "are on fire": 0.11889144778251648, "medical marijuana": 0.11810776591300964, "frustrating": 0.11759836226701736, "burning pain": 0.1165270209312439, "awhile": 0.11640499532222748, "rebound": 0.11413351446390152, "hives": 0.11387068778276443, "aspirin": 0.11378725618124008}}