{"c_v": 0.28375081309899086, "c_npmi": -0.3585428289079765, "u_mass": -7.27632101565137, "c_uci": -11.114987389197001}