{"c_v": 0.3653149282097147, "c_npmi": -0.27613654895305867, "u_mass": -8.975308756349515, "c_uci": -8.457937398753597}