{"0": {"mcas sufferers": 0.6537456512451172, "common symptom": 0.5307810306549072, "main symptom": 0.5248409509658813, "indicative of mcas": 0.5218164920806885, "symptom": 0.511702835559845, "allergy meds": 0.4997046887874603, "main symptoms": 0.4976096749305725, "symptomatic": 0.49612778425216675, "idiopathic mcas": 0.4912039637565613, "diagnose and treat": 0.48760244250297546, "medical issues": 0.4833838939666748, "reduction in symptoms": 0.4793950319290161, "allergy tests": 0.47458958625793457, "allergy testing": 0.47255241870880127, "recently diagnosed": 0.47017812728881836, "allergy clinic": 0.47000133991241455, "ige allergies": 0.46681344509124756, "serious reaction": 0.4625570774078369, "symptoms": 0.4610197842121124, "seeing an allergist": 0.45932716131210327, "side effects": 0.4577067196369171, "adverse reaction": 0.44981271028518677, "been diagnosed": 0.44971174001693726, "health problems": 0.44829773902893066, "become allergic": 0.445861279964447, "allergic diseases": 0.4448902904987335, "neurological symptoms": 0.44403427839279175, "allergic reaction": 0.44360142946243286, "allergist": 0.44236916303634644, "true allergies": 0.4419604539871216, "health issues": 0.4412168264389038, "allergists": 0.4410537779331207, "allergic reactions": 0.43936896324157715, "see an allergist": 0.43793386220932007, "nauseous": 0.43754035234451294, "became allergic": 0.43673333525657654, "allergy shots": 0.4364963173866272, "celiac disease": 0.4357798099517822, "allergist said": 0.4356077313423157, "salicylate allergy": 0.43489983677864075, "diagnosed yet": 0.43415310978889465, "typical allergy": 0.4335007071495056, "mastocytosis patients": 0.4314187467098236, "allergy test": 0.4308663606643677, "newly diagnosed": 0.4308142066001892, "nausea": 0.4271748960018158, "nauseated": 0.4249909222126007, "misdiagnosed": 0.4247784912586212, "allergies": 0.42461735010147095, "allergy": 0.4243341088294983}, "1": {"covid vaccines": 0.7019873857498169, "covid vaccine": 0.6819595098495483, "getting the vaccine": 0.644717812538147, "being vaccinated": 0.616740345954895, "pfizer vaccine": 0.6166766881942749, "vaccination": 0.6061578989028931, "vaccinated": 0.6058303117752075, "vaccine": 0.5831210017204285, "vaccines": 0.5822089910507202, "covid infection": 0.5711642503738403, "mrna vaccines": 0.5678056478500366, "allergy shots": 0.547918438911438, "flu vaccine": 0.5251204967498779, "immunotherapy": 0.5235062837600708, "mcas sufferers": 0.5055211186408997, "inflammatory response": 0.48243629932403564, "allergist immunologist": 0.4795425832271576, "immune response": 0.468406617641449, "chronic infection": 0.46698305010795593, "ige allergies": 0.462189257144928, "allergy meds": 0.46149778366088867, "immunologists": 0.45989930629730225, "seeing an immunologist": 0.45872142910957336, "allergy clinic": 0.4585002064704895, "immunology": 0.45386356115341187, "allergy immunology": 0.449617862701416, "flu shots": 0.44291797280311584, "autoimmune conditions": 0.44122061133384705, "allergy testing": 0.44014284014701843, "diagnose and treat": 0.4373534321784973, "immunologist": 0.4370650053024292, "cortisol": 0.43573886156082153, "allergy tests": 0.43392300605773926, "inflammation": 0.4335571825504303, "true allergies": 0.43277478218078613, "allergies": 0.43128466606140137, "allergists": 0.4243164658546448, "allergist": 0.42429372668266296, "seasonal allergies": 0.42409905791282654, "autoimmune urticaria": 0.4211569130420685, "anti inflammatory": 0.42096176743507385, "seeing an allergist": 0.41920292377471924, "autoimmune": 0.4190618395805359, "viruses allergic": 0.41886281967163086, "infection": 0.4165263772010803, "autoimmune diseases": 0.41619932651519775, "actual allergies": 0.41597121953964233, "allergist said": 0.4154236912727356, "allergic reaction": 0.4148520827293396, "antibodies": 0.4139181077480316}}