{"c_v": 0.3291468118133871, "c_npmi": -0.292545242980665, "u_mass": -5.596535726048753, "c_uci": -8.729361284801453}