{"0": {"chest pains": 0.5722510814666748, "costochondritis": 0.5492472648620605, "diagnosed with costochondritis": 0.5481273531913757, "intercostal neuralgia": 0.515564501285553, "pleurisy": 0.49193626642227173, "fibro": 0.4807395935058594, "myofascial": 0.4780900776386261, "sharp pain": 0.4775661826133728, "chiro physio": 0.477206826210022, "sharp pains": 0.4563775062561035, "precordial": 0.450145423412323, "fibromyalgia": 0.4484347701072693, "cervical angina": 0.44831013679504395, "backpain": 0.430208295583725, "pulled muscle": 0.42533427476882935, "pains": 0.42429372668266296, "esophageal spasms": 0.42372655868530273, "intercostal muscle": 0.4223320484161377, "seeing an osteopath": 0.4202042818069458, "pinched nerve": 0.4182509779930115, "angina": 0.41702941060066223, "intercostal nerve": 0.41663724184036255, "stabbing pains": 0.4121001362800598, "muscle spasm": 0.4096997380256653, "sore shoulders": 0.40793997049331665, "herniated": 0.40684351325035095, "seeing physio": 0.4039640426635742, "sternum": 0.40313902497291565, "random pains": 0.4023226499557495, "constant ache": 0.4014948010444641, "muscle strain": 0.3998226523399353, "stabbing pain": 0.3981904685497284, "tendinitis": 0.3980848789215088, "flexeril": 0.3979809284210205, "chiro": 0.3972451984882355, "intercoastal neuralgia": 0.39722707867622375, "muscle spasms": 0.39670225977897644, "neuralgia": 0.39620494842529297, "thoracic": 0.3959348797798157, "ankylosing spondylitis": 0.39529120922088623, "rib syndrome": 0.39517414569854736, "muscle aches": 0.39316096901893616, "muscle soreness": 0.3920917510986328, "scapula": 0.3915359377861023, "osteopath": 0.3910408914089203, "seeing physiotherapist": 0.3896293044090271, "shoulder impingement": 0.38762474060058594, "seeing chiro": 0.3866579830646515, "gallbladder issues": 0.386566162109375, "seeing chiropractor": 0.38651174306869507}, "1": {"underwire bras": 0.6586934328079224, "underwire bra": 0.6269434094429016, "wearing bras": 0.5716629028320312, "wear bras": 0.5709965229034424, "underwire": 0.5502762794494629, "bras": 0.5453625917434692, "fitting bra": 0.5348400473594666, "go braless": 0.5341498255729675, "bralettes": 0.5317152738571167, "sports bras": 0.5293561816215515, "wearing bra": 0.5264432430267334, "wear bra": 0.5165112614631653, "braless": 0.5111279487609863, "sports bra": 0.5083147287368774, "wired bras": 0.4913156032562256, "bra": 0.47031283378601074, "breast reduction": 0.45975834131240845, "bra line": 0.4536961019039154, "bralette": 0.44978225231170654, "tight chested": 0.4274458587169647, "fibrocystic breast": 0.41514134407043457, "posture brace": 0.40378743410110474, "chested": 0.39591366052627563, "shoulder girdle": 0.39037689566612244, "wireless bras": 0.3880879282951355, "large breasts": 0.38772791624069214, "pectus excavatum": 0.38674020767211914, "mammogram": 0.3855011463165283, "breast": 0.38172322511672974, "pectorals": 0.37866657972335815, "underarm": 0.37555718421936035, "breast cancer": 0.37554848194122314, "left breast": 0.3755037188529968, "genie bra": 0.3754574656486511, "breast implant": 0.3737943768501282, "breast tissue": 0.3693412244319916, "larger breasts": 0.36834242939949036, "big boobs": 0.3638406991958618, "fibro": 0.36188259720802307, "straps": 0.36080431938171387, "costochondritis": 0.3607425391674042, "breasts": 0.3596276044845581, "pectoral": 0.35918498039245605, "pec": 0.35837364196777344, "breast plate": 0.3570251166820526, "breast bone": 0.35653263330459595, "backpain": 0.3552144169807434, "rib brace": 0.35175520181655884, "chest pains": 0.3465902805328369, "diagnosed with costochondritis": 0.3459155857563019}}