{"c_v": 0.5300736408564595, "c_npmi": -0.18279328825323682, "u_mass": -9.346700761515553, "c_uci": -6.833662430710282}