{"0": {"diagnosed with cml": 0.6183260679244995, "recently diagnosed": 0.5182931423187256, "was diagnosed": 0.5163160562515259, "got diagnosed": 0.45872175693511963, "diagnosed": 0.4578971266746521, "diagnosis": 0.44380658864974976, "hematologist oncologist": 0.4109453558921814, "treatment": 0.39161187410354614, "leukemia": 0.3877280652523041, "treatments": 0.3814164400100708, "treatment free": 0.35673999786376953, "biopsy": 0.35571029782295227, "my hematologist": 0.34155309200286865, "dasatinib mg": 0.33469778299331665, "patients": 0.33321717381477356, "your doctor": 0.3175979256629944, "sprycel mg": 0.3166678547859192, "oncologist": 0.3090461492538452, "symptoms": 0.3068404197692871, "medications": 0.30507296323776245, "remission": 0.30497056245803833, "wbc count": 0.30274873971939087, "hematologist": 0.2974185645580292, "side affects": 0.2829756438732147, "wbc": 0.275508314371109, "meds": 0.2753818929195404, "medication": 0.27499300241470337, "side effects": 0.2730792164802551, "cml": 0.2705099582672119, "bcr abl": 0.2687106132507324, "cancer": 0.26648226380348206, "chemo": 0.2647404670715332, "sorry to hear": 0.2640959322452545, "imatinib": 0.25346747040748596, "chronic phase": 0.25029632449150085, "disease": 0.240103617310524, "medical": 0.2313038855791092, "pill": 0.22432750463485718, "marrow": 0.22416295111179352, "side effect": 0.22163879871368408, "bcr": 0.21989381313323975, "dasatinib": 0.2167048454284668, "any advice": 0.21176660060882568, "feel better": 0.21093441545963287, "my platelets": 0.2079348862171173, "doctor": 0.20698679983615875, "sprycel": 0.20346307754516602, "specialist": 0.2021721452474594, "bone marrow": 0.2009403109550476, "transplant": 0.19890916347503662}, "1": {"book": 0.5804134607315063, "reading": 0.4398084282875061, "read": 0.4194261431694031, "free": 0.37361907958984375, "sharing": 0.3636651933193207, "share": 0.362766832113266, "need": 0.3516021966934204, "pm": 0.34611910581588745, "please": 0.340678870677948, "also": 0.3381826877593994, "worked": 0.3368019759654999, "second": 0.3308206796646118, "this": 0.3293004631996155, "here": 0.32824015617370605, "best of luck": 0.32489168643951416, "for": 0.31857365369796753, "sprycel": 0.3154771029949188, "thanks": 0.31410014629364014, "welcome": 0.3115752637386322, "below": 0.3115132749080658, "thank": 0.3101784288883209, "use": 0.3095914125442505, "abl": 0.30791276693344116, "so much": 0.3072424530982971, "helped": 0.3064676523208618, "by": 0.30541712045669556, "other than": 0.30533069372177124, "options": 0.3045404851436615, "using": 0.30298912525177, "all": 0.30260664224624634, "info": 0.30183207988739014, "good luck": 0.3014046549797058, "imatinib": 0.3013123869895935, "appreciate": 0.2984277904033661, "thank you": 0.2977331578731537, "feel free": 0.29758697748184204, "helped me": 0.29638534784317017, "tried": 0.295154869556427, "dasatinib": 0.29384177923202515, "issues": 0.29348546266555786, "least": 0.29284924268722534, "best": 0.29249581694602966, "would love": 0.29017674922943115, "same": 0.28987404704093933, "tasigna": 0.28928714990615845, "full": 0.2892194390296936, "and": 0.28863418102264404, "all the best": 0.2882099151611328, "its": 0.287811815738678, "journey": 0.28566694259643555}}