{"c_v": 0.3469642033592847, "c_npmi": -0.1945911724121557, "u_mass": -1.6305396955280176, "c_uci": -6.158688482761349}