{"c_v": 0.40110543734090154, "c_npmi": -0.12223447240701407, "u_mass": -2.15034041895936, "c_uci": -4.060572603225347}