{"0": {"testosterone therapy": 0.5534279346466064, "see an endocrinologist": 0.495993435382843, "kallmann syndrome": 0.49397748708724976, "low testosterone": 0.4843151569366455, "gonadotropin therapy": 0.48409146070480347, "kallmans syndrome": 0.4763464331626892, "testosterone levels": 0.469721257686615, "testosterone level": 0.46589988470077515, "absent puberty": 0.4628943204879761, "kallman syndrome": 0.4628143906593323, "delayed puberty": 0.4613921642303467, "diagnosis and treatment": 0.45751646161079407, "natural testosterone": 0.45587611198425293, "hormone levels": 0.4503573775291443, "testosterone production": 0.449568510055542, "normal puberty": 0.4476393461227417, "congenital hypogonadism": 0.44297224283218384, "been diagnosed": 0.4387529194355011, "was diagnosed": 0.4251706600189209, "testicular growth": 0.4247342050075531, "testosterone": 0.4183584749698639, "hormones": 0.4016656279563904, "gonadotropin": 0.4012138545513153, "hormone": 0.39697739481925964, "testicle growth": 0.3956069350242615, "diagnosis": 0.3938865661621094, "testosterone gel": 0.3936668038368225, "diagnosed": 0.38658764958381653, "fertility treatment": 0.38440561294555664, "fertility treatments": 0.3748042583465576, "got diagnosed": 0.3746090531349182, "start treatment": 0.3697693347930908, "starting treatment": 0.363272488117218, "hit puberty": 0.3565340042114258, "reproductive endocrinology": 0.35539406538009644, "puberty": 0.3521590530872345, "testicular volume": 0.3353648781776428, "through puberty": 0.3329106569290161, "estrogen": 0.330233097076416, "oestrogen": 0.3279421329498291, "testicular": 0.3248124420642853, "hcg hmg": 0.31879281997680664, "endocrinologist": 0.3131577968597412, "penile growth": 0.3112737834453583, "your doctor": 0.30775701999664307, "syndrome": 0.305122435092926, "secondary sexual": 0.298018217086792, "treatment": 0.2978861331939697, "treatments": 0.2971718907356262, "congenital": 0.2953132390975952}, "1": {"kallmann syndrome": 0.889033317565918, "kallmans syndrome": 0.8217813968658447, "kallman syndrome": 0.8132084608078003, "kallmann": 0.5500837564468384, "syndrome": 0.5188559889793396, "kallmanns": 0.5172487497329712, "kallmans": 0.5144561529159546, "was diagnosed": 0.5114240050315857, "diagnosis and treatment": 0.49780943989753723, "been diagnosed": 0.4926100969314575, "diagnosed": 0.4843631982803345, "diagnosis": 0.4829477071762085, "kallman": 0.4740721583366394, "rare disease": 0.43194878101348877, "got diagnosed": 0.42061370611190796, "chh patients": 0.419802725315094, "patients": 0.3768965005874634, "congenital": 0.3564324975013733, "klinefelter": 0.3433482348918915, "dr andrew": 0.3359726071357727, "treatment": 0.3339698910713196, "clinical": 0.3150556683540344, "fellow patients": 0.3141092360019684, "treatments": 0.3112371265888214, "hosted by dr": 0.30796605348587036, "patient meeting": 0.3063281774520874, "replacement therapy": 0.29774582386016846, "symptom": 0.2969285845756531, "your doctor": 0.29363828897476196, "medical": 0.29356420040130615, "specialist": 0.2819385826587677, "start treatment": 0.28183895349502563, "starting treatment": 0.278344988822937, "congenital hypogonadism": 0.278256356716156, "line patient": 0.2741971015930176, "medical experts": 0.2716522812843323, "patient": 0.2714996635913849, "symptoms": 0.2688378095626831, "doctor": 0.26841551065444946, "gene defect": 0.2661021649837494, "absent puberty": 0.2653648853302002, "therapy": 0.2574393153190613, "severe": 0.25625038146972656, "anosmia": 0.2502627670764923, "doctors": 0.24919357895851135, "patient meetings": 0.2488512098789215, "endocrinologist": 0.24707332253456116, "testosterone therapy": 0.24659311771392822, "cleft lip": 0.24656617641448975, "dr": 0.24591004848480225}, "2": {"kallmann syndrome": 0.7391571998596191, "kallmans syndrome": 0.6881692409515381, "kallman syndrome": 0.6851391792297363, "congenital hypogonadism": 0.5838816165924072, "delayed puberty": 0.5468376874923706, "absent puberty": 0.5190519094467163, "normal puberty": 0.4527806043624878, "syndrome": 0.4506634473800659, "congenital": 0.4436034858226776, "puberty": 0.4381157457828522, "hypogonadism": 0.43015843629837036, "gonadotropin": 0.42084503173828125, "gonadotropin therapy": 0.41782546043395996, "diagnosis and treatment": 0.4141618013381958, "hormone": 0.4125574231147766, "hormone levels": 0.40527230501174927, "fertility treatment": 0.4041908085346222, "through puberty": 0.39912325143814087, "testosterone therapy": 0.39893871545791626, "reproductive endocrinology": 0.3968144655227661, "fertility treatments": 0.39623236656188965, "hormones": 0.39486145973205566, "testicular growth": 0.39467546343803406, "testosterone production": 0.3907555937767029, "kallmann": 0.3862752318382263, "diagnosis": 0.3861164152622223, "was diagnosed": 0.3838006854057312, "low testosterone": 0.3827228546142578, "diagnosed": 0.38157621026039124, "been diagnosed": 0.3808075785636902, "chh patients": 0.37325888872146606, "fertility": 0.3671543598175049, "testosterone levels": 0.35878899693489075, "testosterone": 0.35786139965057373, "secondary sexual": 0.35546934604644775, "see an endocrinologist": 0.35435551404953003, "testicle growth": 0.354214608669281, "genetics": 0.3515404760837555, "kallmans": 0.35136842727661133, "testosterone level": 0.34980103373527527, "hit puberty": 0.34884440898895264, "kallmanns": 0.3433729410171509, "genetic testing": 0.3400036096572876, "kallman": 0.33934247493743896, "natural testosterone": 0.33836907148361206, "pituitary gland": 0.33760547637939453, "penile growth": 0.33727753162384033, "rare disease": 0.3271661698818207, "klinefelter": 0.3223983645439148, "gene defect": 0.3205200433731079}}