{"c_v": 0.4639854935391628, "c_npmi": -0.32883852909982153, "u_mass": -14.295790253570043, "c_uci": -10.218339218789671}