{"0": {"eczema": 0.5603317022323608, "dermatitis": 0.5596569776535034, "itchy spots": 0.518719494342804, "constantly itchy": 0.5050906538963318, "itchy": 0.49789831042289734, "very itchy": 0.4952695667743683, "extremely itchy": 0.49412405490875244, "dermatographia": 0.4910780191421509, "see dermatologist": 0.48504000902175903, "see an allergist": 0.48488861322402954, "allergic reaction": 0.4819573760032654, "rash": 0.4811021685600281, "rashes": 0.47812190651893616, "allergen": 0.4639953374862671, "allergy meds": 0.46397215127944946, "allergy": 0.4620665907859802, "derma": 0.461567759513855, "anti itch": 0.46063798666000366, "dermatologist": 0.45837897062301636, "take antihistamines": 0.4524919390678406, "allergy medication": 0.45226407051086426, "allergies or thyroid": 0.45050930976867676, "allergist": 0.4457642138004303, "allergic": 0.44490110874176025, "dermatographism": 0.4428671598434448, "allergies": 0.4400317072868347, "am allergic": 0.4393647611141205, "developed dermatographia": 0.43771904706954956, "allergist suggested": 0.4287470877170563, "super itchy": 0.4281180799007416, "allergic reactions": 0.42686301469802856, "itching": 0.4233996868133545, "saw an allergist": 0.42211204767227173, "itch": 0.41818737983703613, "hives": 0.41803812980651855, "allergist said": 0.41704100370407104, "benadryl at night": 0.4166790544986725, "allergy medicine": 0.4161999225616455, "allergy tests": 0.41423922777175903, "allergy pill": 0.4106036126613617, "itch cream": 0.40968555212020874, "irritation": 0.4087711572647095, "tested for allergies": 0.4057006239891052, "allergy testing": 0.3998193144798279, "histamine": 0.39828550815582275, "urticaria": 0.39415472745895386, "mosquito bites": 0.3934001922607422, "histamine intolerance": 0.39079511165618896, "allergy test": 0.39026105403900146, "anti histamine": 0.3900848627090454}, "1": {"getting tattoo": 0.598953127861023, "tattoos": 0.5925513505935669, "tattoo": 0.556728720664978, "tattoo artist": 0.5464855432510376, "see dermatologist": 0.3870869278907776, "eczema": 0.3808925747871399, "dermatitis": 0.3699381351470947, "dermatographia": 0.3683268427848816, "dermatologist": 0.36797016859054565, "derma": 0.34236663579940796, "developed dermatographia": 0.34225162863731384, "itchy spots": 0.3372238576412201, "very itchy": 0.335224986076355, "see an allergist": 0.3253381848335266, "extremely itchy": 0.32486000657081604, "rash": 0.32321569323539734, "constantly itchy": 0.3203441798686981, "itchy": 0.32013386487960815, "mosquito bites": 0.3192044496536255, "rashes": 0.31652480363845825, "allergic reaction": 0.3145179748535156, "red ink": 0.3139686584472656, "anti itch": 0.31063568592071533, "sensitive skin": 0.3082660734653473, "ink": 0.3057284653186798, "saw an allergist": 0.3052487075328827, "dermatographism": 0.3006700873374939, "allergic": 0.30064141750335693, "scabies": 0.29928261041641235, "super itchy": 0.29846686124801636, "scratch marks": 0.29836970567703247, "itch cream": 0.2964855432510376, "itch": 0.29338017106056213, "allergist said": 0.29310423135757446, "am allergic": 0.2887642979621887, "allergic to nickel": 0.2873970568180084, "allergist": 0.2869732975959778, "skin moisturized": 0.28274375200271606, "bug bites": 0.28212374448776245, "allergy": 0.28175294399261475, "allergen": 0.2815190255641937, "dry skin": 0.27842655777931213, "tested for allergies": 0.27825987339019775, "allergies": 0.27651461958885193, "allergic reactions": 0.27593156695365906, "allergy tests": 0.2706274390220642, "hives": 0.27033519744873047, "itching": 0.2702428698539734, "stop scratching": 0.2682419419288635, "steroid cream": 0.2681090831756592}}