{"c_v": 0.25272774063091663, "c_npmi": -0.20389166562040667, "u_mass": -3.6444450885950532, "c_uci": -6.084556006567743}