{"0": {"mild anemia": 0.5645925998687744, "anaemia": 0.5615788698196411, "hemolytic anemia": 0.5309734344482422, "anemic": 0.5278884768486023, "anemia": 0.5151255130767822, "iron supplements": 0.49768340587615967, "hemoglobin levels": 0.4953981935977936, "hemoglobin level": 0.4942167401313782, "hemoglobin and hematocrit": 0.4889371395111084, "pernicious anemia": 0.4884849190711975, "iron deficiency": 0.4838535785675049, "hemoglobin": 0.48135560750961304, "hemoglobin disease": 0.48129433393478394, "microcytic anemia": 0.4790358543395996, "iron deficient": 0.44884049892425537, "thalassemia trait": 0.44647204875946045, "thalassemia": 0.44125157594680786, "ferritin": 0.4388044774532318, "iron pills": 0.4362274706363678, "ferritin level": 0.4333590269088745, "blood work": 0.43105584383010864, "thalassemia intermedia": 0.43061232566833496, "iron chelation": 0.43012499809265137, "haemoglobin": 0.4282018542289734, "ferritin levels": 0.4234875440597534, "hematocrit": 0.4208559989929199, "low mcv": 0.4201160669326782, "iron infusions": 0.4161362051963806, "bloodwork": 0.4130120873451233, "hemoglobin electrophoresis": 0.407676637172699, "iron levels": 0.4075234532356262, "fetal hemoglobin": 0.4062342941761017, "iron intake": 0.40320420265197754, "supplementation": 0.396739661693573, "iron infusion": 0.39323335886001587, "thalassemia minor": 0.3928757905960083, "excess iron": 0.39200228452682495, "multivitamin": 0.3902401924133301, "iron overload": 0.3896697759628296, "high rbc": 0.3878776431083679, "iron absorption": 0.3869354724884033, "mcv": 0.3859938383102417, "hypothyroidism": 0.38484781980514526, "bloodwork done": 0.3837881088256836, "lightheadedness": 0.37521877884864807, "always tired": 0.37125325202941895, "blood test": 0.3709539771080017, "bilirubin": 0.36892348527908325, "extreme fatigue": 0.36777758598327637, "blood tests": 0.3670748472213745}, "1": {"thalassemia trait": 0.5955584049224854, "beta thalassemia": 0.5890228748321533, "thalassemia minor": 0.5403285622596741, "thalassemia": 0.5326312780380249, "thalassemia intermedia": 0.5296324491500854, "alpha thalassemia": 0.5172944068908691, "thalassemia major": 0.498464971780777, "mild anemia": 0.44220948219299316, "hemoglobin disease": 0.4292134642601013, "anaemia": 0.42528921365737915, "hemoglobin levels": 0.41912972927093506, "hemoglobin level": 0.4058372378349304, "hemolytic anemia": 0.4047200083732605, "genetic test": 0.40367546677589417, "hemoglobin electrophoresis": 0.39843249320983887, "hemoglobin": 0.39761316776275635, "sickle cell": 0.3843880295753479, "genetic disorder": 0.3842425048351288, "microcytic anemia": 0.38424152135849, "genetic testing": 0.3790524899959564, "beta globin": 0.37741518020629883, "anemia": 0.37620264291763306, "low mcv": 0.3740144968032837, "asymptomatic": 0.3739480972290039, "hemoglobin and hematocrit": 0.3717026710510254, "pernicious anemia": 0.3655048608779907, "fetal hemoglobin": 0.36441004276275635, "transfusion dependent": 0.36314457654953003, "hematologist": 0.36064451932907104, "folate": 0.35936611890792847, "hgb hct": 0.3581980764865875, "anemic": 0.35431045293807983, "genetic counseling": 0.34761086106300354, "mcv": 0.34361785650253296, "genetic disorders": 0.3425045609474182, "genetics": 0.34084948897361755, "genetic": 0.34007441997528076, "blood work": 0.3372655510902405, "diagnosed": 0.33609580993652344, "genetic counselor": 0.3355720639228821, "beta thal": 0.33332714438438416, "regular transfusions": 0.3320886790752411, "haemoglobin": 0.33204755187034607, "inherited": 0.33168190717697144, "blood disorder": 0.32924437522888184, "ferritin": 0.32647281885147095, "hematology": 0.32439160346984863, "see hematologist": 0.31978926062583923, "crispr": 0.3189104199409485, "dna test": 0.31826457381248474}, "2": {"thalassemia": 0.3928263187408447, "beta thalassemia": 0.38378292322158813, "thalassemia intermedia": 0.37233078479766846, "thalassemia trait": 0.3691333532333374, "thalassemia minor": 0.34804999828338623, "thalassemia major": 0.3473910689353943, "diagnosed": 0.340520977973938, "mild anemia": 0.3391648828983307, "anaemia": 0.33522212505340576, "alpha thalassemia": 0.3306761384010315, "hemoglobin disease": 0.3211142420768738, "hemolytic anemia": 0.3202595114707947, "medical advice": 0.31996023654937744, "need transfusions": 0.31974172592163086, "regular transfusions": 0.3172891139984131, "hematologist": 0.3099510967731476, "hemoglobin level": 0.3052840828895569, "hemoglobin levels": 0.30360153317451477, "transfusions every": 0.30255746841430664, "anemia": 0.30194491147994995, "anemic": 0.3017008304595947, "microcytic anemia": 0.2993534803390503, "transfusions": 0.2956404685974121, "hematology": 0.2952343225479126, "transfusion dependent": 0.29216381907463074, "misdiagnosed": 0.29211753606796265, "hemoglobin": 0.2901727557182312, "asymptomatic": 0.2897070646286011, "hypothyroidism": 0.2859378755092621, "was diagnosed": 0.2853214144706726, "bloodwork": 0.28161054849624634, "chelation therapy": 0.2802143692970276, "pernicious anemia": 0.2796262502670288, "bloodwork done": 0.27885228395462036, "recently diagnosed": 0.2786181569099426, "go to the hospital": 0.27729329466819763, "blood work": 0.27484166622161865, "mcv": 0.2731075882911682, "see hematologist": 0.2720346450805664, "blood disorder": 0.26984381675720215, "folate": 0.26950979232788086, "hgb hct": 0.2694360911846161, "supplementation": 0.26871758699417114, "hematocrit": 0.2666935920715332, "genetic counseling": 0.2647092640399933, "patients": 0.26283976435661316, "ferritin level": 0.2625635266304016, "symptomatic": 0.2622244954109192, "transfusion": 0.26147109270095825, "platelets": 0.2594255805015564}, "3": {"astrazeneca vaccine": 0.43762287497520447, "covid vaccine": 0.43227094411849976, "vaccine": 0.4068845510482788, "beta thalassemia": 0.38032811880111694, "thalassemia trait": 0.3720681965351105, "thalassemia": 0.36361703276634216, "thalassemia intermedia": 0.357169508934021, "vaccines": 0.35702651739120483, "thalassemia minor": 0.3529372811317444, "alpha thalassemia": 0.34732675552368164, "thalassemia major": 0.3414781093597412, "asymptomatic": 0.33342015743255615, "immune": 0.3173902928829193, "mild anemia": 0.3114519715309143, "flu": 0.29182177782058716, "no symptoms": 0.2835659086704254, "supplementation": 0.2766319513320923, "methylated folate": 0.2765204906463623, "anemic": 0.27131903171539307, "immune system": 0.2676091492176056, "hgb hct": 0.2650943398475647, "transfusion dependent": 0.26226261258125305, "auto immune": 0.2608197331428528, "side effects": 0.2607092261314392, "hemolytic anemia": 0.26070570945739746, "beta globin": 0.25817227363586426, "anaemia": 0.25281158089637756, "immunity": 0.25211548805236816, "sickle": 0.24988150596618652, "mcv": 0.24954329431056976, "getting tested": 0.24843494594097137, "high dose": 0.24551022052764893, "anemia": 0.24541814625263214, "bloodwork done": 0.2452346831560135, "malaria": 0.24430647492408752, "symptoms": 0.24168667197227478, "side effect": 0.24103164672851562, "pernicious anemia": 0.23967663943767548, "beta thal": 0.23785993456840515, "bloodwork": 0.23712033033370972, "chelation": 0.23685826361179352, "low mcv": 0.23679031431674957, "first dose": 0.23628084361553192, "high doses": 0.2358359694480896, "hct": 0.23575466871261597, "get tested": 0.23527131974697113, "infusion": 0.2338199019432068, "hematology": 0.2336936593055725, "sickle cell": 0.23351599276065826, "platelets": 0.2331967055797577}}