{"c_v": 0.36632655820990767, "c_npmi": -0.15448141215805122, "u_mass": -2.3417200037170893, "c_uci": -5.198689721158845}