{"c_v": 0.34600018423585605, "c_npmi": -0.3036847459719882, "u_mass": -3.3093103046406713, "c_uci": -9.235828189642397}