{"0": {"getting spinraza": 0.8084774017333984, "spinraza": 0.699332594871521, "sma patients": 0.5121315121650696, "treated with zolgensma": 0.48594003915786743, "medicaid": 0.4498262107372284, "diagnosed with sma": 0.4381132125854492, "medication": 0.41132932901382446, "medications": 0.39822548627853394, "efficacy": 0.396159291267395, "dosing": 0.3944360017776489, "cure sma": 0.39180827140808105, "patients": 0.3905724287033081, "clinical trial": 0.3859540522098541, "therapies": 0.38402891159057617, "treatments": 0.3838333189487457, "treatment": 0.3830495774745941, "first dose": 0.379668653011322, "other drugs": 0.37596169114112854, "clinical trials": 0.37402039766311646, "these treatments": 0.37019166350364685, "medicine": 0.36889219284057617, "drug": 0.3677626848220825, "treated": 0.3649992346763611, "patient": 0.36479896306991577, "drugs": 0.3548220992088318, "doses": 0.3519458472728729, "was diagnosed": 0.3519369959831238, "diagnosed": 0.34689420461654663, "clinical": 0.34588634967803955, "side effects": 0.3429396152496338, "clinic": 0.3403112292289734, "healthcare": 0.33716535568237305, "medical": 0.3345239758491516, "therapy": 0.3295370638370514, "dose": 0.32937997579574585, "supplements": 0.3290201425552368, "treat": 0.32895708084106445, "cure": 0.3185669779777527, "doctor said": 0.31810462474823, "health": 0.315359503030777, "my doctor": 0.315327525138855, "dosage": 0.31243905425071716, "older patients": 0.31223419308662415, "treating": 0.3102893829345703, "trials": 0.31005191802978516, "loading dose": 0.30945146083831787, "gene therapy": 0.3089555501937866, "doctors": 0.30542635917663574, "after the procedure": 0.30096757411956787, "has taken": 0.30081045627593994}, "1": {"diagnosed with sma": 0.6407695412635803, "sma patients": 0.6192799806594849, "was diagnosed": 0.4646604359149933, "diagnosed": 0.45305320620536804, "older patients": 0.4355277121067047, "disease progression": 0.4269394874572754, "patients": 0.42541056871414185, "having child": 0.41315966844558716, "months old": 0.4096614718437195, "cure sma": 0.4002433717250824, "care needs": 0.3992459774017334, "smn gene": 0.3987921476364136, "month old": 0.3906440734863281, "children hospital": 0.3885379433631897, "smn genes": 0.38710612058639526, "gene therapy": 0.3825576901435852, "disease": 0.3782593011856079, "patient": 0.3748014569282532, "sma community": 0.37445175647735596, "diseases": 0.3714678883552551, "diagnosis": 0.36947205662727356, "carers": 0.3680152893066406, "treated with zolgensma": 0.3679783046245575, "clinical": 0.3644891381263733, "clinical trial": 0.36311787366867065, "dr": 0.36209559440612793, "year old": 0.35840070247650146, "genetic testing": 0.3558204174041748, "son has": 0.35318294167518616, "symptoms": 0.35111045837402344, "health": 0.3507351577281952, "tl dr": 0.3502556085586548, "treated": 0.34968435764312744, "people with disabilities": 0.3474777936935425, "medical": 0.3458484411239624, "my doctor": 0.34474408626556396, "clinical trials": 0.34350377321243286, "treatment": 0.3427545428276062, "therapy": 0.3426353931427002, "child": 0.3415665328502655, "mutation": 0.34149169921875, "healthcare": 0.3414892256259918, "carer": 0.33853739500045776, "adult": 0.3324311375617981, "younger": 0.3296163082122803, "clinic": 0.32852113246917725, "concerned about": 0.3285176157951355, "scoliosis": 0.3280797600746155, "parent": 0.3272859454154968, "getting spinraza": 0.3246697187423706}, "2": {"sma patients": 0.591535747051239, "clinical trial": 0.5844763517379761, "clinical trials": 0.5784885883331299, "diagnosed with sma": 0.5617478489875793, "therapies": 0.5402445793151855, "efficacy": 0.5215209722518921, "clinical": 0.5173642635345459, "these treatments": 0.5117268562316895, "treated with zolgensma": 0.4982924461364746, "trials": 0.492917001247406, "gene therapy": 0.49250972270965576, "treatments": 0.4877912104129791, "cure sma": 0.4839724004268646, "treatment": 0.47985464334487915, "diagnosed": 0.46959567070007324, "was diagnosed": 0.46954837441444397, "spinal tap": 0.46917542815208435, "physical therapy": 0.4655533730983734, "spinal": 0.4651740491390228, "therapy": 0.46161675453186035, "atrophy": 0.4591773450374603, "spinal muscular": 0.45888954401016235, "muscular dystrophy": 0.45487648248672485, "spinal fusion": 0.4513617753982544, "dosing": 0.44702285528182983, "medicine": 0.44406476616859436, "patients": 0.44379085302352905, "spinal fluid": 0.435985267162323, "medicaid": 0.4314376711845398, "medical": 0.4304429292678833, "neurology": 0.4271804690361023, "scoliosis": 0.42395222187042236, "treated": 0.4229567050933838, "spine": 0.42241963744163513, "disease progression": 0.4211234450340271, "my neurologist": 0.41639789938926697, "medication": 0.415488064289093, "getting spinraza": 0.4143635630607605, "phase trial": 0.4090327322483063, "other drugs": 0.40853971242904663, "patient": 0.4073026776313782, "dr": 0.40705034136772156, "tl dr": 0.4028692841529846, "cure": 0.4026307165622711, "first dose": 0.4025125503540039, "screening": 0.402393102645874, "side effects": 0.40208297967910767, "neurologist": 0.4013952612876892, "diagnosis": 0.40103739500045776, "tested": 0.3938964009284973}, "3": {"pre": 0.6655118465423584, "lol": 0.6470564603805542, "met": 0.6183503866195679, "haha": 0.6125785112380981, "hi there": 0.6083441972732544, "till": 0.6062584519386292, "posted": 0.6047908067703247, "onto": 0.6028608083724976, "hi all": 0.6020870208740234, "ii": 0.6017787456512451, "ha": 0.6003662347793579, "sma": 0.5993350744247437, "legit": 0.5985649824142456, "cheers": 0.5970723628997803, "docs": 0.5920900702476501, "im": 0.5910180807113647, "on": 0.5902087092399597, "plus": 0.587239146232605, "comment": 0.5813809633255005, "hi": 0.5803714990615845, "hi everyone": 0.5791632533073425, "ok": 0.5781221985816956, "folks": 0.5752218961715698, "you guys": 0.5726719498634338, "message me": 0.5719629526138306, "ah": 0.5707403421401978, "hey": 0.5701503157615662, "dont": 0.5696038007736206, "good luck": 0.5670575499534607, "super": 0.5664777755737305, "gotten": 0.5636801719665527, "zolgensma": 0.5621865391731262, "link": 0.5613483190536499, "per": 0.5605034828186035, "nhs": 0.5599690079689026, "oh": 0.5588564872741699, "here": 0.558668851852417, "posts": 0.5555624961853027, "links": 0.5549269914627075, "niece": 0.5549241304397583, "anyone": 0.5542125701904297, "lumbar": 0.5537383556365967, "posting": 0.5530883073806763, "post": 0.5523001551628113, "male": 0.5514106154441833, "kevan": 0.5509294271469116, "sierra": 0.5494255423545837, "pt": 0.5470482707023621, "too": 0.5458680987358093, "risdiplam": 0.5453975796699524}, "4": {"exercises": 0.5760431289672852, "disabled": 0.5566074252128601, "wheelchair": 0.5411198139190674, "exercise": 0.5358900427818298, "able to walk": 0.51931232213974, "disabilities": 0.5017804503440857, "physical therapy": 0.5011683702468872, "spinal muscular": 0.49168065190315247, "people with disabilities": 0.4872569441795349, "disability": 0.4775717258453369, "muscular": 0.4555622339248657, "muscular dystrophy": 0.4426650404930115, "legs": 0.43588489294052124, "muscles": 0.43550020456314087, "mobility": 0.42731159925460815, "tips": 0.4244123101234436, "spinal": 0.41922491788864136, "muscle loss": 0.4183270335197449, "muscle strength": 0.4182865023612976, "physically": 0.41728609800338745, "spinal tap": 0.4092481732368469, "could walk": 0.400404155254364, "my legs": 0.39974793791770935, "lift": 0.39630788564682007, "push": 0.39393150806427, "feet": 0.38797006011009216, "skills": 0.3857322335243225, "muscle": 0.38546109199523926, "strength": 0.3806394338607788, "leg": 0.3801865577697754, "any tips": 0.3751736879348755, "lost the ability": 0.3698822855949402, "physical": 0.369428813457489, "spine": 0.36786776781082153, "power chair": 0.36786213517189026, "assist": 0.36371564865112305, "hips": 0.36211395263671875, "comfortable": 0.3613848388195038, "ability": 0.3603982925415039, "my feet": 0.3576504588127136, "being able": 0.3554602861404419,