{"0": {"mild anemia": 0.4465324282646179, "anemia": 0.4395684599876404, "hemolytic anemia": 0.4094507098197937, "iron deficiency": 0.3679455816745758, "chronic fatigue": 0.36662840843200684, "constant fatigue": 0.35863253474235535, "fatigue": 0.3516220450401306, "pernicious anemia": 0.34987303614616394, "symptoms": 0.3441307246685028, "extreme fatigue": 0.33984798192977905, "tiredness": 0.3377947509288788, "these symptoms": 0.3312968909740448, "thalassemia": 0.32871878147125244, "hemoglobin levels": 0.31902235746383667, "symptom": 0.3179291784763336, "fatigued": 0.31789854168891907, "microcytic anemia": 0.31432783603668213, "anaemia": 0.3112611174583435, "feel tired": 0.30874398350715637, "hypothyroidism": 0.3076646327972412, "beta thalassemia": 0.3074520230293274, "always tired": 0.3067011833190918, "thallasemia": 0.3046552538871765, "no symptoms": 0.3045955002307892, "symptomatic": 0.30276012420654297, "anemic": 0.30251753330230713, "hemoglobin disease": 0.30154791474342346, "thalassemia minor": 0.2970430850982666, "dizziness": 0.29386383295059204, "hemoglobin level": 0.29102128744125366, "thalassemia trait": 0.29076218605041504, "thalassemias": 0.2897084355354309, "hemoglobin": 0.2879877984523773, "severe hemolytic": 0.2833469808101654, "chest pains": 0.2811921536922455, "blood disorder": 0.2808777093887329, "thyroid": 0.28032419085502625, "hemoglobin and hematocrit": 0.27264469861984253, "chest pain": 0.2708944082260132, "iron supplements": 0.2708117365837097, "alpha thalassemia": 0.27071791887283325, "lack of oxygen": 0.2691253125667572, "blood disorders": 0.26775509119033813, "lethargic": 0.2667175531387329, "blood loss": 0.263359010219574, "multivitamin": 0.26298123598098755, "vitamins": 0.26122403144836426, "thalassemia major": 0.25947070121765137, "vitamin": 0.2583790421485901, "fetal hemoglobin": 0.2574087679386139}, "1": {"hemolytic anemia": 0.47403690218925476, "anemia": 0.4585675001144409, "mild anemia": 0.45792341232299805, "beta thalassemia": 0.4549335539340973, "thalassemia trait": 0.44129371643066406, "hemoglobin levels": 0.4304783344268799, "thalassemia": 0.4288896322250366, "fetal hemoglobin": 0.4280129671096802, "microcytic anemia": 0.4231516718864441, "hemoglobin disease": 0.416900098323822, "hemoglobin and hematocrit": 0.4155426323413849, "thalassemia minor": 0.4131225347518921, "hemoglobin level": 0.40701526403427124, "thallasemia": 0.4039416015148163, "hemoglobin": 0.396598756313324, "alpha thalassemia": 0.3960492014884949, "pernicious anemia": 0.38278257846832275, "anaemia": 0.3756999969482422, "blood test": 0.37235814332962036, "thalassemias": 0.37161749601364136, "blood tests": 0.3714297115802765, "blood disorders": 0.35783660411834717, "beta globin": 0.3556797206401825, "blood disorder": 0.3504018783569336, "thalassemia intermedia": 0.3457335829734802, "thalassemia major": 0.34327057003974915, "genetic testing": 0.33985406160354614, "thalassaemia": 0.3375456929206848, "genetic test": 0.33446428179740906, "blood loss": 0.32992979884147644, "genetic disorders": 0.3265427350997925, "hypothyroidism": 0.3238307237625122, "see hematologist": 0.32185083627700806, "genetic disorder": 0.3213346600532532, "iron deficiency": 0.32058265805244446, "haemoglobin": 0.3177264928817749, "blood cells": 0.3111914098262787, "blood cell": 0.3104057312011719, "hemoglobin electrophoresis": 0.30730298161506653, "severe hemolytic": 0.30485999584198, "hematocrit": 0.3029983639717102, "hematologist": 0.29044103622436523, "genes": 0.2866782248020172, "anemic": 0.2863391935825348, "genetic": 0.28627660870552063, "blood transfusions": 0.2836013436317444, "get tested": 0.27882522344589233, "blood transfusion": 0.2786831259727478, "blood work": 0.2768375873565674, "blood clots": 0.2766481041908264}, "2": {"iron deficiency": 0.5530415773391724, "anemia": 0.5259722471237183, "mild anemia": 0.5251237154006958, "hemolytic anemia": 0.4968560039997101, "iron supplements": 0.48956963419914246, "iron deficient": 0.4653615951538086, "iron intake": 0.4644671678543091, "iron levels": 0.4572998285293579, "microcytic anemia": 0.4517604112625122, "iron pills": 0.4494781494140625, "iron infusions": 0.44913095235824585, "iron infusion": 0.44615888595581055, "pernicious anemia": 0.4394996464252472, "hemoglobin levels": 0.43379920721054077, "fetal hemoglobin": 0.4274766445159912, "iron": 0.4241372346878052, "excess iron": 0.42060181498527527, "hemoglobin": 0.4128134250640869, "hemoglobin level": 0.39695751667022705, "hemoglobin disease": 0.3932897448539734, "avoid iron": 0.3894779682159424, "hemoglobin and hematocrit": 0.3796502947807312, "iron chelation": 0.37245839834213257, "iron chelators": 0.3685167133808136, "thallasemia": 0.35939472913742065, "ferritin levels": 0.3567529022693634, "iron rich": 0.3558353781700134, "iron overload": 0.3498464822769165, "iron absorption": 0.3460932970046997, "thalassemia": 0.3414508104324341, "iron binding": 0.3403172194957733, "ferritin level": 0.3287724554538727, "ferritin": 0.32670164108276367, "beta thalassemia": 0.3185625672340393, "anaemia": 0.3146420121192932, "anemic": 0.3138783276081085, "thalassemia minor": 0.30871516466140747, "haemoglobin": 0.3020648956298828, "thalassaemia": 0.29972773790359497, "blood loss": 0.2980841100215912, "blood clots": 0.29508206248283386, "thalassemia trait": 0.2919565439224243, "blood disorder": 0.2899799346923828, "thalassemias": 0.2879149317741394, "blood disorders": 0.2824312448501587, "multivitamin": 0.27764323353767395, "severe hemolytic": 0.27762603759765625, "blood work": 0.27724993228912354, "vitamins": 0.27625948190689087, "blood tests": 0.27552086114883423}, "3": {"beta thalassemia": 0.3816679120063782, "thalassemia": 0.3723539710044861, "thalassemia minor": 0.3474375605583191, "thalassemias": 0.34583544731140137, "thallasemia": 0.3442314565181732, "thalassemia major": 0.3175409436225891, "thalassemia intermedia": 0.3170212507247925, "hemolytic anemia": 0.31216076016426086, "thalassemia trait": 0.3108053505420685, "thalassemic patients": 0.30669909715652466, "alpha thalassemia": 0.30596721172332764, "blood tests": 0.3023436665534973, "mild anemia": 0.2961418330669403, "vaccines": 0.2890031337738037, "blood transfusions": 0.2880905270576477, "anemia": 0.28723952174186707, "blood disorders": 0.2812967896461487, "thalassaemia": 0.2810758948326111, "anaemia": 0.28088563680648804, "vaccine": 0.280671626329422, "blood disorder": 0.27930158376693726, "blood work": 0.27838656306266785, "see hematologist": 0.277061402797699, "donate blood": 0.2707728147506714, "blood transfusion": 0.2701854407787323, "patients": 0.2665643095970154, "hemoglobin disease": 0.26647448539733887, "hematologist": 0.2657886743545532, "covid vaccine": 0.2634386718273163, "blood cells": 0.2622395157814026, "diseases": 0.26152169704437256, "microcytic anemia": 0.2606962323188782, "blood test": 0.2587506175041199, "blood cell": 0.2578811049461365, "health insurance": 0.2537916898727417, "pernicious anemia": 0.25103551149368286, "doctors": 0.2506219744682312, "malaria": 0.25055941939353943, "disease": 0.25014638900756836, "thalassemic": 0.24991001188755035, "hemoglobin levels": 0.2479132115840912, "medical": 0.2472326159477234, "blood clots": 0.2470492571592331, "astrazeneca vaccine": 0.24662044644355774, "blood loss": 0.244402676820755, "donating blood": 0.24192017316818237, "illness": 0.24099135398864746, "transfusions": 0.2405848503112793, "hematologists": 0.2404824048280716, "blood flow": 0.2392878532409668}, "4": {"thalassemia": 0.726544976234436, "beta thalassemia": 0.693455696105957, "thalassemias": 0.6860074996948242, "thalassemia minor": 0.6712150573730469, "thalassemia trait": 0.6646685004234314, "hemolytic anemia": 0.656082034111023, "thalassemia intermedia": 0.6528646349906921, "thalassemia major": 0.649186372756958, "mild anemia": 0.6111301183700562, "thallasemia": 0.6074274778366089, "pernicious anemia": 0.6019332408905029, "alpha thalassemia": 0.6016639471054077, "anemia": 0.585718035697937,