{"c_v": 0.3349684843271669, "c_npmi": -0.1310322132887479, "u_mass": -2.3696574849878873, "c_uci": -4.519217113786786}