{"c_v": 0.3902994398839471, "c_npmi": -0.20963678785643766, "u_mass": -7.344435036809062, "c_uci": -7.126509463765761}