{"c_v": 0.4373767382603444, "c_npmi": -0.1567820926469977, "u_mass": -8.236598029720804, "c_uci": -5.857750057221585}