{"0": {"dad died": 0.4536246657371521, "pancreatic cancer": 0.4455121159553528, "pancreatic cancers": 0.4281389117240906, "fuck cancer": 0.4203391671180725, "neuroendocrine carcinoma": 0.4049690365791321, "cancro al": 0.4027535915374756, "pancreatic adenocarcinoma": 0.4015949070453644, "prostate cancer": 0.40051791071891785, "ductal adenocarcinoma": 0.397838294506073, "dad passed": 0.396196186542511, "cancro del": 0.39398452639579773, "circulating tumor": 0.39306700229644775, "cancer patients": 0.3876609206199646, "neuroendocrine tumor": 0.38207924365997314, "tumor shrinkage": 0.3771640956401825, "il cancro": 0.37703853845596313, "carcinoma": 0.376878559589386, "tumor shrunk": 0.374275267124176, "shrunk the tumor": 0.37407293915748596, "father passed": 0.373232364654541, "cancro": 0.3725804388523102, "neuroendocrine tumors": 0.37206223607063293, "colon cancer": 0.36869266629219055, "gi cancers": 0.36640411615371704, "ampullary cancer": 0.36317500472068787, "adenocarcinoma": 0.3621487617492676, "shrinking the tumor": 0.3621101379394531, "shrink tumors": 0.3599545359611511, "metastatic tumors": 0.35867661237716675, "ovarian cancer": 0.35600268840789795, "cancer commons": 0.35265684127807617, "tumor burden": 0.35101574659347534, "shrink the tumor": 0.35005247592926025, "lung cancer": 0.34991681575775146, "cell carcinoma": 0.34991300106048584, "cancer": 0.3484911322593689, "adjuvant chemotherapy": 0.347690224647522, "breast cancer": 0.3393896818161011, "primary tumor": 0.3365173935890198, "shrinks the tumor": 0.33584660291671753, "cancer survivors": 0.3335159122943878, "chemotherapy": 0.3315948247909546, "tumor program": 0.33134138584136963, "other cancers": 0.3310014605522156, "cancer center": 0.32819709181785583, "cm tumor": 0.32747793197631836, "cancer centers": 0.327125608921051, "cancer cells": 0.3263845145702362, "diagnosed with pancreatic": 0.3256787657737732, "tumor board": 0.32546761631965637}, "1": {"pancreatic cancer": 0.45303624868392944, "pancreatic cancers": 0.438102126121521, "mum died": 0.43153053522109985, "ovarian cancer": 0.4270220994949341, "fuck cancer": 0.425010621547699, "mother died": 0.42085522413253784, "pancreatic adenocarcinoma": 0.41718751192092896, "neuroendocrine carcinoma": 0.4158000349998474, "ductal adenocarcinoma": 0.4115532636642456, "cancer patients": 0.40938442945480347, "circulating tumor": 0.3987153172492981, "breast cancer": 0.39783838391304016, "neuroendocrine tumor": 0.39446985721588135, "adenocarcinoma": 0.3883032202720642, "carcinoma": 0.38729026913642883, "cancro al": 0.38706234097480774, "cancro del": 0.38652026653289795, "neuroendocrine tumors": 0.38461601734161377, "metastatic tumors": 0.38428032398223877, "tumor shrinkage": 0.3839420676231384, "mom passed": 0.379996120929718, "tumor shrunk": 0.3773628771305084, "cancro": 0.37476131319999695, "il cancro": 0.3745286762714386, "ampullary cancer": 0.3741948902606964, "shrunk the tumor": 0.3736429810523987, "gi cancers": 0.37271493673324585, "colon cancer": 0.37038135528564453, "prostate cancer": 0.36917436122894287, "shrink tumors": 0.36733776330947876, "shrinking the tumor": 0.366348534822464, "adjuvant chemotherapy": 0.363974392414093, "tumor burden": 0.3639475107192993, "lung cancer": 0.36261728405952454, "cancer": 0.3561307489871979, "cell carcinoma": 0.35612452030181885, "shrink the tumor": 0.3534165620803833, "primary tumor": 0.35081541538238525, "cancer commons": 0.3488751947879791, "chemotherapy": 0.3456553816795349, "tumor program": 0.3392077684402466, "cancer institute": 0.33891722559928894, "tumor board": 0.3389080762863159, "shrinks the tumor": 0.338839590549469, "cancer survivors": 0.33691883087158203, "tumor": 0.3360353112220764, "cm tumor": 0.3350486755371094, "other cancers": 0.3348422050476074, "cancer center": 0.332449346780777, "cancer cells": 0.33197975158691406}, "2": {"diagnosed with pancreatic": 0.523008406162262, "pancreatic cancer": 0.503033459186554, "pancreatic cancers": 0.48737072944641113, "pancreatic adenocarcinoma": 0.4854140877723694, "acute pancreatitis": 0.4665073752403259, "detect pancreatic": 0.45259612798690796, "stomach cramps": 0.43255138397216797, "abdominal pain": 0.42981094121932983, "severe abdominal": 0.4229086637496948, "chronic pancreatitis": 0.4211776852607727, "pancreatic ductal": 0.41484326124191284, "stomach issues": 0.41360312700271606, "stomach pains": 0.41181549429893494, "ductal adenocarcinoma": 0.4116442799568176, "stomach pain": 0.4104806184768677, "abdominal pains": 0.4098307192325592, "prostate cancer": 0.40943804383277893, "iv pancreatic": 0.4086645841598511, "pancreatitis": 0.4076612591743469, "abdominal ultrasound": 0.4066805839538574, "metastatic pancreatic": 0.4066009521484375, "pancreatic insufficiency": 0.400332510471344, "experiencing abdominal": 0.395077645778656, "hiatal hernia": 0.39484745264053345, "abdominal cavity": 0.3943893313407898, "abdominal discomfort": 0.3938625454902649, "gallbladder issue": 0.39238882064819336, "ovarian cancer": 0.391727089881897, "tumor shrunk": 0.3910701274871826, "metastatic tumors": 0.38817745447158813, "endoscopy and colonoscopy": 0.38387179374694824, "neuroendocrine tumor": 0.383558988571167, "inoperable pancreatic": 0.38306647539138794, "colonoscopy endoscopy": 0.3827408254146576, "got diagnosed": 0.3821380138397217, "pancreatic": 0.3797680735588074, "epigastric pain": 0.37898796796798706, "circulating tumor": 0.3787345886230469, "kidney failure": 0.37870991230010986, "distal pancreatectomy": 0.3784351944923401, "colonoscopy and endoscopy": 0.373717725276947, "neuroendocrine tumors": 0.37345343828201294, "cm tumor": 0.3727529048919678, "fuck cancer": 0.3720659017562866, "shrunk the tumor": 0.37194544076919556, "navigating pancreatic": 0.3716001510620117, "pancreatic neuroendocrine": 0.37013304233551025, "stage pancreatic": 0.3693242371082306, "stomach lining": 0.36776649951934814, "tumor shrinkage": 0.36736011505126953}, "3": {"pancreatic cancer": 0.7772369980812073, "pancreatic cancers": 0.7664356231689453, "pancreatic adenocarcinoma": 0.7480371594429016, "ductal adenocarcinoma": 0.7162638902664185, "prostate cancer": 0.6872793436050415, "neuroendocrine carcinoma": 0.6753957867622375, "adenocarcinoma": 0.6633158922195435, "fuck cancer": 0.6570178270339966, "cancer patients": 0.6513509750366211, "ovarian cancer": 0.6487717628479004, "circulating tumor": 0.6486701369285583, "cancro al": 0.6482453346252441, "gi cancers": 0.6429353952407837, "ampullary cancer": 0.6360758543014526, "cancro del": 0.6349368691444397, "colon cancer": 0.6316521167755127, "tumor shrinkage": 0.630250096321106, "neuroendocrine tumor": 0.6300389766693115, "pre cancerous": 0.6285647749900818, "carcinoma": 0.6285101175308228, "neuroendocrine tumors": 0.6274772882461548, "cancer commons": 0.624235987663269, "cancro": 0.6234296560287476, "tumor shrunk": 0.6226842999458313, "cancer survivors": 0.6190281510353088, "il cancro": 0.6175746321678162, "shrink tumors": 0.6168861389160156, "shrunk the tumor": 0.6146788597106934, "metastatic tumors": 0.6145933866500854, "cancer": 0.6127938628196716, "shrinking the tumor": 0.600105345249176, "diagnosed with pancreatic": 0.5939270257949829, "breast cancer": 0.5919577479362488, "cell carcinoma": 0.5909196734428406, "cancers": 0.5906577110290527, "lung cancer": 0.587249755859375, "cancer centers": 0.5834696292877197, "shrinks the tumor": 0.581656277179718, "tumor burden": 0.5801101922988892, "shrink the tumor": 0.5785857439041138, "cancerous": 0.578450083732605, "pseudopapillary tumor": 0.5755680799484253, "cancer cells": 0.5729129314422607, "cancer institute": 0.5686991214752197, "acute pancreatitis": 0.5664417147636414, "tumor": 0.5658615827560425, "cancerous cells": 0.5612739324569702, "tumor blocking": 0.557795524597168, "adjuvant chemotherapy": 0.5556167364120483, "tumor board": 0.5527835488319397}, "4": {"pancreatic cancer": 0.4873844087123871, "pancreatic cancers": 0.473547101020813, "cancer patients": 0.4709516763687134,