{"c_v": 0.3592001226451824, "c_npmi": -0.23069368766462725, "u_mass": -11.12695692412097, "c_uci": -7.486413392752514}