{"0": {"hemolytic anemia": 0.5102701187133789, "hemoglobin disease": 0.49633365869522095, "mild anemia": 0.4962494671344757, "fetal hemoglobin": 0.48816394805908203, "pernicious anemia": 0.4781586527824402, "hemoglobin and hematocrit": 0.4672739505767822, "beta thalassemia": 0.4668804407119751, "hemoglobin level": 0.4615921080112457, "hemoglobin levels": 0.45611003041267395, "hemoglobin": 0.4551747441291809, "anemia": 0.4544278383255005, "microcytic anemia": 0.44415056705474854, "hemoglobin electrophoresis": 0.42673459649086, "thyroid": 0.41601186990737915, "haemoglobin": 0.40911373496055603, "alpha thalassemia": 0.4055364727973938, "thalassemia minor": 0.39654022455215454, "severe hemolytic": 0.3963162302970886, "anemic": 0.3954298496246338, "thalassemia intermedia": 0.38565507531166077, "blood tests": 0.3813978433609009, "thalassemic patients": 0.3769433796405792, "thalassemia": 0.3677214980125427, "hypothyroidism": 0.36636751890182495, "blood disorders": 0.36228424310684204, "blood test": 0.3575339913368225, "blood disorder": 0.354186087846756, "blood transfusions": 0.34413444995880127, "blood transfusion": 0.3425039052963257, "thalassemia trait": 0.33706262707710266, "thalassemias": 0.33618155121803284, "beta globin": 0.3325446844100952, "iron deficiency": 0.3305918574333191, "regular blood": 0.3273414075374603, "hemolytic crises": 0.32522010803222656, "hematocrit": 0.32206785678863525, "blood cell": 0.318678617477417, "blood cells": 0.31021225452423096, "blood loss": 0.3087717592716217, "blood clots": 0.3086931109428406, "hematology": 0.3086169362068176, "hematologist": 0.30542904138565063, "anaemia": 0.30512553453445435, "blood pressure": 0.30395907163619995, "iron supplements": 0.30308860540390015, "thalassemic": 0.3027722239494324, "hemolytic crisis": 0.301727831363678, "hemolytic": 0.30093249678611755, "see hematologist": 0.29991552233695984, "regular transfusions": 0.2997994124889374}, "1": {"thalassemia": 0.640623927116394, "thalassemias": 0.6225688457489014, "thalassemia minor": 0.6179432272911072, "thalassemic patients": 0.6152307391166687, "thalassemia trait": 0.605546236038208, "thalassemia intermedia": 0.5999034643173218, "pernicious anemia": 0.592004120349884, "thalassemic": 0.587601363658905, "hemoglobin disease": 0.57420414686203, "alpha thalassemia": 0.5727403163909912, "hemolytic anemia": 0.5703725814819336, "severe hemolytic": 0.5658076405525208, "thalassemia major": 0.5542914271354675, "beta thalassemia": 0.5500450134277344, "mild anemia": 0.5456092953681946, "hypothyroidism": 0.5399117469787598, "anemia": 0.531497597694397, "thalassaemia": 0.5281820893287659, "thyroid": 0.5262694954872131, "see hematologist": 0.5195761919021606, "anemic": 0.5151891708374023, "microcytic anemia": 0.5099154114723206, "blood disorder": 0.504310131072998, "hemolytic crises": 0.502379834651947, "blood disorders": 0.4959200620651245, "haemoglobin": 0.4927530288696289, "hematocrit": 0.49089616537094116, "anaemia": 0.4857178330421448, "hematologist": 0.48473674058914185, "hematologists": 0.48197662830352783, "fetal hemoglobin": 0.4810281991958618, "hemolytic": 0.47961729764938354, "adrenal gland": 0.4782196283340454, "hemoglobin and hematocrit": 0.47541314363479614, "hemotologist": 0.4705891013145447, "hemolytic crisis": 0.46974921226501465, "hemoglobin": 0.4693620800971985, "hematology": 0.4676435589790344, "thallasemia": 0.4550720155239105, "hemoglobin electrophoresis": 0.45465537905693054, "asymptomatic": 0.45281141996383667, "hemolysis": 0.44354480504989624, "blood clots": 0.44175025820732117, "donating blood": 0.43967336416244507, "donate blood": 0.43807727098464966, "haematologist": 0.43467479944229126, "hemoglobin level": 0.4333422780036926, "gilbert syndrome": 0.43191444873809814, "blood transfusions": 0.4274011552333832, "disease": 0.4257725179195404}}