{"c_v": 0.34742069594132635, "c_npmi": -0.17182451286395736, "u_mass": -1.9380622981752151, "c_uci": -5.594578864536558}