{"c_v": 0.3260086342631051, "c_npmi": -0.15912188482850168, "u_mass": -1.3670535876284529, "c_uci": -5.303762367255152}