{"0": {"acoustic neuroma": 0.5304533839225769, "acoustic neuromas": 0.5206718444824219, "vestibular schwannoma": 0.5004671812057495, "affected ear": 0.44604405760765076, "schwannoma": 0.4451678991317749, "hearing loss": 0.4424406886100769, "neurosurgeon": 0.438912957906723, "translab surgery": 0.4302665591239929, "diagnosis": 0.4259321689605713, "post surgery": 0.42472973465919495, "brain tumor": 0.40987128019332886, "surgeries": 0.4091508388519287, "was diagnosed": 0.40667739510536194, "surgery": 0.40610259771347046, "neuroma": 0.39882034063339233, "vestibular therapy": 0.39582496881484985, "vestibular nerve": 0.38067638874053955, "diagnosed": 0.3728932738304138, "loss and tinnitus": 0.3702058792114258, "pre surgery": 0.3691062331199646, "neurologist": 0.36899062991142273, "facial paralysis": 0.3649827241897583, "after surgery": 0.36232566833496094, "sudden hearing": 0.3614366054534912, "surgical": 0.35949277877807617, "mri": 0.35820919275283813, "ear infection": 0.35756123065948486, "tumour": 0.3563779890537262, "hearing aid": 0.35110610723495483, "complications": 0.34845858812332153, "tumor": 0.3478603661060333, "mris": 0.34591323137283325, "ear canal": 0.34553489089012146, "left ear": 0.3448885977268219, "moderate hearing": 0.3297232389450073, "tinnitus": 0.32826003432273865, "second opinion": 0.32582712173461914, "tumors": 0.31829869747161865, "inner ear": 0.3168540298938751, "sorry to hear": 0.3108358383178711, "mri with contrast": 0.30551955103874207, "surgeons": 0.3039108216762543, "facial numbness": 0.29991722106933594, "paralysis": 0.2993771433830261, "other symptoms": 0.29612722992897034, "hearing aids": 0.2904391884803772, "right ear": 0.2882109582424164, "patients": 0.28770196437835693, "recovery": 0.2854909598827362, "nerve damage": 0.28505396842956543}, "1": {"loss and tinnitus": 0.5889981985092163, "affected ear": 0.5797099471092224, "tinnitus": 0.5455269813537598, "hearing loss": 0.5439114570617676, "ear infection": 0.5366958379745483, "vertigo": 0.5257610082626343, "dizzy spells": 0.5178595185279846, "sudden hearing": 0.4905949831008911, "left ear": 0.4869113564491272, "vestibular schwannoma": 0.4842836260795593, "inner ear": 0.483330100774765, "dizziness": 0.4762418866157532, "acoustic neuroma": 0.4737668037414551, "pulsatile tinnitus": 0.4726322889328003, "diagnosis": 0.4673662781715393, "acoustic neuromas": 0.45256686210632324, "vestibular nerve": 0.44295579195022583, "hearing test": 0.43661314249038696, "right ear": 0.4340853691101074, "dizzy": 0.4329460859298706, "ear canal": 0.42373430728912354, "other symptoms": 0.4157850444316864, "vestibular therapy": 0.40737396478652954, "moderate hearing": 0.3954874575138092, "hearing aid": 0.39177966117858887, "hearing aids": 0.3770531415939331, "deafness": 0.3747979402542114, "symptoms": 0.37442725896835327, "both ears": 0.368692010641098, "ear": 0.3651377558708191, "mri": 0.36164408922195435, "was diagnosed": 0.35975730419158936, "ears": 0.35652098059654236, "mri with contrast": 0.35327887535095215, "mris": 0.3527347445487976, "facial numbness": 0.33843034505844116, "hearing": 0.3298429250717163, "completely deaf": 0.3264681100845337, "vestibular": 0.32624104619026184, "schwannoma": 0.32501012086868286, "neurologist": 0.32176294922828674, "neuroma": 0.31812822818756104, "diagnosed": 0.3081037402153015, "numbness": 0.29902586340904236, "cochlear": 0.2983922064304352, "brain tumor": 0.2968500852584839, "headaches": 0.2920306324958801, "symptom": 0.2898056209087372, "bell palsy": 0.27789628505706787, "second opinion": 0.2727046012878418}}