{"0": {"ectopic pregnancy": 0.6727868914604187, "possible ectopic": 0.6234384775161743, "ectopic pregnancies": 0.6097743511199951, "ectopic": 0.583341121673584, "abdominal pain": 0.5361225605010986, "severe cramping": 0.5064773559570312, "sharp pain": 0.4891575574874878, "cramping": 0.4887101650238037, "slight cramping": 0.485853910446167, "pains": 0.4598027467727661, "tubal": 0.45961514115333557, "severe pain": 0.45116719603538513, "transvaginal ultrasound": 0.4466288685798645, "stabbing pain": 0.4433820843696594, "chemical pregnancy": 0.4420067071914673, "period cramps": 0.44031715393066406, "cramps": 0.4386151134967804, "hsg": 0.43856281042099, "dull pain": 0.43473634123802185, "miscarriage": 0.42095547914505005, "gas pains": 0.4110395312309265, "having miscarriage": 0.4069327414035797, "iud": 0.4029271602630615, "vaginal bleeding": 0.39500218629837036, "go to the er": 0.3912699222564697, "pregnancy test": 0.3910503089427948, "implantation bleeding": 0.3900415599346161, "pregnancy tests": 0.3891465365886688, "intense pain": 0.3871192932128906, "cysts": 0.38473087549209595, "heavy bleeding": 0.3816598653793335, "hcg levels": 0.3790181279182434, "lower abdomen": 0.37523120641708374, "weeks pregnant": 0.37465572357177734, "brown discharge": 0.3681962192058563, "severe abdominal": 0.3678922653198242, "brown spotting": 0.3656400442123413, "dull ache": 0.3656027615070343, "faint positive": 0.36475884914398193, "uterus": 0.3644444942474365, "dpo": 0.3625001609325409, "gas pain": 0.36000311374664307, "cyst": 0.3594079613685608, "fallopian tube": 0.35523873567581177, "implantation": 0.3538737893104553, "hcg level": 0.35345885157585144, "ob gyn": 0.35312581062316895, "light bleeding": 0.35194534063339233, "breast tenderness": 0.3513430058956146, "dpo august": 0.35090965032577515}, "1": {"ectopic pregnancy": 0.6421055793762207, "ectopic pregnancies": 0.6228481531143188, "ectopic": 0.6007298231124878, "hcg levels": 0.5948746204376221, "possible ectopic": 0.5849200487136841, "hcg level": 0.5648159980773926, "transvaginal ultrasound": 0.552826464176178, "hcg": 0.5261498689651489, "chemical pregnancy": 0.5108422040939331, "hsg": 0.4778783619403839, "beta hcg": 0.4674832820892334, "ultrasound": 0.45852130651474, "having miscarriage": 0.45766228437423706, "dpo": 0.4564971923828125, "miscarriage": 0.45504575967788696, "tubal": 0.44963663816452026, "dpo august": 0.4358724355697632, "faint positive": 0.4317554533481598, "weeks pregnant": 0.4279787838459015, "pregnancy tests": 0.4232403635978699, "pregnancy test": 0.42294037342071533, "another ultrasound": 0.4204156696796417, "gestational sac": 0.4115123152732849, "positive test": 0.4073597490787506, "ovulated": 0.39935094118118286, "implantation bleeding": 0.39761221408843994, "slight cramping": 0.3972392678260803, "transvaginal": 0.3912476897239685, "blood test": 0.38757067918777466, "intrauterine": 0.3863002359867096, "ob gyn": 0.3820105791091919, "severe cramping": 0.3794385492801666, "implantation": 0.3749631345272064, "blood work": 0.3746808171272278, "embryo": 0.369992196559906, "weeks along": 0.36982059478759766, "cramping": 0.3688715100288391, "ultrasounds": 0.3686673045158386, "heavy bleeding": 0.3647562265396118, "pregnant": 0.3633900284767151, "pregnancies": 0.36236172914505005, "go to the er": 0.35393884778022766, "light spotting": 0.3530295789241791, "fallopian tube": 0.3522409200668335, "abdominal pain": 0.35059478878974915, "pregnancy": 0.3504559397697449, "iud": 0.3472978472709656, "uterus": 0.346937894821167, "light bleeding": 0.3444182872772217, "pregnant again": 0.34368228912353516}, "2": {"ectopic pregnancy": 0.5022721886634827, "ectopic pregnancies": 0.4787791073322296, "ectopic": 0.45511701703071594, "having miscarriage": 0.44594520330429077, "possible ectopic": 0.43620866537094116, "miscarriage": 0.43079903721809387, "hsg": 0.42282694578170776, "chemical pregnancy": 0.4177609086036682, "transvaginal ultrasound": 0.4022635221481323, "intrauterine": 0.3903442323207855, "weeks pregnant": 0.3829498291015625, "tubal": 0.3776741027832031, "severe cramping": 0.37349313497543335, "being pregnant": 0.36279454827308655, "pregnant again": 0.3476788401603699, "abdominal pain": 0.3407287001609802, "hcg levels": 0.33919692039489746, "severe pain": 0.33762305974960327, "pregnancies": 0.33635473251342773, "iud": 0.33475080132484436, "clots": 0.33448946475982666, "dpo august": 0.3343883752822876, "pregnancy": 0.3335024118423462, "pregnant": 0.331609845161438, "dpo": 0.3293849229812622, "fallopian tube": 0.32924821972846985, "ultrasound": 0.323283314704895, "embryo": 0.32194268703460693, "uterus": 0.32148534059524536, "ivf": 0.3209839463233948, "weeks along": 0.3199830651283264, "slight cramping": 0.3180197477340698, "got pregnant": 0.3176616430282593, "period cramps": 0.31705495715141296, "cramping": 0.3169022500514984, "ob gyn": 0.3156996965408325, "hcg level": 0.3146055042743683, "pains": 0.31182578206062317, "breast tenderness": 0.3100959360599518, "another ultrasound": 0.31001341342926025, "fallopian": 0.3098984360694885, "transvaginal": 0.3084873855113983, "heavy bleeding": 0.3045859932899475, "intense pain": 0.3043621778488159, "gas pains": 0.3016873598098755, "rushed to the er": 0.301485538482666, "go to the er": 0.29334110021591187, "hcg": 0.290241539478302, "cramps": 0.2892541289329529, "dull pain": 0.28802353143692017}, "3": {"ectopic pregnancy": 0.7132298350334167, "ectopic pregnancies": 0.6761495471000671, "ectopic": 0.6584468483924866, "possible ectopic": 0.6168665289878845, "tubal": 0.6125562787055969, "hsg": 0.6002691984176636, "fallopian tube": 0.5472831130027771, "transvaginal ultrasound": 0.524987518787384, "chemical pregnancy": 0.4892559051513672, "ivf": 0.47318965196609497, "intrauterine": 0.45620009303092957, "having miscarriage": 0.45084893703460693, "uterus": 0.44249898195266724, "miscarriage": 0.433721661567688, "hcg levels": 0.4294230043888092, "iud": 0.42393213510513306, "ultrasound": 0.4079408049583435, "ob gyn": 0.4065312147140503, "ovulated": 0.40500307083129883, "hcg level": 0.3999596834182739, "fallopian": 0.3997160792350769, "pregnant again": 0.39954668283462524, "ovary": 0.39923691749572754, "pregnancies": 0.39888542890548706, "tube ruptured": 0.39528700709342957, "transvaginal": 0.3915497660636902, "right ovary": 0.39071527123451233, "another ultrasound": 0.385708212852478, "embryo": 0.3812739849090576, "got pregnant": 0.3794212341308594, "cysts": 0.37907901406288147, "left ovary": 0.37904444336891174, "hcg": 0.37819772958755493, "pregnancy tests": 0.3776170015335083, "clots": 0.3756651282310486, "implantation": 0.3741878867149353, "dpo": 0.37304526567459106, "pregnancy test": 0.3706205487251282, "pregnancy": 0.36704355478286743, "dpo august": 0.3648931682109833, "laparoscopic surgery": 0.36150485277175903, "ovaries": 0.3612586259841919, "cyst": 0.35772836208343506, "gestational sac": 0.3574693500995636, "tubes": 0.3559250235557556, "implantation bleeding": 0.3537764251232147, "fertility": 0.35374024510383606, "pregnant": 0.3519362807273865, "weeks pregnant": 0.35149550437927246, "severe cramping": 0.3504190444946289}}