{"c_v": 0.32133291158330063, "c_npmi": -0.16218671678991184, "u_mass": -3.373480245228738, "c_uci": -5.0284878684903624}