{"c_v": 0.3377066471965773, "c_npmi": -0.14713791690066536, "u_mass": -6.65791403656769, "c_uci": -5.722260651500863}