{"0": {"lymphocytic leukemia": 0.6327083706855774, "leukemia": 0.5896083116531372, "cell therapy": 0.5478876829147339, "gene therapy": 0.4920143187046051, "cancer": 0.48952850699424744, "chronic lymphocytic": 0.4707173705101013, "tg therapeutics": 0.4409111440181732, "lymphocytic": 0.422057569026947, "treatment": 0.37669360637664795, "fda": 0.3569169044494629, "clinical": 0.3312375843524933, "efficacy": 0.3081737160682678, "therapy": 0.3061991035938263, "patients": 0.2718711197376251, "drug": 0.26134252548217773, "cell": 0.24980714917182922, "cells": 0.24549683928489685, "capsule": 0.24260997772216797, "venetoclax plus": 0.23365212976932526, "rituximab": 0.22864575684070587, "venetoclax": 0.21441538631916046, "ginsenoside rh": 0.2055061310529709, "ginsenoside": 0.19789788126945496, "cll": 0.19740398228168488, "car cell": 0.18689045310020447, "patients aged": 0.18456631898880005, "trial": 0.1785421073436737, "dr": 0.17023196816444397, "jinxing capsule": 0.1634232997894287, "relapsed refractory": 0.16162391006946564, "chronic": 0.16149649024009705, "relapsed": 0.15828795731067657, "elderly patients": 0.14728501439094543, "refractory cll": 0.1417476385831833, "long term": 0.13832241296768188, "blood": 0.1319412887096405, "ibrutinib": 0.13051268458366394, "imbruvica": 0.11863866448402405, "abbvie": 0.11194854229688644, "results": 0.10068726539611816, "risk": 0.09587004780769348, "is": 0.08698567748069763, "what": 0.08579880744218826, "and": 0.07737167924642563, "will be": 0.0644756555557251, "tg": 0.06366711854934692, "has": 0.0621909499168396, "response": 0.060312479734420776, "or": 0.060084663331508636, "if you": 0.05186671018600464}, "1": {"ibrutinib": 0.6425741314888, "refractory cll": 0.37948304414749146, "cll": 0.3680175542831421, "rituximab": 0.34729427099227905, "treatment": 0.3382648229598999, "tg therapeutics": 0.2754562795162201, "imbruvica": 0.2554747462272644, "venetoclax plus": 0.24102750420570374, "efficacy": 0.23697659373283386, "fda": 0.23180505633354187, "ginsenoside": 0.23065847158432007, "gene therapy": 0.22655561566352844, "cell therapy": 0.22628524899482727, "capsule": 0.22469183802604675, "ginsenoside rh": 0.21703019738197327, "abbvie": 0.20321860909461975, "venetoclax": 0.19977967441082, "relapsed refractory": 0.19633127748966217, "jinxing capsule": 0.19407522678375244, "clinical": 0.16978099942207336, "relapsed": 0.16578567028045654, "drug": 0.16438321769237518, "long term": 0.16263578832149506, "leukemia": 0.16127119958400726, "therapy": 0.1554686725139618, "patients": 0.14040134847164154, "lymphocytic leukemia": 0.13582806289196014, "chronic lymphocytic": 0.1322287917137146, "chronic": 0.1293812245130539, "patients aged": 0.1277102679014206, "results": 0.12296731770038605, "nbsp": 0.11647056043148041, "trial": 0.1010354608297348, "will": 0.09677250683307648, "cell": 0.09555043280124664, "lymphocytic": 0.08884528279304504, "response": 0.08250495791435242, "has": 0.0820496454834938, "cancer": 0.0814611092209816, "elderly patients": 0.07690119743347168, "will be": 0.07677772641181946, "dr": 0.07212148606777191, "that": 0.06953588873147964, "do not": 0.06839138269424438, "may": 0.06567230820655823, "do": 0.06523319333791733, "other": 0.06452491879463196, "have": 0.062358420342206955, "by": 0.062141627073287964, "study": 0.06090836971998215}, "2": {"cll": 0.677714467048645, "refractory cll": 0.6212186813354492, "tg therapeutics": 0.418902188539505, "treatment": 0.4019544720649719, "cell therapy": 0.36934810876846313, "gene therapy": 0.3690164089202881, "clinical": 0.3525041937828064, "patients": 0.3385202884674072, "leukemia": 0.3237531781196594, "lymphocytic leukemia": 0.320230096578598, "therapy": 0.2955667972564697, "chronic lymphocytic": 0.2771525979042053, "venetoclax plus": 0.2691187262535095, "fda": 0.2690774202346802, "patients aged": 0.26149803400039673, "lymphocytic": 0.25785669684410095, "efficacy": 0.2575739026069641, "venetoclax": 0.2546382546424866, "rituximab": 0.2312559187412262, "cancer": 0.22329860925674438, "relapsed refractory": 0.21770188212394714, "trial": 0.21261820197105408, "capsule": 0.2117519974708557, "chronic": 0.2063555270433426, "dr": 0.20367257297039032, "long term": 0.19123750925064087, "drug": 0.1891673505306244, "elderly patients": 0.18522563576698303, "jinxing capsule": 0.17768537998199463, "relapsed": 0.17716383934020996, "results": 0.16264879703521729, "cell": 0.1372707486152649, "ginsenoside rh": 0.1323504000902176, "abbvie": 0.12306828796863556, "cells": 0.11884459853172302, "ginsenoside": 0.11707434058189392, "risk": 0.1148480549454689, "that": 0.11267925798892975, "may": 0.11129012703895569, "on": 0.10970810055732727, "this": 0.10777302086353302, "for": 0.10670308768749237, "study": 0.10353489220142365, "do not": 0.09969537705183029, "or": 0.0992836207151413, "will be": 0.09778982400894165, "new": 0.09735952317714691, "do": 0.09625154733657837, "any": 0.09442766010761261, "tg": 0.09162498265504837}, "3": {"venetoclax": 0.6743676662445068, "venetoclax plus": 0.6621039509773254, "lymphocytic leukemia": 0.43760931491851807, "rituximab": 0.43053048849105835, "cll": 0.42080238461494446, "refractory cll": 0.40371644496917725, "chronic lymphocytic": 0.3970050811767578, "lymphocytic": 0.3771788477897644, "tg therapeutics": 0.37552541494369507, "cell therapy": 0.33781009912490845, "gene therapy": 0.3170369267463684, "leukemia": 0.31499171257019043, "treatment": 0.29567116498947144, "capsule": 0.2573707401752472, "ginsenoside rh": 0.2568890154361725, "relapsed refractory": 0.24957433342933655, "ginsenoside": 0.24610982835292816, "jinxing capsule": 0.24480631947517395, "efficacy": 0.22621843218803406, "fda": 0.2225179821252823, "clinical": 0.22163133323192596, "relapsed": 0.2095239758491516, "drug": 0.20791682600975037, "cancer": 0.20193041861057281, "has": 0.1819392293691635, "cell": 0.16882526874542236, "patients": 0.15842868387699127, "therapy": 0.15757955610752106, "have": 0.1552039086818695, "abbvie": 0.15147735178470612, "long term": 0.15128299593925476, "cells": 0.150903582572937, "chronic": 0.13914579153060913, "ibrutinib": 0.11161832511425018, "imbruvica": 0.10679809749126434, "dr": 0.10499227046966553, "that": 0.09976977109909058, "patients aged": 0.09683611243963242, "or": 0.09590809047222137, "on": 0.09520439803600311, "this": 0.09312614053487778, "but": 0.09240946173667908, "trial": 0.08959826827049255, "other": 0.08548225462436676, "will": 0.07628683000802994, "do": 0.07395874708890915, "is": 0.07139164209365845, "results": 0.07026354968547821, "you": 0.07015202194452286, "risk": 0.07002191245555878}}