{"c_v": 0.38223143135533727, "c_npmi": -0.15302777652423782, "u_mass": -8.334755131989919, "c_uci": -5.34668934354774}