{"c_v": 0.28442739293522906, "c_npmi": -0.24152001145243587, "u_mass": -2.2605498636189507, "c_uci": -7.170815321811277}