{"0": {"symptom": 0.6750505566596985, "diagnosed with fnd": 0.6663777828216553, "symptoms": 0.6518681049346924, "these symptoms": 0.647627592086792, "recently diagnosed": 0.5856000185012817, "been diagnosed": 0.5762723088264465, "diagnosed": 0.5701498985290527, "neurological disorder": 0.56156325340271, "got diagnosed": 0.5597152709960938, "newly diagnosed": 0.5553780198097229, "was diagnosed": 0.5496313571929932, "dissociative seizures": 0.543666422367096, "seizures": 0.5395830869674683, "seizure": 0.5392616391181946, "disorders": 0.5376474857330322, "chronic": 0.5367732644081116, "nausea": 0.5359612107276917, "chronic pain": 0.5059323906898499, "numbness": 0.5048962235450745, "disorder": 0.5040624141693115, "dizziness": 0.5028127431869507, "illness": 0.49348509311676025, "numb": 0.49026259779930115, "patients": 0.4791181981563568, "syndrome": 0.47888562083244324, "diagnoses": 0.46793603897094727, "diagnosis": 0.461206316947937, "neurological": 0.45751190185546875, "tremors": 0.4537981152534485, "movement disorder": 0.45193326473236084, "functional neurological": 0.44566255807876587, "paralysis": 0.44144749641418457, "pain": 0.43894702196121216, "migraines": 0.43529635667800903, "mental health": 0.4339590072631836, "joint pain": 0.4330725073814392, "therapy": 0.4319303631782532, "painful": 0.4306458830833435, "physical therapy": 0.42805016040802, "epileptic seizures": 0.4221680164337158, "treated": 0.41904813051223755, "migraine": 0.4175003170967102, "been having": 0.4131285846233368, "treatment": 0.41273051500320435, "health": 0.4124336838722229, "can cause": 0.40538930892944336, "stroke": 0.3984655439853668, "getting worse": 0.3949325680732727, "non epileptic": 0.39395931363105774, "severe": 0.3902329206466675}, "1": {"seizures": 0.8134555220603943, "dissociative seizures": 0.8106275796890259, "seizure": 0.7856497764587402, "epileptic seizures": 0.7648959159851074, "epileptic": 0.6315394639968872, "non epileptic": 0.6205505132675171, "nausea": 0.5117729902267456, "paralysis": 0.5055404901504517, "neurological disorder": 0.47933948040008545, "dizziness": 0.4433465898036957, "numbness": 0.4306334853172302, "symptom": 0.4174797534942627, "numb": 0.4154587388038635, "these symptoms": 0.4120527505874634, "stroke": 0.408846914768219, "tremors": 0.4073960781097412, "symptoms": 0.4054841995239258, "neurological": 0.39854973554611206, "disorder": 0.39407670497894287, "movement disorder": 0.3787005841732025, "functional neurological": 0.37526559829711914, "disability": 0.3740611970424652, "disorders": 0.3719007968902588, "migraines": 0.3691037893295288, "diagnosed with fnd": 0.3577129542827606, "got diagnosed": 0.3512954115867615, "illness": 0.35096269845962524, "migraine": 0.34490102529525757, "recently diagnosed": 0.34441474080085754, "diagnosed": 0.34158429503440857, "mental health": 0.33245140314102173, "been diagnosed": 0.3317051827907562, "newly diagnosed": 0.32860875129699707, "experiencing": 0.3272342085838318, "was diagnosed": 0.32473891973495483, "brain fog": 0.3241525888442993, "syndrome": 0.3216114640235901, "been having": 0.31945380568504333, "neurology": 0.31734606623649597, "nervous": 0.3169601559638977, "patients": 0.30789369344711304, "nervous system": 0.3049423098564148, "can cause": 0.29913029074668884, "anxiety": 0.29425302147865295, "cannot move": 0.29341548681259155, "twitches": 0.2918906807899475, "feels like": 0.28899577260017395, "wheelchair": 0.2887791395187378, "mental": 0.2881036400794983, "neuro": 0.28699272871017456}}