{"0": {"diagnosed with pd": 0.42312490940093994, "hemolytic anemia": 0.3992219567298889, "pd deficiency": 0.39431458711624146, "anemia": 0.3658318519592285, "severe hemolytic": 0.3560783863067627, "hemoglobin": 0.35205137729644775, "anemia to individuals": 0.33617037534713745, "chronic hemolysis": 0.3358185887336731, "blood tests": 0.32770437002182007, "hemolytic episode": 0.32632976770401, "blood disorder": 0.32464173436164856, "pd deficient": 0.3169381618499756, "anemic": 0.31444573402404785, "was diagnosed": 0.3074924349784851, "blood test": 0.30119937658309937, "cause hemolysis": 0.29730933904647827, "hemolytic crisis": 0.29406291246414185, "risk of hemolytic": 0.290106862783432, "nonspherocytic hemolytic": 0.2895154058933258, "trigger hemolysis": 0.28192007541656494, "diagnosed": 0.2749863266944885, "hemolysis appeared": 0.272914856672287, "my hematologist": 0.2703078091144562, "symptoms": 0.26276034116744995, "disease": 0.2619565725326538, "illness": 0.26193946599960327, "kidney beans": 0.2612854540348053, "haemolytic crisis": 0.26001298427581787, "beta thalassemia": 0.25989821553230286, "pentose phosphate": 0.25902804732322693, "blood transfusions": 0.2537943422794342, "haemolytic": 0.25364047288894653, "hemolytic": 0.2516615688800812, "blood transfusion": 0.2506508231163025, "taking vitamin": 0.2459266185760498, "kidney": 0.24567797780036926, "hemolysis": 0.23708058893680573, "hematologist": 0.2362174093723297, "pfizer vaccine": 0.2351149171590805, "symptom": 0.23072820901870728, "iron supplements": 0.2237328290939331, "flu": 0.22331705689430237, "immune system": 0.22118093073368073, "glucose phosphate": 0.2188841700553894, "chronic": 0.21681392192840576, "individuals with pd": 0.21430587768554688, "pea protein": 0.2135085016489029, "vitamin": 0.21312418580055237, "oxidative stress": 0.2120734453201294, "vitamins": 0.21173283457756042}, "1": {"pentose phosphate": 0.3673587441444397, "protein powder": 0.3457302451133728, "ascorbic acid": 0.3432207405567169, "pea protein": 0.3353106379508972, "glucose phosphate": 0.3265250325202942, "taking vitamin": 0.3251389265060425, "aspirin": 0.32342106103897095, "totally safe": 0.320351243019104, "folic acid": 0.3158986568450928, "carbohydrates": 0.31308984756469727, "phosphate": 0.3106009364128113, "paracetamol": 0.3049597442150116, "protein": 0.3018355071544647, "protein shakes": 0.3017372786998749, "risk of hemolytic": 0.3012107312679291, "acid": 0.29220032691955566, "first dose": 0.29175660014152527, "pfizer": 0.28999340534210205, "vitamins": 0.28892195224761963, "mg": 0.28800415992736816, "vitamin": 0.2872487008571625, "hemoglobin": 0.27817878127098083, "certain medicines": 0.27297648787498474, "kidney beans": 0.26828688383102417, "pfizer vaccine": 0.26507723331451416, "low dose": 0.2647920250892639, "enzyme": 0.26454123854637146, "safe": 0.2565545439720154, "supplements": 0.25334760546684265, "glutathione": 0.25237733125686646, "medicines": 0.2522597312927246, "hemolytic anemia": 0.25119513273239136, "certain drugs": 0.25099390745162964, "severe hemolytic": 0.24949610233306885, "drug": 0.24868366122245789, "medications": 0.24838262796401978, "glucose": 0.24723829329013824, "side effects": 0.24627067148685455, "iron supplements": 0.2445828765630722, "beta thalassemia": 0.24030104279518127, "chemicals": 0.23901158571243286, "dehydrogenase": 0.23760183155536652, "harmful": 0.23717589676380157, "haemolytic": 0.2344709038734436, "medication": 0.2343309223651886, "medicine": 0.23331734538078308, "hemolytic": 0.22952666878700256, "food additives": 0.2269892692565918, "substances": 0.22668716311454773, "chemical": 0.22649911046028137}, "2": {"fava beans": 0.5657384395599365, "beans": 0.5040255784988403, "kidney beans": 0.48307836055755615, "broad beans": 0.46761101484298706, "pentose phosphate": 0.36523351073265076, "eaten fava": 0.35835376381874084, "eating fava": 0.34942179918289185, "fava bean": 0.3477989733219147, "phosphate": 0.34325164556503296, "pea flour": 0.3126974403858185, "pea protein": 0.3121946454048157, "list of foods": 0.30382636189460754, "legumes": 0.30166539549827576, "glucose phosphate": 0.29462823271751404, "different foods": 0.290817528963089, "peanuts": 0.2848712205886841, "food additives": 0.2786523997783661, "certain foods": 0.27829399704933167, "specific foods": 0.2709167003631592, "bean": 0.2624148726463318, "soy products": 0.2591657042503357, "foods": 0.2557696998119354, "vitamins": 0.2540362775325775, "protein powder": 0.2525540292263031, "flour": 0.24055060744285583, "taking vitamin": 0.2392250895500183, "only food": 0.23371198773384094, "chick peas": 0.23145553469657898, "protein": 0.2305709719657898, "carbohydrates": 0.23056349158287048, "cannot eat": 0.22923696041107178, "vitamin": 0.22826480865478516, "folic acid": 0.22431528568267822, "protein shakes": 0.22416530549526215, "soy milk": 0.2158970981836319, "green peas": 0.20444416999816895, "pd deficiency": 0.2036290466785431, "food": 0.20338407158851624, "gluten free": 0.20283140242099762, "iron supplements": 0.2005677968263626, "eating them": 0.19576957821846008, "can eat": 0.194485604763031, "diet": 0.194363534450531, "hemoglobin": 0.19189876317977905, "allergy": 0.1914004534482956, "eat them": 0.19070938229560852, "allergic reactions": 0.18861407041549683, "rice": 0.18755893409252167, "glutathione": 0.18652372062206268, "allergic reaction": 0.18511903285980225}, "3": {"pfizer vaccine": 0.535010814666748, "vaccines": 0.5140849947929382, "vaccination": 0.5127660632133484, "vaccine": 0.5118736624717712, "vaccinated": 0.5118544697761536, "flu": 0.33931970596313477, "immune system": 0.2891472578048706, "risk of hemolytic": 0.26953619718551636, "taking vitamin": 0.2693474292755127, "immune": 0.2685181498527527, "virus": 0.2571536898612976, "allergic": 0.24523448944091797, "hemolytic anemia": 0.24245209991931915, "vitamin": 0.2422477900981903, "allergic reaction": 0.24001315236091614, "allergic reactions": 0.2382165938615799, "fever": 0.23519381880760193, "diagnosed with pd": 0.23250320553779602, "allergies": 0.22919359803199768, "allergy": 0.22668370604515076, "blood transfusions": 0.22509025037288666, "anemia to individuals": 0.22294852137565613, "vitamins": 0.2229195088148117, "malaria": 0.2151261270046234, "anemia": 0.21394190192222595, "paracetamol": 0.21373561024665833, "antibiotics": 0.21263858675956726, "blood transfusion": 0.21202589571475983, "first dose": 0.2114531546831131, "transfusions": 0.2096879482269287, "severe hemolytic": 0.20780903100967407, "disease": 0.20711451768875122, "hemolytic crisis": 0.20652195811271667, "infection": 0.20568647980690002, "hemoglobin": 0.20356976985931396, "infections": 0.20200811326503754, "mg": 0.20180128514766693, "pd deficiency": 0.20015491545200348, "nonspherocytic hemolytic": 0.19966119527816772, "haemolytic crisis": 0.19552206993103027, "anemic": 0.19300878047943115, "people with pd": 0.1927277147769928, "illness": 0.19241686165332794, "individuals with pd": 0.18884557485580444, "transfusion": 0.1870093047618866, "blood tests": 0.18427574634552002, "pfizer": 0.18054640293121338, "chronic hemolysis": 0.18031135201454163, "aspirin": 0.17820167541503906, "pd deficient": 0.17539538443088531}}