{"c_v": 0.3259532229552611, "c_npmi": -0.23934541348331662, "u_mass": -3.2800104123925973, "c_uci": -7.60650037425632}