{"0": {"idiopathic urticaria": 0.4331820607185364, "cholinergic urticaria": 0.43006715178489685, "idiopathic anaphylaxis": 0.4225834608078003, "hives rashes": 0.4224809408187866, "urticaria": 0.4182465672492981, "allergen": 0.4175269603729248, "salicylate allergy": 0.4166824221611023, "rashes hives": 0.41373512148857117, "allergy test": 0.4025743007659912, "gi symptoms": 0.3985159695148468, "allergy meds": 0.3959541320800781, "see an allergist": 0.3909769058227539, "seeing an allergist": 0.3889577090740204, "saw an allergist": 0.3888765275478363, "autoimmune urticaria": 0.38887161016464233, "allergic reaction": 0.3845131993293762, "zyrtec pepcid": 0.38197556138038635, "fibro": 0.3779231905937195, "referral to an allergist": 0.37719208002090454, "medical advice": 0.3763982057571411, "chronic urticaria": 0.3748503625392914, "allergy testing": 0.37387192249298096, "allergy tests": 0.3731517195701599, "anaphylaxis": 0.3728354871273041, "fibromyalgia": 0.37261995673179626, "zyrtec daily": 0.3721219599246979, "oral allergy": 0.37159085273742676, "allergy syndrome": 0.36952316761016846, "mg cetirizine": 0.3662382662296295, "zyrtec and pepcid": 0.36502349376678467, "typical allergy": 0.3646199405193329, "hives": 0.36427974700927734, "zyrtec allegra": 0.36413177847862244, "cetirizine zyrtec": 0.36406195163726807, "fodmap": 0.3597690463066101, "hashimotos": 0.3596927523612976, "naturopath": 0.3561803102493286, "antihistamines": 0.3536747992038727, "ige allergies": 0.35110390186309814, "gabapentin": 0.3503526449203491, "dermatitis": 0.3494333326816559, "hydrocortisone cream": 0.3486945629119873, "allergy": 0.34835270047187805, "taking zyrtec": 0.3468645215034485, "rashes": 0.34405583143234253, "naturopathic doctor": 0.3438558578491211, "histamine diet": 0.3436812460422516, "histamine intolerance": 0.34264788031578064, "anti histamine": 0.34219226241111755, "contact dermatitis": 0.34166502952575684}, "1": {"getting the vaccine": 0.4858580529689789, "flu shot": 0.48099684715270996, "flu vaccine": 0.4809134006500244, "covid vaccine": 0.45880478620529175, "pfizer vaccine": 0.4403707981109619, "vaccine": 0.4378432035446167, "urticaria": 0.4235508441925049, "idiopathic anaphylaxis": 0.4136890769004822, "vaccination": 0.41323840618133545, "cholinergic urticaria": 0.40929263830184937, "idiopathic urticaria": 0.40618571639060974, "rashes hives": 0.4043034017086029, "hives rashes": 0.40067172050476074, "flu shots": 0.39846667647361755, "vaccinated": 0.3984340727329254, "covid vaccines": 0.3957146108150482, "autoimmune urticaria": 0.3931737542152405, "anaphylaxis": 0.39307987689971924, "allergy shots": 0.39174404740333557, "zyrtec pepcid": 0.38336634635925293, "cetirizine zyrtec": 0.3832775950431824, "anaphylactic shock": 0.3821835517883301, "allergic reaction": 0.38160890340805054, "hives": 0.38087666034698486, "salicylate allergy": 0.3808097541332245, "vaccines": 0.3787563145160675, "antihistamines": 0.3785380721092224, "allergen": 0.3773500323295593, "being vaccinated": 0.3767504096031189, "taking zyrtec": 0.37121549248695374, "zyrtec and pepcid": 0.3692145347595215, "epipen": 0.3674015998840332, "allergy test": 0.3672427833080292, "anaphylactic reaction": 0.3654387891292572, "delayed anaphylaxis": 0.3608033061027527, "seeing an allergist": 0.36042091250419617, "anti histamine": 0.35910558700561523, "zyrtec allegra": 0.35768407583236694, "xolair injections": 0.35759538412094116, "zyrtec twice": 0.3526213765144348, "allergy testing": 0.3524470925331116, "allergy immunology": 0.34949493408203125, "cold urticaria": 0.3481147289276123, "anaphylactic reactions": 0.3477312922477722, "allergy tests": 0.34668946266174316, "allergy meds": 0.3456915020942688, "allergic reactions": 0.3440462350845337, "gabapentin": 0.3434731662273407, "zyrtec": 0.342430055141449, "prednisone": 0.34232956171035767}}