{"c_v": 0.28358050283723524, "c_npmi": -0.3354062146910598, "u_mass": -4.994425873748938, "c_uci": -9.905407770475499}