{"c_v": 0.3806836110341685, "c_npmi": -0.24112184655013208, "u_mass": -4.6664264499130415, "c_uci": -7.814053049879241}