{"0": {"see neurologist": 0.43476569652557373, "hereditary neuropathy": 0.39119669795036316, "neurologist": 0.3845900595188141, "neurologists": 0.3799082636833191, "neurology": 0.3729017972946167, "neurological disease": 0.3648807108402252, "neurological problems": 0.36408886313438416, "undiagnosed": 0.3623400330543518, "neurologist who": 0.3615141808986664, "got diagnosed": 0.3601166903972626, "neurological": 0.35654452443122864, "mild symptoms": 0.3552745580673218, "symptoms": 0.3549681603908539, "neurological disorders": 0.35333091020584106, "symptom": 0.3479267656803131, "neuropathy": 0.34640437364578247, "proper diagnosis": 0.34404245018959045, "misdiagnosed": 0.3437494933605194, "diagnosis": 0.34200817346572876, "been diagnosed": 0.33594030141830444, "neuropathic pain": 0.3352839946746826, "peripheral neuropathy": 0.3325703740119934, "nerve pain": 0.33215591311454773, "sensory neuropathy": 0.3307656943798065, "common symptom": 0.3278735280036926, "genetic tests": 0.32333260774612427, "diagnose": 0.3227701783180237, "diagnoses": 0.32142168283462524, "newly diagnosed": 0.3195122182369232, "diagnosed": 0.3182608485221863, "diabetic neuropathy": 0.3171996474266052, "was diagnosed": 0.3155331313610077, "nerve biopsy": 0.31543007493019104, "syndrome": 0.30964356660842896, "neuromuscular disorders": 0.30920255184173584, "autonomic neuropathy": 0.3088274896144867, "recently diagnosed": 0.3068622052669525, "neuromuscular diseases": 0.3057563006877899, "diagnostic": 0.30411630868911743, "specializes in neurological": 0.3039904832839966, "genetic testing": 0.300931453704834, "symptoms until": 0.29906582832336426, "differential diagnosis": 0.2954637408256531, "sclerosis": 0.2939223349094391, "genetic test": 0.2937254309654236, "officially diagnosed": 0.2911994159221649, "neuropathic": 0.29115474224090576, "genetically tested": 0.28729480504989624, "polyneuropathy": 0.28242775797843933, "get tested": 0.28166741132736206}, "1": {"symptoms": 0.28057682514190674, "chronic pain": 0.27702078223228455, "therapy": 0.27648696303367615, "depression": 0.27362412214279175, "mild symptoms": 0.272260844707489, "got diagnosed": 0.267853707075119, "pain relief": 0.26743417978286743, "neuropathic pain": 0.26551979780197144, "disease progresses": 0.26448237895965576, "neurological problems": 0.25746139883995056, "symptom": 0.2566812038421631, "disease progression": 0.2546731233596802, "hip pain": 0.25275465846061707, "pain meds": 0.25259578227996826, "illness": 0.25258108973503113, "disease": 0.25056615471839905, "pain management": 0.24841713905334473, "joint pain": 0.2461930215358734, "see neurologist": 0.24557113647460938, "pains": 0.24529005587100983, "nerve pain": 0.24384000897407532, "physical therapy": 0.2437126338481903, "therapist": 0.2436956912279129, "newly diagnosed": 0.2412325143814087, "neurological disease": 0.24095547199249268, "therapies": 0.24071240425109863, "been diagnosed": 0.2394934594631195, "pain medication": 0.23900341987609863, "disorders": 0.2370021790266037, "eating disorder": 0.23494240641593933, "pain": 0.23308229446411133, "diagnose": 0.23071502149105072, "symptoms until": 0.23066416382789612, "neurological disorders": 0.23009659349918365, "diseases": 0.22928142547607422, "recently diagnosed": 0.2267933189868927, "disorder": 0.2267080545425415, "diagnosed": 0.2261289656162262, "neuropathy": 0.22465196251869202, "arthritis": 0.22366183996200562, "crutches": 0.22361919283866882, "diagnoses": 0.2168358564376831, "diagnosis": 0.2165663093328476, "therapists": 0.21499359607696533, "undiagnosed": 0.21453076601028442, "pain mngt": 0.2139553725719452, "suffering": 0.21247559785842896, "syndrome": 0.2124556601047516, "heal": 0.21206167340278625, "dystrophy": 0.21178126335144043}, "2": {"ankle foot": 0.4327009916305542, "squat shoes": 0.42840856313705444, "footwear": 0.4231179654598236, "hiking socks": 0.41889113187789917, "shoes": 0.41756001114845276, "ankle braces": 0.4089096188545227, "shoe inserts": 0.403586208820343, "ankles": 0.3967726230621338, "feet and ankles": 0.39457249641418457, "shoe": 0.3910987973213196, "arched feet": 0.3896658420562744, "running shoes": 0.3859668970108032, "my feet": 0.38210439682006836, "orthotics": 0.38161614537239075, "pair of shoes": 0.38080257177352905, "barefoot": 0.3768025040626526, "heels": 0.37296247482299805, "hiking boots": 0.37042322754859924, "dress shoes": 0.3687887489795685, "podiatrist": 0.3659909963607788, "ankle support": 0.36184531450271606, "achilles tendon": 0.36114728450775146, "leg braces": 0.3581535816192627, "weak ankles": 0.35596412420272827, "orthopedic": 0.35403144359588623, "ankle brace": 0.3535064160823822, "toes": 0.35250359773635864, "plantar fasciitis": 0.3514629602432251, "slippers": 0.3509882688522339, "foot": 0.34837713837623596, "ankle": 0.3478478193283081, "flat feet": 0.3465958833694458, "diabetic socks": 0.34497302770614624, "right foot": 0.34430545568466187, "insoles": 0.34310030937194824, "socks": 0.3409762978553772, "feet": 0.3396495580673218, "soles": 0.333601176738739, "orthotic": 0.32932406663894653, "sneakers": 0.32698944211006165, "leg cramps": 0.32614588737487793, "tendon": 0.3157917857170105, "my calves": 0.3121240735054016, "splints": 0.3116088807582855, "drop foot": 0.3113732635974884, "hip pain": 0.30902108550071716, "joint pain": 0.30856218934059143, "toe": 0.3037598729133606, "crutches": 0.3028980791568756, "compression socks": 0.30287426710128784}, "3": {"nerve pain": 0.5362511277198792, "hip pain": 0.5168999433517456, "joint pain": 0.5113654732704163, "pain relief": 0.47479668259620667, "neuropathic pain": 0.47171199321746826, "leg cramps": 0.44955384731292725, "pain meds": 0.44738155603408813, "chronic pain": 0.4352858364582062, "arthritis": 0.4303589165210724, "muscle spasms": 0.4254492521286011, "sore muscles": 0.4246194362640381, "pains": 0.42261338233947754, "muscle cramps": 0.4195297956466675, "pain": 0.4125901460647583, "achilles tendon": 0.4067809581756592, "pain medication": 0.40531647205352783, "neuropathy": 0.3993179500102997, "muscle twitching": 0.39576590061187744, "pain mngt": 0.3924766778945923, "pain management": 0.38871103525161743, "cramp": 0.3868403434753418, "tendon": 0.38364294171333313, "diabetic neuropathy": 0.38180696964263916, "plantar fasciitis": 0.38006025552749634, "sprained": 0.37889111042022705, "peripheral neuropathy": 0.3785446286201477, "cramps": 0.3725389838218689, "nerve damage": 0.36875396966934204, "painful": 0.3682546615600586, "numbness tingling": 0.35484081506729126, "mild symptoms": 0.3547259569168091, "spasms": 0.35396715998649597, "soreness": 0.34748929738998413, "symptoms": 0.3472730219364166, "sensory neuropathy": 0.34242957830429077, "calf muscles": 0.340288370847702, "numbness": 0.3386734127998352, "crutches": 0.33519405126571655, "muscle weakness": 0.3338717222213745, "neuromuscular disorders": 0.3324187994003296, "calf muscle": 0.3321368098258972, "splints": 0.3320307433605194, "weak ankles": 0.33165431022644043, "symptom": 0.3311237692832947, "nerves": 0.3278912603855133, "pressure sores": 0.3272983431816101, "physical therapy": 0.3262801766395569, "peripheral nerve": 0.3259601593017578, "tingling and numbness": 0.3254292607307434, "peripheral nerves": 0.32532864809036255}, "4": {"dtx pharma": 0.2656177878379822, "medicines": 0.2495943009853363, "medications": 0.24053698778152466, "clinical trials": 0.2312277853488922, "gene therapy": 0.231163889169693, "therapies": 0.2269800305366516, "polyneuropathy": 0.22536425292491913, "medicine": 0.22502613067626953, "pain meds": 0.22435727715492249, "medication": 0.22324815392494202, "pain medication": 0.22021184861660004, "disease progression": 0.21950607001781464, "disease progresses": 0.21910440921783447, "pfizer": 0.2182082086801529, "tramadol": 0.21707573533058167, "doses": 0.213038831949234, "cmt patients": 0.21298973262310028, "neuropathic pain": 0.20912840962409973, "see neurologist": 0.20882683992385864, "dosage": 0.20809730887413025, "meds": 0.20581579208374023,