{"0": {"glomus tumor": 0.4602535367012024, "tumor removed": 0.4534663259983063, "benign tumors": 0.44840747117996216, "tumors removed": 0.444242000579834, "tumor removal": 0.4379809498786926, "tumor shrinkage": 0.42706549167633057, "cancerous tumor": 0.4266148805618286, "shrink tumors": 0.42060530185699463, "cancerous tumors": 0.41539841890335083, "remove tumors": 0.41523510217666626, "sized tumor": 0.41322726011276245, "cutaneous fibromas": 0.40748822689056396, "sheath tumors": 0.4070814549922943, "cutaneous neurofibroma": 0.40066665410995483, "subcutaneous fibromas": 0.4002404808998108, "tumor": 0.39609891176223755, "plexiform neurofibroma": 0.3937532603740692, "tumors pressing": 0.39144277572631836, "cutaneous neurofibromas": 0.3882964849472046, "plexiform neurofibromas": 0.3880137801170349, "neurosurgeon": 0.3878498077392578, "subcutaneous neurofibroma": 0.38653939962387085, "tumor growth": 0.38627201318740845, "plexiform fibroma": 0.38336002826690674, "plexiform fibromas": 0.3829538822174072, "these tumors": 0.3821067214012146, "breast cancer": 0.3800804018974304, "brain tumor": 0.376806378364563, "subcutaneous neurofibromas": 0.3767608404159546, "tumors": 0.3735279142856598, "brain tumors": 0.37265196442604065, "types of tumors": 0.3726441264152527, "children tumor": 0.371277779340744, "severe scoliosis": 0.36756619811058044, "internal tumors": 0.3657991886138916, "bone deformities": 0.3651896119117737, "joint pain": 0.35933804512023926, "remove cancerous": 0.3584614396095276, "surgically removed": 0.35769301652908325, "nerve pain": 0.357673704624176, "mild scoliosis": 0.35634052753448486, "arthritis": 0.3557947874069214, "decompression surgery": 0.3519166111946106, "cervical spine": 0.347308874130249, "surgeries to remove": 0.34724143147468567, "surgery to remove": 0.34633326530456543, "tumor foundation": 0.34533751010894775, "small fibromas": 0.33989036083221436, "lumbar spine": 0.3394255042076111, "chronic pain": 0.3384919762611389}, "1": {"children tumor": 0.3856610655784607, "breast cancer": 0.36949265003204346, "pediatric neurologist": 0.34862393140792847, "benign tumors": 0.3420296609401703, "genetic diagnosis": 0.340079665184021, "cutaneous neurofibroma": 0.3246673345565796, "neuro oncologist": 0.3229846954345703, "plexiform neurofibroma": 0.32155537605285645, "cutaneous neurofibromas": 0.32056790590286255, "glomus tumor": 0.3200777471065521, "plexiform neurofibromas": 0.3195713758468628, "neurofibroma growth": 0.3163174092769623, "clinically diagnosed": 0.31385377049446106, "nf clinic": 0.31211772561073303, "subcutaneous neurofibroma": 0.31054067611694336, "proper diagnosis": 0.30928823351860046, "cancerous tumor": 0.3085313141345978, "subcutaneous neurofibromas": 0.3072640299797058, "nf clinics": 0.30659154057502747, "newly diagnosed": 0.30427223443984985, "recently diagnosed": 0.3016810417175293, "clinical diagnosis": 0.30146852135658264, "tumor growth": 0.30142951011657715, "confirm the diagnosis": 0.3005460202693939, "cancerous tumors": 0.2959097623825073, "misdiagnosed": 0.29590296745300293, "tumor shrinkage": 0.29402369260787964, "diagnosed with dyslexia": 0.2928691506385803, "lait spots": 0.2907026708126068, "her pediatrician": 0.2897256016731262, "neurofibroma": 0.28837084770202637, "diagnosis": 0.28694677352905273, "noonan syndrome": 0.2866472601890564, "was diagnosed": 0.28437304496765137, "neurofibromas": 0.2826051115989685, "neurosurgeon": 0.2819175124168396, "tumor": 0.2810041606426239, "diagnostic": 0.2805173993110657, "genetic disease": 0.28009098768234253, "neurological disorder": 0.27996334433555603, "sheath tumors": 0.2784944176673889, "types of tumors": 0.27846062183380127, "sized tumor": 0.278404176235199, "brain tumor": 0.2765768766403198, "shrink tumors": 0.2760695815086365, "genetic disorders": 0.2749996483325958, "pediatrician referred": 0.274968683719635, "neurofibromin": 0.27442169189453125, "diagnosed until": 0.27433347702026367, "diagnoses": 0.2736637592315674}, "2": {"depression anxiety": 0.3289382755756378, "cutaneous neurofibroma": 0.2997725307941437, "cutaneous neurofibromas": 0.2994382679462433, "depression and anxiety": 0.29816552996635437, "subcutaneous neurofibroma": 0.2950553297996521, "neurological disorder": 0.29454419016838074, "subcutaneous neurofibromas": 0.2942278981208801, "anxiety and depression": 0.29359298944473267, "plexiform neurofibromas": 0.28855112195014954, "plexiform neurofibroma": 0.28786370158195496, "neurological condition": 0.2807362377643585, "depression": 0.2755703926086426, "neurofibroma growth": 0.26592156291007996, "neuro oncologist": 0.2651467025279999, "autism spectrum": 0.2650376856327057, "neuropathy": 0.26296669244766235, "neurofibromas": 0.26222190260887146, "nf network": 0.26165592670440674, "neurofibroma": 0.26116427779197693, "noonan syndrome": 0.2610744535923004, "neurofibromin": 0.25768861174583435, "children tumor": 0.2421468198299408, "diagnosed with dyslexia": 0.2411840558052063, "nf clinic": 0.23984870314598083, "nf clinics": 0.23849979043006897, "autism": 0.23805275559425354, "autistic": 0.23535971343517303, "benign tumors": 0.2313990294933319, "segmental nf": 0.23118659853935242, "neuromas": 0.22865444421768188, "subcutaneous fibromas": 0.2286074012517929, "specializes in nf": 0.22811533510684967, "mental health": 0.22767658531665802, "tumor shrinkage": 0.2268734872341156, "shrink tumors": 0.22517168521881104, "neurological": 0.22491365671157837, "acoustic neuromas": 0.2237366884946823, "neuroma": 0.22273148596286774, "cancerous tumors": 0.22231462597846985, "cutaneous fibromas": 0.22187402844429016, "cancerous tumor": 0.22040021419525146, "depressed": 0.2200663983821869, "recently diagnosed": 0.21948884427547455, "antidepressants": 0.2180204689502716, "neurology": 0.21714279055595398, "plexiform fibromas": 0.21677888929843903, "acoustic neuroma": 0.21665993332862854, "tumors pressing": 0.21631518006324768, "neurologists": 0.2155303955078125, "misdiagnosed": 0.2155134379863739}, "3": {"nf network": 0.325447678565979, "nf conference": 0.31080639362335205, "donation": 0.26809626817703247, "nice to meet": 0.26494306325912476, "donating": 0.26087796688079834, "segmental nf": 0.2593972980976105, "ctf org": 0.24935951828956604, "blood donation": 0.24534690380096436, "donate blood": 0.2417079210281372, "happy to share": 0.24165937304496765, "donate": 0.23695313930511475, "lymph nodes": 0.23318390548229218, "donor": 0.23218272626399994, "want to chat": 0.23148606717586517, "happy to hear": 0.23073092103004456, "glad to hear": 0.2283562570810318, "support group": 0.22742196917533875, "donating blood": 0.22695332765579224, "wanted to share": 0.2263953685760498, "support groups": 0.22544045746326447, "cannot donate": 0.22409799695014954, "wanted to introduce": 0.2229442000389099, "thanks for sharing": 0.220591738820076, "fentanyl": 0.21796861290931702, "join": 0.21457156538963318, "want to talk": 0.2142733633518219, "deaf community": 0.21408095955848694, "charity": 0.2127050757408142, "plexiform fibroma": 0.21189096570014954, "plexiform neurofibroma": 0.21188271045684814, "making friends": 0.21178486943244934, "plexiform fibromas": 0.20966747403144836, "specializes in nf": 0.20911242067813873, "joining": 0.20771478116512299, "subcutaneous fibromas": 0.20728574693202972, "participate": 0.2066819965839386, "cutaneous neurofibroma": 0.20641665160655975, "cutaneous fibromas": 0.20636844635009766, "joined": 0.20576681196689606, "subcutaneous neurofibroma": 0.20560678839683533, "neurofibromin": 0.20542830228805542, "plexiform neurofibromas": 0.20486721396446228, "fb": 0.199587881565094, "someone to talk": 0.19931994378566742, "cutaneous neurofibromas": 0.19643844664096832, "subcutaneous neurofibromas": 0.19631825387477875, "nf clinic": 0.19394800066947937, "nf clinics": 0.1935073882341385, "fda": 0.19260522723197937, "small fibromas": 0.19256675243377686}, "4": {"acoustic neuromas": 0.4495949149131775, "acoustic neuroma": 0.4413487911224365,