{"c_v": 0.36056066810609977, "c_npmi": -0.381429354337175, "u_mass": -8.812861615603392, "c_uci": -11.262411493384528}