{"c_v": 0.33920974136755644, "c_npmi": -0.1745186170603975, "u_mass": -3.608683882172121, "c_uci": -6.037529399024876}