{"0": {"having dwarfism": 0.6845851540565491, "dwarfism awareness": 0.6368347406387329, "dwarfism": 0.6132071614265442, "form of dwarfism": 0.6086995601654053, "type of dwarfism": 0.5866482257843018, "pituitary dwarfism": 0.5774021148681641, "forms of dwarfism": 0.5643325448036194, "types of dwarfism": 0.5375741720199585, "children with achondroplasia": 0.47912177443504333, "was diagnosed": 0.4744580388069153, "dysplasia": 0.47152262926101685, "diagnosed": 0.46453630924224854, "short statured": 0.4629071354866028, "skeletal dysplasia": 0.4565050005912781, "has achondroplasia": 0.4376016855239868, "dwarf women": 0.43517154455184937, "physical disabilities": 0.4274904131889343, "diagnosis": 0.4269065260887146, "short stature": 0.4241170883178711, "syndrome": 0.4158940315246582, "medical condition": 0.3968029022216797, "achondroplasia": 0.3961324691772461, "disabilities": 0.39542195200920105, "disability": 0.392872154712677, "dwarf": 0.39009296894073486, "health issues": 0.3849039673805237, "limb lengthening": 0.37151437997817993, "disorder": 0.37066662311553955, "growth hormone": 0.36513710021972656, "taller": 0.36232173442840576, "growth hormones": 0.34963536262512207, "disease": 0.3427605628967285, "silver syndrome": 0.34118014574050903, "dwarfs": 0.33861619234085083, "genetics": 0.3350810110569, "growing": 0.3308948576450348, "illness": 0.32381752133369446, "short posture": 0.3234882652759552, "stature": 0.32040369510650635, "height adjustable": 0.30949681997299194, "taller than": 0.30773746967315674, "wheelchair": 0.3075486421585083, "term midget": 0.30280834436416626, "therapy": 0.2989058196544647, "grew": 0.29175177216529846, "mobility issues": 0.2901967465877533, "complications": 0.2894447147846222, "grow": 0.2851068377494812, "treatment": 0.2820990979671478, "midget": 0.28105413913726807}, "1": {"little person": 0.5614784359931946, "little people": 0.49547383189201355, "little": 0.4339846968650818, "child": 0.41682547330856323, "youtube": 0.41221052408218384, "videos": 0.41176193952560425, "tv show": 0.4074317514896393, "short statured": 0.4034128785133362, "children": 0.40099644660949707, "youtube channel": 0.397830605506897, "midget": 0.39765241742134094, "strangers": 0.3971855640411377, "name": 0.3937937617301941, "called midget": 0.39301520586013794, "childhood": 0.39168858528137207, "kids": 0.3882318139076233, "my daughter": 0.38291406631469727, "video": 0.3824533522129059, "word midget": 0.3820277154445648, "instagram": 0.3793628215789795, "kid": 0.3788582384586334, "my son": 0.37461036443710327, "content": 0.3741454482078552, "thanks for sharing": 0.3714147210121155, "daughter": 0.36918655037879944, "grew": 0.36909544467926025, "year old": 0.36802688241004944, "hobbies": 0.3663615584373474, "grew up": 0.36596569418907166, "short stature": 0.36380207538604736, "small": 0.3617119789123535, "human being": 0.3600694537162781, "your child": 0.35895293951034546, "tv": 0.3589019179344177, "kiddo": 0.35771167278289795, "entertainment": 0.35679739713668823, "teen": 0.3546920120716095, "midgets": 0.3520723879337311, "dwarf women": 0.3518298268318176, "shows": 0.35137230157852173, "posting": 0.34894561767578125, "dwarf": 0.34867018461227417, "babies": 0.3482820689678192, "post": 0.3464091420173645, "who": 0.34619468450546265, "names": 0.3445369303226471, "real life": 0.344343364238739, "little bit": 0.34379035234451294, "adults": 0.34374499320983887, "posted": 0.34357690811157227}, "2": {"having dwarfism": 0.8452879190444946, "form of dwarfism": 0.8428983688354492, "forms of dwarfism": 0.8409008979797363, "dwarfism": 0.8365733027458191, "type of dwarfism": 0.8254729509353638, "dwarf": 0.8252823352813721, "dwarfism awareness": 0.8217127323150635, "dwarf women": 0.8030533790588379, "dwarfs": 0.8030508160591125, "types of dwarfism": 0.7962080240249634, "dwarves": 0.7231102585792542, "pituitary dwarfism": 0.7165440320968628, "fantasy dwarves": 0.7046414613723755, "short statured": 0.4339342415332794, "short stature": 0.4033038020133972, "stature": 0.39655250310897827, "midget": 0.38446295261383057, "word midget": 0.3739427924156189, "midgets": 0.37211692333221436, "term midget": 0.36554521322250366, "has achondroplasia": 0.362295925617218, "achondroplasia": 0.3606492877006531, "taller": 0.3444443643093109, "skeletal dysplasia": 0.34354788064956665, "children with achondroplasia": 0.34284770488739014, "called midget": 0.3404413163661957, "tyrion": 0.3369746208190918, "grew": 0.32555297017097473, "dysplasia": 0.32493847608566284, "taller than": 0.316366970539093, "growing": 0.3100587725639343, "lord of the rings": 0.3069080114364624, "grown": 0.3011555075645447, "massive": 0.299838125705719, "tall": 0.29552575945854187, "large": 0.29388025403022766, "dragon age": 0.29367297887802124, "grow": 0.288659930229187, "game of thrones": 0.2868289351463318, "small": 0.2857095003128052, "skeletal": 0.2830769717693329, "tiktok": 0.2804519534111023, "peter dinklage": 0.27785104513168335, "sized person": 0.2753390669822693, "sized": 0.2751378118991852, "adult": 0.2733754515647888, "grew up": 0.2726040482521057, "puberty": 0.2695099115371704, "limb lengthening": 0.2672622799873352, "disabilities": 0.2638399004936218}, "3": {"having dwarfism": 0.668653666973114, "dwarfism awareness": 0.6601271629333496, "type of dwarfism": 0.6414260864257812, "form of dwarfism": 0.6397507190704346, "forms of dwarfism": 0.6394543647766113, "dwarfism": 0.6386823654174805, "types of dwarfism": 0.615290641784668, "dwarf": 0.5880123972892761, "dwarf women": 0.5872924327850342, "dwarfs": 0.5797215104103088, "fantasy dwarves": 0.5593172311782837, "term midget": 0.55694580078125, "pituitary dwarfism": 0.556851327419281, "word midget": 0.5453375577926636, "dwarves": 0.5362945795059204, "midget": 0.519986629486084, "midgets": 0.4859183430671692, "short statured": 0.4675789773464203, "called midget": 0.4653887152671814, "short stature": 0.4512530565261841, "considered offensive": 0.3965288996696472, "stature": 0.3610028624534607, "little person": 0.3531376123428345, "offensive": 0.3476487994194031, "taller": 0.3379082679748535, "insult": 0.3292604684829712, "little people": 0.3200511932373047, "offended": 0.3118516206741333, "skeletal dysplasia": 0.30618706345558167, "dysplasia": 0.3038317859172821, "taller than": 0.2947622239589691, "disabilities": 0.2939392328262329, "tall": 0.2892753481864929, "prejudice": 0.28826630115509033, "children with achondroplasia": 0.28640154004096985, "grew up": 0.28174877166748047, "small": 0.2804342806339264, "short arms": 0.2789580821990967, "physical disabilities": 0.27819621562957764, "short legs": 0.2770150899887085, "rude": 0.2738794684410095, "sized person": 0.27315616607666016, "average sized": 0.2711304724216461, "adults": 0.2695736885070801, "discrimination": 0.267701655626297, "character": 0.26462846994400024, "characters": 0.2627546787261963, "bullying": 0.26134687662124634, "offend anyone": 0.2598084509372711, "offend": 0.25894027948379517}, "4": {"wheelchair": 0.4569903016090393, "pedal extenders": 0.4200637638568878, "height adjustable": 0.4172500967979431, "short posture": 0.39946410059928894, "physical disabilities": 0.38300222158432007, "mobility issues": 0.3649671673774719, "having dwarfism": 0.3630996644496918, "posture": 0.352130651473999, "limb lengthening": 0.35168707370758057, "extenders": 0.34277451038360596, "car seat": 0.3426167964935303, "pedal extensions": 0.3400620222091675, "dwarfism awareness": 0.3264648914337158, "furniture": 0.3209957480430603, "chair": 0.3202933073043823, "types of dwarfism": 0.3144111633300781, "disabilities": 0.3060537874698639, "taller": 0.30573955178260803, "adjustable": 0.3049023449420929, "children with achondroplasia": 0.3014098107814789, "sized person": 0.30096396803855896, "seat": 0.2995089888572693, "type of dwarfism": 0.2991354465484619, "dwarf women": 0.2984355092048645, "dwarfism": 0.2981800436973572, "forms of dwarfism": 0.29354071617126465, "chairs": 0.2871931791305542,