{"c_v": 0.43708640458153203, "c_npmi": -0.13198306965176276, "u_mass": -1.3501080400384855, "c_uci": -4.495601788913897}