{"0": {"elevated platelets": 0.5532239079475403, "thrombocythemia": 0.5178589224815369, "high platelets": 0.4931485056877136, "been diagnosed": 0.47864899039268494, "thrombocytosis": 0.47395557165145874, "thrombosis": 0.4714556336402893, "essential thrombocythemia": 0.47096383571624756, "diagnosis": 0.468746155500412, "high platelet": 0.4644138216972351, "reactive thrombocytosis": 0.4513799548149109, "hematologist says": 0.4502590000629425, "platelet counts": 0.4454537630081177, "was diagnosed": 0.4387945830821991, "recently diagnosed": 0.43587058782577515, "platelet count": 0.4354736804962158, "referred to hematologist": 0.4302959442138672, "hematologist oncologist": 0.4277876019477844, "my hematologist": 0.4267907738685608, "diagnosed with et": 0.4202316999435425, "hematologist": 0.41126683354377747, "myelofibrosis": 0.4105954170227051, "blood disorder": 0.40414199233055115, "diagnosed": 0.40393346548080444, "hematocrit": 0.4024919271469116, "blood tests": 0.3994654417037964, "platelet": 0.39873459935188293, "my platelets": 0.3928338885307312, "blood cancer": 0.3901769816875458, "platelets": 0.3895284831523895, "blood thinners": 0.3872942328453064, "any symptoms": 0.37557435035705566, "hematologists": 0.372631698846817, "polycythemia vera": 0.3661445081233978, "my platelet": 0.36270976066589355, "platelets were": 0.354854941368103, "blood test": 0.3546493649482727, "blood clots": 0.34543684124946594, "blood counts": 0.3394762873649597, "biopsy": 0.33539605140686035, "leukemia": 0.3307265043258667, "mpn patients": 0.32926881313323975, "anemia": 0.3278859257698059, "no symptoms": 0.3268792927265167, "symptoms": 0.31645190715789795, "polycythemia": 0.3081604242324829, "take aspirin": 0.3054036796092987, "jak mutation": 0.3013000190258026, "daily aspirin": 0.2958424985408783, "second opinion": 0.2871415317058563, "lymphoma society": 0.28595346212387085}, "1": {"mpn patients": 0.7519321441650391, "mpn specialist": 0.6322306990623474, "seeing an mpn": 0.5856261849403381, "mpn": 0.5694252252578735, "mpn research": 0.5275366902351379, "mpns": 0.5010419487953186, "mpn voice": 0.47922414541244507, "been diagnosed": 0.4584435224533081, "was diagnosed": 0.45634520053863525, "recently diagnosed": 0.45214980840682983, "clinical": 0.41354233026504517, "diagnosed": 0.40233463048934937, "patients": 0.398244172334671, "mpl": 0.3955853581428528, "treatment": 0.3944997787475586, "prescribed": 0.37765389680862427, "lymphoma society": 0.3701764643192291, "treatments": 0.3687559962272644, "medicine": 0.3521905839443207, "hematologist oncologist": 0.35162436962127686, "referred to hematologist": 0.3515790104866028, "my hematologist": 0.3442828059196472, "polycythemia vera": 0.3377559781074524, "diagnosed with et": 0.3334618806838989, "diagnosis": 0.3285830616950989, "patient": 0.32164618372917175, "myelofibrosis": 0.319149911403656, "biopsy": 0.3180016279220581, "medical": 0.31573402881622314, "medication": 0.31467247009277344, "meds": 0.31099557876586914, "hematologist says": 0.30997759103775024, "hematologist": 0.3084167242050171, "leukemia": 0.30607110261917114, "oncologist": 0.303796648979187, "second opinion": 0.3018524944782257, "treated": 0.3003109395503998, "low dose": 0.29878151416778564, "daily aspirin": 0.2914239764213562, "hematologists": 0.2883423864841461, "appointment": 0.28530383110046387, "doctors": 0.2800128757953644, "blood cancer": 0.2767741084098816, "pv": 0.27405858039855957, "hematocrit": 0.2726314961910248, "my doctor": 0.2712419033050537, "doctor": 0.2704034447669983, "hct": 0.2693105638027191, "cancer": 0.26854178309440613, "aspirin daily": 0.26728755235671997}}