{"0": {"disability ies": 0.5151070356369019, "applying for disability": 0.5016219615936279, "disabilitys": 0.494558721780777, "disability": 0.4924299716949463, "disabilities": 0.4915122091770172, "people with disabilities": 0.4814132750034332, "disabled folks": 0.48123860359191895, "fellow disableds": 0.48084908723831177, "profound disabilities": 0.4703758656978607, "presumptive disability": 0.46657633781433105, "mentally disabled": 0.4649295210838318, "disabilityart": 0.4647397994995117, "disability pension": 0.4620743989944458, "fellow disabled": 0.45937803387641907, "disability pride": 0.458562433719635, "cpp disability": 0.45791399478912354, "permanent disability": 0.45477259159088135, "riders with disabilities": 0.4546877145767212, "americans with disabilities": 0.4533121883869171, "adults with disabilities": 0.4507150650024414, "mentally handicapped": 0.4505981206893921, "individuals with disabilities": 0.4492959976196289, "persons with disabilities": 0.4492117166519165, "disableds": 0.44869184494018555, "continuing disability": 0.4484952688217163, "term disability": 0.44520509243011475, "invisible disability": 0.44438469409942627, "physical disabilities": 0.4408848285675049, "becoming disabled": 0.43886953592300415, "disabled veteran": 0.43674206733703613, "invisible disabilities": 0.43345582485198975, "hidden disabilities": 0.43303942680358887, "disability rights": 0.4284805655479431, "handicap van": 0.4280920624732971, "students with disabilities": 0.4274153411388397, "disability justice": 0.4250865578651428, "disabilities act": 0.4240057170391083, "disabled folk": 0.42278093099594116, "disabled persons": 0.4212903678417206, "learning disabilities": 0.4209994673728943, "developmental disability": 0.42066752910614014, "definition of disability": 0.41839638352394104, "handicap": 0.41782134771347046, "disabled person": 0.4174283444881439, "disabled vet": 0.41661500930786133, "severely disabled": 0.41637808084487915, "handicaps": 0.4155983626842499, "disabled": 0.41510018706321716, "non disabled": 0.41287359595298767, "handicapped": 0.41234081983566284}, "1": {"removed submission": 0.4265751838684082, "been removed": 0.3838430941104889, "removed because": 0.3812136650085449, "removed": 0.3546883165836334, "reply with delete": 0.3276086449623108, "mods": 0.3263453245162964, "deleted": 0.3081243336200714, "official mod": 0.30237114429473877, "mod": 0.3017047345638275, "please delete": 0.2940942645072937, "moderator": 0.2917848825454712, "moderators": 0.2833828628063202, "stickied post": 0.2801029086112976, "remove": 0.2754485011100769, "removing": 0.2730257213115692, "removes": 0.2714548110961914, "violation": 0.2627222537994385, "removed surveys": 0.2602251172065735, "delete": 0.2599874436855316, "troll post": 0.25768738985061646, "original post": 0.25037482380867004, "declared disabled": 0.24740952253341675, "wrong subreddit": 0.24683347344398499, "posted": 0.24661391973495483, "removal": 0.24575331807136536, "your submission": 0.2425677627325058, "resubmit": 0.24198955297470093, "eliminating": 0.24175775051116943, "posted here": 0.24110203981399536, "post": 0.24010732769966125, "posting": 0.24002578854560852, "posts": 0.2393929362297058, "ada violation": 0.23903730511665344, "posting here": 0.2377077341079712, "delete to delete": 0.23667986690998077, "violates": 0.23515792191028595, "violate": 0.23495928943157196, "violated": 0.23295274376869202, "subreddit": 0.23213332891464233, "please pm": 0.23104393482208252, "sub reddits": 0.22961638867855072, "sub": 0.22920753061771393, "violations": 0.2283863127231598, "violating": 0.2282426655292511, "mod team": 0.22641664743423462, "comments section": 0.22581717371940613, "sub reddit": 0.22557850182056427, "disabled folks": 0.22509071230888367, "deleting": 0.22453655302524567, "post informative": 0.22409279644489288}, "2": {"multiple sclerosis": 0.37501290440559387, "sclerosis": 0.32062312960624695, "multiple diagnoses": 0.2372734099626541, "meniere disease": 0.23347027599811554, "progressive disease": 0.22990554571151733, "debilitating disease": 0.21386289596557617, "neurological disease": 0.21353349089622498, "neurological issues": 0.20995765924453735, "variety of disabilities": 0.20865346491336823, "recently diagnosed": 0.20748859643936157, "progressive neurological": 0.20575593411922455, "no cure": 0.2051333785057068, "rare disease": 0.19870740175247192, "chronic illnesses": 0.19678781926631927, "newly diagnosed": 0.19565312564373016, "incurable disease": 0.1955994814634323, "cured": 0.19518782198429108, "illnesses": 0.1940527856349945, "multiple surgeries": 0.19395513832569122, "downs syndrome": 0.19381573796272278, "cures": 0.19338107109069824, "degenerative disease": 0.19234776496887207, "diagnosed with ms": 0.19230753183364868, "multiply disabled": 0.1919459104537964, "disease": 0.19176363945007324, "chronic migraines": 0.191351979970932, "diseases": 0.19129696488380432, "neurological disorders": 0.19060571491718292, "chronic illness": 0.19030004739761353, "diagnosed with fibro": 0.1902979463338852, "neurodiverse": 0.19028234481811523, "mystery illness": 0.18956097960472107, "disc disease": 0.1893000304698944, "ms patients": 0.18822385370731354, "disability studies": 0.18647202849388123, "neurodiversity": 0.18645818531513214, "syndrome hypermobility": 0.18565310537815094, "neurological disorder": 0.18479059636592865, "syndromes": 0.18406689167022705, "magically cured": 0.1840466856956482, "rare diseases": 0.18352994322776794, "down syndrome": 0.18316464126110077, "chronic migraine": 0.1816941499710083, "cure": 0.18156294524669647, "hypermobility syndrome": 0.18116523325443268, "disk disease": 0.17998093366622925, "invisible illnesses": 0.17949938774108887, "osteomyelitis": 0.17892181873321533, "neurologists": 0.17882996797561646, "bone disease": 0.17861759662628174}, "3": {"np reddit": 0.49531763792037964, "np redd": 0.3747728765010834, "linked to reddit": 0.3610508143901825, "form np": 0.3549211323261261, "reddit links": 0.35296630859375, "np domain": 0.3479345440864563, "bad bot": 0.31775200366973877, "fellow disableds": 0.30825620889663696, "reddit com": 0.2999844551086426, "am bot": 0.29609158635139465, "sub reddits": 0.29556986689567566, "fellow disabled": 0.29500821232795715, "bot": 0.2936752438545227, "disabled folks": 0.288520872592926, "sub reddit": 0.2839530110359192, "removed submission": 0.2792086899280548, "wrong subreddit": 0.27897974848747253, "automatically removed": 0.2640805244445801, "automatically please": 0.2617006301879883, "bot wants": 0.2615858316421509, "downvote": 0.25783970952033997, "reddit": 0.255338191986084, "reddits": 0.25315359234809875, "np": 0.25103241205215454, "subreddits": 0.24750876426696777, "disabled folk": 0.24503281712532043, "nondisabled": 0.24483735859394073, "bots": 0.24427315592765808, "stickied post": 0.24378062784671783, "redditor": 0.2432880997657776, "subreddit": 0.24328474700450897, "downvotes": 0.2431875765323639, "npr": 0.24251994490623474, "got downvoted": 0.24140113592147827, "automatically disqualify": 0.2409840226173401, "disabled vet": 0.23945048451423645, "downvoting": 0.23938524723052979, "fellow redditors": 0.2393353283405304, "multiply disabled": 0.23792484402656555, "became disabled": 0.23743879795074463, "disableds": 0.23491859436035156, "imposter syndrome": 0.23473480343818665, "snarky comments": 0.23449724912643433, "non disabled": 0.2339838147163391, "troll post": 0.23342382907867432, "worst bots": 0.2331767976284027, "upvotes": 0.23302944004535675, "automated": 0.23297998309135437, "hi redditors": 0.23130370676517487, "posting here": 0.23092491924762726}}