{"c_v": 0.3472157238475159, "c_npmi": -0.17359889021571207, "u_mass": -9.8080767544758, "c_uci": -5.814113083015228}