{"c_v": 0.3441773512768545, "c_npmi": -0.22178526426552167, "u_mass": -7.092259281832849, "c_uci": -6.980891001095648}