{"c_v": 0.37353130765640785, "c_npmi": -0.25465579608847144, "u_mass": -5.44972145109188, "c_uci": -8.054602368957227}