{"c_v": 0.33456915176957347, "c_npmi": -0.2610976750717402, "u_mass": -5.543836397512257, "c_uci": -8.128857642476028}