{"0": {"recognizing actors": 0.4418668746948242, "same actor": 0.4207600951194763, "look alike": 0.417816698551178, "resemblance": 0.38910725712776184, "look identical": 0.3865378499031067, "related to prosopagnosia": 0.35897791385650635, "actors": 0.3587772846221924, "characters apart": 0.3560367226600647, "same person": 0.3555198311805725, "identical": 0.3541352152824402, "recognising faces": 0.35204654932022095, "identical twin": 0.3454309403896332, "look the same": 0.3404017388820648, "uncanny": 0.3383585810661316, "distinguishing features": 0.33491891622543335, "similar looking": 0.33397960662841797, "identical twins": 0.3323858380317688, "faces": 0.32440969347953796, "unrecognizable": 0.3223978877067566, "recognizing faces": 0.3221147954463959, "similarities": 0.320927232503891, "facial features": 0.3170328736305237, "them apart": 0.31701746582984924, "prosopagnosia": 0.31532877683639526, "facial expressions": 0.31095004081726074, "cannot recognize": 0.3097230792045593, "alike": 0.3080611228942871, "everyone looks": 0.3061695694923401, "mannerisms": 0.3013702929019928, "clue who": 0.2992425560951233, "very similar": 0.29812222719192505, "distinctive looking": 0.29644307494163513, "distinguishing": 0.29241669178009033, "distinctive features": 0.29224950075149536, "distinct features": 0.2915674149990082, "recognizable": 0.2874082624912262, "actresses": 0.28724366426467896, "suits": 0.2859976887702942, "similar": 0.28377845883369446, "look nothing": 0.28318309783935547, "live action": 0.2822877764701843, "facial expression": 0.28173935413360596, "peoples faces": 0.27709800004959106, "identity": 0.27527332305908203, "facial structure": 0.27316486835479736, "nothing alike": 0.27191177010536194, "uncanny valley": 0.2716343402862549, "played by the same": 0.27067381143569946, "same haircut": 0.27065059542655945, "individual features": 0.2703346312046051}, "1": {"related to prosopagnosia": 0.4031462073326111, "recognizing faces": 0.3889041543006897, "prosopagnosia": 0.38843581080436707, "recognising faces": 0.382399320602417, "acquired prosopagnosia": 0.3772985339164734, "remembering faces": 0.3737197518348694, "mild prosopagnosia": 0.36326390504837036, "neurotypical": 0.35275691747665405, "recognizing actors": 0.3397520184516907, "face recognition": 0.3375351130962372, "cannot recognise": 0.33675068616867065, "peoples faces": 0.32617437839508057, "synesthesia": 0.3258802890777588, "distinguishing features": 0.32486337423324585, "able to recognise": 0.3205570578575134, "recall faces": 0.3204227685928345, "developmental prosopagnosia": 0.31989532709121704, "faces": 0.3141714334487915, "recognizing voices": 0.3123621940612793, "facial recognition": 0.3110828101634979, "neurological disorder": 0.30959317088127136, "inability to recognize": 0.3090669810771942, "neurological": 0.3055957853794098, "distinguishing": 0.30553489923477173, "cannot recognize": 0.3048030734062195, "recognise": 0.3044814467430115, "sensory": 0.30425041913986206, "visualize faces": 0.3035992383956909, "facial expressions": 0.3031749725341797, "remembering names": 0.30283093452453613, "trouble remembering": 0.3024841547012329, "face blindness": 0.30081361532211304, "cognitive": 0.29964113235473633, "look alike": 0.29815757274627686, "uncanny": 0.29330164194107056, "difficulty recognizing": 0.29321491718292236, "mannerisms": 0.29170262813568115, "neurological condition": 0.2882484793663025, "neurologist": 0.28601914644241333, "asperger": 0.28493595123291016, "facial blindness": 0.2848900556564331, "acquaintance": 0.2834659814834595, "identical twin": 0.28168848156929016, "distinguish": 0.2804260849952698, "face blind": 0.2801890969276428, "diagnosed": 0.2800233066082001, "distinctive features": 0.2790728807449341, "recognize them": 0.27794361114501953, "recognize": 0.27755892276763916, "photographic memory": 0.2772054076194763}, "2": {"recognising faces": 0.4933796525001526, "visualize faces": 0.47269678115844727, "recognizing faces": 0.47205114364624023, "faces": 0.4682939350605011, "facial expressions": 0.4534946084022522, "remembering faces": 0.45060330629348755, "facial features": 0.44170117378234863, "face blindness": 0.42820560932159424, "facial expression": 0.42689552903175354, "face recognition": 0.4233549237251282, "peoples faces": 0.41997718811035156, "face blind": 0.41362297534942627, "facial recognition": 0.41250669956207275, "prosopagnosia": 0.40530306100845337, "facial blindness": 0.4031885266304016, "facial structure": 0.3978036046028137, "related to prosopagnosia": 0.3977409601211548, "drawing faces": 0.3968753516674042, "distinguishing features": 0.38495516777038574, "bad with faces": 0.3846476972103119, "human faces": 0.3815161883831024, "recall faces": 0.37431856989860535, "cannot visualize": 0.36613816022872925, "mild prosopagnosia": 0.3640431761741638, "facial": 0.35542821884155273, "uncanny": 0.3500932455062866, "synesthesia": 0.34943220019340515, "visual agnosia": 0.3297358751296997, "face": 0.3295511305332184, "recognizing actors": 0.32830414175987244, "own face": 0.32659661769866943, "sensory": 0.3257181644439697, "distinguishing": 0.3249133825302124, "can visualize": 0.3222590684890747, "inability to recognize": 0.32192426919937134, "acquired prosopagnosia": 0.320354163646698, "able to recognise": 0.31835418939590454, "eyes nose": 0.31806594133377075, "distinctive features": 0.3151758909225464, "neurological": 0.31446826457977295, "cannot recognise": 0.31405162811279297, "cannot recognize": 0.3140357732772827, "distinctive looking": 0.30710238218307495, "body language": 0.3068043887615204, "unique features": 0.30564847588539124, "recognizing voices": 0.3038337230682373, "eye contact": 0.2992512285709381, "cognitive": 0.2983059883117676, "mannerisms": 0.2981610894203186, "visualizing": 0.2973476052284241}, "3": {"acquaintance": 0.33039790391921997, "recognising faces": 0.29955101013183594, "acquaintances": 0.2964894771575928, "recognizing faces": 0.29619646072387695, "cannot recognise": 0.2908456325531006, "meet someone": 0.2908160388469696, "neurotypical": 0.28780704736709595, "prosopagnosia": 0.2877529561519623, "acquired prosopagnosia": 0.2833968997001648, "strangers": 0.28125762939453125, "classmate": 0.28125351667404175, "introduce myself": 0.2811371386051178, "remembering faces": 0.28101128339767456, "met before": 0.27978259325027466, "related to prosopagnosia": 0.27902713418006897, "remembering names": 0.27605098485946655, "mild prosopagnosia": 0.2757630944252014, "social interactions": 0.2753644585609436, "socially awkward": 0.27191928029060364, "coworker": 0.2696157991886139, "unfamiliar": 0.26932236552238464, "body language": 0.26801276206970215, "trouble recognising": 0.26605427265167236, "coworkers": 0.2655631899833679, "face recognition": 0.2650299370288849, "social situations": 0.2637673318386078, "social anxiety": 0.2612164616584778, "peoples faces": 0.26115304231643677, "facial recognition": 0.25995317101478577, "difficulty recognizing": 0.25960811972618103, "asperger": 0.25874876976013184, "classmates": 0.2576126456260681, "recognise": 0.2559099495410919, "facial expressions": 0.2515788674354553, "meeting": 0.2514761984348297, "trouble remembering": 0.24750842154026031, "trouble recognizing": 0.24669155478477478, "recognition problems": 0.24611294269561768, "inability to recognize": 0.2457510530948639, "met": 0.24533867835998535, "noticeable": 0.24418067932128906, "recognizing actors": 0.2438986897468567, "sensory": 0.2431289553642273, "eye contact": 0.24254360795021057, "co worker": 0.24223431944847107, "meeting new": 0.2420417070388794, "saying hi": 0.2411138415336609, "faces": 0.23992112278938293, "recognising": 0.23804114758968353, "interaction": 0.23752447962760925}, "4": {"acquaintance": 0.30644774436950684, "met before": 0.2993374764919281, "coworker": 0.28595760464668274, "met": 0.2759757936000824, "strangers": 0.26423099637031555, "unfamiliar": 0.2606438100337982, "complete stranger": 0.25912171602249146,