{"c_v": 0.2862960063674185, "c_npmi": -0.26416444192035665, "u_mass": -3.2009045401445833, "c_uci": -7.641282301151605}