{"0": {"see neurologist": 0.47304069995880127, "neurological disorder": 0.4686436057090759, "epileptic seizures": 0.4582619071006775, "symptoms": 0.44334515929222107, "seizures": 0.4396839737892151, "neurologist": 0.43912357091903687, "neurological": 0.4355093836784363, "neurology": 0.4335747957229614, "these symptoms": 0.43024885654449463, "symptom": 0.4276241958141327, "seizure": 0.3880019783973694, "dizziness": 0.36620157957077026, "dissociative seizures": 0.3586263358592987, "functional neurological": 0.355019211769104, "epileptic": 0.35415878891944885, "muscle spasms": 0.34463101625442505, "movement disorder": 0.33888235688209534, "disorders": 0.33722734451293945, "nerve": 0.33595919609069824, "migraines": 0.3352828025817871, "numbness": 0.3346291184425354, "anxiety": 0.33434319496154785, "spasms": 0.3276342749595642, "paralysis": 0.32603389024734497, "disorder": 0.3228830099105835, "migraine": 0.3220008909702301, "neuro": 0.32086479663848877, "non epileptic": 0.31988608837127686, "chronic pain": 0.31820231676101685, "got diagnosed": 0.31807392835617065, "syndrome": 0.3159872889518738, "diagnosis": 0.3054199516773224, "joint pain": 0.3029216229915619, "been diagnosed": 0.29660606384277344, "brain fog": 0.29434075951576233, "diagnoses": 0.29156774282455444, "ptsd": 0.29016152024269104, "nausea": 0.28495681285858154, "illness": 0.28088825941085815, "muscle weakness": 0.2797863483428955, "diagnosed with fnd": 0.27639126777648926, "nervous system": 0.2727997899055481, "stroke": 0.27269405126571655, "newly diagnosed": 0.271900475025177, "diagnosed": 0.271895170211792, "physical therapy": 0.26783740520477295, "was diagnosed": 0.265582412481308, "recently diagnosed": 0.2642022371292114, "psychiatrist": 0.26167333126068115, "memory issues": 0.2604919373989105}, "1": {"see neurologist": 0.4493711590766907, "neurological disorder": 0.44516533613204956, "neurologist": 0.4066861569881439, "symptoms": 0.39912378787994385, "neurology": 0.3981524109840393, "got diagnosed": 0.3976151943206787, "neurological": 0.38766029477119446, "symptom": 0.38726767897605896, "these symptoms": 0.3823786675930023, "been diagnosed": 0.36907559633255005, "diagnosis": 0.35775935649871826, "diagnosed with fnd": 0.3553227186203003, "newly diagnosed": 0.35375094413757324, "therapy": 0.34803473949432373, "psychiatrist": 0.34282493591308594, "diagnoses": 0.3418676257133484, "diagnosed": 0.34002673625946045, "functional neurological": 0.33869248628616333, "recently diagnosed": 0.338168203830719, "epileptic seizures": 0.3376830816268921, "disorders": 0.3373539447784424, "was diagnosed": 0.3324735760688782, "therapist": 0.3250652849674225, "disorder": 0.32254737615585327, "physical therapy": 0.3159604072570801, "movement disorder": 0.31418317556381226, "syndrome": 0.3105142414569855, "neuro": 0.3006497025489807, "seizures": 0.3004499077796936, "physical therapist": 0.2945934534072876, "depression": 0.2930280566215515, "anxiety": 0.2896937131881714, "illness": 0.2894636392593384, "dizziness": 0.28338655829429626, "mental health": 0.28167110681533813, "epileptic": 0.279305636882782, "ptsd": 0.27732935547828674, "chronic pain": 0.2740023732185364, "seizure": 0.26494985818862915, "migraines": 0.2620697617530823, "doctors": 0.2607291042804718, "bipolar": 0.26038405299186707, "dissociative seizures": 0.2574634850025177, "migraine": 0.2552955448627472, "muscle spasms": 0.25421977043151855, "doctor": 0.2539643943309784, "paralysis": 0.2535209655761719, "nerve": 0.24609312415122986, "brain fog": 0.24169382452964783, "numbness": 0.24150428175926208}}