{"0": {"pd deficiency": 0.37375208735466003, "anemia": 0.36659491062164307, "taking vitamin": 0.3504864573478699, "hemolytic anemia": 0.3500252962112427, "vitamins": 0.32789045572280884, "vitamin": 0.32492899894714355, "anemia to individuals": 0.3200065791606903, "kidney beans": 0.3060668706893921, "pea protein": 0.2969239056110382, "hemoglobin": 0.27812790870666504, "tylenol": 0.2760527729988098, "deficiency": 0.27522629499435425, "anemic": 0.274618536233902, "protein": 0.2735271155834198, "cause hemolysis": 0.27209049463272095, "allergy": 0.2704889178276062, "legumes": 0.26654404401779175, "side effects": 0.26598525047302246, "symptoms": 0.2659851610660553, "soy lecithin": 0.2650543749332428, "enzyme": 0.26190826296806335, "blood disorder": 0.26149189472198486, "doses": 0.260936439037323, "medications": 0.260926216840744, "severe hemolytic": 0.26003676652908325, "liver": 0.2571774125099182, "kidney": 0.2563379406929016, "certain medicines": 0.25633135437965393, "diagnosed with pd": 0.2563251256942749, "allergic reaction": 0.25471031665802, "aspirin": 0.2537992000579834, "glutathione": 0.2506474554538727, "certain foods": 0.25056058168411255, "allergies": 0.2500092089176178, "certain drugs": 0.24943195283412933, "iron supplements": 0.24907714128494263, "diet": 0.24757423996925354, "folate": 0.2474062442779541, "pd deficient": 0.24718624353408813, "hemolytic": 0.2464069128036499, "jaundice": 0.2460067868232727, "lecithin": 0.24539092183113098, "symptom": 0.2443750500679016, "low dose": 0.24420949816703796, "protein shakes": 0.24403592944145203, "nsaids": 0.24322417378425598, "inflammation": 0.2406756579875946, "allergic reactions": 0.24040862917900085, "risk of hemolytic": 0.23994950950145721, "trigger hemolysis": 0.2398715317249298}, "1": {"pfizer vaccine": 0.5638121366500854, "vaccines": 0.5323799252510071, "vaccine": 0.5293666124343872, "vaccination": 0.505078911781311, "vaccinated": 0.4730457663536072, "flu": 0.28815096616744995, "doses": 0.27522072196006775, "first dose": 0.2664254903793335, "immune": 0.26538974046707153, "allergic reaction": 0.260860800743103, "shots": 0.2604776620864868, "allergic reactions": 0.2552889585494995, "pfizer": 0.25349313020706177, "paracetamol": 0.25053441524505615, "immune system": 0.2498520016670227, "fever": 0.2490633875131607, "anti inflammatory": 0.2409328818321228, "antibiotics": 0.24017474055290222, "malaria": 0.23892290890216827, "certain medicines": 0.23218244314193726, "medicines": 0.22968626022338867, "tylenol": 0.22815126180648804, "low dose": 0.22672471404075623, "medications": 0.22610297799110413, "side effects": 0.22058552503585815, "meds": 0.2194509208202362, "risk of hemolytic": 0.21538203954696655, "first shot": 0.21358439326286316, "allergies": 0.2113528847694397, "medication": 0.20916280150413513, "medicine": 0.20876967906951904, "patients": 0.203363835811615, "inflammation": 0.20332908630371094, "infections": 0.2006492167711258, "allergic": 0.1955815851688385, "your doctor": 0.19517529010772705, "taking vitamin": 0.1915995180606842, "allergy": 0.18965783715248108, "aspirin": 0.18908333778381348, "disease": 0.1866946667432785, "diagnosed with pd": 0.18635067343711853, "illness": 0.18422414362430573, "virus": 0.18211467564105988, "shot": 0.1819763034582138, "sore arm": 0.18090666830539703, "dose": 0.17729657888412476, "nsaids": 0.1762126386165619, "side effect": 0.1761952042579651, "jaundiced": 0.1717095524072647, "infection": 0.17117437720298767}}