{"c_v": 0.3491934663393996, "c_npmi": -0.22974877072346794, "u_mass": -2.2156065972543457, "c_uci": -7.438841265614537}