{"c_v": 0.37256425668202897, "c_npmi": -0.10100515205287568, "u_mass": -1.1805723460135986, "c_uci": -3.005549017113069}