{"0": {"blood tests": 0.5920456051826477, "hemoglobin levels": 0.5697274804115295, "blood test": 0.5492803454399109, "rbc hemoglobin": 0.5460205674171448, "elevated rbc": 0.5289367437362671, "hemoglobin and hematocrit": 0.5207266807556152, "blood counts": 0.5170542597770691, "high rbc": 0.4895736575126648, "diagnosed with pv": 0.48671120405197144, "hematology": 0.48058611154556274, "blood clot": 0.47582900524139404, "seeing hematologist": 0.47469261288642883, "hemoglobin hematocrit": 0.47453293204307556, "blood clotting": 0.47323548793792725, "blood clots": 0.47142893075942993, "hemoglobin": 0.4698622524738312, "bloodwork": 0.46096503734588623, "see hematologist": 0.4558464586734772, "hematocrit": 0.45363926887512207, "recently diagnosed": 0.4534234404563904, "blood pressure": 0.4413236975669861, "blood draws": 0.43950149416923523, "blood work": 0.439106285572052, "blood": 0.4373934268951416, "hematologists": 0.4334520101547241, "been diagnosed": 0.4302251935005188, "symptom": 0.4273356795310974, "hematologist": 0.4236627221107483, "low dose": 0.420707643032074, "tested positive": 0.41871631145477295, "undiagnosed": 0.4160243570804596, "cannot diagnose": 0.41251179575920105, "was diagnosed": 0.41127678751945496, "blood cell": 0.4002508521080017, "diagnostic criteria": 0.40003353357315063, "diagnosed": 0.39709508419036865, "referral to hematologist": 0.39345264434814453, "symptoms": 0.3911241292953491, "diagnostic": 0.38999101519584656, "health issues": 0.38470658659935, "blood cells": 0.3836542069911957, "bloodwork done": 0.38340049982070923, "oxygen levels": 0.3827210068702698, "red blood": 0.38172900676727295, "diagnose": 0.3676387071609497, "patients": 0.35237282514572144, "high platelets": 0.3517151176929474, "biopsy to confirm": 0.351654589176178, "chronic": 0.3493083715438843, "side effects": 0.34863364696502686}, "1": {"diagnosed with pv": 0.7245092391967773, "secondary polycythemia": 0.5493704080581665, "polycythemia vera": 0.543150782585144, "polycythemia": 0.5356842279434204, "polycythemia which": 0.5219411253929138, "recently diagnosed": 0.49331510066986084, "been diagnosed": 0.48955655097961426, "was diagnosed": 0.45817816257476807, "diagnosed": 0.4547234773635864, "blood tests": 0.4294324219226837, "cannot diagnose": 0.4261583089828491, "diagnostic criteria": 0.41898253560066223, "health issues": 0.4165545105934143, "patients": 0.4137968420982361, "undiagnosed": 0.41267919540405273, "diagnostic": 0.4044252634048462, "mpn specialist": 0.3998095393180847, "blood test": 0.39757853746414185, "mpn specialists": 0.3951699137687683, "diagnose": 0.39401572942733765, "elevated rbc": 0.3911972641944885, "apnea": 0.38237887620925903, "patient": 0.3795679211616516, "diagnosis": 0.37931185960769653, "who diagnostic": 0.3783029317855835, "symptom": 0.3751210570335388, "chronic": 0.3739314675331116, "blood clot": 0.36666780710220337, "biopsy": 0.3611668646335602, "this disease": 0.35842448472976685, "blood cell": 0.3583299517631531, "blood clots": 0.35762548446655273, "biopsy to confirm": 0.3562021851539612, "oncologist": 0.35492730140686035, "blood clotting": 0.353972852230072, "high rbc": 0.3522639572620392, "tested positive": 0.3513549268245697, "symptoms": 0.35131585597991943, "your doctor": 0.35026103258132935, "medical": 0.3433610796928406, "seeing hematologist": 0.342855304479599, "blood": 0.3426830768585205, "dr": 0.33921682834625244, "disease": 0.3383294343948364, "side effects": 0.336125910282135, "blood cells": 0.3340877592563629, "see hematologist": 0.3326020836830139, "hematology": 0.3312793970108032, "referral to hematologist": 0.3291957378387451, "blood draws": 0.3262200355529785}}