{"c_v": 0.37324098913483217, "c_npmi": -0.15128285653487, "u_mass": -4.141447383675345, "c_uci": -4.898830498560294}