{"0": {"ear infection": 0.5352566242218018, "ear infections": 0.5306671857833862, "tinnitus": 0.45233625173568726, "ear canal": 0.4348866939544678, "hearing loss": 0.43203485012054443, "ear buds": 0.41713470220565796, "ear bud": 0.4170485734939575, "inner ear": 0.4107373356819153, "bad ear": 0.40129268169403076, "eardrum": 0.4003028869628906, "eardrums": 0.4000000059604645, "ear canals": 0.3991498649120331, "reduce the tinnitus": 0.3920717239379883, "ear muffs": 0.3843042850494385, "sinus infection": 0.38404685258865356, "ear plug": 0.3806132674217224, "ear drum": 0.3797414004802704, "auditory nerves": 0.3790411353111267, "auditory nerve": 0.3789721727371216, "sudden hearing": 0.3755580186843872, "sensorineural hearing": 0.3716680407524109, "constant tinnitus": 0.3694787919521332, "hearing impaired": 0.3666481077671051, "wear an earplug": 0.3642828166484833, "ear": 0.36322101950645447, "outer ear": 0.3591456413269043, "earplug": 0.3587484359741211, "ear plugs": 0.3566855192184448, "hearing aids": 0.35567545890808105, "good ear": 0.3548267185688019, "earplugs": 0.3497883677482605, "earwax": 0.34677863121032715, "ears": 0.34438401460647583, "audiologist": 0.3432638645172119, "left ear": 0.3427700400352478, "reactive tinnitus": 0.34245336055755615, "earbud": 0.3363840579986572, "hearing": 0.33439311385154724, "nerve deafness": 0.33388686180114746, "binaural": 0.33379191160202026, "audiologist recommended": 0.3328133225440979, "ear faces": 0.3272077441215515, "hearing aid": 0.3227819502353668, "right ear": 0.3224523067474365, "residual hearing": 0.3214406371116638, "working ears": 0.31832262873649597, "acoustic neuromas": 0.3177805542945862, "severe vertigo": 0.31702136993408203, "both ears": 0.3156493306159973, "listening fatigue": 0.3155568838119507}, "1": {"hearing loss": 0.4222419261932373, "ear infections": 0.4146416187286377, "hearing impaired": 0.40549415349960327, "ear infection": 0.4017719030380249, "ear buds": 0.3898006081581116, "hearing aids": 0.38796067237854004, "ear bud": 0.38066691160202026, "sudden hearing": 0.3762621581554413, "hearing": 0.3708990514278412, "eardrums": 0.3696054518222809, "tinnitus": 0.36564064025878906, "ear canal": 0.36340004205703735, "hearing aid": 0.35975903272628784, "inner ear": 0.3590959310531616, "sensorineural hearing": 0.35518723726272583, "ear canals": 0.3537289798259735, "bad ear": 0.3536384701728821, "eardrum": 0.35050567984580994, "ear muffs": 0.3468250334262848, "deaf": 0.33903223276138306, "deaf hoh": 0.3379453122615814, "earplugs": 0.3378303647041321, "wear an earplug": 0.3358839154243469, "ear plug": 0.33580178022384644, "earplug": 0.33435970544815063, "ear": 0.3336354196071625, "auditory nerves": 0.3333882689476013, "severely deaf": 0.33111852407455444, "profoundly deaf": 0.3298071622848511, "residual hearing": 0.32953500747680664, "auditory nerve": 0.32935822010040283, "bilateral hearing": 0.3280622661113739, "ear plugs": 0.32435494661331177, "ear faces": 0.3242393732070923, "earbud": 0.3224070072174072, "ears": 0.32013100385665894, "good ear": 0.320008784532547, "listening fatigue": 0.3178243041038513, "audiologist": 0.31676122546195984, "earpiece": 0.31671449542045593, "deaf gamers": 0.3147530257701874, "outer ear": 0.31400859355926514, "earphone": 0.3137022852897644, "deafness": 0.3128674626350403, "deaf side": 0.31250831484794617, "ear drum": 0.3118583858013153, "totally deaf": 0.3116609752178192, "sudden deafness": 0.31132566928863525, "constant tinnitus": 0.30761659145355225, "left ear": 0.3069668412208557}, "2": {"headset earphones": 0.5329675674438477, "earphones": 0.5053834319114685, "earphone": 0.49957984685897827, "stereo headphones": 0.493712455034256, "pair of headphones": 0.4875635504722595, "earbuds": 0.4825136661529541, "earbud": 0.47968173027038574, "headphones": 0.47835633158683777, "ear buds": 0.46731796860694885, "headphone": 0.4658687710762024, "wireless earbuds": 0.46466290950775146, "regular headphones": 0.4641888737678528, "vibe headphone": 0.45147573947906494, "bluetooth earbuds": 0.45085608959198, "yuni headphones": 0.44480252265930176, "conduction headphones": 0.43991515040397644, "wearing headphones": 0.4369993209838867, "one earbud": 0.436519980430603, "ear bud": 0.4323650598526001, "cancelling headphones": 0.42711949348449707, "headset": 0.4250103831291199, "ear muffs": 0.4132382273674011, "ear plugs": 0.40814489126205444, "headsets": 0.406506210565567, "ear plug": 0.4007608890533447, "earpiece": 0.3982919454574585, "earplug": 0.3946452736854553, "headphone accommodations": 0.394613116979599, "earplugs": 0.39077478647232056, "audiophile": 0.39019447565078735, "gaming headsets": 0.3894050717353821, "eardrums": 0.3892558515071869, "bluetooth headset": 0.38811421394348145, "bose hearphones": 0.3793452978134155, "hearing aids": 0.37382805347442627, "mono audio": 0.3671291172504425, "ear canals": 0.3641921877861023, "wear an earplug": 0.35937055945396423, "ear canal": 0.3579872250556946, "ear infections": 0.35583505034446716, "eardrum": 0.35568898916244507, "stereo to mono": 0.3550299406051636, "ear infection": 0.34462180733680725, "hearphones": 0.34458673000335693, "hearing aid": 0.34293699264526367, "pro ears": 0.34242314100265503, "good ear": 0.3389599919319153, "bad ear": 0.338242769241333, "earwax": 0.3337879180908203, "stereo": 0.3332890272140503}, "3": {"hearing aids": 0.41336768865585327, "ear canal": 0.3991999328136444, "ear infections": 0.3953760862350464, "ear buds": 0.39478999376296997, "ear infection": 0.3846569061279297, "ear plug": 0.3827406167984009, "ear muffs": 0.382235050201416, "ear bud": 0.3799867033958435, "ear canals": 0.3780534267425537, "hearing aid": 0.37747079133987427, "sensorineural hearing": 0.373130738735199, "ear plugs": 0.3719690442085266, "working ears": 0.37145179510116577, "audiologist": 0.37054750323295593, "earplug": 0.3704822063446045, "audiologist recommended": 0.3700098395347595, "hearing loss": 0.36938780546188354, "eardrums": 0.36837542057037354, "tinnitus": 0.36494600772857666, "earplugs": 0.36447829008102417, "earpiece": 0.35569673776626587, "earbud": 0.354966938495636, "wear an earplug": 0.3547086715698242, "eardrum": 0.3542121648788452, "hearing impaired": 0.3510266840457916, "inner ear": 0.349199116230011, "earphone": 0.34759289026260376, "bad ear": 0.34502047300338745, "earbuds": 0.3401872515678406, "audiologists": 0.3392091691493988, "ear drum": 0.33755719661712646, "earwax": 0.33611762523651123, "outer ear": 0.33603644371032715, "good ear": 0.3296589255332947, "headset earphones": 0.3259756565093994, "ear": 0.32514065504074097, "ears": 0.321819543838501, "earphones": 0.3188514709472656, "hearing": 0.3182958662509918, "binaural": 0.31610167026519775, "pro ears": 0.3137085437774658, "audiology": 0.30869060754776, "hearing test": 0.3075587749481201, "acoustic tumor": 0.3065423369407654, "diagnosed with an acoustic": 0.3063623011112213, "acoustic neuromas": 0.304826021194458, "ear cup": 0.30337825417518616, "sudden hearing": 0.3016912341117859, "auditory nerve": 0.30038607120513916, "reduce the tinnitus": 0.30025023221969604}, "4": {"hearing aids": 0.5162549018859863, "hearing aid": 0.48156726360321045, "ear buds": 0.469582200050354, "ear plugs": 0.4447634816169739, "ear canals": 0.43856364488601685, "ear bud": 0.4382302165031433, "ear plug": 0.43732815980911255, "ear canal": 0.4364837408065796, "earplugs": 0.435729444026947, "earphone": 0.43381133675575256, "ear infections": 0.4319516718387604, "ear muffs": 0.4310653805732727, "earphones": 0.4283892512321472, "headset earphones": 0.42735329270362854, "audiologist recommended": 0.4269457459449768, "earplug": 0.42445623874664307, "eardrums": 0.42298197746276855, "earpiece": 0.42278969287872314, "earbud": 0.4214709401130676, "earbuds": 0.4207015633583069, "ear infection": 0.41656559705734253, "wear an earplug": 0.4161529839038849, "audiologist": 0.4107387959957123, "hearing loss": 0.40251606702804565, "eardrum": 0.39105966687202454, "working ears": 0.3898200988769531,