{"c_v": 0.4052056167574415, "c_npmi": -0.16804734622963627, "u_mass": -8.457660841085405, "c_uci": -5.931088218123054}