{"c_v": 0.38222364012944815, "c_npmi": -0.19407959035175487, "u_mass": -8.96826305467262, "c_uci": -6.295687113299529}