{"c_v": 0.31016230345085266, "c_npmi": -0.29999563118305744, "u_mass": -4.287315363396059, "c_uci": -9.020331481642598}