{"0": {"urticaria": 0.47815054655075073, "allergy symptoms": 0.4702513515949249, "idiopathic anaphylaxis": 0.467801570892334, "chronic urticaria": 0.44591224193573, "fibromyalgia": 0.43680697679519653, "allergy tests": 0.4278855323791504, "allergy testing": 0.4267580509185791, "allergen": 0.4163862466812134, "diagnoses": 0.41338911652565, "hives": 0.40613430738449097, "neurological symptoms": 0.40007615089416504, "gi symptoms": 0.39676445722579956, "diagnose": 0.38963207602500916, "histamine intolerance": 0.3880399167537689, "anaphylaxis": 0.38602298498153687, "diagnosed": 0.3832961320877075, "diagnosing": 0.37951743602752686, "allergic reaction": 0.3781968355178833, "high histamine": 0.37766510248184204, "been diagnosed": 0.37462711334228516, "ige allergies": 0.3723037838935852, "diagnosed with mcas": 0.36068475246429443, "dysautonomia neurologist": 0.3603302836418152, "histamine": 0.359108567237854, "allergy": 0.35696882009506226, "anti histamine": 0.35335826873779297, "allergens": 0.35324907302856445, "histamine foods": 0.3515639901161194, "diagnosis": 0.351149320602417, "amitriptyline": 0.3485736846923828, "rashes": 0.34831494092941284, "chronic lyme": 0.34759342670440674, "low histamine": 0.3473373055458069, "histamine diet": 0.34635549783706665, "proper diagnosis": 0.34305673837661743, "rash": 0.34293708205223083, "allergic rhinitis": 0.3425331711769104, "blood work": 0.33973658084869385, "physical symptoms": 0.33901840448379517, "prednisone": 0.3390038013458252, "symptoms": 0.338920533657074, "antihistamines": 0.33785900473594666, "zyrtec and pepcid": 0.33586955070495605, "allergist immunologist": 0.3357773721218109, "gastroparesis": 0.3348139524459839, "cfs": 0.33104655146598816, "official diagnosis": 0.3307580351829529, "symptom": 0.33053329586982727, "allergic reactions": 0.32900452613830566, "food allergies": 0.32310402393341064}, "1": {"amitriptyline": 0.45890629291534424, "zyrtec and pepcid": 0.3941149115562439, "mg daily": 0.39389240741729736, "ashwagandha": 0.3906211853027344, "zantac": 0.3875221908092499, "take mg": 0.3868304491043091, "prednisone": 0.38155418634414673, "singulair": 0.37961429357528687, "take zyrtec": 0.3788611888885498, "nsaids": 0.37167519330978394, "took mg": 0.3706698417663574, "gaba": 0.36619997024536133, "ranitidine": 0.3650171756744385, "gi symptoms": 0.36466798186302185, "theanine": 0.35943472385406494, "lexapro": 0.35853344202041626, "antihistamines": 0.3572119474411011, "pepcid": 0.3549130856990814, "mg day": 0.35424917936325073, "antihistamine": 0.35113510489463806, "pre medicate": 0.34847399592399597, "ativan": 0.34474679827690125, "zyrtec": 0.3435059189796448, "idiopathic anaphylaxis": 0.3425755202770233, "allergy symptoms": 0.33753544092178345, "gastroparesis": 0.3341170847415924, "anti histamine": 0.33285999298095703, "fibromyalgia": 0.3324979543685913, "dosage": 0.33127081394195557, "cetirizine": 0.33109262585639954, "histamine intolerance": 0.32811808586120605, "allergen": 0.3276742994785309, "allegra": 0.32591891288757324, "urticaria": 0.32241544127464294, "histamine diet": 0.3224022388458252, "claritin": 0.3213117718696594, "take benadryl": 0.3209573030471802, "dosing": 0.31882452964782715, "probiotic": 0.31545156240463257, "hydroxyzine": 0.3153589367866516, "medication regime": 0.31529611349105835, "benzos": 0.31483882665634155, "anaphylaxis": 0.31368690729141235, "benedryl": 0.3114680349826813, "chronic urticaria": 0.3110181391239166, "high histamine": 0.3106086552143097, "histamine": 0.3051801323890686, "mg per": 0.30501607060432434, "dr afrin": 0.30352771282196045, "benadryl": 0.302644819021225}, "2": {"food allergies": 0.4841238260269165, "allergen": 0.45980173349380493, "histamine foods": 0.4456707835197449, "allergy symptoms": 0.4403040409088135, "food intolerance": 0.43794727325439453, "histamine diet": 0.4369242191314697, "food intolerances": 0.4188157916069031, "allergy": 0.4058727025985718, "allergy tests": 0.40419766306877136, "idiopathic anaphylaxis": 0.40283507108688354, "allergy testing": 0.39677464962005615, "ige allergies": 0.3952929973602295, "allergens": 0.3899264931678772, "gi symptoms": 0.389004647731781, "gluten dairy": 0.3885498642921448, "digestive issues": 0.3860485851764679, "histamine intolerance": 0.3855208158493042, "urticaria": 0.3824590742588043, "allergic reactions": 0.37828171253204346, "allergic reaction": 0.37583547830581665, "anaphylaxis": 0.3745098114013672, "allergic": 0.37380844354629517, "anaphylactic": 0.3682999014854431, "gastroparesis": 0.36765822768211365, "allergist": 0.36577528715133667, "became allergic": 0.36467164754867554, "certain foods": 0.3640782833099365, "safe foods": 0.36254817247390747, "allergic rhinitis": 0.36130258440971375, "pepcid": 0.3601990342140198, "chronic urticaria": 0.3518843352794647, "allergies": 0.3508914113044739, "mediated allergies": 0.34831932187080383, "hives": 0.3444187045097351, "gluten free": 0.3435654044151306, "probiotic": 0.34296804666519165, "processed foods": 0.341787189245224, "ibs": 0.34111616015434265, "anaphylactic shock": 0.34000468254089355, "allergy shots": 0.33994901180267334, "carbs": 0.3388236463069916, "zyrtec and pepcid": 0.33670079708099365, "eat anything": 0.33468297123908997, "probiotics": 0.3336072564125061, "allergist immunologist": 0.3313223719596863, "antihistamines": 0.3289228677749634, "fibromyalgia": 0.32251161336898804, "rashes": 0.32225167751312256, "take zyrtec": 0.3204159140586853, "gluten": 0.31930243968963623}}