{"c_v": 0.41612561573351786, "c_npmi": -0.25958508627914045, "u_mass": -8.271788151057713, "c_uci": -8.216441658921786}