{"0": {"got diagnosed": 0.34482577443122864, "recently diagnosed": 0.31645670533180237, "leukemia": 0.29602426290512085, "my hematologist": 0.2955780029296875, "was diagnosed": 0.28557199239730835, "symptoms": 0.28460589051246643, "diagnosed with cml": 0.2836044728755951, "diagnosed": 0.281089186668396, "biopsy": 0.27980437874794006, "meds": 0.27556344866752625, "diagnosis": 0.2736491560935974, "medication": 0.27128225564956665, "dasatinib mg": 0.2702171802520752, "medications": 0.25868383049964905, "hematologist oncologist": 0.25528571009635925, "cancer": 0.2492358386516571, "hematologist": 0.24503786861896515, "disease": 0.24337035417556763, "side effects": 0.2432289868593216, "treatments": 0.24046871066093445, "doctors": 0.23960158228874207, "oncologist": 0.23794865608215332, "pleural": 0.23745492100715637, "patients": 0.2360077202320099, "joint pain": 0.23000943660736084, "doctor": 0.22823935747146606, "your doctor": 0.22688791155815125, "doc": 0.22447650134563446, "blood work": 0.2233082354068756, "treatment": 0.21957308053970337, "sorry to hear": 0.21604984998703003, "chemo": 0.212901771068573, "medical": 0.21158602833747864, "pleural effusions": 0.21076108515262604, "blood test": 0.21031329035758972, "bone pain": 0.2097945660352707, "my platelets": 0.20675356686115265, "sprycel mg": 0.20496809482574463, "pleural effusion": 0.20042109489440918, "side effect": 0.1978749930858612, "chronic phase": 0.19425669312477112, "pill": 0.19071784615516663, "chronic": 0.1898140013217926, "nausea": 0.18881960213184357, "pain": 0.1863095611333847, "side affects": 0.18434742093086243, "fatigue": 0.18433821201324463, "dasatinib": 0.18400409817695618, "stay positive": 0.1806182861328125, "platelets": 0.17898640036582947}, "1": {"book": 0.4335785210132599, "read": 0.3012962341308594, "reading": 0.29034680128097534, "that": 0.2576558291912079, "free": 0.23892837762832642, "it": 0.23565450310707092, "so": 0.2307066023349762, "get": 0.22162951529026031, "this": 0.22089314460754395, "do": 0.21837686002254486, "gets": 0.21767649054527283, "really": 0.21663960814476013, "such": 0.21435585618019104, "be": 0.21429774165153503, "is": 0.21110810339450836, "its": 0.21029584109783173, "pay": 0.20817649364471436, "fact that": 0.20597708225250244, "do not": 0.20591481029987335, "to": 0.20560868084430695, "come": 0.204751655459404, "she": 0.2046481966972351, "give": 0.2038021683692932, "know": 0.20218582451343536, "he": 0.20211219787597656, "being": 0.2021048665046692, "which": 0.20200839638710022, "the": 0.20164749026298523, "me": 0.2011222541332245, "oh": 0.20103803277015686, "did": 0.20085516571998596, "think": 0.19994758069515228, "go": 0.1998576521873474, "well": 0.1997559815645218, "on": 0.19930098950862885, "his": 0.19890150427818298, "thing": 0.19886580109596252, "does": 0.19886371493339539, "am": 0.1980876326560974, "way": 0.19778001308441162, "thought": 0.19746847450733185, "want": 0.1965990960597992, "her": 0.19650264084339142, "actually": 0.19614848494529724, "does not": 0.1956111490726471, "doing": 0.19483381509780884, "bed": 0.19400671124458313, "but": 0.1929561197757721, "have": 0.19279950857162476, "just": 0.19215303659439087}}