{"c_v": 0.3379093271198351, "c_npmi": -0.22122387079401384, "u_mass": -1.0603706699948967, "c_uci": -6.297460259864141}