{"0": {"vestibular migraines": 0.4400525987148285, "vestibular migraine": 0.4384881258010864, "tension headache": 0.43652379512786865, "tension headaches": 0.4212772846221924, "dizzy clinic": 0.4203060567378998, "dizziness clinic": 0.4089752435684204, "lingering dizziness": 0.40540605783462524, "milder dizziness": 0.3988284468650818, "cervicogenic dizziness": 0.39641445875167847, "extremely dizzy": 0.3963766098022461, "secondary dizziness": 0.3902267813682556, "headache": 0.38918644189834595, "super dizzy": 0.3845892548561096, "occipital nerve": 0.3815370798110962, "mild dizziness": 0.38010871410369873, "perceptual dizziness": 0.3784066438674927, "wave of dizziness": 0.37750720977783203, "residual dizziness": 0.3740738332271576, "history of migraines": 0.3687153458595276, "constant dizziness": 0.3685714900493622, "headaches": 0.3647746443748474, "migraines": 0.36233726143836975, "waves of dizziness": 0.359707772731781, "migraine related": 0.35952550172805786, "migraine": 0.3580523729324341, "head trauma": 0.351692795753479, "dizziness": 0.3505555987358093, "dizzy specialist": 0.3492587208747864, "slight dizziness": 0.34886395931243896, "dizzy": 0.3465850353240967, "dizzy conditions": 0.3368147611618042, "slightly dizzy": 0.3364664912223816, "vestibular disorders": 0.3361217975616455, "severe vertigo": 0.3353452980518341, "diagnosed with bppv": 0.33524078130722046, "specializes in dizziness": 0.3335636258125305, "vestibular disorder": 0.3305109441280365, "recently diagnosed": 0.32340991497039795, "anxiety disorder": 0.323280930519104, "panic disorder": 0.32228702306747437, "symptoms were": 0.3197094798088074, "concussion": 0.31734293699264526, "undiagnosed": 0.3108288645744324, "pinched nerve": 0.3098278045654297, "dizzy spell": 0.30958372354507446, "cervical vertigo": 0.30849072337150574, "motion sickness": 0.30596035718917847, "these symptoms": 0.3038688004016876, "neck pain": 0.29743218421936035, "dizzy spells": 0.2941378951072693}, "1": {"vestibular disorder": 0.6332525610923767, "having stroke": 0.6292074918746948, "vestibular neuritis": 0.6225396990776062, "diagnosed with bppv": 0.6185628175735474, "perceptual dizziness": 0.6033013463020325, "benign paroxysmal": 0.5942959785461426, "vestibular disorders": 0.5931575298309326, "bbpv": 0.5882234573364258, "cervicogenic dizziness": 0.5833153128623962, "dizzy": 0.5801635384559631, "dizziness": 0.5779357552528381, "bppv": 0.5768528580665588, "cervical vertigo": 0.5735794305801392, "severe vertigo": 0.5727368593215942, "dizzy clinic": 0.5697845816612244, "lingering dizziness": 0.5663019418716431, "neuritis": 0.5626063942909241, "milder dizziness": 0.562151312828064, "super dizzy": 0.561873733997345, "secondary dizziness": 0.5594711303710938, "syndrome": 0.5578787326812744, "stroke": 0.5567672848701477, "dizzy spell": 0.5557199716567993, "extremely dizzy": 0.5552369952201843, "mild dizziness": 0.5510044693946838, "cervicogenic vertigo": 0.5498939156532288, "dizziness clinic": 0.5467731356620789, "pppd": 0.5453750491142273, "panic disorder": 0.5438303351402283, "disorder": 0.5422816276550293, "disorders": 0.5421580672264099, "pinched nerve": 0.539837658405304, "vestibular migraines": 0.5392166376113892, "vertigo attacks": 0.5385644435882568, "vestibular migraine": 0.5374587178230286, "ive been": 0.5358238220214844, "residual dizziness": 0.5345228314399719, "hypofunction": 0.5326840877532959, "vit deficiency": 0.532606840133667, "occipital nerve": 0.5325219631195068, "dizzy specialist": 0.532265841960907, "slight dizziness": 0.5317980051040649, "undiagnosed": 0.5311301350593567, "acute": 0.5307918190956116, "benign": 0.5303024053573608, "vertigo": 0.528756856918335, "see neurologist": 0.5267871618270874, "dizzyness": 0.5239145159721375, "nystagmus": 0.5238354802131653, "violent vertigo": 0.5235867500305176}}