{"c_v": 0.28917233389103847, "c_npmi": -0.3114897017275883, "u_mass": -6.409463091280843, "c_uci": -8.828945915939755}