{"0": {"high prolactine": 0.611040472984314, "diagnosed with prolactinoma": 0.5919321775436401, "prolactin levels": 0.5840333700180054, "high prolactin": 0.5619499683380127, "elevated prolactin": 0.5504559278488159, "prolactine": 0.539504885673523, "prolactin level": 0.5234071016311646, "elevate prolactin": 0.5200108289718628, "hormonal issues": 0.5047980546951294, "recently diagnosed": 0.5033246278762817, "prolactin": 0.4935714900493622, "newly diagnosed": 0.49054059386253357, "raise prolactin": 0.48850375413894653, "prolactinomas": 0.4881328344345093, "main symptom": 0.4851659834384918, "taking cabergoline": 0.48080509901046753, "being diagnosed": 0.4775563180446625, "got diagnosed": 0.4715729355812073, "diagnosed with pcos": 0.4711543619632721, "officially diagnosed": 0.47092902660369873, "symptom": 0.47073566913604736, "taking mg": 0.4696787893772125, "symptomatic": 0.46863749623298645, "main symptoms": 0.458240807056427, "other symptoms": 0.45722582936286926, "hormonal changes": 0.4528166651725769, "was diagnosed": 0.4495104253292084, "prescribed cabergoline": 0.4438369870185852, "symptoms include": 0.44325822591781616, "obvious symptoms": 0.44219517707824707, "diagnosed": 0.4397174119949341, "suspected prolactinoma": 0.4389605224132538, "prolactin secreting": 0.438896119594574, "hormonal": 0.4351922273635864, "diagnosed with macro": 0.43487122654914856, "only symptom": 0.43453291058540344, "undiagnosed": 0.4275723397731781, "side effects": 0.42652663588523865, "prolactinoma": 0.4263463318347931, "prescribing": 0.4262195825576782, "these symptoms": 0.42608028650283813, "symptoms": 0.42043790221214294, "non hormonal": 0.4177931547164917, "rd dose": 0.4157877564430237, "prior to treatment": 0.4150519371032715, "stopped taking": 0.41500401496887207, "prescribed mg": 0.4148414433002472, "hormone levels": 0.41454869508743286, "monomeric prolactin": 0.414192259311676, "progesterone": 0.4133144021034241}, "1": {"hair loss": 0.6369922161102295, "hair thinning": 0.5723950266838074, "hairloss": 0.560377299785614, "thinning hair": 0.5530946850776672, "hair growth": 0.534004807472229, "body hair": 0.5286325812339783, "hair": 0.5109354257583618, "diagnosed with prolactinoma": 0.5103244781494141, "thick hair": 0.5080776810646057, "prolactin levels": 0.4973337650299072, "elevated prolactin": 0.48350703716278076, "facial hair": 0.47428345680236816, "thin hair": 0.47300994396209717, "high prolactin": 0.45644932985305786, "hairs": 0.4452040195465088, "prolactin level": 0.4403674602508545, "prolactin secreting": 0.43966710567474365, "elevate prolactin": 0.43523722887039185, "high prolactine": 0.4276583790779114, "raise prolactin": 0.42732474207878113, "suspected prolactinoma": 0.4134807884693146, "prolactin": 0.4133418798446655, "prolactinomas": 0.4126051664352417, "chest hair": 0.40518680214881897, "monomeric prolactin": 0.39737218618392944, "prolactine": 0.3869860768318176, "macro prolactinoma": 0.37582144141197205, "hairy": 0.37377217411994934, "recently diagnosed": 0.36631184816360474, "diagnosed with pcos": 0.3620503842830658, "prolactinoma": 0.3607337772846222, "shave": 0.3501659631729126, "acne breakouts": 0.33547109365463257, "newly diagnosed": 0.3337557911872864, "hormonal changes": 0.3335859179496765, "micro prolactinoma": 0.33030223846435547, "hormonal issues": 0.3268851041793823, "being diagnosed": 0.32564499974250793, "diagnosed with macro": 0.3225095868110657, "side effects": 0.32049909234046936, "officially diagnosed": 0.3159370422363281, "got diagnosed": 0.3117678165435791, "was diagnosed": 0.31037014722824097, "obvious symptoms": 0.3065996766090393, "progesterone": 0.3056052029132843, "symptomatic": 0.3036037087440491, "other symptoms": 0.30350521206855774, "main symptom": 0.30319780111312866, "diagnosed": 0.30075567960739136, "being overweight": 0.30040812492370605}}