{"c_v": 0.4225544283678778, "c_npmi": -0.09643717750697556, "u_mass": -2.23852928977071, "c_uci": -3.4796820962990953}