{"c_v": 0.35066059480713485, "c_npmi": -0.25738665966144814, "u_mass": -5.614772077556591, "c_uci": -8.088701162291649}