{"0": {"withdrawal symptoms": 0.3191680908203125, "speedy recovery": 0.30977582931518555, "symptoms": 0.3046562671661377, "signs of recovery": 0.2978569567203522, "nerve pain": 0.2917101979255676, "recover soon": 0.28929150104522705, "symptom onset": 0.2886926531791687, "symptom": 0.28681331872940063, "relapse": 0.28595900535583496, "recovery": 0.28556954860687256, "onset of symptoms": 0.284628301858902, "healing process": 0.2843077480792999, "healing": 0.2842056155204773, "facial nerve": 0.2797338366508484, "therapy": 0.2789590656757355, "facial nerves": 0.2788473963737488, "trigeminal neuralgia": 0.27506881952285767, "heal quickly": 0.272912859916687, "heals": 0.27281928062438965, "sores": 0.27119338512420654, "neuralgia": 0.2710872292518616, "see neurologist": 0.26973795890808105, "soreness": 0.26946160197257996, "facial retraining": 0.2689509689807892, "heal": 0.2687346339225769, "facial exercises": 0.26769280433654785, "healed": 0.2672056555747986, "full recovery": 0.2670941948890686, "facial exercise": 0.2667861580848694, "symptoms were": 0.2657591998577118, "physiotherapy": 0.2647547423839569, "fast recovery": 0.263599157333374, "recovery process": 0.2634657025337219, "everyone recovers": 0.2630842328071594, "quick recovery": 0.26268547773361206, "jaw pain": 0.2614614963531494, "recover": 0.26093071699142456, "facial paralysis": 0.26036280393600464, "depression": 0.2603125274181366, "excruciating pain": 0.25957202911376953, "ear pain": 0.2591533362865448, "recover quickly": 0.25843295454978943, "neck pain": 0.25838786363601685, "recovers": 0.25799986720085144, "get better": 0.25782498717308044, "cured": 0.25565674901008606, "physical therapy": 0.25449955463409424, "fatigue": 0.2542286515235901, "facial muscles": 0.253335565328598, "fully recover": 0.2524394392967224}, "1": {"see neurologist": 0.4314247667789459, "symptoms": 0.4148562550544739, "nerve pain": 0.39996325969696045, "symptom": 0.3949734568595886, "trigeminal neuralgia": 0.3891814351081848, "sinus infection": 0.38296401500701904, "appointment with neurologist": 0.3824281096458435, "neuralgia": 0.38036075234413147, "facial nerve": 0.3767010271549225, "symptom onset": 0.3760626018047333, "ear pain": 0.37493622303009033, "onset of symptoms": 0.37350785732269287, "facial nerves": 0.3712579011917114, "symptoms were": 0.36970055103302, "neurologist": 0.3673609495162964, "neurology": 0.36078786849975586, "ear infection": 0.3597204089164734, "neurologists": 0.359321653842926, "withdrawal symptoms": 0.3562896251678467, "jaw pain": 0.35454338788986206, "earache": 0.3475683927536011, "neck pain": 0.3391827642917633, "neurological": 0.33817946910858154, "first symptom": 0.3287172317504883, "dizziness": 0.327419251203537, "trigeminal nerve": 0.32413631677627563, "headache": 0.3235808312892914, "got diagnosed": 0.3221200406551361, "nerves growing": 0.32193809747695923, "ear ache": 0.3218226432800293, "headaches": 0.3211550712585449, "migraines": 0.320451021194458, "migraine": 0.31814372539520264, "facial paralysis": 0.31684404611587524, "muscle spasms": 0.3127894103527069, "diagnosed yesterday": 0.3064075708389282, "sores": 0.30271756649017334, "tumor": 0.30269312858581543, "nerves grew": 0.30253326892852783, "since diagnosis": 0.2996878921985626, "nerve damage": 0.2979992628097534, "nerves": 0.297779381275177, "excruciating pain": 0.29760244488716125, "cranial nerve": 0.2971823215484619, "nerve": 0.29364752769470215, "soreness": 0.29350659251213074, "herpes simplex": 0.29334670305252075, "diagnosis": 0.2911175489425659, "allergic reaction": 0.2905949354171753, "diagnosed with bp": 0.2881854474544525}, "2": {"facial exercises": 0.45470207929611206, "facial exercise": 0.4448019862174988, "facial muscles": 0.42216813564300537, "facial paralysis": 0.41479575634002686, "facial nerve": 0.4138975143432617, "facial nerves": 0.41381481289863586, "facial retraining": 0.39747488498687744, "face exercises": 0.38351157307624817, "facial movements": 0.36964768171310425, "facial massages": 0.3654751181602478, "facial massage": 0.363100528717041, "see neurologist": 0.3598990738391876, "physiotherapy": 0.35891979932785034, "trigeminal neuralgia": 0.3508598208427429, "physical therapy": 0.34656932950019836, "acupunture": 0.3459872305393219, "neuralgia": 0.3457978367805481, "jaw pain": 0.336076021194458, "nerve pain": 0.33321332931518555, "physiotherapist": 0.3312278389930725, "plastic surgery": 0.32684260606765747, "acupuncture sessions": 0.32600897550582886, "acupuncture session": 0.3231916129589081, "facial": 0.3219794034957886, "neurologists": 0.3216502070426941, "neurologist": 0.32025790214538574, "neurological": 0.31912410259246826, "neurology": 0.3187883496284485, "muscle spasms": 0.31608396768569946, "surgery": 0.3151131868362427, "physio": 0.31481418013572693, "doing acupuncture": 0.3128907084465027, "acupuncture": 0.309701144695282, "acupuncturist": 0.3092741370201111, "chiropractor": 0.3057785630226135, "appointment with neurologist": 0.29948148131370544, "decompression surgery": 0.2989688515663147, "botox": 0.29856687784194946, "physical therapist": 0.29553478956222534, "trigeminal nerve": 0.2917904257774353, "therapy": 0.29010286927223206, "ear pain": 0.29010140895843506, "healing process": 0.2888736128807068, "nerves growing": 0.28701671957969666, "plastic surgeon": 0.28320297598838806, "muscle relaxers": 0.28086161613464355, "nerves grew": 0.28076672554016113, "accupuncture": 0.27667221426963806, "facial expressions": 0.27650749683380127, "surgical": 0.27580031752586365}, "3": {"nerve pain": 0.5578426122665405, "neck pain": 0.5432203412055969, "ear pain": 0.5270649790763855, "excruciating pain": 0.5196771621704102, "jaw pain": 0.5108515620231628, "sharp pain": 0.47529953718185425, "pains": 0.4545300006866455, "horrible pain": 0.4472840428352356, "pain killers": 0.4471990466117859, "extreme pain": 0.43731889128685, "occasional pain": 0.4337851405143738, "pain": 0.43308553099632263, "neuralgia": 0.4308322072029114, "intense pain": 0.430319607257843, "pain management": 0.42500340938568115, "pain behind": 0.4193544387817383, "trigeminal neuralgia": 0.4193112552165985, "headache": 0.41344526410102844, "earache": 0.40676647424697876, "headaches": 0.40441396832466125, "painful": 0.3962301015853882, "sores": 0.38670650124549866, "sinus infection": 0.3823279142379761, "soreness": 0.3809148073196411, "migraine": 0.3803386688232422, "muscle spasms": 0.3797343373298645, "nerve damage": 0.37871748208999634, "migraines": 0.3747544288635254, "nerves growing": 0.37440401315689087, "ear ache": 0.37153446674346924, "facial nerve": 0.3650085926055908, "symptoms": 0.35912930965423584, "facial nerves": 0.3571435213088989, "ear infection": 0.35271257162094116, "ibuprofen": 0.3503202497959137, "cranial nerve": 0.34972745180130005, "see neurologist": 0.34912794828414917, "tylenol": 0.347098171710968, "trigeminal nerve": 0.34009331464767456, "symptom": 0.3371804356575012, "acupunture": 0.3364553153514862, "withdrawal symptoms": 0.33346909284591675, "neurologist": 0.32515749335289, "nerve": 0.3236728310585022, "nerves": 0.32321423292160034, "neurologists": 0.3230281472206116, "chiropractor": 0.3212919533252716, "nerves grew": 0.3209680914878845, "sore": 0.32094722986221313, "numbness": 0.3177340030670166}, "4": {"eye drops": 0.5026311278343201, "eye patch": 0.4784349799156189, "eye patches": 0.4729400873184204, "eye ointment": 0.46766966581344604, "eyelid": 0.45028114318847656, "eyedrops": 0.44751521944999695, "lazy eye": 0.4413105845451355, "eyelids": 0.4304836094379425, "eye gel": 0.42134785652160645, "eye moist": 0.4184189438819885, "eye lid": 0.41645491123199463, "wear an eye": 0.41350188851356506, "dry eyes": 0.40631139278411865, "wear an eyepatch": 0.4043578505516052, "eyepatch": 0.3973599672317505, "lower eyelid": 0.39236190915107727, "eye taped": 0.3845934271812439, "eyelid closed": 0.3843379616737366, "upper eyelid": 0.38367700576782227, "eye shut": 0.38214337825775146, "eye from drying": 0.3788728415966034,