{"c_v": 0.3267330489879811, "c_npmi": -0.10161143060852329, "u_mass": -1.7302079863992736, "c_uci": -3.140903119318157}