{"0": {"cold urticaria": 0.39747023582458496, "cold uticaria": 0.3763754665851593, "allergy meds": 0.3572564125061035, "allergy shots": 0.34812629222869873, "allergy medicine": 0.34735172986984253, "allergy medication": 0.34485822916030884, "allergist told": 0.33592766523361206, "eczema": 0.3312740921974182, "take an antihistamine": 0.3274761438369751, "allergic reaction": 0.3242250084877014, "allergic": 0.3216436207294464, "allergic reactions": 0.32010096311569214, "holding cold": 0.31945061683654785, "cold showers": 0.31834685802459717, "cold": 0.3168957531452179, "allergist": 0.3158443570137024, "antihistamine": 0.3144695460796356, "allergies": 0.3138406276702881, "allergy": 0.3114827275276184, "taking antihistamines": 0.3097493648529053, "colder than": 0.3091790974140167, "antihistamines": 0.30670610070228577, "cold water": 0.30605119466781616, "covid vaccine": 0.30603474378585815, "cold weather": 0.3013952970504761, "allergy pills": 0.29911452531814575, "colder": 0.2949872314929962, "cold air": 0.27396681904792786, "itchy": 0.27056634426116943, "symptoms": 0.2602452039718628, "immune system": 0.25384485721588135, "disease": 0.2530560791492462, "during winter": 0.25196573138237, "freezing": 0.2505170404911041, "cold drinks": 0.24847406148910522, "swelling": 0.2468397468328476, "vaccine": 0.24671700596809387, "anaphylactic shock": 0.24320390820503235, "asthma": 0.24297377467155457, "histamine": 0.23913848400115967, "winter": 0.23584982752799988, "symptom": 0.23368240892887115, "anaphylaxis": 0.2318156659603119, "my throat": 0.2285659909248352, "infection": 0.22705641388893127, "cooling": 0.22697755694389343, "itching": 0.2269604355096817, "ice cube": 0.22493216395378113, "was diagnosed": 0.22406917810440063, "winters": 0.22367632389068604}, "1": {"taking antihistamines": 0.4643118381500244, "eczema": 0.44535741209983826, "allergy medication": 0.42809563875198364, "take an antihistamine": 0.4196980893611908, "allergy medicine": 0.404121458530426, "antihistamines": 0.40249595046043396, "allergy meds": 0.39677703380584717, "antihistamine": 0.3892120122909546, "allergy shots": 0.38877779245376587, "allergist told": 0.3796990215778351, "hives": 0.37669116258621216, "itchy": 0.36522287130355835, "covered in hives": 0.36231184005737305, "allergic": 0.3579500615596771, "allergies": 0.3544149398803711, "allergist": 0.35385048389434814, "allergy pills": 0.3512195944786072, "treatment": 0.3452458381652832, "allergy": 0.33599376678466797, "natural treatment": 0.32926419377326965, "itching": 0.3267907202243805, "allergic reactions": 0.32368922233581543, "cure": 0.32362666726112366, "allergic reaction": 0.3207380771636963, "induced urticaria": 0.3120768070220947, "anaphylaxis": 0.30950677394866943, "covid vaccine": 0.3088350296020508, "histamine": 0.29456785321235657, "infection": 0.293954461812973, "asthma": 0.2876167297363281, "aquagenic urticaria": 0.28008103370666504, "swelling": 0.27030548453330994, "disease": 0.26835379004478455, "anaphylactic shock": 0.26801830530166626, "itch": 0.26659467816352844, "swollen": 0.26375070214271545, "dermatologist": 0.2615653872489929, "anaphylactic": 0.2615392804145813, "vaccine": 0.2606772184371948, "hive": 0.2454170137643814, "immune system": 0.24045222997665405, "immune": 0.2296704202890396, "chronic": 0.22720226645469666, "autoimmune": 0.22477342188358307, "thyroid": 0.21702398359775543, "rash": 0.21476274728775024, "medication": 0.2098020762205124, "exposed skin": 0.20970121026039124, "cold urticaria": 0.20270876586437225, "scratching": 0.19755911827087402}}