{"c_v": 0.3360664626307928, "c_npmi": -0.23498446051434058, "u_mass": -6.13636091873847, "c_uci": -7.24224387794145}