{"c_v": 0.39627096040449605, "c_npmi": -0.1890996417215901, "u_mass": -1.0961249544261364, "c_uci": -6.069873276887375}