{"0": {"diagnosed with cvid": 0.7120848298072815, "recently diagnosed": 0.5738983154296875, "being diagnosed": 0.56764155626297, "was diagnosed": 0.5215141773223877, "diagnosed": 0.5199713110923767, "chronic": 0.5057740211486816, "patients": 0.5024559497833252, "symptoms": 0.49866706132888794, "immune deficiency": 0.4859369695186615, "my immunologist": 0.4821603298187256, "getting sick": 0.4811417758464813, "been hospitalized": 0.47078603506088257, "illness": 0.4706594944000244, "very sick": 0.45638734102249146, "immune deficient": 0.45586270093917847, "patient": 0.4487941265106201, "hospitalized": 0.4384785294532776, "respiratory infections": 0.43081629276275635, "coronavirus": 0.42664986848831177, "infectious disease": 0.4257389307022095, "sick": 0.41746872663497925, "ear infections": 0.4174572229385376, "immunologist": 0.4165506362915039, "diagnosis": 0.415054053068161, "infection": 0.41350609064102173, "covid antibodies": 0.41345322132110596, "covid vaccine": 0.41326209902763367, "ivig treatments": 0.41024816036224365, "pneumonia": 0.40707123279571533, "disease": 0.4053133428096771, "infections": 0.4037773609161377, "get sick": 0.39819425344467163, "side effects": 0.39782142639160156, "immune compromised": 0.39729028940200806, "my doctor": 0.3947080969810486, "bronchitis": 0.39373892545700073, "immune response": 0.38884323835372925, "dr": 0.3888394832611084, "fever": 0.3883095383644104, "sinus infection": 0.38716405630111694, "severe": 0.3868388533592224, "compromised immune": 0.3843066096305847, "medical": 0.3832337260246277, "infectious": 0.38283827900886536, "immunology": 0.38194501399993896, "immunoglobulin": 0.3781965672969818, "flu": 0.3778740167617798, "health": 0.3773946762084961, "sinus infections": 0.3759283721446991, "ill": 0.37544476985931396}, "1": {"covid vaccine": 0.7728210687637329, "vaccine challenge": 0.7220026254653931, "pfizer vaccine": 0.6992663145065308, "vaccine": 0.6961390972137451, "covid antibodies": 0.6952052116394043, "vaccines": 0.6921877861022949, "vaccination": 0.676856279373169, "vaccinated": 0.670911431312561, "immune deficient": 0.6075469851493835, "immune compromised": 0.6065512895584106, "no antibodies": 0.6056762337684631, "immunoglobulin": 0.6019338369369507, "antibodies": 0.6008908748626709, "antibody response": 0.6001834869384766, "antibody test": 0.5954903364181519, "compromised immune": 0.5953062772750854, "immune response": 0.594322681427002, "immunology": 0.5878786444664001, "antibody": 0.585942268371582, "monoclonal antibodies": 0.5805835723876953, "immunity": 0.5759145021438599, "immunoglobulins": 0.5757637619972229, "my immunologist": 0.5620080232620239, "immune": 0.5607308149337769, "immune system": 0.5534530878067017, "immunologist": 0.5523388385772705, "immune deficiency": 0.549156904220581, "immune systems": 0.5472919940948486, "immune globulin": 0.5384461283683777, "cell immunity": 0.5341581106185913, "primary immune": 0.5321086049079895, "flu shot": 0.5048249959945679, "autoimmune": 0.486215740442276, "flu": 0.47433188557624817, "infection": 0.4722006022930145, "infectious": 0.4700223207473755, "infectious disease": 0.46577852964401245, "infections": 0.4487266540527344, "coronavirus": 0.44728314876556396, "diagnosed with cvid": 0.4279155135154724, "respiratory infections": 0.4193481504917145, "shots": 0.3978402614593506, "pneumonia": 0.39132606983184814, "viral": 0.3894081711769104, "bronchitis": 0.381664514541626, "ear infections": 0.372447669506073, "cough": 0.3562925457954407, "fever": 0.3557513356208801, "antibiotics": 0.3540452718734741, "subcutaneous infusions": 0.3507799506187439}}