{"0": {"loss of libido": 0.6043221950531006, "decrease in libido": 0.5157209634780884, "erection problems": 0.5069556832313538, "spontaneous erections": 0.472179114818573, "lowered libido": 0.45703113079071045, "erectile dysfunction": 0.4565148949623108, "lower libido": 0.4550778865814209, "stopped taking": 0.44644105434417725, "persistent erectile": 0.440532922744751, "maintain an erection": 0.4230755567550659, "weak erections": 0.417525976896286, "taking finasteride": 0.4127582907676697, "no libido": 0.4113413989543915, "low libido": 0.40719759464263916, "penile pain": 0.3930523693561554, "started taking": 0.3822135329246521, "sex drive": 0.3777637481689453, "weaker erections": 0.37763604521751404, "libido": 0.3698056638240814, "took pills": 0.36959701776504517, "sexual dysfunction": 0.36441168189048767, "penile shrinkage": 0.3634820580482483, "zero libido": 0.36107996106147766, "full recovery": 0.352864533662796, "side effects": 0.3521629869937897, "fully recover": 0.3516012728214264, "mg pill": 0.3501182794570923, "morning erections": 0.3489837050437927, "erection quality": 0.34804901480674744, "penis shrinkage": 0.3466043472290039, "stop taking": 0.34575557708740234, "first pill": 0.3443111181259155, "mg pills": 0.3427254259586334, "these symptoms": 0.34113794565200806, "suffering from pfs": 0.3408934473991394, "last pill": 0.34056007862091064, "recovering": 0.33996957540512085, "mood swings": 0.3381684422492981, "recovery": 0.3365027606487274, "pill": 0.33498263359069824, "stopping finasteride": 0.33467891812324524, "side affects": 0.3325020670890808, "finasteride syndrome": 0.33062005043029785, "recover": 0.33032041788101196, "single pill": 0.3283931612968445, "get an erection": 0.327980637550354, "fully recovered": 0.3239924907684326, "return to normal": 0.32268768548965454, "erection": 0.3162500262260437, "viagra": 0.31502965092658997}, "1": {"finasteride syndrome": 0.7216706871986389, "taking finasteride": 0.7085381746292114, "stopping finasteride": 0.6738983988761902, "post finasteride": 0.6662365198135376, "finasteride": 0.656968891620636, "pfs sufferers": 0.5863009691238403, "topical finasteride": 0.5737158060073853, "pfs patients": 0.5684705972671509, "pfs sufferer": 0.5462749004364014, "suffering from pfs": 0.543926477432251, "finasterid": 0.5296239256858826, "quitting fin": 0.5255690217018127, "taking fin": 0.5173002481460571, "stopping fin": 0.5131892561912537, "using fin": 0.4991418719291687, "took fin": 0.47258591651916504, "topical fin": 0.4724116921424866, "fin": 0.45137566328048706, "pfs victims": 0.4373275637626648, "pfs foundation": 0.4302499294281006, "fda": 0.40877392888069153, "pre fin": 0.40515780448913574, "side effects": 0.3803035318851471, "prescribed": 0.3802570104598999, "pfs": 0.37434089183807373, "side effect": 0.3592093586921692, "treatment": 0.3478328585624695, "diagnosed": 0.3446756601333618, "adverse effects": 0.33519190549850464, "propecia help": 0.3349640965461731, "prescription": 0.3332204222679138, "propetia help": 0.3319222927093506, "disorders": 0.3318248987197876, "clinical trials": 0.3312682509422302, "side affects": 0.328704833984375, "pfs pssd": 0.32558053731918335, "pharma": 0.31841757893562317, "treatments": 0.31628191471099854, "propecia": 0.31031960248947144, "placebo": 0.30985379219055176, "this drug": 0.30842262506484985, "medications": 0.30656856298446655, "ssri": 0.30647146701812744, "find cure": 0.3059422969818115, "pfs network": 0.3047414720058441, "patients": 0.304639995098114, "persistent adverse": 0.3022269606590271, "symptom": 0.30154234170913696, "medication": 0.30002880096435547, "doctor said": 0.2992617189884186}, "2": {"taking finasteride": 0.5744099617004395, "hair loss": 0.5391916632652283, "stopping finasteride": 0.5008421540260315, "topical finasteride": 0.46021604537963867, "androgenic alopecia": 0.45991653203964233, "finasteride syndrome": 0.4461365342140198, "finasteride": 0.43093329668045044, "post finasteride": 0.42485302686691284, "hair growth": 0.40747779607772827, "hair transplant": 0.4044329524040222, "alopecia": 0.40226858854293823, "quitting fin": 0.40124666690826416, "go bald": 0.39953288435935974, "side effects": 0.399105966091156, "taking fin": 0.38760000467300415, "going bald": 0.3833876848220825, "rogaine": 0.37671035528182983, "hair transplants": 0.37638401985168457, "suffering from pfs": 0.3537542521953583, "topical fin": 0.34872356057167053, "treatment": 0.3483211398124695, "ketoconazole shampoo": 0.3478509187698364, "balding": 0.34740638732910156, "prescribed": 0.3458324074745178, "baldness": 0.3452033996582031, "pfs patients": 0.3448106050491333, "side effect": 0.3440821170806885, "pfs sufferers": 0.33909091353416443, "stopping fin": 0.33855754137039185, "treatments": 0.33299708366394043, "hairline": 0.3327382206916809, "took fin": 0.3318377435207367, "pfs sufferer": 0.3316558599472046, "stopped taking": 0.3264707028865814, "side affects": 0.3242282271385193, "lower dose": 0.32388895750045776, "using fin": 0.32302629947662354, "bald": 0.32261306047439575, "loss of libido": 0.3210502862930298, "anti androgenic": 0.3209068179130554, "aromatase inhibitor": 0.32034361362457275, "hairloss": 0.3182410001754761, "use minoxidil": 0.3156261444091797, "last dose": 0.31341737508773804, "prescription": 0.31292974948883057, "anti androgens": 0.3122117519378662, "medications": 0.3088502287864685, "ssri": 0.30880293250083923, "propecia help": 0.3086372911930084, "minoxidil": 0.30862799286842346}, "3": {"loss of libido": 0.5565880537033081, "decrease in libido": 0.5320062637329102, "pfs patients": 0.5255608558654785, "lower libido": 0.5038485527038574, "hormone imbalance": 0.5004119277000427, "hormone levels": 0.49710172414779663, "suffering from pfs": 0.4954012334346771, "lowered libido": 0.4811728596687317, "pfs sufferers": 0.47916674613952637, "pfs sufferer": 0.4724668264389038, "hormone panel": 0.4569685459136963, "hormones": 0.45002835988998413, "progesterone": 0.44368669390678406, "hormone": 0.442111611366272, "anti androgenic": 0.44134873151779175, "anti androgens": 0.4346315860748291, "erectile dysfunction": 0.43370193243026733, "high estrogen": 0.42901378870010376, "low libido": 0.42720821499824524, "testosterone levels": 0.4268559515476227, "hormonal": 0.42672812938690186, "anti androgen": 0.4261432886123657, "androgen receptors": 0.4236309230327606, "free testosterone": 0.4219086170196533, "sex drive": 0.41815173625946045, "no libido": 0.4109310209751129, "androgen receptor": 0.4075595736503601, "androgen metabolism": 0.40360644459724426, "estrogen levels": 0.40042275190353394, "your hormones": 0.3977195620536804, "aromatase inhibitor": 0.3968358039855957, "taking finasteride": 0.3933088779449463, "erection problems": 0.39254987239837646, "prolactin levels": 0.38613298535346985, "libido": 0.38449758291244507, "serum dht": 0.38191795349121094, "androgens": 0.38109439611434937, "estrogen": 0.3807681202888489, "prostate pain": 0.3806631565093994, "mood swings": 0.3781864047050476, "testosterone": 0.3761066198348999, "persistent erectile": 0.37288227677345276, "spontaneous erections": 0.36527639627456665, "weaker erections": 0.36462268233299255, "androgen": 0.36355990171432495, "side affects": 0.3599722385406494, "testicular pain": 0.3565340042114258, "zero libido": 0.3545927405357361, "sexual dysfunction": 0.3540549874305725, "androgenic": 0.3538482189178467}, "4": {"severe anxiety": 0.4614231586456299, "taking finasteride": 0.4602033495903015, "panic attacks": 0.42837655544281006, "panic attack": 0.40642404556274414, "anxiety and depression": 0.4046604037284851, "anxiety depression": 0.3996221423149109, "ssri": 0.3954924941062927, "stopped taking": 0.39228707551956177, "brain fog": 0.39048343896865845, "these symptoms": 0.3864823579788208, "antidepressants": 0.3855322003364563, "antidepressant": 0.3835873007774353, "stopping finasteride": 0.37898409366607666, "side effects": 0.3673150837421417, "finasteride syndrome": 0.36598241329193115,