{"c_v": 0.33600596149314793, "c_npmi": -0.26538571270639216, "u_mass": -5.036322278416652, "c_uci": -7.977957745300669}