{"c_v": 0.33768570048521107, "c_npmi": -0.18627249476979146, "u_mass": -7.7599856556817, "c_uci": -5.869884699676469}