{"0": {"ectopic pregnancies": 0.6158261299133301, "previous ectopic": 0.5513515472412109, "suspected ectopic": 0.5387526154518127, "ovarian ectopic": 0.5133862495422363, "uterine biopsy": 0.4804437756538391, "heterotopic pregnancy": 0.47925323247909546, "uterine pregnancy": 0.4664045572280884, "early miscarriage": 0.4621754288673401, "missed miscarriage": 0.45788636803627014, "cervical ectopic": 0.45435893535614014, "already miscarried": 0.4529063105583191, "tubal removal": 0.43912333250045776, "blighted ovum": 0.4370022118091583, "multiple ectopics": 0.4360552430152893, "ectopics in row": 0.43444985151290894, "two ectopics": 0.4300413429737091, "natural miscarriage": 0.42426326870918274, "pregnant again": 0.4238945245742798, "miscarriage": 0.41421154141426086, "ectopic": 0.4096485376358032, "regular miscarriage": 0.40927231311798096, "intrauterine pregnancy": 0.40677547454833984, "pregnancy of unknown": 0.40522629022598267, "viable pregnancy": 0.4028521478176117, "tubal disease": 0.4026051163673401, "started bleeding": 0.3992098569869995, "started spotting": 0.39808303117752075, "threatened miscarriage": 0.3976741433143616, "pregnancy announcement": 0.39480942487716675, "breakthrough bleeding": 0.3935970664024353, "pregnancy tests": 0.39327752590179443, "locate the pregnancy": 0.39321908354759216, "unplanned pregnancy": 0.39306074380874634, "ectopics": 0.39234352111816406, "endometrial biopsy": 0.3893793821334839, "hcg drops": 0.3870882987976074, "uterine lining": 0.3864161968231201, "miscarriages": 0.38460397720336914, "struggled to conceive": 0.3803068697452545, "pregnancy test": 0.37992721796035767, "subsequent pregnancies": 0.37960803508758545, "empty uterus": 0.3794010877609253, "pregnancy": 0.3781479001045227, "ectopics suck": 0.37569689750671387, "uterine": 0.37554651498794556, "vaginal ultrasounds": 0.3752036392688751, "vaginal ultrasound": 0.37516313791275024, "current pregnancy": 0.37390631437301636, "ovulation pains": 0.37355661392211914, "miscarried": 0.37219586968421936}, "1": {"hcg drops": 0.4719488024711609, "pregnancy tests": 0.46401458978652954, "pregnancy test": 0.4590887129306793, "ectopic pregnancies": 0.4392106831073761, "heterotopic pregnancy": 0.43630480766296387, "rising hcg": 0.42757439613342285, "hcg levels": 0.42631086707115173, "intrauterine pregnancy": 0.4222758114337921, "hcg": 0.42210203409194946, "hcg reaches": 0.4151758551597595, "hcg level": 0.41315799951553345, "tubal removal": 0.40936076641082764, "hcg values": 0.4064907431602478, "uterine pregnancy": 0.4039124548435211, "producing hcg": 0.40136417746543884, "sep hcg": 0.39696788787841797, "uterine biopsy": 0.3913578987121582, "beta hcg": 0.385507732629776, "locate the pregnancy": 0.3786221742630005, "pregnancy": 0.3748355507850647, "current pregnancy": 0.37236547470092773, "preg test": 0.3718062937259674, "viable pregnancy": 0.3657240867614746, "previous ectopic": 0.3627985715866089, "rising hcgs": 0.36041948199272156, "successful pregnancy": 0.35706260800361633, "hcgs": 0.3560222387313843, "pregnant again": 0.3556898832321167, "missed miscarriage": 0.3529025912284851, "ovarian ectopic": 0.3526886999607086, "pregnancy announcement": 0.35046398639678955, "pregnancy of unknown": 0.349822998046875, "blighted ovum": 0.3496057689189911, "subsequent pregnancies": 0.34080278873443604, "early miscarriage": 0.3395537734031677, "see gestational": 0.3390267789363861, "became pregnant": 0.33612123131752014, "already miscarried": 0.3355291485786438, "unplanned pregnancy": 0.3354579210281372, "intrauterine": 0.3308948874473572, "suspected ectopic": 0.33062124252319336, "empty uterus": 0.32987019419670105, "transvaginal scan": 0.3298487663269043, "healthy intrauterine": 0.32965099811553955, "highest hcg": 0.32700568437576294, "serial hcg": 0.3258969187736511, "vaginal ultrasound": 0.32545942068099976, "tubeless ovary": 0.32040345668792725, "tested positive": 0.31918787956237793, "vaginal ultrasounds": 0.3179928660392761}}