{"0": {"dwarfism": 0.667690098285675, "form of dwarfism": 0.6538066267967224, "type of dwarfism": 0.6518555283546448, "midget": 0.6388837099075317, "types of dwarfism": 0.6386290788650513, "term midget": 0.6356316804885864, "midgets": 0.6222257614135742, "little person": 0.6136865615844727, "pituitary dwarfism": 0.6101810932159424, "having dwarfism": 0.6091587543487549, "word midget": 0.6055077314376831, "forms of dwarfism": 0.6050108671188354, "called midget": 0.6036368608474731, "little people": 0.6004647016525269, "dwarves": 0.561713695526123, "dwarfs": 0.5593048334121704, "dwarfism awareness": 0.5568186044692993, "dwarf": 0.5276176333427429, "dwarf women": 0.5123786330223083, "fantasy dwarves": 0.5072226524353027, "short stature": 0.484038770198822, "stature": 0.4344084858894348, "average height": 0.42684149742126465, "dinklage": 0.4078277051448822, "peter dinklage": 0.3852711319923401, "sized person": 0.37564897537231445, "disabilities": 0.35081231594085693, "short legs": 0.3442929685115814, "short statured": 0.33988261222839355, "taller": 0.3331136405467987, "big runts": 0.3213537931442261, "tall": 0.3211582899093628, "proportionate": 0.32024794816970825, "short": 0.3177330493927002, "physical disabilities": 0.31501275300979614, "considered offensive": 0.3137539327144623, "average sized": 0.313086599111557, "shorter than": 0.3128116726875305, "sized": 0.3101196885108948, "runts": 0.3095029890537262, "height": 0.30934327840805054, "taller than": 0.30576348304748535, "height adjustable": 0.30329614877700806, "height difference": 0.3024769723415375, "shorter": 0.2920251488685608, "normal size": 0.29184144735336304, "lengthening": 0.2916862666606903, "disability": 0.28970253467559814, "limb lengthening": 0.28823232650756836, "wee man": 0.2859594225883484}, "1": {"dating": 0.42741695046424866, "dwarf women": 0.40812647342681885, "types of dwarfism": 0.40681973099708557, "type of dwarfism": 0.4046056866645813, "form of dwarfism": 0.38965892791748047, "meet someone": 0.3845280408859253, "term midget": 0.38444384932518005, "guide to dating": 0.38274043798446655, "midget": 0.37752020359039307, "dwarfism": 0.3751291036605835, "having dwarfism": 0.3661665916442871, "little person": 0.3574393093585968, "dating apps": 0.35653483867645264, "little people": 0.35334038734436035, "forms of dwarfism": 0.3509798049926758, "pituitary dwarfism": 0.34591543674468994, "word midget": 0.34191054105758667, "height difference": 0.3363635540008545, "midgets": 0.33552438020706177, "short stature": 0.3289763331413269, "relationships": 0.3212108612060547, "called midget": 0.3197362422943115, "average height": 0.3175998628139496, "dwarfs": 0.31380516290664673, "dwarf": 0.30964958667755127, "relationship": 0.30015647411346436, "want to date": 0.29748964309692383, "dwarfism awareness": 0.29697197675704956, "sized person": 0.29505324363708496, "lgbt": 0.2921370267868042, "fetish": 0.2832908034324646, "dwarves": 0.28301572799682617, "fantasy dwarves": 0.28068622946739197, "proportionate": 0.27771225571632385, "single": 0.2766084372997284, "my boyfriend": 0.27277982234954834, "girlfriend": 0.26852869987487793, "boyfriend": 0.2682611048221588, "normal size": 0.25713279843330383, "height": 0.25328636169433594, "short legs": 0.2499241828918457, "tall": 0.24901998043060303, "short statured": 0.24889135360717773, "attraction": 0.24789796769618988, "dated": 0.2467598170042038, "disabilities": 0.24546962976455688, "short": 0.24546325206756592, "meeting": 0.24511930346488953, "average sized": 0.24426382780075073, "nice to meet": 0.2442551702260971}, "2": {"dwarfism": 0.3401080369949341, "form of dwarfism": 0.3307241201400757, "having dwarfism": 0.32958292961120605, "types of dwarfism": 0.3190447688102722, "pituitary dwarfism": 0.31895849108695984, "disabilities": 0.3159671723842621, "dwarfism awareness": 0.3137543201446533, "forms of dwarfism": 0.30765148997306824, "type of dwarfism": 0.3066306710243225, "little person": 0.30059805512428284, "physical disabilities": 0.2956964075565338, "bullied": 0.2838504910469055, "disability": 0.273656964302063, "bullying": 0.27337390184402466, "little people": 0.27031055092811584, "midget": 0.2632615864276886, "disabled": 0.2580961585044861, "disorder": 0.2522382140159607, "term midget": 0.24543246626853943, "therapy": 0.24383561313152313, "made fun": 0.24071666598320007, "children with achondroplasia": 0.23785552382469177, "phobia": 0.23325535655021667, "support group": 0.23222580552101135, "diagnosed": 0.2311815321445465, "proportionate": 0.22813928127288818, "dwarf": 0.2237909585237503, "midgets": 0.22334277629852295, "called midget": 0.22215893864631653, "sized person": 0.2202429324388504, "treated": 0.21982769668102264, "severe": 0.2188566029071808, "mental health": 0.2185548096895218, "word midget": 0.21710902452468872, "dwarfs": 0.21658822894096375, "short stature": 0.21642552316188812, "dwarf women": 0.21474117040634155, "insensitive": 0.2116660177707672, "syndrome": 0.20954477787017822, "meet someone": 0.2087475061416626, "be treated": 0.20706430077552795, "stature": 0.20666952431201935, "average height": 0.20622578263282776, "wheelchair": 0.2046968638896942, "depression": 0.20306691527366638, "afraid to ask": 0.2027263641357422, "grown up": 0.2002795934677124, "lengthening": 0.19946825504302979, "health issues": 0.19884148240089417, "problems": 0.1966070830821991}, "3": {"youtube channel": 0.30422234535217285, "self promotion": 0.2819073796272278, "called midget": 0.2786691188812256, "midget": 0.27103176712989807, "little people": 0.270374596118927, "dwarfism awareness": 0.26831379532814026, "little person": 0.2653816044330597, "type of dwarfism": 0.26436007022857666, "types of dwarfism": 0.2633538544178009, "dwarfism": 0.26111873984336853, "form of dwarfism": 0.2596721947193146, "anyone here": 0.25703364610671997, "word midget": 0.2515370845794678, "term midget": 0.2467137575149536, "hey guys": 0.24392759799957275, "guide to dating": 0.23791596293449402, "casting": 0.23649033904075623, "subreddit": 0.23262903094291687, "thanks for sharing": 0.23227611184120178, "lp community": 0.2311074435710907, "this subreddit": 0.2273072898387909, "midgets": 0.22328732907772064, "meet someone": 0.21882480382919312, "pituitary dwarfism": 0.2187291979789734, "youtube": 0.2143959403038025, "having dwarfism": 0.2097795158624649, "dwarfs": 0.2060401737689972, "roloff": 0.20515523850917816, "forms of dwarfism": 0.2013319432735443, "dating": 0.19966545701026917, "video": 0.19965648651123047, "nice to meet": 0.19854357838630676, "lgbt": 0.19847455620765686, "fantasy dwarves": 0.19839274883270264, "dinklage": 0.19608119130134583, "peter dinklage": 0.19509544968605042, "hi": 0.1917787790298462, "hello everyone": 0.19130410254001617, "hey": 0.19058075547218323, "dwarf women": 0.1874619424343109, "yo": 0.18730127811431885, "dwarf": 0.18714648485183716, "support group": 0.18696655333042145, "welcome": 0.1858222484588623, "dwarves": 0.18557852506637573, "fetish": 0.185478076338768, "hi everyone": 0.1854226291179657, "posting": 0.18272501230239868, "any questions": 0.1821800172328949, "short stature": 0.1807861626148224}, "4": {"wheelchair": 0.35570353269577026, "pedal extenders": 0.3463844656944275, "types of dwarfism": 0.34495699405670166, "car seat": 0.3280726969242096, "type of dwarfism": 0.32661592960357666, "form of dwarfism": 0.31375521421432495, "dwarfism": 0.3134145736694336, "short posture": 0.3026653826236725, "forms of dwarfism": 0.2928158640861511, "pituitary dwarfism": 0.2861133813858032, "having dwarfism": 0.28392377495765686, "disability": 0.2811490297317505, "disabilities": 0.2781584858894348, "chair": 0.2764340937137604, "chairs": 0.2758488655090332, "mobility issues": 0.2742688059806824, "dwarfism awareness": 0.2707156538963318, "posture": 0.27002662420272827, "physical disabilities": 0.2700077295303345, "short legs": 0.2688331604003906, "little person": 0.2674698829650879, "height adjustable": 0.2669028341770172,