{"c_v": 0.283135140888392, "c_npmi": -0.15937989544064118, "u_mass": -3.37634389359742, "c_uci": -5.32439172758782}