{"c_v": 0.3103450638688695, "c_npmi": -0.30436694929244434, "u_mass": -6.591923191065441, "c_uci": -8.881204153484921}