{"0": {"huntington disease": 0.7415826916694641, "huntingtons disease": 0.7406315803527832, "huntington society": 0.5964288115501404, "huntington": 0.5738581418991089, "huntingtons": 0.5479860305786133, "hd patients": 0.5464285612106323, "been diagnosed": 0.4840565323829651, "was diagnosed": 0.4747487008571625, "genetics clinic": 0.47097113728523254, "recently diagnosed": 0.45455610752105713, "gene therapy": 0.4533623456954956, "hdsa org": 0.4465959668159485, "disease progression": 0.4372633099555969, "genetic diseases": 0.4340062141418457, "genetic counselling": 0.43331286311149597, "genetic counselors": 0.4288920760154724, "enroll hd": 0.4282223880290985, "genetic counselor": 0.4263972342014313, "genetic counseling": 0.42551153898239136, "diagnosed": 0.42269206047058105, "neurological": 0.4190157949924469, "hd community": 0.41712141036987305, "genetic counsellor": 0.41640758514404297, "got diagnosed": 0.4101191759109497, "gene silencing": 0.403354287147522, "medical advances": 0.4031073749065399, "hdsa chapter": 0.39488059282302856, "disease": 0.39422935247421265, "gene status": 0.391202449798584, "adhd": 0.39057326316833496, "diseases": 0.3904901146888733, "disorders": 0.3901083469390869, "alzheimer": 0.38968199491500854, "clinical trials": 0.3854297399520874, "hdsa website": 0.3848864436149597, "parkinson": 0.38438040018081665, "dementia": 0.3832915723323822, "horrible disease": 0.38149499893188477, "crispr cas": 0.37586280703544617, "gene positive": 0.3758588433265686, "cure or treatment": 0.37427061796188354, "clinical trial": 0.37303251028060913, "find cure": 0.3690274953842163, "treatments": 0.3677970767021179, "treatment or cure": 0.36611905694007874, "hdsa": 0.3536893427371979, "fda": 0.3513302803039551, "cognitive impairment": 0.3501935601234436, "treatment": 0.34998029470443726, "therapies": 0.3497922718524933}, "1": {"grandmother passed": 0.379225492477417, "positive diagnosis": 0.3315015435218811, "diagnosis": 0.329004168510437, "been diagnosed": 0.32829880714416504, "terminal illness": 0.32675492763519287, "take care": 0.3252687454223633, "affected parent": 0.3250355124473572, "seeing therapist": 0.31737184524536133, "was diagnosed": 0.3149583339691162, "starting family": 0.31421780586242676, "diagnosed": 0.31222808361053467, "taking care": 0.3110519051551819, "primary care": 0.3063328266143799, "hospice": 0.3026977479457855, "mother died": 0.3026652932167053, "looking for advice": 0.3014668822288513, "nursing home": 0.3014155626296997, "caregiving": 0.29900336265563965, "self care": 0.29889458417892456, "counseling": 0.29797297716140747, "hd patients": 0.29508230090141296, "official diagnosis": 0.2880585789680481, "coping": 0.28614309430122375, "therapy": 0.2807595729827881, "mild symptoms": 0.28007087111473083, "got diagnosed": 0.2799644470214844, "showing symptoms": 0.27940672636032104, "care insurance": 0.2770583927631378, "grandmother": 0.2733457386493683, "horrible disease": 0.27289995551109314, "diagnoses": 0.27172404527664185, "health problems": 0.27144891023635864, "counselling": 0.2689785957336426, "grieving": 0.2663027048110962, "cognitive decline": 0.26617681980133057, "caregivers": 0.2661692500114441, "become symptomatic": 0.26398083567619324, "mother in law": 0.26389220356941223, "depression": 0.2625693082809448, "pray": 0.261974573135376, "mental illness": 0.25946104526519775, "genetic counseling": 0.2593247890472412, "nursing homes": 0.2581298351287842, "depression anxiety": 0.25783684849739075, "recently diagnosed": 0.25500136613845825, "health issues": 0.2532426416873932, "illness": 0.25298798084259033, "mental health": 0.2511822581291199, "show symptoms": 0.2506692707538605, "dementia": 0.2502332031726837}, "2": {"prenatal testing": 0.5305851697921753, "getting tested": 0.5236384868621826, "get tested": 0.5182766914367676, "tested positive": 0.4990091919898987, "genetic test": 0.489604115486145, "genetic testing": 0.48246845602989197, "test positive": 0.4602949023246765, "positive diagnosis": 0.4328286051750183, "gotten tested": 0.4313986301422119, "test the embryos": 0.41127341985702515, "genetic counseling": 0.40271684527397156, "blood test": 0.38998278975486755, "genetic counselling": 0.38330185413360596, "testing done": 0.3766598701477051, "genetics clinic": 0.37415939569473267, "was diagnosed": 0.37085506319999695, "screening": 0.37034153938293457, "got tested": 0.36994147300720215, "genetic counselor": 0.3674345314502716, "been tested": 0.3555225133895874, "testing process": 0.3515307307243347, "genetic counselors": 0.35145992040634155, "been diagnosed": 0.3481191098690033, "predictive testing": 0.3442695438861847, "diagnosis": 0.34240204095840454, "testing": 0.3391132950782776, "family planning": 0.33816689252853394, "starting family": 0.3311535716056824, "genetic counsellor": 0.32653042674064636, "diagnosed": 0.3236444294452667, "tested anonymously": 0.3224044442176819, "gene positive": 0.3184707462787628, "test anonymously": 0.3170594573020935, "anonymous testing": 0.3131048083305359, "clinical trial": 0.3098260760307312, "hd patients": 0.3066437840461731, "got diagnosed": 0.306246817111969, "tests": 0.30488336086273193, "enroll hd": 0.3047860562801361, "tested negative": 0.30294016003608704, "care insurance": 0.30199143290519714, "official diagnosis": 0.3011513948440552, "diagnoses": 0.3011137545108795, "health insurance": 0.3009836971759796, "genetic diseases": 0.29223203659057617, "gene status": 0.29136988520622253, "inherit the gene": 0.28991445899009705, "looking for advice": 0.28980162739753723, "huntingtons disease": 0.28884410858154297, "recently diagnosed": 0.2868173122406006}, "3": {"huntingtons disease": 0.6813406944274902, "huntington disease": 0.6782873868942261, "huntington": 0.4606194794178009, "huntingtons": 0.4418943524360657, "been diagnosed": 0.4418826103210449, "huntington society": 0.4392243027687073, "was diagnosed": 0.4254624843597412, "diagnosis": 0.41513511538505554, "official diagnosis": 0.4049043655395508, "diagnosed": 0.3913864493370056, "genetic diseases": 0.3909258246421814, "positive diagnosis": 0.38567185401916504, "recently diagnosed": 0.3735549747943878, "hd patients": 0.3682214319705963, "dementia": 0.3680761158466339, "diagnoses": 0.35816478729248047, "disease progression": 0.35496389865875244, "grandmother passed": 0.34525787830352783, "neurological": 0.33734941482543945, "alzheimer": 0.3367334306240082, "cognitive decline": 0.3347310423851013, "got diagnosed": 0.3324914276599884, "symptom onset": 0.3298863470554352, "horrible disease": 0.3297630548477173, "disease": 0.32691943645477295, "disorders": 0.32486820220947266, "cognitive impairment": 0.32143932580947876, "parkinson": 0.32016849517822266, "adhd": 0.31905418634414673, "inherited the gene": 0.31484848260879517, "genetic counseling": 0.31361615657806396, "diseases": 0.31021592020988464, "develop symptoms": 0.309716135263443, "mild symptoms": 0.3087806701660156, "age of onset": 0.30648213624954224, "autosomal dominant": 0.3059873878955841, "faulty gene": 0.30117589235305786, "see neurologist": 0.29811185598373413, "showing symptoms": 0.2980426251888275, "genetics clinic": 0.29779869318008423, "inherit the gene": 0.2971280515193939, "grandparents": 0.2943960428237915, "cognitive disabilities": 0.2940654754638672, "genetic counselling": 0.2899400591850281, "gene status": 0.2895239591598511, "grandpa": 0.2854604125022888, "genetic test": 0.2839427590370178, "genetic counselor": 0.28376585245132446, "symptoms yet": 0.28371137380599976, "symptoms": 0.28362274169921875}, "4": {"diagnosis": 0.48042815923690796, "hd patients": 0.46948444843292236, "official diagnosis": 0.46369290351867676, "was diagnosed": 0.45781761407852173, "positive diagnosis": 0.44965994358062744, "been diagnosed": 0.4458043873310089, "diagnosed": 0.42615044116973877, "diagnoses": 0.4098844528198242, "mild symptoms": 0.3992921710014343, "symptom onset": 0.3885536789894104, "grandmother passed": 0.386783242225647,