{"0": {"pregnancy tests": 0.6862106323242188, "ectopic pregnancies": 0.6779669523239136, "pregnancy test": 0.6709201335906982, "current pregnancy": 0.6524629592895508, "unplanned pregnancy": 0.6427125930786133, "early miscarriage": 0.6394903659820557, "pregnancy of unknown": 0.6263710856437683, "uterine pregnancy": 0.6084785461425781, "getting pregnant": 0.6030165553092957, "missed miscarriage": 0.5991336107254028, "intrauterine pregnancy": 0.5986267328262329, "subsequent pregnancies": 0.5920555591583252, "regular miscarriage": 0.5903953313827515, "pregnancy": 0.5854517221450806, "gotten pregnant": 0.5812810659408569, "natural miscarriage": 0.5807771682739258, "viable pregnancy": 0.5778781175613403, "heterotopic pregnancy": 0.5775728225708008, "chemical pregnancy": 0.5765380263328552, "miscarriages": 0.57596755027771, "successful pregnancy": 0.5730568170547485, "healthy pregnancy": 0.5715473890304565, "got pregnant": 0.5684370994567871, "pregnancy unit": 0.5678426027297974, "pregnant": 0.5670716166496277, "miscarriage": 0.5659871101379395, "pregnancies": 0.5649693608283997, "became pregnant": 0.5628544092178345, "prenatal appointment": 0.5592061281204224, "first trimester": 0.5587540864944458, "healthy pregnancies": 0.5545488595962524, "threatened miscarriage": 0.5500872135162354, "successful pregnancies": 0.5487607717514038, "pregnant again": 0.5458014011383057, "taking prenatal": 0.5415230989456177, "chemical pregnancies": 0.5401222705841064, "future pregnancies": 0.5394539833068848, "gestational": 0.5393093824386597, "become pregnant": 0.5362646579742432, "during ovulation": 0.5285269618034363, "pregnancy announcement": 0.5277431011199951, "non pregnant": 0.5269957780838013, "fell pregnant": 0.5256980657577515, "second trimester": 0.5243224501609802, "ovulation date": 0.5241783261299133, "postpartum": 0.5231160521507263, "get pregnant": 0.5203016996383667, "pregnancy announcements": 0.516014814376831, "see gestational": 0.5134438276290894, "taking prenatals": 0.5124092102050781}, "1": {"treated with methotrexate": 0.523980438709259, "dose of methotrexate": 0.5230739116668701, "methotrexate shots": 0.5162703394889832, "received methotrexate": 0.5082447528839111, "first dose": 0.5045143961906433, "shots of methotrexate": 0.4942771792411804, "doses of methotrexate": 0.4939801096916199, "methotrexate shot": 0.4920523166656494, "dose of mtx": 0.4910402297973633, "treated with mtx": 0.48741376399993896, "doses of mtx": 0.4751971364021301, "stopped bleeding": 0.472642183303833, "administered methotrexate": 0.4704577326774597, "started bleeding": 0.46626317501068115, "started to bleed": 0.46207261085510254, "pms symptoms": 0.45866066217422485, "taking mg": 0.4552401900291443, "given methotrexate": 0.446587473154068, "bleeding stopped": 0.44493043422698975, "withdrawal bleeding": 0.44272658228874207, "methotrexate injections": 0.4419126510620117, "methotrexate injection": 0.44010016322135925, "rounds of methotrexate": 0.4375247359275818, "took mg": 0.4373396635055542, "stopped taking": 0.4362258315086365, "officially diagnosed": 0.43452829122543335, "missed miscarriage": 0.434060275554657, "pregnancy tests": 0.43401622772216797, "symptom": 0.4329184293746948, "mtx treatment": 0.43217551708221436, "methotrexate": 0.43112748861312866, "withdrawal bleed": 0.43005943298339844, "second dose": 0.4295135736465454, "successfully treated": 0.4269307851791382, "third dose": 0.42007166147232056, "pregnancy test": 0.42003124952316284, "single dose": 0.4188409149646759, "current pregnancy": 0.4169045686721802, "nausea": 0.4115152060985565, "misdiagnosed": 0.41001343727111816, "chemotherapy": 0.4098775386810303, "early scan": 0.40881234407424927, "missed period": 0.40753883123397827, "early scans": 0.40604251623153687, "diagnosed": 0.4057372212409973, "unplanned pregnancy": 0.404786080121994, "other symptoms": 0.4034654498100281, "early miscarriage": 0.40280288457870483, "regular miscarriage": 0.4012797474861145, "another dose": 0.4006820321083069}, "2": {"missed miscarriage": 0.6139136552810669, "current pregnancy": 0.5848721265792847, "successful pregnancy": 0.5814279317855835, "early miscarriage": 0.5762636661529541, "unplanned pregnancy": 0.5656557083129883, "getting pregnant": 0.5603851675987244, "miscarriage": 0.558933675289154, "gotten pregnant": 0.555630624294281, "got pregnant": 0.5538777709007263, "miscarriages": 0.55025315284729, "fell pregnant": 0.5438064336776733, "emotional wreck": 0.5382585525512695, "became pregnant": 0.5379367470741272, "sobbed": 0.5366120338439941, "pregnancy": 0.5359638929367065, "heartbroken": 0.5351680517196655, "pregnant again": 0.5307470560073853, "feel better": 0.5257172584533691, "feeling better": 0.5252742767333984, "healthy pregnancy": 0.5251342058181763, "pregnancy of unknown": 0.5243861079216003, "regular miscarriage": 0.5226396322250366, "natural miscarriage": 0.5205687284469604, "pregnant": 0.5162131786346436, "get pregnant": 0.5161864757537842, "viable pregnancy": 0.5141868591308594, "become pregnant": 0.5137342214584351, "sadness": 0.511945366859436, "threatened miscarriage": 0.5090072751045227, "emotional recovery": 0.5080639123916626, "postpartum": 0.5075668692588806, "gut feeling": 0.5072233080863953, "heartbreaking": 0.5065729022026062, "struggled to conceive": 0.5051980018615723, "emotional turmoil": 0.5043511986732483, "crying": 0.5041383504867554, "emotional trauma": 0.5018876791000366, "currently experiencing": 0.4913914203643799, "successful pregnancies": 0.4900367856025696, "infant loss": 0.48685118556022644, "pregnancy announcement": 0.4866991639137268, "emotionally ready": 0.48601141571998596, "uterine pregnancy": 0.4852352440357208, "maternity": 0.48495739698410034, "gestational": 0.4847111701965332, "subsequent pregnancies": 0.4818803369998932, "pregnancy announcements": 0.4780190587043762, "ectopic pregnancies": 0.47520697116851807, "prenatal appointment": 0.4738160967826843, "first trimester": 0.4724768400192261}, "3": {"ectopic pregnancies": 0.6510956287384033, "unplanned pregnancy": 0.6221709847450256, "current pregnancy": 0.6058132648468018, "pregnancy of unknown": 0.6049579381942749, "intrauterine pregnancy": 0.6013511419296265, "early miscarriage": 0.5959725379943848, "uterine pregnancy": 0.5928645730018616, "natural miscarriage": 0.5919220447540283, "miscarriages": 0.577228307723999, "missed miscarriage": 0.5755685567855835, "pregnancy tests": 0.5732954740524292, "getting pregnant": 0.5721952319145203, "fell pregnant": 0.571413516998291, "subsequent pregnancies": 0.5701761841773987, "miscarriage": 0.5698938369750977, "regular miscarriage": 0.5694074630737305, "successful pregnancy": 0.5673149824142456, "gotten pregnant": 0.5626989603042603, "got pregnant": 0.5589675903320312, "pregnant again": 0.5562828183174133, "pregnancy test": 0.5561901926994324, "pregnancy": 0.5560847520828247, "prenatal appointment": 0.5522819757461548, "became pregnant": 0.5498620271682739, "taking prenatal": 0.5473800897598267, "viable pregnancy": 0.5420199632644653, "threatened miscarriage": 0.5394687056541443, "heterotopic pregnancy": 0.538716197013855, "pregnant": 0.536685585975647, "chemical pregnancy": 0.5365679860115051, "pregnancy unit": 0.5348977446556091, "successful pregnancies": 0.5326272249221802, "second trimester": 0.531191349029541, "gestational": 0.5304238796234131, "postpartum": 0.5290957093238831, "first trimester": 0.5277436375617981, "unexplained infertility": 0.5260952711105347, "pregnancies": 0.5256661176681519, "ovarian ectopic": 0.5254496335983276, "gestational sac": 0.5188478827476501, "become pregnant": 0.5188214778900146, "taking prenatals": 0.5176553130149841, "healthy pregnancy": 0.5129573345184326, "future pregnancies": 0.5102162957191467, "during ovulation": 0.5091955661773682, "tube ruptured": 0.507321834564209, "get pregnant": 0.5067594051361084, "see gestational": 0.503173828125, "birth defects": 0.5022293329238892, "non pregnant": 0.49734920263290405},