{"c_v": 0.35125831440340494, "c_npmi": -0.2523252145309114, "u_mass": -7.455789797302775, "c_uci": -7.62702715118481}