{"0": {"brace": 0.42405062913894653, "brace asap": 0.39815211296081543, "braces": 0.38789108395576477, "braced": 0.3741973638534546, "trulife brace": 0.37209552526474, "chest pains": 0.3635978400707245, "chest muscles": 0.34597671031951904, "pectus carinatum": 0.3458402752876282, "scoliosis": 0.3449327349662781, "sternum": 0.34441328048706055, "pectus": 0.3436736464500427, "pectus excavatum": 0.3399513363838196, "joe brace": 0.33923208713531494, "thoracic": 0.30323922634124756, "back pain": 0.2991558909416199, "shoulders": 0.28766128420829773, "tried bracing": 0.28552770614624023, "bras": 0.2807583808898926, "thoracic surgeon": 0.2789836525917053, "arms": 0.2784973382949829, "bracing": 0.2766604423522949, "shoulder": 0.2758488655090332, "chest": 0.2737528085708618, "pectus services": 0.2704734206199646, "orthotics": 0.269572377204895, "pectus joe": 0.2676028311252594, "bad posture": 0.2598423957824707, "started bracing": 0.25537872314453125, "surgery": 0.25242137908935547, "push ups": 0.2507217824459076, "sore": 0.24925309419631958, "painful": 0.2485388219356537, "pressure sore": 0.2484368085861206, "pull ups": 0.2470627725124359, "chest wall": 0.24501216411590576, "cartilage": 0.24484533071517944, "pain": 0.2428702712059021, "pushups": 0.2424783855676651, "start bracing": 0.24064993858337402, "dumbbell benchpress": 0.24041748046875, "pains": 0.23931275308132172, "pecs": 0.23552733659744263, "bone": 0.23475202918052673, "healed": 0.2342488169670105, "into bracing": 0.23423613607883453, "bra": 0.23373109102249146, "my chest": 0.23209193348884583, "surgeries": 0.23184344172477722, "posture": 0.2316461205482483, "your chest": 0.23144884407520294}, "1": {"chest muscles": 0.5449496507644653, "pectus carinatum": 0.4964138865470886, "pectus": 0.4912087023258209, "pectus excavatum": 0.47794076800346375, "pecs": 0.43359196186065674, "pectus joe": 0.42010316252708435, "chest pains": 0.41106826066970825, "chest": 0.4002375304698944, "build muscle": 0.38545504212379456, "pushups": 0.38335877656936646, "some muscle": 0.3795090317726135, "push ups": 0.376059353351593, "muscle": 0.3693475127220154, "workouts": 0.3625794053077698, "workout": 0.36215126514434814, "upper body": 0.35814863443374634, "body fat": 0.35400456190109253, "bulking": 0.3536372184753418, "your chest": 0.35162460803985596, "pec": 0.34928038716316223, "building muscle": 0.34837156534194946, "go to the gym": 0.34800291061401367, "muscles": 0.34424835443496704, "muscle mass": 0.3397766947746277, "lifting weights": 0.3393207788467407, "chest wall": 0.33847546577453613, "sternum": 0.33836185932159424, "bad posture": 0.33675044775009155, "man boobs": 0.3315344452857971, "boob job": 0.3307284116744995, "pectus services": 0.3285970091819763, "working out": 0.32768550515174866, "weight training": 0.3250557780265808, "chests": 0.32414332032203674, "hitting the gym": 0.3231649100780487, "look bigger": 0.32067015767097473, "abs": 0.3184468150138855, "my chest": 0.31537365913391113, "work out": 0.3130190968513489, "body building": 0.31272703409194946, "pull ups": 0.31192612648010254, "body weight": 0.3112466335296631, "weight lifting": 0.30623912811279297, "skinny": 0.3053385019302368, "fitness": 0.3052820563316345, "poor posture": 0.3048674166202545, "dumbbell benchpress": 0.3037331700325012, "thoracic": 0.30167156457901, "gym": 0.30036771297454834, "exercise": 0.29917851090431213}, "2": {"chest pains": 0.5495259761810303, "pectus carinatum": 0.5407053828239441, "pectus excavatum": 0.5276583433151245, "pectus": 0.5161436200141907, "chest muscles": 0.5102037787437439, "thoracic surgeon": 0.42791277170181274, "sternum": 0.4257557988166809, "thoracic": 0.41997379064559937, "pectus joe": 0.4141926169395447, "chest": 0.40321090817451477, "pectus services": 0.3661026656627655, "scoliosis": 0.35956037044525146, "chest wall": 0.35404571890830994, "chests": 0.34136930108070374, "your chest": 0.34009814262390137, "my chest": 0.32712024450302124, "pecs": 0.323694109916687, "breathing issues": 0.3189643323421478, "surgery": 0.3182066082954407, "rib cage": 0.3106297552585602, "rib": 0.30589187145233154, "back pain": 0.3051541745662689, "barrel chest": 0.30498945713043213, "surgeries": 0.30300310254096985, "ribs": 0.3018181622028351, "bad posture": 0.2974613308906555, "surgeon": 0.29346656799316406, "surgical": 0.29243725538253784, "th rib": 0.29172372817993164, "pigeon chest": 0.28556156158447266, "lower ribs": 0.28487634658813477, "corrective surgery": 0.2845489978790283, "rib flare": 0.2827596664428711, "lung": 0.28232595324516296, "pains": 0.28114745020866394, "trouble breathing": 0.278633177280426, "painful": 0.27743878960609436, "breast": 0.2756339907646179, "heart rate": 0.2731235921382904, "ribcage": 0.2723628878593445, "surgeons": 0.2723008692264557, "lungs": 0.26671695709228516, "poor posture": 0.26664507389068604, "boob job": 0.2639878988265991, "pain": 0.26397061347961426, "cartilage": 0.2608758211135864, "some muscle": 0.26073157787323, "breasts": 0.2597491145133972, "pushups": 0.2583427429199219, "ribs stick": 0.25689613819122314}, "3": {"surgery": 0.5719884634017944, "surgical": 0.5353505611419678, "thoracic surgeon": 0.5292882919311523, "corrective surgery": 0.5212118029594421, "surgeries": 0.5176767110824585, "surgeon": 0.5024095177650452, "surgeons": 0.49016472697257996, "surgeon who": 0.4356209933757782, "pectus excavatum": 0.37304654717445374, "pectus carinatum": 0.36973118782043457, "pectus": 0.3323952257633209, "scoliosis": 0.327816367149353, "sternum": 0.32059746980667114, "chest pains": 0.31803810596466064, "operation": 0.315630704164505, "nuss procedure": 0.31379514932632446, "chest muscles": 0.30088120698928833, "doctors": 0.29801657795906067, "boob job": 0.2959657311439514, "thoracic": 0.2953914701938629, "procedure done": 0.28840935230255127, "ravitch procedure": 0.2843092679977417, "treatments": 0.27686214447021484, "back pain": 0.2709287405014038, "pectus services": 0.27017292380332947, "painful": 0.26801878213882446, "doctor said": 0.2672010362148285, "patients": 0.262789785861969, "complications": 0.2621646523475647, "doctor": 0.25847646594047546, "healed": 0.25800952315330505, "treatment": 0.2577558755874634, "patient": 0.25709298253059387, "hospital": 0.25670257210731506, "cartilage": 0.25580862164497375, "doctor says": 0.25428247451782227, "procedure": 0.25355154275894165, "clinics": 0.2494792640209198, "dr": 0.24053126573562622, "recovery": 0.23782417178153992, "pains": 0.2360687106847763, "procedures": 0.23502296209335327, "clinic": 0.23439596593379974, "pain": 0.23269319534301758, "braces": 0.2289971113204956, "heal": 0.2279733568429947, "scars": 0.2279249131679535, "medical": 0.22724097967147827, "doc": 0.22579264640808105, "pectus joe": 0.21962833404541016}, "4": {"pectus carinatum": 0.3494058847427368, "chest muscles": 0.34443187713623047, "pectus": 0.3399074077606201, "chest pains": 0.3395184576511383, "pectus excavatum": 0.3223164677619934, "chest": 0.296710729598999, "self conscious": 0.2790311276912689, "pectus joe": 0.2692751884460449, "my chest": 0.2690378427505493, "sternum": 0.25618118047714233, "pecs": 0.2525320053100586, "your chest": 0.25245577096939087, "boob job": 0.24654603004455566, "scoliosis": 0.2417021542787552, "self confidence": 0.23458436131477356, "surgery": 0.23420360684394836, "go to the gym": 0.23097077012062073, "puberty": 0.2303083837032318, "breast": 0.22935625910758972, "pec": 0.22836869955062866, "pectus services": 0.22832843661308289, "thoracic": 0.22741630673408508, "your body": 0.2256256341934204, "surgeries": 0.2252272218465805, "breasts": 0.22270245850086212, "bad posture": 0.22238901257514954, "bras": 0.22216764092445374, "chest wall": 0.22006554901599884, "upper body": 0.21968552470207214, "anxiety": 0.21561071276664734, "thoracic surgeon": 0.21440406143665314, "man boobs": 0.21016819775104523, "chests": 0.20960327982902527, "confidence": 0.20850396156311035, "pains": 0.20621205866336823, "care": 0.20594970881938934,