{"c_v": 0.3206783661691222, "c_npmi": -0.11821440706901738, "u_mass": -3.1589972764310965, "c_uci": -3.982675018451235}