{"c_v": 0.2777099137256715, "c_npmi": -0.22672214226625376, "u_mass": -2.7498111132074343, "c_uci": -6.729326030124326}