{"0": {"genital arousal": 0.637172281742096, "spontaneous orgasms": 0.6126934289932251, "orgasming": 0.5758364796638489, "unwanted arousal": 0.5726000666618347, "orgasms": 0.5715277194976807, "sexual dysfunction": 0.5504820346832275, "pelvic pain": 0.542557954788208, "constant arousal": 0.5408933162689209, "orgasm": 0.5399298667907715, "weird feeling": 0.5396825075149536, "urge to masturbate": 0.5387852191925049, "sensations": 0.5265109539031982, "tingling sensation": 0.5245110392570496, "constantly aroused": 0.5221114158630371, "my clit": 0.5198716521263123, "masturbated": 0.5195302963256836, "these sensations": 0.5127683877944946, "sexual thoughts": 0.5125883221626282, "really uncomfortable": 0.5123782753944397, "sensation": 0.5107434988021851, "vaginal": 0.5044691562652588, "symptom": 0.504082202911377, "my vagina": 0.5023634433746338, "aroused": 0.4975275695323944, "masturbation": 0.4971376061439514, "these symptoms": 0.49646586179733276, "reach orgasm": 0.49334627389907837, "my clitoris": 0.49227386713027954, "masturbating": 0.4831317663192749, "genital": 0.476828008890152, "tingling": 0.4767071008682251, "masturbate": 0.4763803482055664, "discomfort": 0.4714639186859131, "symptoms": 0.4705936014652252, "uncomfortable": 0.46000006794929504, "genitals": 0.45846027135849, "feeling": 0.45805132389068604, "vulva": 0.45784687995910645, "clitoris": 0.4548036456108093, "genital area": 0.45374876260757446, "vagina": 0.4493686556816101, "premature ejaculation": 0.44750547409057617, "ejaculate": 0.4468904137611389, "pain disorder": 0.4410603642463684, "numbing": 0.4367433786392212, "feels like": 0.43644648790359497, "pelvic area": 0.4348694682121277, "feels": 0.4314238727092743, "your pelvis": 0.4308421313762665, "spasms": 0.43071985244750977}, "1": {"symptom": 0.6923153400421143, "these symptoms": 0.6672309637069702, "symptoms": 0.6552358865737915, "pain disorder": 0.5389930009841919, "depressant": 0.533608078956604, "suffer": 0.5164625644683838, "discomfort": 0.5093103051185608, "been suffering": 0.501349687576294, "very depressed": 0.49795207381248474, "can cause": 0.492241770029068, "diagnosed": 0.4855978488922119, "been having": 0.4833451509475708, "weird feeling": 0.4820381700992584, "dysfunction": 0.4798658490180969, "chronic": 0.47317439317703247, "freaking out": 0.47285592555999756, "numbing": 0.47233498096466064, "disorders": 0.4716871976852417, "numb": 0.46738648414611816, "stress and anxiety": 0.4637778401374817, "mood": 0.4633992910385132, "this disorder": 0.4627481698989868, "suffered": 0.4625099301338196, "feeling": 0.4619702100753784, "pain": 0.4596627950668335, "coping": 0.4595324993133545, "started having": 0.45921409130096436, "tingling": 0.4587048888206482, "panic attack": 0.4586338996887207, "panic": 0.45845282077789307, "disorder": 0.4567145109176636, "severe": 0.45403939485549927, "unbearable": 0.45325344800949097, "depressants": 0.44966262578964233, "panic attacks": 0.44486290216445923, "depressed": 0.4433625340461731, "side effects": 0.4381023049354553, "suffering": 0.4358949661254883, "painful": 0.4355246424674988, "feels like": 0.4354214668273926, "gets worse": 0.4349323511123657, "anxious": 0.43464744091033936, "experiencing": 0.43457669019699097, "tingling sensation": 0.43445950746536255, "really uncomfortable": 0.4328349232673645, "feels": 0.42943936586380005, "crying": 0.4267001450061798, "emotional": 0.42315542697906494, "stressful": 0.4228460192680359, "pelvic pain": 0.41960275173187256}, "2": {"anti depressant": 0.5803045630455017, "anti depressants": 0.5794417858123779, "depressants": 0.5453234314918518, "antidepressant": 0.5324230194091797, "treatment options": 0.5250186324119568, "treatments": 0.5095658302307129, "treatment": 0.5078566074371338, "antidepressants": 0.5066837668418884, "symptom": 0.49402424693107605, "therapy": 0.4855571687221527, "diagnosed": 0.484356552362442, "pain disorder": 0.48027631640434265, "any medications": 0.4788658022880554, "depressant": 0.4782959520816803, "treated": 0.4693308472633362, "disorders": 0.4626334309577942, "cure": 0.45541441440582275, "this disorder": 0.4531761705875397, "these symptoms": 0.4502066373825073, "chronic": 0.44668442010879517, "dysfunction": 0.44620025157928467, "symptoms": 0.445838987827301, "psychiatrist": 0.4402603507041931, "no cure": 0.43856674432754517, "side effects": 0.43713003396987915, "disorder": 0.431348979473114, "prescribed": 0.4288422465324402, "medication": 0.4272005558013916, "see doctor": 0.42306798696517944, "pain specialist": 0.42285460233688354, "be treated": 0.4199867248535156, "prescribe": 0.41982221603393555, "very depressed": 0.418668270111084, "medications": 0.41844484210014343, "mental health": 0.4183187186717987, "treat": 0.4171523451805115, "medicine": 0.41102224588394165, "been suffering": 0.40951088070869446, "cured": 0.40908628702163696, "suffer": 0.4085642099380493, "depression": 0.408504843711853, "therapist": 0.40359261631965637, "dr": 0.3983393907546997, "stopped taking": 0.3973168730735779, "health": 0.39454618096351624, "depressed": 0.3944350481033325, "your doctor": 0.38077008724212646, "medical": 0.37277424335479736, "physical therapy": 0.3727356791496277, "been having": 0.36612609028816223}}