{"0": {"symptom": 0.6040388345718384, "common symptom": 0.5961030721664429, "symptomatic": 0.5662939548492432, "similar symptoms": 0.5652391910552979, "chronic conditions": 0.5638560056686401, "symptoms": 0.562941312789917, "anti nausea": 0.5559977889060974, "these symptoms": 0.5513611435890198, "medical alert": 0.5475444793701172, "serum cortisol": 0.54716956615448, "cortisol readings": 0.5372608304023743, "severe nausea": 0.5368503332138062, "being diagnosed": 0.5367347002029419, "recently diagnosed": 0.5358145236968994, "vague symptoms": 0.5344197750091553, "cortisol levels": 0.5329044461250305, "addison patients": 0.5307462215423584, "acute": 0.5306035876274109, "nausea": 0.5301698446273804, "newly diagnosed": 0.5278983116149902, "medic alert": 0.5251355171203613, "feeling unwell": 0.5248536467552185, "fatigue nausea": 0.5246690511703491, "cortisol coverage": 0.524050235748291, "every symptom": 0.5238070487976074, "symptoms match": 0.5224049091339111, "been diagnosed": 0.5188422203063965, "overlapping symptoms": 0.517864465713501, "nausea and vomiting": 0.5166998505592346, "health problems": 0.5163705348968506, "getting sicker": 0.5156322717666626, "got diagnosed": 0.5127771496772766, "low cortisol": 0.5127614140510559, "getting sick": 0.5117132663726807, "overnight steroid": 0.5075795650482178, "chronic": 0.5073403120040894, "chronically ill": 0.5058996081352234, "diagnosed": 0.5051760673522949, "nauseated": 0.5049146413803101, "feeling nauseous": 0.5048990249633789, "gi symptoms": 0.5027276873588562, "classic symptoms": 0.5025259852409363, "medical conditions": 0.5017493367195129, "chronic illness": 0.5004167556762695, "over medicated": 0.4983760118484497, "diagnosed at age": 0.49823257327079773, "health issues": 0.4981600046157837, "nausea and diarrhea": 0.4963957965373993, "nauseous": 0.4940185546875, "side effects": 0.4936750829219818}, "1": {"medical bracelet": 0.6838923692703247, "alert bracelet": 0.6399408578872681, "tattoo": 0.626528263092041, "tattoos": 0.6152977347373962, "id bracelet": 0.6119670867919922, "bracelet": 0.5796047449111938, "alert necklace": 0.47654739022254944, "sore arm": 0.4379122257232666, "injection kit": 0.4234980344772339, "wear medical": 0.4187982678413391, "wrist": 0.4112072288990021, "forearm": 0.39129507541656494, "arm": 0.38266146183013916, "left arm": 0.3801589608192444, "pill holder": 0.378667950630188, "tanned skin": 0.3737444579601288, "overnight steroid": 0.3671618402004242, "medical alert": 0.36424875259399414, "iv steroids": 0.36256712675094604, "steroid injections": 0.36218589544296265, "medical id": 0.35979580879211426, "kit": 0.35678961873054504, "medic alert": 0.3567759096622467, "necklace": 0.35651278495788574, "topical": 0.35521066188812256, "cuff": 0.3535822033882141, "finger prick": 0.35338258743286133, "adrenal glands": 0.35115212202072144, "steroid coverage": 0.3503178656101227, "scar": 0.35026460886001587, "purse": 0.3501301407814026, "adrenal gland": 0.34720107913017273, "im injection": 0.34606802463531494, "worn": 0.3443215489387512, "addison patients": 0.34412288665771484, "steroid cream": 0.34299853444099426, "scars": 0.34090328216552734, "bp cuff": 0.3402247428894043, "acth serum": 0.33891138434410095, "blood panel": 0.3382212817668915, "fibromyalgia": 0.33550116419792175, "tachycardia": 0.33420222997665405, "migraine": 0.3335108160972595, "nail": 0.3333101272583008, "tingling": 0.33274903893470764, "steroid": 0.33270063996315, "steroid replacement": 0.33165550231933594, "migraines": 0.3309730887413025, "adrenal antibodies": 0.3303718864917755, "anti nausea": 0.3302258253097534}}