{"c_v": 0.3285257147780829, "c_npmi": -0.19031696087973765, "u_mass": -8.165428988315812, "c_uci": -6.676677715904081}