{"c_v": 0.3375569507606561, "c_npmi": -0.2885018035700835, "u_mass": -6.322409501584901, "c_uci": -8.804281051769976}