{"0": {"caregiving": 0.3702869117259979, "depression anxiety": 0.33473482728004456, "depressed": 0.32945945858955383, "assisted living": 0.32491534948349, "hospice": 0.31911468505859375, "caregiver": 0.3186647891998291, "mother died": 0.31810763478279114, "depression": 0.3143813908100128, "depression and anxiety": 0.3137766122817993, "dementia": 0.31237226724624634, "anxiety and depression": 0.30558347702026367, "dad died": 0.3050583600997925, "grieving": 0.3045841455459595, "huntingtons disease": 0.3010469377040863, "coping": 0.29675114154815674, "huntingtons": 0.2953656017780304, "caregivers": 0.2942202687263489, "been diagnosed": 0.29212021827697754, "grandmother passed": 0.29137521982192993, "therapy": 0.2907150983810425, "nursing home": 0.2882087230682373, "diagnosed": 0.28597694635391235, "overwhelmed": 0.28103873133659363, "severe": 0.2795032560825348, "bipolar disorder": 0.27766433358192444, "need to vent": 0.27590203285217285, "mental health": 0.2747497856616974, "councilling": 0.2746823728084564, "ptsd": 0.27309492230415344, "support group": 0.27192699909210205, "nursing homes": 0.2694116532802582, "bipolar": 0.2648879885673523, "my mother": 0.2610301971435547, "my mom": 0.2603023946285248, "supportive": 0.2601057291030884, "cope": 0.2599412202835083, "disorder": 0.25987324118614197, "therapies": 0.2598522901535034, "horrible disease": 0.2584274709224701, "disability": 0.2563706636428833, "physical symptoms": 0.2563301920890808, "anti depressants": 0.256318598985672, "assisted suicide": 0.25610339641571045, "suicidal thoughts": 0.2554532587528229, "cognitive issues": 0.25475433468818665, "counselling": 0.2545592188835144, "meds": 0.2529515027999878, "my grandmother": 0.25274890661239624, "stay strong": 0.2519226670265198, "recently diagnosed": 0.2492755651473999}, "1": {"huntingtons": 0.33826446533203125, "huntingtons disease": 0.3247869312763214, "been diagnosed": 0.3242374658584595, "diagnosed": 0.3106427788734436, "positive diagnosis": 0.30237245559692383, "getting tested": 0.3009697198867798, "got diagnosed": 0.2974402904510498, "get tested": 0.2904552221298218, "depression anxiety": 0.2875850796699524, "stay positive": 0.2860757112503052, "depressed": 0.28034695982933044, "was diagnosed": 0.2762688100337982, "depression": 0.27559393644332886, "stay strong": 0.27077656984329224, "depression and anxiety": 0.265606552362442, "been tested": 0.2646075487136841, "bipolar disorder": 0.2608640789985657, "diagnoses": 0.26041701436042786, "recently diagnosed": 0.2552412152290344, "anti depressants": 0.25141024589538574, "tested positive": 0.2513067424297333, "therapy": 0.250588059425354, "anxiety and depression": 0.25009533762931824, "genetic counsellor": 0.24975928664207458, "terminal illness": 0.24582961201667786, "assisted living": 0.2449505776166916, "bipolar": 0.24416804313659668, "mental health": 0.24299520254135132, "huntington disease": 0.2424001395702362, "mild symptoms": 0.24151363968849182, "genetic test": 0.24082502722740173, "symptoms until": 0.23951992392539978, "support group": 0.23945891857147217, "suicidal thoughts": 0.23911258578300476, "best wishes": 0.23721717298030853, "caregiving": 0.23571887612342834, "good vibes": 0.2355503886938095, "supportive": 0.23545244336128235, "physical symptoms": 0.23512913286685944, "hd patients": 0.23457342386245728, "hiv": 0.23407606780529022, "predictive testing": 0.23326967656612396, "councilling": 0.23286095261573792, "gene therapy": 0.23140500485897064, "gene positive": 0.23115402460098267, "getting married": 0.22811457514762878, "health problems": 0.22768262028694153, "genetic testing": 0.22760163247585297, "symptoms yet": 0.22623616456985474, "genetic counselling": 0.225775346159935}, "2": {"crispr": 0.48873817920684814, "crispr cas": 0.4473699927330017, "gene therapy": 0.4234777092933655, "huntingtons disease": 0.40503552556037903, "huntingtons": 0.39617595076560974, "inherit the gene": 0.37019187211990356, "gene positive": 0.356284499168396, "geneticist": 0.34825289249420166, "genetic test": 0.34575799107551575, "genetic testing": 0.3434021770954132, "inherited the gene": 0.32306426763534546, "gene": 0.32244873046875, "genetic information": 0.3188381791114807, "genetic diseases": 0.31519484519958496, "gene negative": 0.3134344518184662, "huntington disease": 0.31194502115249634, "gene silencing": 0.30763256549835205, "preimplantation genetic": 0.3030986487865448, "test the embryos": 0.30216285586357117, "breakthrough": 0.3006150424480438, "genetic councillor": 0.3002491891384125, "faulty gene": 0.30022838711738586, "genetic": 0.2994607090950012, "neuro": 0.2959807813167572, "human trials": 0.2947525382041931, "genetic counsellor": 0.29238465428352356, "parkinson": 0.290306031703949, "hd patients": 0.28669488430023193, "medical advances": 0.2865111231803894, "genetic counselling": 0.2828761637210846, "neurology": 0.2778247594833374, "mutant": 0.27646902203559875, "genetic counselors": 0.2738344669342041, "genetic counselor": 0.2728519141674042, "genetic counseling": 0.27229058742523193, "neurons": 0.27134567499160767, "carry the gene": 0.27088916301727295, "gene editing": 0.2691195607185364, "disease progression": 0.2664792537689209, "therapies": 0.2664458751678467, "mutation": 0.26623332500457764, "alzheimer": 0.26148539781570435, "getting tested": 0.2613222897052765, "scientists": 0.25949826836586, "gene status": 0.2565138041973114, "researchers": 0.2527392506599426, "machine learning": 0.24925637245178223, "huntingtin gene": 0.2483384758234024, "embryos": 0.24649043381214142, "cognitive decline": 0.24597027897834778}, "3": {"hd patients": 0.40105777978897095, "huntingtons": 0.35591354966163635, "huntingtons disease": 0.3418828845024109, "huntington disease": 0.3323691189289093, "hd community": 0.3315339684486389, "caregiving": 0.2907220125198364, "support group": 0.2784891128540039, "disability": 0.2750231623649597, "disabilities": 0.26620787382125854, "assisted living": 0.25630855560302734, "patients": 0.25105589628219604, "enroll hd": 0.25101369619369507, "cognitive disabilities": 0.2509184777736664, "diagnosed": 0.2509070038795471, "term disability": 0.2502269148826599, "been diagnosed": 0.24806684255599976, "was diagnosed": 0.2391444444656372, "mild symptoms": 0.2328159660100937, "got diagnosed": 0.2306952327489853, "disabled": 0.22897928953170776, "diagnoses": 0.2276565432548523, "disability insurance": 0.2264210283756256, "health issues": 0.2224116027355194, "any questions": 0.2213485836982727, "hd": 0.22004908323287964, "diagnosis": 0.21807613968849182, "neurology": 0.21764734387397766, "huntington society": 0.21690288186073303, "caregivers": 0.21671023964881897, "health problems": 0.21608349680900574, "physical symptoms": 0.2160290628671646, "affecting": 0.21415166556835175, "asymptomatic": 0.21347466111183167, "cognitive issues": 0.20994338393211365, "participate": 0.20790374279022217, "cognitive impairment": 0.20626141130924225, "official diagnosis": 0.20602738857269287, "caregiver": 0.20589111745357513, "juvenile hd": 0.20480912923812866, "hospice": 0.20438992977142334, "support groups": 0.20276404917240143, "positive diagnosis": 0.20178300142288208, "request": 0.19743995368480682, "neuro": 0.19709432125091553, "assisted suicide": 0.19709116220474243, "geneticist": 0.19655460119247437, "symptoms": 0.19483722746372223, "individuals": 0.1947811245918274, "anyone here": 0.19160056114196777, "recently diagnosed": 0.19094106554985046}, "4": {"getting tested": 0.44010043144226074, "get tested": 0.4391709566116333, "been tested": 0.39030733704566956, "huntingtons": 0.3883739113807678, "genetic testing": 0.38323479890823364, "genetic test": 0.38299447298049927, "got tested": 0.3755991756916046, "prenatal testing": 0.35307660698890686, "tested": 0.34798458218574524, "huntingtons disease": 0.3453218936920166, "gotten tested": 0.33816736936569214, "genetic counseling": 0.33092397451400757, "predictive testing": 0.3274155855178833, "tested positive": 0.3271495997905731,