{"c_v": 0.3548300572131557, "c_npmi": -0.09649486708283868, "u_mass": -1.531350006916861, "c_uci": -3.349145805428928}