{"0": {"folliculitis decalvans": 0.5859836339950562, "diagnosed with fd": 0.5602324604988098, "dermatologists": 0.5546653270721436, "topical clindamycin": 0.552519679069519, "folliculitis": 0.5520830154418945, "topical treatment": 0.5513045787811279, "dermatologist": 0.5472205877304077, "dermatitis": 0.5423134565353394, "been diagnosed": 0.5389729738235474, "clindamycin topical": 0.5349016189575195, "my scalp": 0.5325748920440674, "hair loss": 0.5238336324691772, "diagnosed": 0.520014762878418, "scalp": 0.5172009468078613, "was diagnosed": 0.516478955745697, "got diagnosed": 0.5101492404937744, "inflammation": 0.5080678462982178, "dermatologist who": 0.49897685647010803, "hairloss": 0.4910784661769867, "inflammatory": 0.479253351688385, "topical steroid": 0.4762170612812042, "anti inflammatory": 0.47558388113975525, "hair removal": 0.4700353741645813, "hair transplant": 0.4596642851829529, "treat": 0.44836658239364624, "bald patches": 0.44517847895622253, "cicatricial alopecia": 0.4447045922279358, "biopsy results": 0.4430762529373169, "diagnose": 0.4424096941947937, "diagnosis": 0.4414568245410919, "patients": 0.44073599576950073, "biopsy": 0.43890300393104553, "dissecting cellulitis": 0.43568113446235657, "topical metformin": 0.4347471296787262, "topical": 0.4344962537288666, "treatments": 0.43254345655441284, "medical": 0.4289208650588989, "scarring alopecia": 0.42786338925361633, "medicine": 0.4242326617240906, "dr": 0.4238547086715698, "skin": 0.4199906885623932, "acne": 0.4169553518295288, "treatment": 0.4167221486568451, "disease": 0.4153401255607605, "patient": 0.4150363802909851, "symptoms": 0.414997935295105, "cure": 0.4113219082355499, "sores": 0.4101749658584595, "cellulitis": 0.40788543224334717, "rifampin clindamycin": 0.4068763256072998}, "1": {"scarring alopecia": 0.8419845700263977, "cicatricial alopecia": 0.7922847270965576, "alopecia": 0.7128870487213135, "scarring alopecias": 0.6980827450752258, "scarring": 0.5770704746246338, "scars": 0.5384775400161743, "bald patches": 0.5376442074775696, "scar": 0.536018967628479, "scar tissue": 0.5264407396316528, "skin": 0.5145968198776245, "hairloss": 0.4998506009578705, "bald spots": 0.48047134280204773, "scalp": 0.4768548607826233, "hair loss": 0.47578108310699463, "my scalp": 0.4733318090438843, "hair transplant": 0.4730204939842224, "pimples": 0.4661761522293091, "topical treatment": 0.46238040924072266, "dermatologists": 0.45271384716033936, "topical steroid": 0.44204282760620117, "dermatologist": 0.43551599979400635, "hair removal": 0.43414148688316345, "topical": 0.43124014139175415, "bald spot": 0.42997732758522034, "shampoo": 0.42984163761138916, "laser hair": 0.4199448227882385, "acne": 0.4125522971153259, "hair": 0.41000068187713623, "cln shampoo": 0.40669605135917664, "hairs": 0.4062817096710205, "shampoos": 0.3998626470565796, "dermatitis": 0.39707595109939575, "itchy": 0.3859551250934601, "bald": 0.38354894518852234, "dermatologist who": 0.37307798862457275, "folliculitis": 0.3676116466522217, "cream": 0.36358487606048584, "topical clindamycin": 0.35965824127197266, "face": 0.3553185760974884, "folliculitis decalvans": 0.3550364375114441, "clindamycin topical": 0.35398101806640625, "topical metformin": 0.34488868713378906, "painful": 0.3408547639846802, "heal": 0.33714860677719116, "been diagnosed": 0.32587680220603943, "biopsy": 0.3153061866760254, "diagnosed": 0.3105052709579468, "steroid": 0.30875539779663086, "steroid injections": 0.30789053440093994, "was diagnosed": 0.30770647525787354}}