{"0": {"you": 0.3081732988357544, "would love": 0.2897903621196747, "your": 0.28132322430610657, "me": 0.27764949202537537, "my": 0.26619625091552734, "am": 0.24866217374801636, "like": 0.24513855576515198, "be": 0.22157634794712067, "who wants": 0.19298261404037476, "as": 0.19050593674182892, "get": 0.1872776597738266, "to": 0.18405957520008087, "have": 0.18378375470638275, "for": 0.17065651714801788, "love": 0.16695663332939148, "if": 0.1638890504837036, "same": 0.16363292932510376, "can": 0.16196195781230927, "would": 0.1616569459438324, "what": 0.16066406667232513, "do": 0.15462279319763184, "some": 0.15352576971054077, "and": 0.15153363347053528, "same time": 0.1511143296957016, "are": 0.1509031057357788, "is": 0.15078105032444, "but": 0.14988714456558228, "of": 0.148432195186615, "an": 0.1479921191930771, "or": 0.1454419642686844, "at": 0.1443192958831787, "the": 0.14344140887260437, "in": 0.139987975358963, "with": 0.135221466422081, "any": 0.13429564237594604, "just": 0.1341831088066101, "them both": 0.1288388967514038, "hope": 0.12827958166599274, "diphallia": 0.12823344767093658, "see": 0.12812110781669617, "was": 0.12656565010547638, "who": 0.12035145610570908, "off": 0.11835991591215134, "that": 0.11734423041343689, "so": 0.11534466594457626, "on": 0.11451632529497147, "his account": 0.113571897149086, "only": 0.1124163419008255, "still": 0.1123373955488205, "he": 0.11119642108678818}, "1": {"at": 0.5832262635231018, "be": 0.5642728209495544, "of": 0.5597941875457764, "an": 0.5489619374275208, "do": 0.5457639694213867, "on": 0.5443180799484253, "to": 0.5435193777084351, "the": 0.5341506004333496, "was": 0.5300727486610413, "are": 0.5277669429779053, "diphallia": 0.5263057947158813, "just": 0.5198804140090942, "as": 0.5192069411277771, "for": 0.5176268815994263, "have": 0.5119813084602356, "get": 0.5112707614898682, "is": 0.5097147226333618, "one": 0.5078261494636536, "off": 0.5070468187332153, "in": 0.5068162679672241, "some": 0.49448665976524353, "any": 0.4940284490585327, "hope": 0.489457905292511, "am": 0.482771635055542, "would love": 0.481456458568573, "like": 0.4792000353336334, "same time": 0.4788287281990051, "if": 0.47865086793899536, "can": 0.47705715894699097, "or": 0.474126935005188, "he": 0.4726966619491577, "who wants": 0.4716499149799347, "it": 0.47038742899894714, "post": 0.47021007537841797, "still": 0.46953636407852173, "again": 0.4692465662956238, "both": 0.4666805863380432, "them both": 0.4628645181655884, "see": 0.459669291973114, "only": 0.45836323499679565, "other": 0.45570462942123413, "them": 0.45492053031921387, "so": 0.4520246386528015, "his": 0.45142751932144165, "but": 0.44776350259780884, "and": 0.44771820306777954, "you": 0.446650892496109, "would": 0.4461808204650879, "my": 0.4429321885108948, "same": 0.4409988522529602}, "2": {"this": 0.21061983704566956, "real": 0.1974913477897644, "them both": 0.19130036234855652, "deleted his": 0.17219200730323792, "his account": 0.16726289689540863, "that": 0.15881428122520447, "both": 0.1541430950164795, "would love": 0.1514144241809845, "like": 0.14618340134620667, "to": 0.14038266241550446, "two": 0.1388150006532669, "diphallia": 0.13853882253170013, "post": 0.13800537586212158, "here": 0.13761940598487854, "who wants": 0.13694876432418823, "same": 0.13535597920417786, "have": 0.13258785009384155, "one": 0.1302362084388733, "as": 0.1271977722644806, "see": 0.1270393282175064, "is": 0.12297675013542175, "who": 0.11928947269916534, "the": 0.11882250010967255, "so": 0.11710265278816223, "what": 0.11608398705720901, "are": 0.11364266276359558, "same time": 0.11318915337324142, "it": 0.1114417016506195, "he": 0.11113573610782623, "of": 0.11088672280311584, "be": 0.10916787385940552, "other": 0.10811540484428406, "was": 0.10722286254167557, "an": 0.10718286037445068, "am": 0.10285280644893646, "any": 0.09995320439338684, "find": 0.09925269335508347, "do": 0.09899577498435974, "his": 0.09817583113908768, "in": 0.09761649370193481, "some": 0.09698121249675751, "again": 0.09560012817382812, "and": 0.0950179472565651, "out there": 0.09405551850795746, "with": 0.09137828648090363, "there": 0.09116029739379883, "would": 0.08770953863859177, "on": 0.08584929257631302, "hope": 0.08563420921564102, "if": 0.08444065600633621}}