{"c_v": 0.5650944847387963, "c_npmi": 0.10822683040050611, "u_mass": -1.9330308846795081, "c_uci": 0.35937402348992054}