{"c_v": 0.37647337258936403, "c_npmi": -0.2356531958486085, "u_mass": -8.017424009260738, "c_uci": -7.192718277806241}