{"0": {"ebola stricken": 0.7737622857093811, "ebola virus": 0.7620112299919128, "ebola victim": 0.7435156106948853, "ebola": 0.7328226566314697, "ebola czar": 0.7020643949508667, "don ebola": 0.6930069327354431, "prevalence of ebola": 0.6911660432815552, "ebola survivor": 0.6890726685523987, "evolution of the ebola": 0.6555905342102051, "african outbreak": 0.5180723071098328, "quarantine": 0.5069918632507324, "pandemic": 0.497310072183609, "outbreak": 0.48854196071624756, "quarantined": 0.4773384928703308, "sars": 0.47475945949554443, "deadly virus": 0.46273285150527954, "cdc": 0.4564429521560669, "swine flu": 0.4535433351993561, "epidemics": 0.4530031979084015, "mandatory quarantine": 0.4466094672679901, "self quarantine": 0.44638875126838684, "epidemic": 0.4444325566291809, "outbreaks": 0.4360082447528839, "infect dis": 0.43229565024375916, "tmz liberia": 0.431756854057312, "current outbreak": 0.42404040694236755, "bubonic plague": 0.41995835304260254, "antiviral": 0.4125257730484009, "increase in the outbreak": 0.41037046909332275, "infectious disease": 0.4029200077056885, "infecting": 0.4016098976135254, "plague": 0.40042227506637573, "acquaintance from an epidemic": 0.3943963050842285, "beginning of the epidemic": 0.39418214559555054, "declines in liberia": 0.39399731159210205, "zika": 0.3939339518547058, "norovirus": 0.3937775492668152, "cholera": 0.3891373574733734, "magnitude of the outbreak": 0.382914662361145, "emerging infectious": 0.3815498352050781, "infect": 0.3804023861885071, "tenth epidemic": 0.3783242106437683, "virus disease": 0.37830889225006104, "quarantines": 0.3715823292732239, "contagious": 0.36742153763771057, "cdc chief": 0.36732804775238037, "liberia certainly": 0.36087772250175476, "liberia": 0.35904186964035034, "viral hemorrhagic": 0.3582029938697815, "infectious": 0.3579050898551941}, "1": {"ebola survivor": 0.6027185916900635, "ebola stricken": 0.6027113199234009, "ebola victim": 0.5938808917999268, "ebola virus": 0.5900274515151978, "ebola czar": 0.5813890099525452, "ebola": 0.5737578868865967, "sierra leone": 0.5508779287338257, "evolution of the ebola": 0.5345442891120911, "prevalence of ebola": 0.5289580821990967, "liberia sierra": 0.5286183953285217, "don ebola": 0.5211869478225708, "african outbreak": 0.4264944791793823, "sierra leonean": 0.4154497981071472, "quarantine": 0.39686787128448486, "tmz liberia": 0.38225314021110535, "africa does": 0.38186123967170715, "quarantined": 0.3752210736274719, "self quarantine": 0.37177574634552, "mandatory quarantine": 0.36801379919052124, "sars": 0.36739349365234375, "declines in liberia": 0.3641309142112732, "monrovia liberia": 0.360140323638916, "sierra": 0.3576681613922119, "cholera": 0.35405099391937256, "guinea liberia": 0.3532589077949524, "liberia certainly": 0.3511866331100464, "liberia": 0.34525471925735474, "leone": 0.3407888114452362, "pandemic": 0.3388946056365967, "infect dis": 0.3329828381538391, "africa": 0.32668590545654297, "outbreak": 0.32408612966537476, "deadly virus": 0.3240692913532257, "leone guinea": 0.32137420773506165, "epidemics": 0.3196144104003906, "west africa": 0.3146551251411438, "malaria": 0.31216830015182495, "epidemic": 0.30899596214294434, "msf": 0.3086806535720825, "acquaintance from an epidemic": 0.3055095076560974, "epidemic the cumulative": 0.3034162223339081, "cdc chief": 0.29565662145614624, "cdc": 0.29528969526290894, "infecting": 0.29516029357910156, "survivors": 0.29480594396591187, "increase in the outbreak": 0.2925803065299988, "west africans": 0.28971612453460693, "rwanda": 0.28746598958969116, "antiviral": 0.28333044052124023, "bubonic plague": 0.2809176445007324}, "2": {"ebola czar": 0.4849894046783447, "don ebola": 0.47280991077423096, "npr": 0.4338899552822113, "ebola survivor": 0.41672927141189575, "ebola stricken": 0.4145416021347046, "ebola virus": 0.4064790606498718, "ebola": 0.405620813369751, "evolution of the ebola": 0.3892972767353058, "goats and soda": 0.3852170705795288, "ebola victim": 0.3753244876861572, "prevalence of ebola": 0.374536395072937, "african outbreak": 0.36067891120910645, "quarantined": 0.3497883081436157, "cdc": 0.3448699414730072, "quarantine": 0.34340327978134155, "mandatory quarantine": 0.3398287296295166, "epidemics": 0.32281428575515747, "tmz liberia": 0.31950992345809937, "swine flu": 0.3174879252910614, "guinea liberia": 0.31193065643310547, "zika": 0.31044453382492065, "vaccinate": 0.30738237500190735, "declines in liberia": 0.3059134781360626, "sars": 0.3012259900569916, "pandemic": 0.29876708984375, "outbreak": 0.296493798494339, "goats": 0.28591030836105347, "antiviral": 0.2835429310798645, "acquaintance from an epidemic": 0.2764369547367096, "outbreaks": 0.2763771414756775, "vaccination on august": 0.27557384967803955, "bubonic plague": 0.2736821472644806, "vaccinated": 0.2699405550956726, "epidemic": 0.26758867502212524, "liberia certainly": 0.2668262720108032, "monrovia liberia": 0.26565486192703247, "experimental vaccines": 0.26256901025772095, "beginning of the epidemic": 0.2625332474708557, "self quarantine": 0.26223352551460266, "vaccination vaccinated": 0.26184916496276855, "been vaccinated": 0.25960177183151245, "vaccines": 0.2590939402580261, "liberia": 0.2548118233680725, "people vaccinated": 0.2538473904132843, "viral hemorrhagic": 0.2524835467338562, "persons vaccinated": 0.25197505950927734, "vaccine": 0.2505733370780945, "tenth epidemic": 0.250319242477417, "those vaccinated": 0.24906858801841736, "vaccinations": 0.24886484444141388}, "3": {"guinea liberia": 0.5661320090293884, "liberia sierra": 0.5394444465637207, "sierra leone": 0.5019328594207764, "guinea rate": 0.47434166073799133, "leone guinea": 0.4675470292568207, "declines in liberia": 0.42975205183029175, "liberia": 0.4170966148376465, "monrovia liberia": 0.4133608341217041, "liberia certainly": 0.3986195921897888, "guinea enduring": 0.3777309060096741, "sierra leonean": 0.37758126854896545, "guinea suggesting": 0.37434691190719604, "tmz liberia": 0.35355472564697266, "evolution of the ebola": 0.341549277305603, "sierra": 0.32584816217422485, "leone": 0.3244912624359131, "africa does": 0.32033517956733704, "ebola survivor": 0.3140789866447449, "ebola czar": 0.31352174282073975, "ebola stricken": 0.31218111515045166, "regions liberia": 0.3117009401321411, "guinea": 0.3097049593925476, "quarantined": 0.30573803186416626, "growth guinea": 0.3020118772983551, "african outbreak": 0.2941838502883911, "quarantine": 0.2881423532962799, "ebola victim": 0.2835213541984558, "rwanda": 0.2828596830368042, "ebola": 0.28113412857055664, "cholera": 0.27938637137413025, "mandatory quarantine": 0.2739657759666443, "nigeria": 0.27300095558166504, "ebola virus": 0.26886624097824097, "prevalence of ebola": 0.2667386531829834, "africa": 0.265248566865921, "epidemic the cumulative": 0.26286575198173523, "african nations": 0.26228851079940796, "haiti": 0.26167863607406616, "nigerian": 0.2600361704826355, "hemorrhagic fevers": 0.25154364109039307, "liberian": 0.24978318810462952, "hemorrhagic fever": 0.24504268169403076, "ugandan": 0.2429647445678711, "mortality rate": 0.23835411667823792, "sars": 0.23794610798358917, "congo": 0.23741932213306427, "uganda": 0.2374049723148346, "africans": 0.23734451830387115, "self quarantine": 0.23663011193275452, "zaire": 0.23561227321624756}, "4": {"drc external": 0.4577522873878479, "drc north": 0.4438735842704773, "evd drc": 0.39042043685913086, "external sitrep": 0.36200448870658875, "kivu external": 0.34697943925857544, "august pdf": 0.33678722381591797, "september pdf": 0.3163143992424011, "north kivu": 0.3149434030056, "drc": 0.30945661664009094, "pdf autodownload": 0.29051411151885986, "external": 0.28175079822540283, "external situation": 0.27506178617477417, "sitrep issued": 0.2728607952594757, "call the north": 0.26531699299812317, "july the epidemiological": 0.25752902030944824, "drc moh": 0.24688005447387695, "pdf": 0.24573823809623718, "drc ministry": 0.24213185906410217,