{"c_v": 0.3284726032506923, "c_npmi": -0.1425083136851486, "u_mass": -2.0608999187307733, "c_uci": -5.042642501994941}