{"0": {"alpha thalassemia": 0.7176803350448608, "thalassemia intermedia": 0.7083182334899902, "thalassemias": 0.7058588862419128, "thalassemic patients": 0.7018390893936157, "thalassemia": 0.6987282037734985, "beta thalassemia": 0.6976824998855591, "thalassemia minor": 0.6902058124542236, "thalassemia trait": 0.6597411632537842, "thalassemia major": 0.6474289894104004, "mild anemia": 0.6052297353744507, "thallasemia": 0.5868176817893982, "thalassaemia": 0.576219379901886, "hemolytic anemia": 0.5675137042999268, "iron deficiency": 0.5545135736465454, "anemia": 0.5335187911987305, "hemoglobin disease": 0.5032834410667419, "thalassemic": 0.49254781007766724, "microcytic anemia": 0.48915815353393555, "anaemia": 0.48000621795654297, "deficiency": 0.4783143997192383, "iron deficient": 0.4768734872341156, "hemoglobin levels": 0.47353026270866394, "see hematologist": 0.47306933999061584, "blood disorders": 0.46461600065231323, "hemolytic crisis": 0.46146032214164734, "hemoglobin level": 0.453511118888855, "pernicious anemia": 0.44182056188583374, "blood loss": 0.44118672609329224, "hemoglobin and hematocrit": 0.4377337396144867, "fetal hemoglobin": 0.43478113412857056, "severe hemolytic": 0.4338841438293457, "hemoglobin": 0.4190959632396698, "hematology": 0.414572149515152, "iron supplements": 0.414054811000824, "blood disorder": 0.4120219051837921, "diagnosis": 0.4117047190666199, "recently diagnosed": 0.4066503643989563, "was diagnosed": 0.4034487009048462, "haemoglobin": 0.4022754430770874, "hematocrit": 0.39388343691825867, "hemolytic crises": 0.3924749493598938, "iron infusions": 0.38528984785079956, "taking folic": 0.38293540477752686, "iron infusion": 0.38201242685317993, "medical advice": 0.38059937953948975, "deficiencies": 0.3803800940513611, "hemoglobin electrophoresis": 0.3799828886985779, "diagnosed": 0.3795081079006195, "hematologist": 0.37731030583381653, "hemolytic": 0.37583208084106445}, "1": {"thalassemic patients": 0.5460492372512817, "covid vaccine": 0.5286489725112915, "alpha thalassemia": 0.528610348701477, "beta thalassemia": 0.524132251739502, "thalassemia intermedia": 0.5216707587242126, "thalassemia minor": 0.4817107617855072, "thalassemia": 0.4811990559101105, "thalassemias": 0.47614526748657227, "thalassemia major": 0.4757288098335266, "astrazeneca vaccine": 0.4696264863014221, "vaccine": 0.45948073267936707, "vaccines": 0.4457322657108307, "thallasemia": 0.4384312033653259, "thalassemia trait": 0.4203658699989319, "mild anemia": 0.3952638804912567, "immunity": 0.3901539742946625, "hemolytic crisis": 0.38266485929489136, "thalassaemia": 0.3782140910625458, "hemolytic anemia": 0.36938464641571045, "thalassemic": 0.36214959621429443, "severe hemolytic": 0.35105371475219727, "recently diagnosed": 0.35010474920272827, "hemoglobin disease": 0.34489983320236206, "transfusion dependent": 0.34129631519317627, "was diagnosed": 0.33608436584472656, "auto immune": 0.3350924253463745, "hemolytic crises": 0.3344053626060486, "malaria": 0.3285561203956604, "immune system": 0.324435830116272, "fever": 0.3218989968299866, "need transfusions": 0.3204078674316406, "covid": 0.30656078457832336, "immune": 0.30409136414527893, "blood transfusions": 0.30238139629364014, "medical advice": 0.30074188113212585, "microcytic anemia": 0.3002814054489136, "diagnosed": 0.2942030429840088, "health issues": 0.29400086402893066, "regular transfusions": 0.2913135886192322, "anemia": 0.29126089811325073, "blood transfusion": 0.2876586318016052, "beta globin": 0.28763502836227417, "flu": 0.2858501076698303, "diagnosis": 0.2831791639328003, "see hematologist": 0.28204280138015747, "blood smear": 0.2792564630508423, "second opinion": 0.27835842967033386, "autoimmune": 0.27742478251457214, "misdiagnosed": 0.27639177441596985, "complications": 0.27627623081207275}}