{"c_v": 0.31307760320369926, "c_npmi": -0.20686959257544246, "u_mass": -3.539877240858523, "c_uci": -6.330907513415262}