{"0": {"got diagnosed": 0.4512058198451996, "diagnosed with fnd": 0.426604300737381, "neurological disorder": 0.4144582748413086, "recently diagnosed": 0.40992608666419983, "been diagnosed": 0.40094447135925293, "newly diagnosed": 0.38877391815185547, "was diagnosed": 0.3843194246292114, "these symptoms": 0.3697305917739868, "diagnoses": 0.3696143925189972, "diagnosis": 0.3687134385108948, "epileptic seizures": 0.3578071594238281, "diagnosed": 0.35449278354644775, "symptoms": 0.34885692596435547, "chronic pain": 0.3429640233516693, "neurology": 0.3251684904098511, "symptom": 0.3191523551940918, "joint pain": 0.3090021014213562, "neurological": 0.3063933551311493, "see neurologist": 0.3017585575580597, "dissociative seizures": 0.2988300025463104, "syndrome": 0.2983425259590149, "neurologist": 0.2972116768360138, "illness": 0.2864513397216797, "migraines": 0.28555572032928467, "disorders": 0.28083837032318115, "paralysis": 0.2793874740600586, "migraine": 0.27869194746017456, "non epileptic": 0.2734474241733551, "epileptic": 0.27067840099334717, "functional neurological": 0.2701544165611267, "nervous system": 0.26991134881973267, "dizziness": 0.2649540901184082, "physical therapy": 0.26353025436401367, "movement disorder": 0.2618570327758789, "bipolar": 0.25949791073799133, "physical therapist": 0.24940547347068787, "disability": 0.23697160184383392, "anxiety": 0.234634131193161, "depression": 0.23122859001159668, "disorder": 0.2293495237827301, "muscle spasms": 0.22864389419555664, "chronic": 0.2282029390335083, "limb weakness": 0.2248588353395462, "nerve": 0.22326478362083435, "mental health": 0.21475857496261597, "muscle weakness": 0.21026009321212769, "therapy": 0.20428743958473206, "medical": 0.2016766220331192, "seizures": 0.19852854311466217, "pain": 0.1890745609998703}, "1": {"epileptic seizures": 0.5332722067832947, "dissociative seizures": 0.4791518449783325, "neurological disorder": 0.40563857555389404, "paralysis": 0.3991086781024933, "seizures": 0.37931743264198303, "non epileptic": 0.3770963251590729, "epileptic": 0.3755410611629486, "neurology": 0.3446735143661499, "dizziness": 0.3405981659889221, "seizure": 0.3367827534675598, "neurological": 0.32909095287323, "these symptoms": 0.3179958462715149, "functional neurological": 0.30917447805404663, "migraines": 0.30718258023262024, "syndrome": 0.3041970729827881, "got diagnosed": 0.30031466484069824, "symptoms": 0.2996891140937805, "nervous system": 0.29290762543678284, "migraine": 0.2928937077522278, "neurologist": 0.2904927134513855, "diagnosed with fnd": 0.28846895694732666, "recently diagnosed": 0.2845419645309448, "see neurologist": 0.28062328696250916, "symptom": 0.2679113745689392, "anxiety": 0.2663174271583557, "been diagnosed": 0.25651681423187256, "disorders": 0.2556571662425995, "stroke": 0.25550317764282227, "nerve": 0.2536529004573822, "newly diagnosed": 0.2525034546852112, "was diagnosed": 0.2522236704826355, "chronic pain": 0.24995869398117065, "brain fog": 0.2437252700328827, "movement disorder": 0.24104800820350647, "diagnoses": 0.23958051204681396, "nervous": 0.2385607212781906, "joint pain": 0.23662734031677246, "diagnosis": 0.23117217421531677, "bipolar": 0.22736431658267975, "diagnosed": 0.22483554482460022, "numbness": 0.22437036037445068, "disability": 0.2216518074274063, "chronic": 0.21587471663951874, "mental health": 0.21574634313583374, "illness": 0.20866498351097107, "disorder": 0.20851334929466248, "neuro": 0.2052886188030243, "depression": 0.19221626222133636, "stress": 0.18585380911827087, "nausea": 0.18091359734535217}}