{"c_v": 0.3468700961312964, "c_npmi": -0.2768151664915622, "u_mass": -9.037555644469194, "c_uci": -8.28913777654952}