{"0": {"migraine meds": 0.48947030305862427, "vestibular migraines": 0.4739426076412201, "trigeminal neuralgia": 0.4738669693470001, "amitriptyline": 0.45919281244277954, "occipital neuralgia": 0.4556835889816284, "constant headache": 0.453493595123291, "migraine": 0.44787317514419556, "chiari malformation": 0.4474211037158966, "constant dizziness": 0.44378530979156494, "migranes": 0.4430173635482788, "migraine disorder": 0.4409753680229187, "migraines with aura": 0.44064128398895264, "neuralgia": 0.4387942850589752, "neurological symptoms": 0.4351559281349182, "chronic migraine": 0.4343482255935669, "switched to topamax": 0.4295317828655243, "neurologist": 0.4261443018913269, "frequent headaches": 0.42592182755470276, "optho neurologist": 0.42379286885261536, "debilitating headaches": 0.419249951839447, "neurologists": 0.41857463121414185, "chronic migraines": 0.41583147644996643, "migraine with aura": 0.4145524501800537, "gabapentin": 0.41359743475914, "malformation": 0.413561075925827, "debilitating migraines": 0.4133118987083435, "spinal headache": 0.41291388869285583, "fibro": 0.41116589307785034, "ocular migraine": 0.4101880192756653, "topamax": 0.4100518226623535, "neurologist says": 0.4085550308227539, "occasional migraines": 0.40611958503723145, "pulsating tinnitus": 0.4040173292160034, "migraine cocktail": 0.4039621949195862, "severe stenosis": 0.4028746485710144, "vertigo dizziness": 0.40275776386260986, "migraines": 0.40174031257629395, "intracranial hypotension": 0.4011106491088867, "alleviate symptoms": 0.40017443895339966, "chiari": 0.3990201950073242, "neuro opthamologist": 0.398837149143219, "head aches": 0.39770424365997314, "slight headache": 0.3940699100494385, "ocular migraines": 0.3936460316181183, "dizziness vertigo": 0.39322492480278015, "hemiplegic migraines": 0.39197272062301636, "massive headache": 0.3904099464416504, "tension headache": 0.38893797993659973, "neuro ophthalmologist": 0.3887619972229004, "pulsing tinnitus": 0.38836774230003357}, "1": {"mirena": 0.6139281392097473, "kyleena iud": 0.5971810817718506, "mirena iud": 0.595125138759613, "hormonal iud": 0.5927129983901978, "iud": 0.5746089220046997, "iud removed": 0.560077965259552, "nexplanon": 0.5588517189025879, "provera": 0.4989621639251709, "pmdd": 0.49719148874282837, "copper iud": 0.49048298597335815, "depo provera": 0.4823010563850403, "switched to topamax": 0.47623196244239807, "ovarian cysts": 0.47331589460372925, "contraceptive": 0.4704538583755493, "pcos": 0.46656057238578796, "spironolactone": 0.4648292064666748, "birth control": 0.45589372515678406, "endometriosis": 0.44690388441085815, "depo shot": 0.4446887969970703, "menstrual migraines": 0.43823403120040894, "hormonal contraceptives": 0.43720170855522156, "lo loestrin": 0.43663883209228516, "yaz": 0.4279990494251251, "metformin": 0.42398446798324585, "ovarian": 0.4217870831489563, "cysts": 0.4163069725036621, "contraceptives": 0.41519400477409363, "hysterectomy": 0.4122982919216156, "contraception": 0.4103808104991913, "depo": 0.41014522314071655, "migraine meds": 0.40659672021865845, "progesterone only": 0.4061712324619293, "topamax": 0.4053801894187927, "amitriptyline": 0.4039989113807678, "oral contraceptives": 0.39972710609436035, "progesterone": 0.39473065733909607, "trigeminal neuralgia": 0.3865954875946045, "ob gyn": 0.380528062582016, "loestrin": 0.38032346963882446, "cyst": 0.3795560598373413, "hormonal bc": 0.37728700041770935, "migraines with aura": 0.3714199960231781, "hormone imbalance": 0.3708750009536743, "irregular periods": 0.3699033558368683, "gabapentin": 0.3696550726890564, "hormonal birth": 0.36948251724243164, "vestibular migraines": 0.36769700050354004, "menopause": 0.3633834719657898, "debilitating migraines": 0.3633638024330139, "effexor": 0.363323450088501}, "2": {"altitude sickness": 0.442124605178833, "vertigo dizziness": 0.40054839849472046, "dizziness vertigo": 0.3906007409095764, "vertigo": 0.38722336292266846, "constant dizziness": 0.3871442675590515, "motion sickness": 0.3837260603904724, "vestibular migraines": 0.38122403621673584, "chiari decompression": 0.37630462646484375, "migraine meds": 0.3760906159877777, "episodes of vertigo": 0.36893701553344727, "constant headache": 0.36393043398857117, "switched to topamax": 0.363888144493103, "migranes": 0.36116325855255127, "sinus thrombosis": 0.3599367141723633, "lightheadedness": 0.3598545491695404, "topamax": 0.35617831349372864, "tension headache": 0.352508008480072, "nausea dizziness": 0.3473407030105591, "frequent headaches": 0.3423052728176117, "imitrex": 0.341952919960022, "debilitating headaches": 0.3414952754974365, "dizziness": 0.3404134511947632, "slight headache": 0.34038180112838745, "propranolol": 0.33932238817214966, "massive headache": 0.3371516764163971, "venous sinuses": 0.33634746074676514, "migraine": 0.33495402336120605, "high altitudes": 0.33429789543151855, "trigeminal neuralgia": 0.33378303050994873, "neurological symptoms": 0.33310458064079285, "sinusitis": 0.33294495940208435, "head aches": 0.33251285552978516, "spinal headache": 0.33232545852661133, "headaches": 0.33134251832962036, "tension headaches": 0.33115696907043457, "high altitude": 0.32740479707717896, "alleviate symptoms": 0.32725298404693604, "chiari malformation": 0.3266299366950989, "occasional migraines": 0.3250129520893097, "occipital neuralgia": 0.32468199729919434, "lightheaded": 0.32410985231399536, "neurological issues": 0.320554256439209, "debilitating migraines": 0.31818467378616333, "flonase": 0.3167133629322052, "malformation": 0.31573575735092163, "sinus stenosis": 0.3154165744781494, "neurologists": 0.3151656985282898, "amitriptyline": 0.31412696838378906, "valsalva maneuvers": 0.31398099660873413, "dizzy spells": 0.31357675790786743}, "3": {"gotten the vaccine": 0.5232844948768616, "moderna vaccine": 0.5056599378585815, "astrazeneca vaccine": 0.5035712718963623, "covid vaccine": 0.5002607107162476, "flu shot": 0.4955175518989563, "pfizer vaccine": 0.4862075746059418, "vaccine": 0.47904765605926514, "getting vaccinated": 0.47532743215560913, "get vaccinated": 0.4706093966960907, "vaccination": 0.47053730487823486, "vaccinated": 0.4521530866622925, "fully vaccinated": 0.43891048431396484, "vaccines": 0.42132461071014404, "meningitis": 0.40162116289138794, "trigeminal neuralgia": 0.3675989806652069, "injections": 0.3559342920780182, "imitrex": 0.35259222984313965, "migranes": 0.35179460048675537, "occipital neuralgia": 0.3515389561653137, "vestibular migraines": 0.3492489457130432, "neuralgia": 0.3469060957431793, "migraine meds": 0.3463524580001831, "neurological symptoms": 0.3418128490447998, "amitriptyline": 0.34131860733032227, "head aches": 0.3367955684661865, "migraine": 0.3327949643135071, "switched to topamax": 0.33056390285491943, "anti vax": 0.3293233811855316, "fioricet": 0.3280547857284546, "topamax": 0.3277367651462555, "migraines with aura": 0.32572120428085327, "spinal headache": 0.3246474266052246, "debilitating headaches": 0.3233628571033478, "migraine cocktail": 0.3228745460510254, "neurologists": 0.3212223947048187, "occasional migraines": 0.3199673593044281, "gabapentin": 0.31678974628448486, "debilitating migraines": 0.3163297176361084, "migraines": 0.31307554244995117, "side affects": 0.31120193004608154, "optho neurologist": 0.30771732330322266, "lidocaine shot": 0.30702441930770874, "neurologist": 0.3067227602005005, "neurologist says": 0.30524981021881104, "cluster headaches": 0.3042295575141907, "fibro": 0.3033866286277771, "flu": 0.303375244140625, "massive headache": 0.30224835872650146, "constant headache": 0.3016440272331238, "migraine disorder": 0.3006972372531891}}