{"c_v": 0.4160475598094564, "c_npmi": -0.16362466548376395, "u_mass": -6.977059876393799, "c_uci": -6.051124338049135}