{"c_v": 0.3681606858941395, "c_npmi": -0.16693975962103752, "u_mass": -9.262740465068298, "c_uci": -5.707362256259213}