{"c_v": 0.52157820711303, "c_npmi": -0.23773850001227737, "u_mass": -4.811260126137769, "c_uci": -7.855881213725202}