{"0": {"showing symptoms": 0.6372078657150269, "symptom": 0.6351115703582764, "neurological symptoms": 0.6190060377120972, "diagnosed with gbs": 0.6177130937576294, "initial symptoms": 0.6174591779708862, "recently diagnosed": 0.6174262762069702, "gbs patients": 0.6062723398208618, "symptoms": 0.6046615839004517, "first symptom": 0.5937412977218628, "diagnosed": 0.572700023651123, "was diagnosed": 0.5701107978820801, "diagnosed with cidp": 0.5585035681724548, "having relapse": 0.5447801351547241, "chronic": 0.5384242534637451, "chronic form": 0.5351158976554871, "lapse in diagnosis": 0.5277814865112305, "officially diagnosed": 0.5265812873840332, "severe neuropathy": 0.5153239965438843, "misdiagnosed": 0.5070614814758301, "patients": 0.5052388310432434, "prognosis": 0.5007954835891724, "chronic pain": 0.4991101026535034, "body aches": 0.49876517057418823, "acute": 0.49600887298583984, "tingles": 0.49211400747299194, "undiagnosed": 0.49185431003570557, "discomfort": 0.48780977725982666, "inpatient rehab": 0.48690736293792725, "diagnostic": 0.48639410734176636, "tingling": 0.48636186122894287, "receiving treatment": 0.4836035966873169, "clinical": 0.4824157655239105, "nausea": 0.4819819927215576, "sufferers": 0.48127585649490356, "neuropathy": 0.4769698977470398, "physical rehab": 0.4761558175086975, "occasional numbness": 0.4757939875125885, "health issues": 0.4731473922729492, "recovery": 0.4713858664035797, "inpatient": 0.4708378314971924, "medical advice": 0.47037094831466675, "gbs survivors": 0.4676239788532257, "initial diagnosis": 0.4674742817878723, "numbness and tingling": 0.46730244159698486, "severe headaches": 0.46650826930999756, "diagnoses": 0.46629661321640015, "illness": 0.46528100967407227, "disorders": 0.46408146619796753, "excruciating pain": 0.4636960029602051, "suffer": 0.46352556347846985}, "1": {"covid vaccination": 0.750313937664032, "covid vaccines": 0.7393801212310791, "covid vaccine": 0.7127221822738647, "following vaccination": 0.6360323429107666, "vaccination": 0.6274534463882446, "vaccinations": 0.624556839466095, "vaccine injury": 0.6225796937942505, "vaccinated": 0.6209579706192017, "pfizer vaccine": 0.6194058656692505, "vaccines": 0.6193939447402954, "other vaccines": 0.6166637539863586, "vaccine": 0.6148843765258789, "get vaccinated": 0.6104402542114258, "moderna vaccine": 0.6090594530105591, "mrna vaccine": 0.604374885559082, "mrna vaccines": 0.5937042236328125, "flu vaccines": 0.5935837030410767, "flu vaccine": 0.5887067317962646, "covid infection": 0.5598464012145996, "influenza vaccination": 0.5576337575912476, "gbs patients": 0.5109636187553406, "diagnosed with gbs": 0.48819369077682495, "immunoglobulin": 0.48686036467552185, "flu shots": 0.4843939542770386, "antigen": 0.47409123182296753, "foreign antigen": 0.4660870432853699, "compromised immune": 0.46146515011787415, "antibodies": 0.45376884937286377, "immune disorder": 0.44992178678512573, "immune response": 0.4413614273071289, "viral infection": 0.43828845024108887, "immunity": 0.4371275305747986, "antibody": 0.43630388379096985, "flu shot": 0.4229603409767151, "immune": 0.4158634543418884, "influenza": 0.41548019647598267, "bout of flu": 0.4141467213630676, "autoimmune diseases": 0.4137750566005707, "immune system": 0.4051966667175293, "influenza disease": 0.40478795766830444, "autoimmune": 0.40237748622894287, "inflammation": 0.4011346399784088, "daily shots": 0.4006812870502472, "autoimmune disease": 0.39863258600234985, "autoimmune response": 0.3959575295448303, "immune systems": 0.3947319984436035, "recently diagnosed": 0.3903803825378418, "autoimmune disorders": 0.3879948854446411, "infection": 0.38347750902175903, "flu": 0.38343697786331177}}