{"0": {"nerve pain": 0.5304759740829468, "back pain": 0.48853206634521484, "sciatica": 0.4828662872314453, "sciatic nerve": 0.45430660247802734, "severe pain": 0.44962063431739807, "sciatic": 0.42286208271980286, "extreme pain": 0.41934239864349365, "pains": 0.4175620675086975, "pain": 0.3987564742565155, "spinal stenosis": 0.3872907757759094, "bladder": 0.38221585750579834, "painful": 0.37997347116470337, "pelvic": 0.3788757920265198, "frequent urination": 0.3731009364128113, "nerve damage": 0.37080615758895874, "spasms": 0.35338109731674194, "symptoms": 0.3474794626235962, "lumbar": 0.34739428758621216, "herniated disc": 0.34728726744651794, "permanent nerve": 0.3469557762145996, "need to urinate": 0.34464532136917114, "nerve": 0.34421631693840027, "nerves": 0.3440920114517212, "spinal": 0.3438279628753662, "nerve compression": 0.34379711747169495, "urinary": 0.33771955966949463, "numbness": 0.33092445135116577, "these symptoms": 0.32905757427215576, "saddle numbness": 0.32860636711120605, "lumbar mri": 0.3272300660610199, "uti": 0.32464903593063354, "incontinence": 0.32404500246047974, "urologist": 0.31766581535339355, "leg weakness": 0.31746453046798706, "physio": 0.3161426782608032, "neurologist": 0.3127182126045227, "urinate": 0.3110690712928772, "spine specialist": 0.30969277024269104, "constipation": 0.3077441453933716, "other symptoms": 0.30623292922973633, "those nerves": 0.305766761302948, "urge to urinate": 0.30115360021591187, "spinal cord": 0.3002852201461792, "spine": 0.2995378375053406, "urinating": 0.29630082845687866, "discectomy": 0.296123743057251, "urination": 0.2931936979293823, "physical therapy": 0.29317471385002136, "pelvic floor": 0.2883164584636688, "discomfort": 0.2831653356552124}, "1": {"nerve pain": 0.45850956439971924, "sciatic nerve": 0.42013245820999146, "sciatica": 0.38656312227249146, "back pain": 0.3657863736152649, "spinal stenosis": 0.3633328676223755, "sciatic": 0.35909247398376465, "neurologist": 0.3405475616455078, "permanent nerve": 0.33722978830337524, "severe pain": 0.3360436260700226, "neurosurgeon": 0.33214297890663147, "nerve damage": 0.3276257812976837, "nerve compression": 0.3237781524658203, "extreme pain": 0.3192925453186035, "emergency surgery": 0.31734272837638855, "nerves": 0.3169558644294739, "spine specialist": 0.31514328718185425, "pains": 0.31479573249816895, "physical therapy": 0.3145284652709961, "spinal": 0.31064164638519287, "surgery": 0.31043171882629395, "nerve": 0.30841898918151855, "pain": 0.3076562285423279, "numbness": 0.30009257793426514, "saddle numbness": 0.2976233661174774, "discectomy": 0.29684245586395264, "painful": 0.28934985399246216, "physio": 0.28779011964797974, "spasms": 0.2860313653945923, "those nerves": 0.28493261337280273, "laminectomy": 0.27792471647262573, "lumbar mri": 0.2758185565471649, "spinal cord": 0.2736804485321045, "symptoms": 0.27018728852272034, "healing": 0.26870161294937134, "herniated disc": 0.2664569318294525, "urologist": 0.2623591423034668, "spinal fusion": 0.26148173213005066, "lumbar": 0.2607063055038452, "surgeon": 0.26040443778038025, "these symptoms": 0.2531640827655792, "leg weakness": 0.2512750029563904, "other symptoms": 0.24678979814052582, "heal": 0.24620699882507324, "stenosis": 0.24392107129096985, "dysfunction": 0.24278712272644043, "paralyzed": 0.23879781365394592, "therapy": 0.23464345932006836, "pelvic": 0.23218736052513123, "tumor": 0.2309001386165619, "spine": 0.2304958701133728}}