{"c_v": 0.29155893609888217, "c_npmi": -0.2879084673321279, "u_mass": -1.5509566559486434, "c_uci": -8.41324021461887}