{"0": {"rheumatoid arthritis": 0.4246078133583069, "neuropathic pain": 0.3947833776473999, "chronic pain": 0.3875567317008972, "pain syndromes": 0.38609224557876587, "pain syndrome": 0.38313502073287964, "pain reliever": 0.37394440174102783, "pain relievers": 0.3727567791938782, "anesthesia dolorosa": 0.36445632576942444, "disordered pain": 0.36377376317977905, "pain management": 0.3615720868110657, "craniosacral therapy": 0.35879623889923096, "arthritis": 0.35680609941482544, "excruciating pain": 0.3526950478553772, "breakthrough pain": 0.3474116921424866, "crpscks chronicpain": 0.34512731432914734, "pain relieving": 0.34186404943466187, "osteoporosis": 0.3396439552307129, "orthopedics": 0.3383561968803406, "pain specialist": 0.3369632363319397, "sprained ankle": 0.33624374866485596, "orthopedic": 0.33592915534973145, "spinal stim": 0.3356647193431854, "aggravation of pain": 0.3356141746044159, "plantar fasciitis": 0.3350834548473358, "analgesic": 0.3349956274032593, "orthopedic doctor": 0.3344399034976959, "orthopedist": 0.3337145149707794, "agonizing pain": 0.3331493139266968, "orthopaedic": 0.33312004804611206, "ankle sprain": 0.3318970203399658, "muscle cramps": 0.3316039443016052, "drg spinal": 0.33133670687675476, "thoracic spine": 0.3302323818206787, "pathophysiology of crps": 0.32485559582710266, "chiropractic": 0.3174760341644287, "crps sufferer": 0.3168734014034271, "phantom pain": 0.31463322043418884, "tolerable pain": 0.31426769495010376, "mcgill pain": 0.3138580620288849, "ulcerative colitis": 0.3134380877017975, "muscle aches": 0.31183817982673645, "suffer from chronic": 0.3110979199409485, "sciatica": 0.3108578324317932, "achilles tendon": 0.3107663094997406, "ibuprofen": 0.31018370389938354, "orthopedic surgeon": 0.3097585439682007, "aches and pains": 0.3091679513454437, "knee surgery": 0.3091577887535095, "arthroscopy": 0.30792826414108276, "broken ankle": 0.30758988857269287}, "1": {"crps sufferer": 0.6951900720596313, "crps sufferers": 0.6689451932907104, "suffer from chronic": 0.6614764332771301, "crpscks chronicpain": 0.6582974195480347, "chronic pain": 0.6111822128295898, "pain relieving": 0.6031734347343445, "breakthrough pain": 0.5900654196739197, "excruciating pain": 0.5855991244316101, "disordered pain": 0.5838544368743896, "crps patients": 0.57290118932724, "aggravation of pain": 0.5698333978652954, "pain syndromes": 0.5592741966247559, "tolerable pain": 0.5586885809898376, "agonizing pain": 0.5570639371871948, "pain relievers": 0.5564888119697571, "pain syndrome": 0.5555416345596313, "pain reliever": 0.5549581050872803, "anesthesia dolorosa": 0.5508270859718323, "excruciatingly painful": 0.5459175705909729, "maintained pain": 0.5434176325798035, "neuropathic pain": 0.5401037931442261, "opioid epidemic": 0.5380516052246094, "rheumatoid arthritis": 0.5355530977249146, "ketoprofen gabapentin": 0.5294262766838074, "suffer through": 0.5292612910270691, "spinal stim": 0.5282135605812073, "ankylosing spondylitis": 0.527910590171814, "post traumatic": 0.5225204229354858, "mcgill pain": 0.5224733352661133, "pathophysiology of crps": 0.521740198135376, "thoracic spine": 0.5213803648948669, "crps crpsawareness": 0.5202855467796326, "phantom pain": 0.5198965072631836, "chronic illnesses": 0.5156860947608948, "unresolved trauma": 0.5130433440208435, "chronicpain": 0.5122718811035156, "drg spinal": 0.5118705034255981, "chronic illness": 0.5106478929519653, "chiropractic": 0.5101731419563293, "suffers": 0.5094416737556458, "craniosacral therapy": 0.5032640099525452, "pain specialist": 0.4997403621673584, "analgesic": 0.4976113438606262, "ulcerative colitis": 0.49678438901901245, "pain mgmt": 0.4963458776473999, "pain tolerance": 0.49486926198005676, "scrambler therapy": 0.4934268593788147, "analgesia": 0.49290192127227783, "opioid agonists": 0.49222302436828613, "cramps": 0.49113228917121887}, "2": {"paint to help": 0.36932677030563354, "know paint": 0.32838308811187744, "painting": 0.3158857524394989, "paint": 0.31088516116142273, "coloring": 0.2804816663265228, "paintings": 0.27316755056381226, "paintings are": 0.27087345719337463, "color the world": 0.2383185625076294, "drawing": 0.23620623350143433, "colours": 0.23279841244220734, "color temp": 0.23086902499198914, "orange": 0.23007436096668243, "colors": 0.22587238252162933, "changing colors": 0.22141548991203308, "discoloration": 0.21974200010299683, "colour": 0.2193855345249176, "commission work": 0.21921885013580322, "normal color": 0.2132820188999176, "color": 0.2127809226512909, "different colors": 0.21000725030899048, "thanks for sharing": 0.20925018191337585, "change colors": 0.20676350593566895, "color changes": 0.19933174550533295, "happy to share": 0.1985597014427185, "drawn": 0.1983380913734436, "enjoy the video": 0.19678984582424164, "draw blood": 0.19644767045974731, "artist": 0.19326239824295044, "blue purple": 0.1924990862607956, "draw": 0.19219547510147095, "color change": 0.19147032499313354, "art": 0.19137826561927795, "colour changes": 0.19096186757087708, "creation video": 0.18765640258789062, "purple": 0.18650902807712555, "colorado": 0.18469467759132385, "much for sharing": 0.18017825484275818, "thanks for posting": 0.17749916017055511, "link to the youtube": 0.17619487643241882, "blood draw": 0.1761358082294464, "skin color": 0.17371107637882233, "video here": 0.17183804512023926, "red purple": 0.17097105085849762, "much appreciated": 0.16949744522571564, "greatly appreciate": 0.16835488379001617, "greatly appreciated": 0.167692631483078, "swelling and discoloration": 0.1665468066930771, "pain reliever": 0.16636130213737488, "turn purple": 0.16480205953121185, "draws": 0.16164512932300568}}