{"c_v": 0.3838563556971965, "c_npmi": -0.33562682675419236, "u_mass": -10.170655026912662, "c_uci": -10.205651341895775}