{"c_v": 0.3647032728154914, "c_npmi": -0.36149231530205683, "u_mass": -9.785889746336002, "c_uci": -10.371247429650492}