{"0": {"tinnitus retraining": 0.577547550201416, "pulsatile tinnitus": 0.5722933411598206, "tinnitus talk": 0.5625956058502197, "tinnitus": 0.5551198720932007, "fleeting tinnitus": 0.5478588342666626, "reactive tinnitus": 0.531845211982727, "tinnitus spike": 0.5288532376289368, "hearing loss": 0.4809216260910034, "ear spasms": 0.4772593379020691, "wearing earplugs": 0.4697725176811218, "use earplugs": 0.46704453229904175, "foam earplugs": 0.46119681000709534, "ear plugs": 0.46017971634864807, "using earplugs": 0.4598657488822937, "wore earplugs": 0.45642417669296265, "wear earplugs": 0.45562437176704407, "earplugs": 0.45532500743865967, "auditory nerve": 0.4469604790210724, "eardrum": 0.44461312890052795, "misophonia": 0.426779568195343, "auditory nerves": 0.4238594174385071, "earplugs and earmuffs": 0.42347681522369385, "custom earplugs": 0.42264294624328613, "loudness discomfort": 0.4156463146209717, "auditory rest": 0.4153499901294708, "muffled hearing": 0.4147195816040039, "noise therapy": 0.4146290421485901, "earache": 0.4141005873680115, "musicians earplugs": 0.41203922033309937, "deafness": 0.409993976354599, "aural": 0.40986770391464233, "audiologist": 0.40835076570510864, "ear muffs": 0.4045996069908142, "eustachian": 0.4019908308982849, "auditory": 0.40159571170806885, "hearing aids": 0.4011234641075134, "noise therepy": 0.3966434597969055, "ent audiologist": 0.3962933123111725, "tmj disorder": 0.3954693675041199, "ear drops": 0.39479920268058777, "saw an audiologist": 0.39466506242752075, "ear drum": 0.3925623297691345, "tmj issues": 0.39058369398117065, "hearing disorders": 0.39042261242866516, "audiologist tomorrow": 0.39014488458633423, "earaches": 0.38997963070869446, "hearing damage": 0.38767898082733154, "silicone earplugs": 0.3868841528892517, "hearing aid": 0.38405802845954895, "ear plug": 0.38380351662635803}, "1": {"has anyone": 0.5698909759521484, "anyone here": 0.5570138096809387, "does anyone": 0.5397309064865112, "does anybody": 0.5190560221672058, "anybody": 0.5045369267463684, "anyone tried": 0.495244562625885, "anyone": 0.4895486831665039, "anyone else": 0.48701879382133484, "poll": 0.4868912994861603, "anybody else": 0.48462235927581787, "how bad": 0.4841157793998718, "gotten": 0.4835527539253235, "curious about": 0.47558069229125977, "any ideas": 0.4729160666465759, "any suggestions": 0.4689255356788635, "any advice": 0.4672168493270874, "gotten better": 0.4670254588127136, "any tips": 0.46419939398765564, "rant": 0.45299386978149414, "im curious": 0.45093274116516113, "survey": 0.4509105384349823, "getting worse": 0.4483861029148102, "getting better": 0.44736331701278687, "anyone wants": 0.44693660736083984, "got worse": 0.4451830983161926, "wondering": 0.44349223375320435, "thoughts": 0.43836772441864014, "care of yourself": 0.4359874725341797, "has gotten": 0.4356080889701843, "any recommendations": 0.43382251262664795, "feel like": 0.43360328674316406, "gotten worse": 0.4305769205093384, "favorite": 0.42883896827697754, "worried about": 0.42878592014312744, "thinking about": 0.42773038148880005, "who knows": 0.4270339012145996, "elaborate": 0.4268788695335388, "favourite": 0.4207878112792969, "going through": 0.4202311038970947, "got better": 0.4197610020637512, "long story": 0.41976070404052734, "seriously considering": 0.41730767488479614, "mind sharing": 0.4158105254173279, "ever experienced": 0.4144812226295471, "feeling better": 0.412824809551239, "question": 0.4108131527900696, "get better": 0.40933626890182495, "am curious": 0.4080442786216736, "ever happened": 0.4078170955181122, "wondering if": 0.40576887130737305}}