{"0": {"dermatographia": 0.6782673001289368, "dermatitis": 0.6429656744003296, "see dermatologist": 0.6409239768981934, "dermatographism": 0.6384899616241455, "developed dermatographia": 0.6373646259307861, "itchy spots": 0.6037065982818604, "constantly itchy": 0.5933666825294495, "chronic urticaria": 0.5907834768295288, "extremely itchy": 0.5903432369232178, "allergy": 0.5650196671485901, "idiopathic urticaria": 0.5587985515594482, "am allergic": 0.5581469535827637, "allergy meds": 0.5349835157394409, "see an allergist": 0.5328834056854248, "rash": 0.5205773115158081, "allergy medicine": 0.5101138353347778, "dermatologist": 0.5089449286460876, "urticaria": 0.5052891969680786, "allergy test": 0.49772846698760986, "allergic reaction": 0.49732649326324463, "dermographia": 0.4961986541748047, "allergy tests": 0.494312584400177, "nickel allergy": 0.49377018213272095, "allergy medication": 0.4935423731803894, "itch cream": 0.49182647466659546, "very itchy": 0.4873451590538025, "allergies or thyroid": 0.48702389001846313, "take antihistamines": 0.48608604073524475, "allergic": 0.4821302890777588, "allergy pill": 0.4819681644439697, "allergic reactions": 0.48061493039131165, "allergic to dust": 0.4794352054595947, "eczema": 0.4751134514808655, "see doctor": 0.4699331521987915, "allergist suggested": 0.4696187376976013, "allergens": 0.46567994356155396, "allergies": 0.46464475989341736, "allergy testing": 0.4634385108947754, "histamine intolerance": 0.46004635095596313, "pressure urticaria": 0.45951053500175476, "anti itch": 0.457234263420105, "tested for allergies": 0.45581763982772827, "seasonal allergies": 0.45553895831108093, "diagnosis and treatment": 0.4546905755996704, "itchy": 0.45390158891677856, "antihistamine": 0.45248448848724365, "proper diagnosis": 0.442478746175766, "stop scratching": 0.4407390058040619, "other symptoms": 0.43979647755622864, "benadryl at night": 0.436281681060791}, "1": {"developed dermatographia": 0.5380143523216248, "dermatographia": 0.5258957147598267, "dermatitis": 0.5218455791473389, "chronic urticaria": 0.5124309659004211, "allergy meds": 0.5086756944656372, "am allergic": 0.5044136047363281, "allergy": 0.4952690303325653, "dermatographism": 0.48793405294418335, "allergy medicine": 0.47496044635772705, "take antihistamines": 0.46544235944747925, "allergy medication": 0.46206820011138916, "moderna vaccine": 0.4617120027542114, "allergic reaction": 0.46153658628463745, "allergy tests": 0.4579140245914459, "allergy test": 0.45619598031044006, "see an allergist": 0.4551016688346863, "tested for allergies": 0.45256125926971436, "see dermatologist": 0.4508134424686432, "allergy pill": 0.4465724527835846, "allergic reactions": 0.4378531873226166, "extremely itchy": 0.4377562701702118, "seasonal allergies": 0.4338740408420563, "idiopathic urticaria": 0.4330797791481018, "allergic": 0.4323209524154663, "rash": 0.43187978863716125, "allergy testing": 0.43165427446365356, "constantly itchy": 0.4282315969467163, "antihistamine": 0.42819368839263916, "taking antihistamines": 0.4271981716156006, "allergist immunologist": 0.4253743290901184, "itchy spots": 0.42294859886169434, "histamine intolerance": 0.42215028405189514, "allergist suggested": 0.41790303587913513, "diagnosis and treatment": 0.411098837852478, "allergic to dust": 0.40579235553741455, "allergens": 0.4044121503829956, "urticaria": 0.40345335006713867, "allergies or thyroid": 0.40174320340156555, "recently diagnosed": 0.40129828453063965, "allergies": 0.39823755621910095, "anti histamine": 0.39616161584854126, "dermographia": 0.39309462904930115, "pfizer vaccine": 0.3903852701187134, "pressure urticaria": 0.38761505484580994, "anti histamines": 0.3870893716812134, "nickel allergy": 0.38525161147117615, "vaccine": 0.3851415514945984, "antihistamines": 0.38228994607925415, "proper diagnosis": 0.37921425700187683, "autoimmune": 0.3774416744709015}, "2": {"getting tattoo": 0.7078434824943542, "tattoo": 0.5440187454223633, "dermatographia": 0.5362362861633301, "tattoo artist": 0.5240784883499146, "tattoos": 0.5222495794296265, "developed dermatographia": 0.5169745683670044, "dermatographism": 0.5062899589538574, "see dermatologist": 0.4816547632217407, "dermographia": 0.4199927747249603, "itchy spots": 0.41276466846466064, "skin writing": 0.40108034014701843, "dermatitis": 0.39593812823295593, "sensitive skin": 0.39476436376571655, "dermatologist": 0.3912653923034668, "extremely itchy": 0.3760232925415039, "scratch marks": 0.3628459572792053, "skin writers": 0.35841506719589233, "see an allergist": 0.35026493668556213, "dermographism": 0.34555187821388245, "constantly itchy": 0.3423199951648712, "am allergic": 0.33932995796203613, "itch cream": 0.3178483247756958, "chronic urticaria": 0.31422674655914307, "stop scratching": 0.3129653334617615, "eczema": 0.31252026557922363, "allergy": 0.3125160336494446, "very itchy": 0.31048327684402466, "rash": 0.3064579665660858, "skin": 0.3034881353378296, "scratching myself": 0.3017690181732178, "sore arm": 0.2999269962310791, "allergy test": 0.2997385263442993, "allergist suggested": 0.29906702041625977, "nickel allergy": 0.29815980792045593, "allergies or thyroid": 0.2936928868293762, "dermotographia": 0.2935125231742859, "allergic reaction": 0.2926033139228821, "idiopathic urticaria": 0.2883434295654297, "allergy tests": 0.2882325351238251, "allergist immunologist": 0.287313312292099, "proper diagnosis": 0.28440552949905396, "allergic reactions": 0.2827240824699402, "dry skin": 0.2810908555984497, "derma": 0.28100278973579407, "allergic": 0.27784207463264465, "allergy meds": 0.27784058451652527, "medical advice": 0.27710068225860596, "saw an allergist": 0.27632248401641846, "ink": 0.27494943141937256, "itchy": 0.27470850944519043}}