{"c_v": 0.3218952130814684, "c_npmi": -0.23495566276447777, "u_mass": -5.517427946018858, "c_uci": -6.736886436073168}