{"c_v": 0.33736201661449794, "c_npmi": -0.12102829388485298, "u_mass": -2.2739723949183888, "c_uci": -4.615762042918765}