{"0": {"diagnosed with mctd": 0.6025947332382202, "definitive diagnosis": 0.5776320695877075, "been diagnosed": 0.5628907680511475, "newly diagnosed": 0.5507664680480957, "see rheumatologist": 0.5377863645553589, "mctd patients": 0.532503604888916, "diagnosis": 0.5311981439590454, "was diagnosed": 0.5283834934234619, "official diagnosis": 0.5243959426879883, "recently diagnosed": 0.5217707753181458, "diagnosed with uctd": 0.5028100609779358, "diagnosed": 0.4983644485473633, "diagnoses": 0.48141348361968994, "rheumatic diseases": 0.4805941581726074, "got diagnosed": 0.4714614450931549, "diagnose": 0.4597088396549225, "autoimmune disorder": 0.44934388995170593, "autoimmune conditions": 0.4415681064128876, "autoimmune disorders": 0.43633270263671875, "rheumatologist": 0.4352397620677948, "systemic lupus": 0.4347144365310669, "symptoms": 0.4340265989303589, "main symptoms": 0.4301376938819885, "rheumatology": 0.4262945055961609, "diagnostic": 0.42368465662002563, "aches and pains": 0.4177980124950409, "joint pains": 0.4079667925834656, "rheumatoid": 0.40702784061431885, "autoimmune diseases": 0.40337079763412476, "autoimmune disease": 0.39455461502075195, "rheumatoid arthritis": 0.3929823040962219, "rheumatologists": 0.38754624128341675, "lupus": 0.3842344284057617, "rnp antibodies": 0.3829457759857178, "fibromyalgia": 0.381905734539032, "disease activity": 0.37621286511421204, "chronic fatigue": 0.3754827082157135, "symptom": 0.37462741136550903, "polymyositis": 0.37440958619117737, "psoriatic arthritis": 0.3702727258205414, "autoimmune": 0.36317431926727295, "rare disease": 0.35858073830604553, "rnp antibody": 0.35702210664749146, "rheumatoid factor": 0.35467207431793213, "myositis": 0.35433244705200195, "chronic illness": 0.3535727262496948, "chronic pain": 0.3516296148300171, "health issues": 0.34930211305618286, "arthritis": 0.3492501974105835, "raynauds": 0.34226351976394653}, "1": {"prescribed plaquenil": 0.6637139320373535, "taking plaquenil": 0.629272997379303, "plaquenil": 0.44614100456237793, "see rheumatologist": 0.4126046299934387, "been diagnosed": 0.4113597571849823, "prescribed": 0.40520161390304565, "recently diagnosed": 0.39379820227622986, "prescription": 0.38687601685523987, "newly diagnosed": 0.3719131648540497, "diagnosed with mctd": 0.36663582921028137, "medications": 0.3652802109718323, "was diagnosed": 0.3593803644180298, "side effects": 0.35712164640426636, "mctd patients": 0.3564530313014984, "aches and pains": 0.35588333010673523, "stopped taking": 0.3548622131347656, "rheumatoid": 0.3354071080684662, "rheumatoid arthritis": 0.32908299565315247, "definitive diagnosis": 0.32705241441726685, "treatment": 0.3212021291255951, "pain management": 0.3197680115699768, "stop taking": 0.31834226846694946, "any medication": 0.31830233335494995, "got diagnosed": 0.31735891103744507, "main symptoms": 0.3148919939994812, "rheumatologist": 0.3142809271812439, "systemic lupus": 0.31263500452041626, "treatments": 0.31018710136413574, "anti inflammatory": 0.3087894320487976, "low dose": 0.3014674186706543, "medication": 0.3012813329696655, "prednisone": 0.29677820205688477, "rheumatologists": 0.29591384530067444, "psoriatic arthritis": 0.2952345311641693, "adderall": 0.2925872206687927, "symptoms": 0.29188215732574463, "diagnosed": 0.29104870557785034, "chronic pain": 0.2905188798904419, "rheumatic diseases": 0.28893810510635376, "rnp antibodies": 0.2888243496417999, "diagnose": 0.2862747311592102, "joint pains": 0.2858288884162903, "diagnosed with uctd": 0.2852318286895752, "meds": 0.28199759125709534, "diagnoses": 0.2805851995944977, "rnp antibody": 0.2800649404525757, "polymyositis": 0.276594877243042, "your doctor": 0.27599459886550903, "rheumatology": 0.2758118212223053, "fibromyalgia": 0.2746889889240265}}