{"c_v": 0.3701669661619594, "c_npmi": -0.14574148656189745, "u_mass": -4.229108220683685, "c_uci": -4.622419499580828}