{"0": {"prolactin levels": 0.48453330993652344, "prolactin": 0.4658924639225006, "elevated prolactin": 0.4630931615829468, "prolactin level": 0.4623367190361023, "elevate prolactin": 0.44697117805480957, "high prolactin": 0.4466247260570526, "prolactine": 0.4380617141723633, "raise prolactin": 0.4341326653957367, "high prolactine": 0.4281536936759949, "diagnosed with prolactinoma": 0.41832101345062256, "thyroid hormones": 0.4176110327243805, "suspected prolactinoma": 0.4105483293533325, "hormone levels": 0.40791088342666626, "prolactin secreting": 0.4069940149784088, "prolactinoma": 0.40654832124710083, "mm prolactinoma": 0.3960845470428467, "hormonal imbalances": 0.38353198766708374, "hormonal issues": 0.3831864893436432, "thyroid problems": 0.38117989897727966, "thyroid issues": 0.37843814492225647, "hormonal imbalance": 0.37765270471572876, "hormone imbalance": 0.3760530352592468, "hormonal changes": 0.37502145767211914, "hormonal": 0.3669570982456207, "progesterone and estrogen": 0.362264484167099, "estrogen progesterone": 0.3574216961860657, "non hormonal": 0.35152220726013184, "subclinical hypothyroidism": 0.3503577411174774, "hormones": 0.34936654567718506, "hypothyroidism": 0.34892332553863525, "seeing an endocrinologist": 0.34804320335388184, "giant prolactinoma": 0.34766706824302673, "endometriosis": 0.3469425439834595, "low testosterone": 0.34289130568504333, "hormone": 0.3392409086227417, "hormone replacement": 0.3380240797996521, "hypothyroid": 0.33584892749786377, "prolactinomas": 0.33533626794815063, "micro prolactinoma": 0.3347617983818054, "progesterone": 0.3329114317893982, "ovarian cysts": 0.326546847820282, "thyroid": 0.3204047679901123, "hormonal birth": 0.320072740316391, "menopause": 0.3192805051803589, "macroprolactin": 0.31791770458221436, "secondary hypothyroidism": 0.31701958179473877, "full hormone": 0.31555142998695374, "through menopause": 0.31510844826698303, "clomid": 0.3103344738483429, "estrogen": 0.3085685968399048}, "1": {"constant headaches": 0.5667257905006409, "frequent headaches": 0.5628219246864319, "severe headaches": 0.5598932504653931, "headaches": 0.5552970170974731, "headache": 0.5273192524909973, "cluster headaches": 0.5146908164024353, "slight headache": 0.5051301717758179, "migraine": 0.5009810924530029, "bad headache": 0.4997372627258301, "migraines": 0.49121055006980896, "nausea dizziness": 0.38271209597587585, "dizziness and nausea": 0.3809993863105774, "brain tumor": 0.3806987404823303, "tylenol": 0.37678253650665283, "nausea and dizziness": 0.3634662926197052, "these symptoms": 0.3435186743736267, "breast pain": 0.34250184893608093, "symptoms": 0.3412923812866211, "symptom": 0.32811346650123596, "dizziness": 0.32605215907096863, "neurologist": 0.3259184956550598, "brain tumour": 0.32490503787994385, "cramps": 0.32148855924606323, "pains": 0.3201449513435364, "high prolactin": 0.31721600890159607, "prolactin levels": 0.3170124888420105, "obvious symptoms": 0.3155776262283325, "prolactin": 0.3124421238899231, "tumors": 0.3111826777458191, "symptomatic": 0.3100121021270752, "adrenal fatigue": 0.3098033666610718, "brain fog": 0.3091846704483032, "main symptoms": 0.3090599775314331, "tumor": 0.3090275228023529, "hormonal issues": 0.3088904023170471, "elevated prolactin": 0.308168888092041, "high prolactine": 0.305434912443161, "only symptom": 0.30434173345565796, "wellbutrin": 0.3039916157722473, "aches": 0.3018975853919983, "diagnosed with prolactinoma": 0.3006892502307892, "prolactin level": 0.29879263043403625, "prolactine": 0.2973506450653076, "tiredness fatigue": 0.2969668209552765, "main symptom": 0.29643577337265015, "suspected prolactinoma": 0.29491186141967773, "tumor shrank": 0.2946203947067261, "elevate prolactin": 0.2944561243057251, "mild nausea": 0.2917934060096741, "tumour": 0.28961294889450073}, "2": {"elevated prolactin": 0.8282699584960938, "prolactin levels": 0.8143802881240845, "prolactin level": 0.8090367913246155, "suspected prolactinoma": 0.8013464212417603, "high prolactin": 0.7995573282241821, "raise prolactin": 0.7967605590820312, "prolactin": 0.7926487922668457, "elevate prolactin": 0.7891863584518433, "prolactinoma": 0.7850086092948914, "high prolactine": 0.7837074398994446, "prolactine": 0.7755223512649536, "mm prolactinoma": 0.7457053661346436, "prolactin secreting": 0.7417389154434204, "diagnosed with prolactinoma": 0.740196704864502, "giant prolactinoma": 0.7203130722045898, "prolactinomas": 0.7109769582748413, "macroprolactin": 0.6709696054458618, "spironolactone": 0.6676343679428101, "estrogen progesterone": 0.6490076780319214, "micro prolactinoma": 0.6380212306976318, "progesterone": 0.6371737718582153, "lactate": 0.6244313716888428, "weak ovulation": 0.6096465587615967, "estrogen": 0.6072839498519897, "hormone levels": 0.6064814329147339, "progesterone and estrogen": 0.6016732454299927, "hormonal": 0.5995258092880249, "pituitary apoplexy": 0.599524974822998, "full hormone": 0.5995208024978638, "prescribed cabergoline": 0.5994889736175537, "monomeric prolactin": 0.593518853187561, "dostinex mg": 0.5893489718437195, "lactation": 0.589064359664917, "stopped lactating": 0.5890054702758789, "hormonal issues": 0.5876888036727905, "started lactating": 0.5855617523193359, "macro prolactinoma": 0.5827290415763855, "lactating": 0.5823185443878174, "hormone imbalance": 0.5816208124160767, "hormonal imbalances": 0.5807592868804932, "non hormonal": 0.5806920528411865, "hormonal imbalance": 0.5804240703582764, "ovulation": 0.5773700475692749, "menopausal": 0.576435387134552, "adrenal insufficiency": 0.5730411410331726, "hormone": 0.5722898840904236, "norprolac": 0.5710698366165161, "endometriosis": 0.5682018995285034, "vitex": 0.5661793947219849, "through menopause": 0.5660339593887329}, "3": {"hair loss": 0.5167496800422668, "hair growth": 0.4280606210231781, "thyroid hormones": 0.4170936942100525, "prolactin levels": 0.40722668170928955, "thinning hair": 0.40471571683883667, "prolactin": 0.40423583984375, "hair thinning": 0.40082645416259766, "hairloss": 0.3935006260871887, "prolactine": 0.3900729715824127, "prolactin level": 0.3843317925930023, "elevated prolactin": 0.383992075920105, "elevate prolactin": 0.3830871880054474, "hormonal issues": 0.3810572624206543, "hormonal imbalances": 0.3792840838432312, "testosterone gel": 0.3780238926410675, "high prolactin": 0.37427768111228943, "hormone levels": 0.37319129705429077, "hormonal imbalance": 0.37138694524765015, "thyroid problems": 0.3677590489387512, "high prolactine": 0.3675561249256134, "thyroid issues": 0.36750131845474243, "raise prolactin": 0.36571499705314636, "hormone imbalance": 0.35928332805633545, "low testosterone": 0.35601773858070374, "hormonal": 0.35592496395111084, "hormonal changes": 0.35583996772766113, "suspected prolactinoma": 0.34951668977737427, "diagnosed with prolactinoma": 0.3468906283378601, "prolactin secreting": 0.34502965211868286, "prolactinoma": 0.3366811275482178, "biotin": 0.3328835368156433, "hormones": 0.3275303840637207, "growth hormone": 0.3247944712638855, "mm prolactinoma": 0.3234637975692749, "estrogen progesterone": 0.32334595918655396, "non hormonal": 0.32226812839508057, "hypothyroidism": 0.3188541829586029, "hormone": 0.3136428892612457, "testosterone": 0.31150370836257935, "hormone replacement": 0.3112846612930298, "testosterone level": 0.3104898929595947, "endometriosis": 0.30996018648147583, "scalp": 0.30693063139915466, "testosterone bounced": 0.306834876537323, "progesterone and estrogen": 0.30579638481140137, "finasteride": 0.3049350380897522, "hypothyroid": 0.3045262396335602, "testosterone nmol": 0.30351847410202026, "menopause": 0.3032345771789551, "thyroid": 0.3019510805606842}}