{"0": {"situational mutism": 0.518110990524292, "socially anxious": 0.4967668354511261, "speech therapy": 0.4886467754840851, "extreme shyness": 0.4835079312324524, "personality disorder": 0.4821493923664093, "shy and quiet": 0.48081499338150024, "selective mutism": 0.47880929708480835, "psychological": 0.4731287956237793, "selectively mute": 0.47133558988571167, "bi temperament": 0.47104933857917786, "social phobia": 0.4708900451660156, "mental disorders": 0.46980535984039307, "processing disorder": 0.46933993697166443, "psych": 0.46697404980659485, "speech therapist": 0.4636269807815552, "muteness": 0.4606020450592041, "being shy": 0.46014416217803955, "avoidant personality": 0.4600663483142853, "mental illness": 0.45785659551620483, "speech impediment": 0.4499463438987732, "behavioral therapy": 0.4497341811656952, "feelings and behaviors": 0.44858163595199585, "shyness": 0.44714418053627014, "psychiatric": 0.4454018473625183, "phobia": 0.43986815214157104, "extremely shy": 0.43715900182724, "difficulty speaking": 0.43685171008110046, "mental health": 0.43604612350463867, "stuttering": 0.4357139468193054, "selective mutes": 0.4334790110588074, "mental": 0.43313276767730713, "socially awkward": 0.43187427520751953, "mutism": 0.4317042827606201, "agoraphobia": 0.4307599365711212, "mentally": 0.43054330348968506, "introverted": 0.4281153678894043, "ability to speak": 0.42735204100608826, "inability to speak": 0.427218496799469, "anxiety disorder": 0.4264805316925049, "anxiety disorders": 0.4257551431655884, "emotionally": 0.4256649613380432, "disorder": 0.42500248551368713, "psychology": 0.4248083531856537, "incapable of speaking": 0.4198492169380188, "self conscious": 0.41964519023895264, "speech pathologist": 0.4192540645599365, "anxiety and depression": 0.4184412658214569, "paralyzed vocal": 0.41793376207351685, "social anxiety": 0.4178381562232971, "functioning autism": 0.4167584180831909}, "1": {"job interview": 0.6294612884521484, "job interviews": 0.6059377193450928, "jobs": 0.550135612487793, "job": 0.5305242538452148, "interviewer": 0.48996829986572266, "boss": 0.4634564518928528, "coworkers": 0.4610669016838074, "my boss": 0.45493119955062866, "seek professional": 0.44552353024482727, "interview": 0.43907466530799866, "career": 0.42597582936286926, "interviews": 0.41343969106674194, "worker": 0.4131704568862915, "office": 0.3892301619052887, "professionals": 0.38581886887550354, "staff": 0.38385820388793945, "get frustrated": 0.3735172152519226, "work": 0.372723788022995, "start working": 0.359954833984375, "trouble talking": 0.3586854338645935, "workers": 0.35108426213264465, "difficulty speaking": 0.3503205180168152, "initiate conversations": 0.3459383249282837, "initiating conversation": 0.3421597480773926, "worked": 0.34153586626052856, "opportunities": 0.33934783935546875, "managing": 0.3392674922943115, "talkative person": 0.3352091312408447, "initiate conversation": 0.33509042859077454, "professional": 0.3339475393295288, "chatting": 0.33212634921073914, "manager": 0.33004701137542725, "able to talk": 0.3285421133041382, "stressful situations": 0.3276430368423462, "social worker": 0.3261873722076416, "start talking": 0.3217005133628845, "make an effort": 0.32075855135917664, "working": 0.3174906373023987, "been working": 0.31644919514656067, "substitute teacher": 0.3154086470603943, "applying": 0.315364271402359, "conversations": 0.3145669102668762, "colleagues": 0.3143029808998108, "meetings": 0.31294649839401245, "chatty": 0.3122803568840027, "co workers": 0.3115336298942566, "personal experience": 0.3113884925842285, "tasks": 0.3110584020614624, "trouble speaking": 0.30932724475860596, "comfortable talking": 0.3069024085998535}}