{"c_v": 0.3406865807030347, "c_npmi": -0.29815174156194707, "u_mass": -9.223979234255982, "c_uci": -9.24697793945988}