{"0": {"recently diagnosed": 0.5871303677558899, "newly diagnosed": 0.575127899646759, "clinically diagnosed": 0.5638887882232666, "diagnosed": 0.5609079599380493, "was diagnosed": 0.5459946990013123, "diagnosed until": 0.5275824069976807, "officially diagnosed": 0.5183154344558716, "misdiagnosed": 0.5060825347900391, "prognosis": 0.503717303276062, "clinical signs": 0.5021637082099915, "clinical diagnosis": 0.5012384057044983, "symptom": 0.49997347593307495, "fully diagnosed": 0.49694740772247314, "formally diagnosed": 0.49417370557785034, "neurofibromas": 0.4896763861179352, "neurofibroma": 0.48899412155151367, "become cancerous": 0.48852208256721497, "cutaneous neurofibromas": 0.4879377484321594, "pathology": 0.48723629117012024, "needed biopsy": 0.4867541193962097, "patients": 0.4860926866531372, "diagnoses": 0.48476505279541016, "diagnostic": 0.4840965270996094, "diagnose": 0.48367875814437866, "cutaneous neurofibroma": 0.4831041693687439, "nf clinic": 0.4800751805305481, "diagnosis": 0.47858256101608276, "other symptoms": 0.4785521328449249, "nf clinics": 0.4768396019935608, "proper diagnosis": 0.4755505919456482, "turned cancerous": 0.4701078534126282, "clinical": 0.4696841239929199, "cancerous": 0.46935921907424927, "diagnosing": 0.4651121497154236, "malignant": 0.4641554057598114, "adult patients": 0.46279314160346985, "medical reasons": 0.4597390592098236, "biopsy": 0.4576215445995331, "symptoms": 0.45579177141189575, "neurological condition": 0.4556428790092468, "abnormalities": 0.4556371569633484, "health problems": 0.45502743124961853, "medical conditions": 0.453918993473053, "patient": 0.4535273015499115, "turn malignant": 0.45302844047546387, "medical advice": 0.45246800780296326, "children tumor": 0.45177656412124634, "glomus tumor": 0.45115870237350464, "clinically": 0.45090752840042114, "subcutaneous neurofibromas": 0.45006805658340454}, "1": {"covid vaccine": 0.5609157085418701, "vaccinated": 0.4724239110946655, "vaccine": 0.4656950831413269, "vaccines": 0.4589884877204895, "inflammation": 0.3928949236869812, "immune": 0.37080156803131104, "health issues": 0.3706701695919037, "anti inflammatory": 0.36865901947021484, "inflammatory": 0.3633517622947693, "immune system": 0.3584079444408417, "flu shot": 0.356272429227829, "high blood": 0.35475170612335205, "health problems": 0.34775885939598083, "newly diagnosed": 0.34498894214630127, "recently diagnosed": 0.34237515926361084, "side effects": 0.34142959117889404, "autoimmune condition": 0.33905190229415894, "infection": 0.33771243691444397, "nf clinics": 0.3356545865535736, "nf clinic": 0.3347608149051666, "infusions": 0.3308928608894348, "clinically diagnosed": 0.3297954797744751, "medical reasons": 0.32059335708618164, "blood tests": 0.3203105330467224, "symptom": 0.31761807203292847, "flu": 0.3157053589820862, "diagnosed": 0.31451284885406494, "allergies": 0.3135959506034851, "diagnosed until": 0.3134468197822571, "autoimmune": 0.3133311867713928, "officially diagnosed": 0.313206285238266, "blood draw": 0.31242984533309937, "patients": 0.3111090362071991, "shots": 0.30991625785827637, "prognosis": 0.3094736337661743, "was diagnosed": 0.3089796304702759, "worried about": 0.3084246516227722, "fully diagnosed": 0.308025062084198, "other symptoms": 0.3060389757156372, "tested positive": 0.3007534146308899, "severe symptoms": 0.29990899562835693, "blood test": 0.2989322245121002, "misdiagnosed": 0.2960365414619446, "worry about": 0.2959001660346985, "diagnostic criteria": 0.29244059324264526, "patient": 0.29127079248428345, "side effect": 0.28982535004615784, "concerned about": 0.28974470496177673, "blood": 0.2895505428314209, "proper diagnosis": 0.2895495891571045}}