{"c_v": 0.27242150249867075, "c_npmi": -0.30927985477622805, "u_mass": -5.410728326192302, "c_uci": -9.046590393905081}