{"c_v": 0.3188029629339052, "c_npmi": -0.2989243339199139, "u_mass": -7.097647739041216, "c_uci": -8.679296362307992}