{"0": {"neuropathic pain": 0.4943476915359497, "excruciating pain": 0.46596193313598633, "pinched nerve": 0.4644582271575928, "neuralgia": 0.4609520733356476, "facial pain": 0.4566968083381653, "neuralgias": 0.45327427983283997, "trigeminal neuralgia": 0.4500693678855896, "pain killers": 0.44776493310928345, "nerves heal": 0.44540825486183167, "toothache": 0.444491446018219, "painkillers": 0.4368034601211548, "chronic pain": 0.43178272247314453, "trigeminal neuropathy": 0.4306851029396057, "sharp pains": 0.42999404668807983, "terrible pains": 0.4298470616340637, "seeing neurologist": 0.42721015214920044, "herpetic neuralgia": 0.4266209006309509, "pains": 0.4265938699245453, "breakthrough pain": 0.4264811873435974, "neurologists and neurosurgeons": 0.4259582757949829, "see neurologist": 0.41790586709976196, "neuropathy": 0.4169965386390686, "orofacial pain": 0.41316330432891846, "neurologist asap": 0.4114224910736084, "postherpetic neuralgia": 0.40889662504196167, "anesthesia dolorosa": 0.40388748049736023, "neuralgia grew": 0.40288490056991577, "pain management": 0.4024994969367981, "neurological symptoms": 0.40146392583847046, "neurologists": 0.40135714411735535, "neurologist": 0.40039438009262085, "pain": 0.3976005017757416, "neuralgia patients": 0.39723753929138184, "shocking pains": 0.39612460136413574, "shooting pains": 0.3946351408958435, "geniculate neuralgia": 0.39433687925338745, "referral to neurologist": 0.39415401220321655, "peripheral neuropathy": 0.39399224519729614, "chronic migraine": 0.3894609212875366, "chronic migraines": 0.38927745819091797, "tension headaches": 0.38692301511764526, "occipital neuralgia": 0.38596367835998535, "stabbing pains": 0.3850443959236145, "neurology": 0.38343217968940735, "tension headache": 0.3822452127933502, "nerve runs": 0.3821871280670166, "facial numbness": 0.38034820556640625, "tramadol": 0.3791780471801758, "neurotin": 0.3779231905937195, "nerve ablation": 0.37666016817092896}, "1": {"wear mask": 0.45023608207702637, "face masks": 0.4380742907524109, "wearing mask": 0.41267508268356323, "mask": 0.39040425419807434, "masks": 0.3858330249786377, "facial pain": 0.36776500940322876, "facial trauma": 0.3316677510738373, "facial numbness": 0.328091561794281, "face shield": 0.3108779788017273, "ocular migraines": 0.3097050189971924, "orofacial pain": 0.3077138662338257, "headaches": 0.3031667470932007, "sinus issues": 0.2988883852958679, "tension headaches": 0.2981809973716736, "sinus issue": 0.2973957061767578, "facial nerves": 0.29522767663002014, "migraine": 0.29395171999931335, "headache": 0.2921416759490967, "migraines": 0.2916417717933655, "head trauma": 0.2910804748535156, "chronic migraines": 0.28968697786331177, "chronic migraine": 0.2896312177181244, "sinus problems": 0.2891247868537903, "earache": 0.28683415055274963, "sinus infections": 0.2863614857196808, "maxillofacial": 0.2858002185821533, "cluster headache": 0.2854945659637451, "tension headache": 0.2849867343902588, "sinus infection": 0.2822546362876892, "cluster headaches": 0.27533233165740967, "cold sores": 0.2741048336029053, "sinusitis": 0.2737586200237274, "maxillofacial specialist": 0.2728986442089081, "sinuses": 0.27235814929008484, "chronic sinus": 0.26925307512283325, "herpetic neuralgia": 0.268465518951416, "facial muscles": 0.26685482263565063, "facial": 0.26367583870887756, "cold sore": 0.2624186873435974, "forehead": 0.26223477721214294, "toothache": 0.2615642249584198, "ketamine nasal": 0.2615125775337219, "oral maxillofacial": 0.26088717579841614, "chronic sinusitis": 0.2600659728050232, "facial paralysis": 0.2597275674343109, "specializes in facial": 0.25946834683418274, "excederin migraine": 0.2578117549419403, "brain fog": 0.2540052533149719, "nasal spray": 0.2523772418498993, "trigeminal neuralgia": 0.25118720531463623}}