{"0": {"misophonia sufferers": 0.6442652344703674, "severe misophonia": 0.6099286079406738, "chewing noises": 0.6087501049041748, "obnoxiously loud": 0.5908137559890747, "loud chewer": 0.5898810625076294, "loud eater": 0.5798364877700806, "loud eaters": 0.5788998603820801, "mouth noises": 0.578101396560669, "certain noises": 0.5703185796737671, "noise complaint": 0.5687538385391235, "trigger noises": 0.5649528503417969, "noises": 0.564421534538269, "snorting": 0.5570658445358276, "repetitive noises": 0.5562661290168762, "misophones": 0.551474928855896, "misophonia": 0.5510182976722717, "noise": 0.5433938503265381, "sound sensitivity": 0.539254903793335, "noise cancelling": 0.5390825271606445, "these noises": 0.5388426780700684, "mouth sounds": 0.5342224836349487, "noisy": 0.5275828838348389, "eating sounds": 0.5270845890045166, "misophonic": 0.5259260535240173, "noise canceling": 0.5255088806152344, "muffled": 0.5248561501502991, "bad mood": 0.5233491659164429, "those noises": 0.5229513049125671, "active noise": 0.5206874012947083, "screaming and crying": 0.5198298096656799, "irritates me": 0.5167177319526672, "audible": 0.5162039995193481, "incredibly loud": 0.5142470002174377, "screaming": 0.5120718479156494, "phobia": 0.5111654996871948, "whenever hear": 0.5084360837936401, "barking": 0.5077607035636902, "trigger sounds": 0.5040405988693237, "auditory": 0.503589391708374, "yelling": 0.49887919425964355, "loud": 0.4980548620223999, "noise isolation": 0.49699050188064575, "want to scream": 0.4957016706466675, "loud music": 0.494884192943573, "freaking out": 0.49306219816207886, "obnoxious": 0.49297595024108887, "thumping": 0.4925526976585388, "scream and cry": 0.49040117859840393, "outbursts": 0.49019870162010193, "screams": 0.48952388763427734}, "1": {"barking dogs": 0.6884181499481201, "dog barking": 0.6791002750396729, "dogs barking": 0.678888201713562, "dog bark": 0.6538095474243164, "dogs": 0.5734444856643677, "dog": 0.5673481225967407, "pets": 0.5662419199943542, "puppy": 0.5545216798782349, "barking": 0.521362841129303, "chewing noises": 0.48324501514434814, "chew loudly": 0.45307958126068115, "loud chewer": 0.4507441520690918, "pet": 0.4373049736022949, "snorting": 0.4283626675605774, "bratty behavior": 0.4240327477455139, "obnoxiously loud": 0.40208208560943604, "pet peeve": 0.4018491506576538, "irritates me": 0.4014044404029846, "mouth noises": 0.4002794027328491, "animal": 0.3944404423236847, "trigger noises": 0.392955482006073, "whining": 0.3873872458934784, "thumping": 0.3872920274734497, "infuriates me": 0.38716229796409607, "yelling": 0.38588225841522217, "loud eaters": 0.3845958709716797, "bark": 0.38222312927246094, "phobia": 0.3815567195415497, "infuriating": 0.3802432417869568, "repetitive noises": 0.3781817853450775, "screaming and crying": 0.37444165349006653, "animals": 0.3731454014778137, "upsetting": 0.36955612897872925, "loud eater": 0.3690546154975891, "noises": 0.367870032787323, "inconsiderate": 0.36778393387794495, "freaking out": 0.36726993322372437, "certain noises": 0.3651456832885742, "freak out": 0.36368489265441895, "irritating": 0.36012351512908936, "annoys me": 0.35846444964408875, "irritate": 0.3580407202243805, "whenever hear": 0.35763657093048096, "these noises": 0.35763609409332275, "upsets": 0.35680460929870605, "yells": 0.3567456007003784, "pissed off": 0.3555394411087036, "annoyed": 0.3541305363178253, "pisses me": 0.3525744676589966, "humming": 0.3524971008300781}}