{"c_v": 0.4408035772202098, "c_npmi": -0.27221511483349836, "u_mass": -11.678723725910743, "c_uci": -8.440218821042286}