{"0": {"ectopic pregnancy": 0.7635433673858643, "ectopic pregnancies": 0.696130633354187, "having miscarriage": 0.6915777921676636, "pregnancy tests": 0.6377134919166565, "being pregnant": 0.6375001072883606, "pregnancy test": 0.625085711479187, "got pregnant": 0.6110523343086243, "pregnancy": 0.6085301041603088, "miscarriage": 0.6062180399894714, "pregnant": 0.5875663161277771, "pregnancies": 0.5683729648590088, "pregnant again": 0.5650500059127808, "weeks pregnant": 0.5645124912261963, "chemical pregnancy": 0.5599581599235535, "gestational": 0.5565770864486694, "gestational sac": 0.5287489891052246, "able to conceive": 0.46481215953826904, "transvaginal ultrasound": 0.46056875586509705, "started to bleed": 0.4591628909111023, "ovulation": 0.4591416120529175, "started bleeding": 0.445698618888855, "severe abdominal": 0.44513434171676636, "abdominal pain": 0.4443759620189667, "conceive": 0.43661344051361084, "uterus": 0.43081653118133545, "symptom": 0.4243650734424591, "period cramps": 0.42151743173599243, "possible ectopic": 0.42047154903411865, "ovulated": 0.4169139862060547, "very faint": 0.4128122627735138, "fetus": 0.41279804706573486, "ectopic": 0.40641897916793823, "belly": 0.40594282746315, "other symptoms": 0.4057813286781311, "abortion": 0.40318942070007324, "ultrasounds": 0.4019853472709656, "birth control": 0.4012104868888855, "baby": 0.40062251687049866, "ultrasound": 0.3996849060058594, "healthy baby": 0.3957749009132385, "those symptoms": 0.395560622215271, "vaginal bleeding": 0.3922102451324463, "diagnosed": 0.38892602920532227, "left ovary": 0.3880634903907776, "faint positive": 0.38643738627433777, "symptoms": 0.38611695170402527, "another ultrasound": 0.3839648962020874, "ovary": 0.3829319477081299, "abdominal": 0.37956368923187256, "ectopics": 0.3785119652748108}, "1": {"dose of methotrexate": 0.6045973300933838, "treated with methotrexate": 0.5961345434188843, "methotrexate shot": 0.561838686466217, "methotrexate treatment": 0.5455188155174255, "shot of methotrexate": 0.5387311577796936, "methotrexate": 0.4658469557762146, "second dose": 0.43977200984954834, "dose": 0.4302351772785187, "hcg levels": 0.4190618097782135, "pregnancy tests": 0.4080020785331726, "ectopic pregnancy": 0.40558671951293945, "having miscarriage": 0.3969246447086334, "pregnancy test": 0.3937615752220154, "blood tests": 0.3873968720436096, "nausea": 0.3873612880706787, "diagnosed": 0.38138824701309204, "side effects": 0.3706088066101074, "chemical pregnancy": 0.3703487515449524, "symptom": 0.36823782324790955, "tested positive": 0.3678794205188751, "ectopic pregnancies": 0.36608582735061646, "treated with mtx": 0.3649950623512268, "started bleeding": 0.36074936389923096, "blood test": 0.3592127859592438, "started to bleed": 0.3547911047935486, "faint positive": 0.3459632694721222, "weeks pregnant": 0.3454139828681946, "missed period": 0.3389725685119629, "symptoms": 0.3379737138748169, "other symptoms": 0.3377707600593567, "miscarriage": 0.3272271752357483, "treated": 0.32401180267333984, "treatment": 0.3221934139728546, "pregnant again": 0.32171908020973206, "those symptoms": 0.3184220790863037, "medication": 0.30804675817489624, "tested": 0.30666953325271606, "medical advice": 0.29621756076812744, "pill": 0.2955697476863861, "intrauterine": 0.2954927086830139, "being pregnant": 0.2936369478702545, "very faint": 0.29232221841812134, "nauseous": 0.2917344570159912, "dizziness": 0.2912789583206177, "hcg level": 0.2877401113510132, "test done": 0.2876560688018799, "bloodwork": 0.28586214780807495, "diagnosis": 0.2856861650943756, "got pregnant": 0.285334050655365, "beta hcg": 0.2851092219352722}}