{"c_v": 0.3415920245679598, "c_npmi": -0.1324398326190542, "u_mass": -1.6422529255235232, "c_uci": -4.014414345427947}