{"0": {"spinal muscular": 0.3859834372997284, "spinal tap": 0.3721136152744293, "spinal": 0.3549439311027527, "diagnosed with sma": 0.34671980142593384, "spinal fusion": 0.3440071940422058, "getting spinraza": 0.329450786113739, "spinal cord": 0.32759398221969604, "spinal fluid": 0.3131970763206482, "gene therapy": 0.31310439109802246, "neuromuscular": 0.30263689160346985, "treated with zolgensma": 0.29793882369995117, "muscular dystrophy": 0.2887466847896576, "my neurologist": 0.28823959827423096, "physical therapy": 0.28543227910995483, "sma patients": 0.2757919430732727, "neurology": 0.2736337184906006, "scoliosis": 0.2712610363960266, "disease progression": 0.2687274217605591, "spine": 0.26795101165771484, "neuron loss": 0.2601248621940613, "cure": 0.260107159614563, "therapies": 0.2592978775501251, "was diagnosed": 0.2578655779361725, "neurologist": 0.2569672465324402, "therapy": 0.25364479422569275, "oral drug": 0.2510911524295807, "these treatments": 0.24811971187591553, "treatment": 0.24487560987472534, "medicine": 0.24439021944999695, "medical": 0.24306851625442505, "clinical trial": 0.24284407496452332, "spinraza": 0.24085195362567902, "diagnosis": 0.23879514634609222, "diagnosed": 0.23745596408843994, "medicaid": 0.2348729521036148, "medication": 0.22933565080165863, "radiologist": 0.22925522923469543, "mg": 0.22902007400989532, "clinical trials": 0.22831757366657257, "treatments": 0.22791844606399536, "back pain": 0.22699514031410217, "muscle loss": 0.22698765993118286, "first dose": 0.22607064247131348, "neurons": 0.22214150428771973, "neuron": 0.22182175517082214, "disease": 0.2204878032207489, "motor neurons": 0.2192775011062622, "flu vaccine": 0.21622735261917114, "motor neuron": 0.21516209840774536, "other drugs": 0.21444246172904968}, "1": {"diagnosed with sma": 0.21241432428359985, "people with disabilities": 0.20713284611701965, "sma community": 0.1944771707057953, "spinal muscular": 0.17333927750587463, "thanks for sharing": 0.17245420813560486, "sma patients": 0.16928903758525848, "sorry to hear": 0.16454611718654633, "spinal fusion": 0.16125331819057465, "spinal tap": 0.15363870561122894, "spinal fluid": 0.14869457483291626, "hi everyone": 0.14706209301948547, "older patients": 0.14554446935653687, "spinal cord": 0.1409841626882553, "health insurance": 0.1381620466709137, "hello everyone": 0.13813385367393494, "good luck": 0.13442009687423706, "spinal": 0.13115236163139343, "disease progression": 0.13103055953979492, "interview": 0.13081270456314087, "this thread": 0.13016833364963531, "disabilities": 0.12998831272125244, "hi all": 0.12980012595653534, "disability": 0.12779967486858368, "neuromuscular": 0.12621404230594635, "muscular dystrophy": 0.1206393837928772, "physical therapy": 0.12054899334907532, "mg": 0.12018240243196487, "good news": 0.11996585875749588, "healthcare": 0.11929209530353546, "pm me": 0.11763561517000198, "my neurologist": 0.11749590933322906, "gene therapy": 0.11703957617282867, "research study": 0.11583951115608215, "scoliosis": 0.11578410863876343, "this sub": 0.11519064009189606, "great news": 0.1147352010011673, "cancer": 0.11464723944664001, "radiologist": 0.1136370450258255, "family access": 0.1126275509595871, "please share": 0.11229945719242096, "disease": 0.11176156997680664, "hi there": 0.11085054278373718, "neuron loss": 0.11039946973323822, "nice day": 0.11033797264099121, "feel better": 0.10885516554117203, "therapy": 0.10778763145208359, "message me": 0.10777951776981354, "muscle loss": 0.10662227123975754, "types of sma": 0.10586819797754288, "really appreciate": 0.10579676181077957}}