{"c_v": 0.3928701886706871, "c_npmi": -0.3445640723038397, "u_mass": -7.630126667559054, "c_uci": -10.213746802207343}