{"c_v": 0.284474071040411, "c_npmi": -0.2575010915041307, "u_mass": -1.7806623759476348, "c_uci": -7.524243160777763}