{"0": {"pre surgery": 0.4020155072212219, "translab surgery": 0.39873790740966797, "mris": 0.3981549143791199, "post surgery": 0.3937852382659912, "mri": 0.38490796089172363, "surgery": 0.3708644509315491, "surgeries": 0.3595554232597351, "pulsatile tinnitus": 0.35854822397232056, "neurologist": 0.3564945459365845, "hearing loss": 0.35394588112831116, "brain tumor": 0.34976595640182495, "affected ear": 0.34740737080574036, "tinnitus": 0.341216117143631, "tumour": 0.3401511609554291, "loss and tinnitus": 0.3368995785713196, "neurosurgeon": 0.3307267427444458, "surgical": 0.33056652545928955, "mri with contrast": 0.32518473267555237, "palsy": 0.32399410009384155, "deafness": 0.3227466344833374, "vestibular nerve": 0.3217048943042755, "after surgery": 0.31406623125076294, "vestibular": 0.3028351664543152, "neuroma": 0.3022856116294861, "tumor": 0.30131953954696655, "cochlear": 0.2986402213573456, "nerve damage": 0.29389315843582153, "facial numbness": 0.29228365421295166, "paralysis": 0.29004693031311035, "hearing aids": 0.2883486747741699, "vestibular therapy": 0.28463858366012573, "sudden hearing": 0.2846141755580902, "vestibular schwannoma": 0.273987352848053, "surgeons": 0.26830506324768066, "facial paralysis": 0.26781564950942993, "ear infection": 0.2677687108516693, "diagnosed": 0.2598351240158081, "surgeon": 0.25941357016563416, "facial nerve": 0.2567565143108368, "hearing aid": 0.25380969047546387, "severe": 0.24850501120090485, "icu": 0.2447415292263031, "benign": 0.24264667928218842, "medial fossa": 0.242540180683136, "numbness": 0.24163711071014404, "physical therapy": 0.23876208066940308, "tumors": 0.23869377374649048, "bell palsy": 0.23825842142105103, "paralyzed": 0.234535813331604, "was diagnosed": 0.2339019924402237}, "1": {"pulsatile tinnitus": 0.5944984555244446, "tinnitus": 0.5705446004867554, "loss and tinnitus": 0.5541508197784424, "hearing loss": 0.5221681594848633, "deafness": 0.4490719735622406, "hearing test": 0.4370235502719879, "mris": 0.4253268837928772, "mri": 0.4234580993652344, "hearing aids": 0.42013001441955566, "sudden hearing": 0.40989750623703003, "affected ear": 0.4098252058029175, "ear infection": 0.3970021605491638, "cochlear": 0.39568039774894714, "inner ear": 0.3926324248313904, "vestibular": 0.3884062170982361, "hearing aid": 0.38723790645599365, "vestibular nerve": 0.38704341650009155, "neuroma": 0.37385404109954834, "neurologist": 0.3699815273284912, "hearing": 0.3683183491230011, "brain tumor": 0.3676743507385254, "mri with contrast": 0.3649277687072754, "tumour": 0.3633875250816345, "completely deaf": 0.36083078384399414, "vestibular schwannoma": 0.3550373315811157, "moderate hearing": 0.3542712330818176, "deaf": 0.3531428873538971, "left ear": 0.3389585018157959, "vertigo": 0.3388223648071289, "dizziness": 0.33151060342788696, "ear": 0.3289914131164551, "ringing": 0.3196655511856079, "ear canal": 0.31559449434280396, "dizzy spells": 0.3090484142303467, "right ear": 0.3078041672706604, "diagnosed": 0.2968711853027344, "facial numbness": 0.2944856882095337, "diagnosis": 0.2944033443927765, "acoustic neuroma": 0.2866300344467163, "ears": 0.28609371185302734, "dizzy": 0.2829520106315613, "facial twitching": 0.2781655490398407, "headaches": 0.2771000862121582, "tingling": 0.27358636260032654, "palsy": 0.27099302411079407, "vestibular therapy": 0.26843979954719543, "tumor": 0.2676714062690735, "symptoms": 0.2662765681743622, "both ears": 0.2635565996170044, "facial paralysis": 0.25845903158187866}}