{"c_v": 0.38043485902180474, "c_npmi": -0.2459848771326408, "u_mass": -5.042708791488834, "c_uci": -8.03055555493475}