{"0": {"diagnosed with sma": 0.5294798612594604, "sma patients": 0.4747255742549896, "sma community": 0.45717132091522217, "sma type": 0.44715672731399536, "sma": 0.44483423233032227, "cure sma": 0.44453102350234985, "types of sma": 0.4379127323627472, "carer": 0.3058568835258484, "people with disabilities": 0.27243682742118835, "month old": 0.2720939517021179, "disability": 0.2686191201210022, "disabilities": 0.25897377729415894, "muscular dystrophy": 0.2446122169494629, "carers": 0.24459686875343323, "diagnosed": 0.23951785266399384, "feeding": 0.2341093122959137, "caregivers": 0.22258242964744568, "nhs": 0.21600328385829926, "support": 0.21548940241336823, "disabled": 0.21542799472808838, "was diagnosed": 0.21535459160804749, "any questions": 0.2066715657711029, "stem cell": 0.2063789665699005, "atrophy": 0.20383553206920624, "anybody": 0.2037234902381897, "protein levels": 0.20218512415885925, "parents who": 0.20215053856372833, "older patients": 0.19941119849681854, "anyone who": 0.19706064462661743, "has anyone": 0.19672009348869324, "does anyone": 0.19515404105186462, "assistance": 0.19445914030075073, "cohort": 0.19254058599472046, "hi all": 0.1912233531475067, "someone who": 0.18722103536128998, "join": 0.18617427349090576, "hi everyone": 0.18467898666858673, "stem cells": 0.18246696889400482, "anyone": 0.18240714073181152, "hello everyone": 0.1823098063468933, "ct scan": 0.1813623160123825, "research study": 0.18089443445205688, "smn gene": 0.17959538102149963, "spinal fluid": 0.17903101444244385, "smn protein": 0.17836621403694153, "advocacy groups": 0.17815673351287842, "mg kg": 0.17613130807876587, "dosage": 0.17138054966926575, "supplements": 0.17066670954227448, "helping": 0.1702307164669037}, "1": {"lumbar": 0.3605886697769165, "physical therapy": 0.355928510427475, "spinal muscular": 0.3491469621658325, "lumbar puncture": 0.3371540904045105, "back pain": 0.3314034938812256, "neuromuscular": 0.30508410930633545, "muscular dystrophy": 0.3046056926250458, "spinal": 0.3017910122871399, "neurologist": 0.29950302839279175, "scoliosis": 0.2989516854286194, "spinal fluid": 0.2979269325733185, "injections": 0.2976035177707672, "my neurologist": 0.29047465324401855, "lidocaine": 0.2834945321083069, "atrophy": 0.28016456961631775, "cure sma": 0.27334535121917725, "severe": 0.2728314995765686, "spinal cord": 0.2609561085700989, "muscle strength": 0.25597697496414185, "spinal tap": 0.25543126463890076, "exercises": 0.2529304027557373, "types of sma": 0.2529148757457733, "neuro": 0.2516271770000458, "ct scan": 0.2506313920021057, "nerve": 0.24950581789016724, "muscle loss": 0.24799375236034393, "diagnosed with sma": 0.24565152823925018, "surgery": 0.24386870861053467, "lower back": 0.24024055898189545, "first injection": 0.23989787697792053, "memory foam": 0.2397402822971344, "discomfort": 0.2392004281282425, "sma patients": 0.23825781047344208, "pain": 0.23572330176830292, "disability": 0.23506799340248108, "my doctor": 0.2337205410003662, "spinal fusion": 0.23246878385543823, "neurology": 0.23218293488025665, "symptoms": 0.22992214560508728, "supplements": 0.22928915917873383, "wheelchair": 0.223791241645813, "upper body": 0.22241488099098206, "my legs": 0.22097179293632507, "my arms": 0.2198653221130371, "muscular": 0.2193385362625122, "diagnosed": 0.21695424616336823, "muscle mass": 0.21611805260181427, "therapies": 0.21369627118110657, "sma type": 0.21295589208602905, "painful": 0.2125607430934906}, "2": {"cure sma": 0.36306241154670715, "fda approval": 0.34022170305252075, "diagnosed with sma": 0.3376176655292511, "sma patients": 0.33616235852241516, "types of sma": 0.298188716173172, "sma type": 0.2791547179222107, "gene therapy": 0.27821290493011475, "sma": 0.2632579505443573, "nhs": 0.25824081897735596, "fda": 0.25702929496765137, "therapies": 0.2539645731449127, "treatments": 0.2452709823846817, "treatment": 0.23669829964637756, "sma community": 0.23654255270957947, "genetic testing": 0.23067060112953186, "these treatments": 0.22654256224632263, "patients": 0.22228500247001648, "clinical trials": 0.22064077854156494, "mda": 0.21304792165756226, "stem cell": 0.21157702803611755, "genetic": 0.21003979444503784, "dosage": 0.2096618413925171, "smn gene": 0.20853760838508606, "injections": 0.20749406516551971, "clinical trial": 0.20555859804153442, "stem cells": 0.20477406680583954, "treated with zolgensma": 0.2041095793247223, "dosing": 0.2035571038722992, "approved": 0.19974634051322937, "neuromuscular": 0.19661244750022888, "medications": 0.1944650411605835, "muscular dystrophy": 0.19289246201515198, "therapy": 0.1919676661491394, "got approved": 0.19117416441440582, "first dose": 0.18949738144874573, "older patients": 0.18888089060783386, "screening": 0.18850505352020264, "oral drug": 0.1881963312625885, "supplements": 0.18803051114082336, "great news": 0.18802407383918762, "injected": 0.1879299283027649, "medication": 0.1872217357158661, "treated": 0.18559016287326813, "disease progression": 0.18516111373901367, "insurance companies": 0.18495780229568481, "tested": 0.1841641515493393, "research study": 0.18267226219177246, "administered": 0.18110370635986328, "first injection": 0.18038585782051086, "diagnosed": 0.17972709238529205}, "3": {"diagnosed with sma": 0.44240790605545044, "sma patients": 0.4286213517189026, "cure sma": 0.413204550743103, "sma type": 0.40602946281433105, "types of sma": 0.38964617252349854, "sma": 0.3656119108200073, "sma community": 0.3566209673881531, "month old": 0.33053016662597656, "gene therapy": 0.28938961029052734, "diagnosed": 0.2889155149459839, "disabilities": 0.27248722314834595, "muscular dystrophy": 0.26963016390800476, "genetic": 0.2644554376602173, "disability": 0.2631063461303711, "people with disabilities": 0.2580292820930481, "carer": 0.2567961812019348, "stem cell": 0.2562863528728485, "months old": 0.2532849609851837, "infants": 0.2519381642341614, "genetic testing": 0.25028181076049805, "atrophy": 0.24508066475391388, "smn gene": 0.2440411001443863, "carers": 0.2413211166858673, "babies": 0.2358483076095581, "therapies": 0.23409658670425415, "was diagnosed": 0.23290978372097015, "mutation": 0.23171859979629517, "stem cells": 0.23146235942840576, "caregivers": 0.23049545288085938, "degeneration": 0.22716304659843445, "gene": 0.22509987652301788, "hospital bed": 0.2238696813583374, "smn genes": 0.22362004220485687, "children hospital": 0.22293125092983246, "disabled": 0.22234825789928436, "hospital": 0.2197311967611313, "disease progression": 0.21768410503864288, "life expectancy": 0.21482855081558228, "older patients": 0.2141634225845337, "baby": 0.21206775307655334, "nhs": 0.21187010407447815, "spinal fluid": 0.20996254682540894, "carrier": 0.2099255621433258, "scoliosis": 0.20990101993083954, "treatments": 0.20946207642555237, "severe": 0.20697230100631714, "spinal": 0.2067561149597168, "physical therapy": 0.2060178965330124, "neurology": 0.20529744029045105, "patients": 0.20518827438354492}}