{"0": {"orthopedic": 0.33825522661209106, "ankle braces": 0.33255869150161743, "ankle brace": 0.3306162655353546, "leg cramps": 0.3302675187587738, "ankle foot": 0.3230721056461334, "weak ankles": 0.3222852349281311, "joint pain": 0.3152037262916565, "left ankle": 0.3136991858482361, "neuropathic pain": 0.31120485067367554, "achilles tendon": 0.3101927638053894, "muscle cramps": 0.30461055040359497, "arthritis": 0.30441462993621826, "cmt patients": 0.3033510148525238, "leg braces": 0.297717809677124, "ankle": 0.2896428108215332, "ankle support": 0.28799399733543396, "neuromuscular disorders": 0.28431785106658936, "feet and ankles": 0.2840965688228607, "chronic pain": 0.2839936316013336, "cmt center": 0.2827768623828888, "orthopedic surgeon": 0.28264108300209045, "neuromuscular diseases": 0.2807617485523224, "muscular atrophy": 0.28026676177978516, "muscular dystrophy": 0.28007763624191284, "cmt clinic": 0.2797035574913025, "leg muscles": 0.2769518494606018, "hip pain": 0.2766379714012146, "nerve pain": 0.27312344312667847, "scoliosis": 0.2719135880470276, "central nervous": 0.26972585916519165, "plantar fasciitis": 0.2693544626235962, "sore muscles": 0.2678665816783905, "restless leg": 0.26685014367103577, "recently diagnosed": 0.2651025652885437, "got diagnosed": 0.2644588351249695, "ankles": 0.2643938958644867, "forms of cmt": 0.26238447427749634, "pain medication": 0.26147860288619995, "neurological disease": 0.26140981912612915, "cmtx": 0.2612188756465912, "podiatrist": 0.2600247263908386, "tunnel syndrome": 0.2584121823310852, "hereditary neuropathy": 0.25829869508743286, "left leg": 0.25813525915145874, "multiple sclerosis": 0.25738728046417236, "neuromuscular": 0.25558924674987793, "muscle atrophy": 0.2551480233669281, "muscle spasms": 0.2549922466278076, "spinal cord": 0.25326916575431824, "newly diagnosed": 0.25176700949668884}, "1": {"small celebrations": 0.38929957151412964, "nerves small": 0.30556780099868774, "friday feelings": 0.30041375756263733, "this week": 0.26412123441696167, "small irritations": 0.2620566785335541, "last week": 0.25756680965423584, "irritations weekly": 0.24551476538181305, "few days": 0.2455066442489624, "past week": 0.24207761883735657, "little things": 0.2420261800289154, "weekend": 0.23576867580413818, "small fiber": 0.22971849143505096, "few weeks": 0.22759076952934265, "way victories": 0.22610870003700256, "friday": 0.22409659624099731, "today": 0.22109852731227875, "muscle weakness": 0.22093205153942108, "small": 0.21968597173690796, "tiny": 0.21959295868873596, "next week": 0.21772435307502747, "couple of weeks": 0.21637393534183502, "little bit": 0.21448242664337158, "couple weeks": 0.21389275789260864, "yesterday": 0.21321120858192444, "victories": 0.21253474056720734, "short period": 0.21039918065071106, "three weeks": 0.2089586853981018, "daily tasks": 0.20801407098770142, "weekly": 0.206417515873909, "week": 0.203537717461586, "weekly thread": 0.20070096850395203, "celebrations": 0.20054876804351807, "some days": 0.2003118395805359, "weak ankles": 0.19977888464927673, "weeks": 0.19975638389587402, "mg day": 0.19593539834022522, "feel better": 0.1955319344997406, "days ago": 0.19332846999168396, "weeks ago": 0.1903141438961029, "sore muscles": 0.19029365479946136, "two weeks": 0.18978190422058105, "thread for the little": 0.18966886401176453, "day to day": 0.18862232565879822, "per week": 0.1885462999343872, "exercise routine": 0.18703466653823853, "last month": 0.18483608961105347, "next day": 0.18472066521644592, "days": 0.18410935997962952, "times week": 0.18397974967956543, "central nervous": 0.18371640145778656}}