{"c_v": 0.4426875381353868, "c_npmi": -0.40571200530204216, "u_mass": -10.364402364961858, "c_uci": -11.623744886608346}