{"0": {"positive diagnosis": 0.3604664206504822, "genetic test": 0.3330654203891754, "genetic testing": 0.32812947034835815, "got diagnosed": 0.32506340742111206, "prenatal testing": 0.3097319006919861, "test positive": 0.3043423295021057, "recently diagnosed": 0.3034730851650238, "huntington disease": 0.29767125844955444, "been diagnosed": 0.2958713471889496, "genetic diseases": 0.2944521903991699, "was diagnosed": 0.28508853912353516, "gene positive": 0.28482306003570557, "tested positive": 0.2834468185901642, "mother died": 0.2830781638622284, "diagnosis": 0.2820413112640381, "diagnosed": 0.28165438771247864, "terminal illness": 0.28154730796813965, "genetics clinic": 0.280650794506073, "blood test": 0.27924442291259766, "huntingtons disease": 0.2780047059059143, "diagnoses": 0.2741955518722534, "clinical trial": 0.27129247784614563, "genetic counseling": 0.26987093687057495, "gene negative": 0.2691662311553955, "horrible disease": 0.268612802028656, "clinical trials": 0.2659628689289093, "gene therapy": 0.26510122418403625, "awful disease": 0.264961302280426, "tested negative": 0.2604767084121704, "genetic counselling": 0.25514736771583557, "grandmother passed": 0.25480031967163086, "getting tested": 0.25457456707954407, "depression anxiety": 0.25452905893325806, "my grandma": 0.25383275747299194, "official diagnosis": 0.253385990858078, "dad died": 0.25226569175720215, "my grandmother": 0.25160646438598633, "affected parent": 0.24882271885871887, "test the embryos": 0.2462981641292572, "genetic counsellor": 0.24531462788581848, "depression and anxiety": 0.2430357038974762, "my mom": 0.2409566193819046, "anxiety and depression": 0.23985835909843445, "cancer": 0.23983997106552124, "illness": 0.23801420629024506, "got tested": 0.23658648133277893, "my mother": 0.23584121465682983, "test results": 0.23572757840156555, "get tested": 0.23561334609985352, "gotten tested": 0.2352275848388672}, "1": {"huntington disease": 0.6647053956985474, "huntingtons disease": 0.6334420442581177, "symptom hunting": 0.4183806777000427, "horrible disease": 0.4014738202095032, "awful disease": 0.3861996829509735, "huntingtin gene": 0.38313812017440796, "huntington": 0.3753204643726349, "huntington society": 0.36258310079574585, "disease progression": 0.35629841685295105, "mutant huntingtin": 0.3546932339668274, "disease": 0.35228586196899414, "genetic diseases": 0.3508947491645813, "terminal illness": 0.34372103214263916, "huntingtons": 0.33856600522994995, "diseases": 0.3356647491455078, "find cure": 0.3303801417350769, "illness": 0.3225354850292206, "getting sick": 0.29422324895858765, "mental illness": 0.2906227707862854, "medical marijuana": 0.28332099318504333, "recently diagnosed": 0.2826296091079712, "huntingtin": 0.2798880338668823, "cancer": 0.27524834871292114, "hd patients": 0.2736835181713104, "huntingtin protein": 0.27247902750968933, "cure": 0.26972392201423645, "genetics clinic": 0.267875075340271, "vaccine": 0.2671998143196106, "got diagnosed": 0.2666550874710083, "become symptomatic": 0.26310786604881287, "pre symptomatic": 0.26110488176345825, "gene therapy": 0.25873488187789917, "was diagnosed": 0.25861939787864685, "skin cancer": 0.25794652104377747, "cures": 0.25680598616600037, "genetic counseling": 0.2537257969379425, "genetic counselling": 0.25352713465690613, "bipolar disorder": 0.25101929903030396, "see neurologist": 0.2506016492843628, "been diagnosed": 0.24842984974384308, "ill": 0.2467692643404007, "mental health": 0.2444460093975067, "lung cancer": 0.24230915307998657, "medical advances": 0.24224844574928284, "drug trials": 0.24207457900047302, "dementia": 0.24039870500564575, "new drug": 0.24033457040786743, "hospice": 0.2396763265132904, "genetic counsellor": 0.2390822172164917, "disorders": 0.2389625906944275}, "2": {"gene therapy": 0.2853185534477234, "huntington disease": 0.2736007571220398, "huntingtons disease": 0.2678946256637573, "find cure": 0.2533004879951477, "genetic diseases": 0.2411694973707199, "huntingtin gene": 0.23508378863334656, "drug trials": 0.23463144898414612, "genetics clinic": 0.23093388974666595, "genetic testing": 0.2308008074760437, "medical marijuana": 0.23015815019607544, "gene positive": 0.22860410809516907, "disease progression": 0.2269282341003418, "preimplantation genetic": 0.2259407937526703, "medical advances": 0.225615456700325, "brain cells": 0.22176942229270935, "neurons": 0.21633407473564148, "new drug": 0.214042529463768, "genetic test": 0.20641618967056274, "awful disease": 0.2021256387233734, "neurology": 0.20134848356246948, "horrible disease": 0.19985347986221313, "gene negative": 0.1949591487646103, "recently diagnosed": 0.19273832440376282, "positive diagnosis": 0.18765532970428467, "effective treatment": 0.18555906414985657, "huntingtin protein": 0.1840096116065979, "carry the gene": 0.1834365427494049, "cure": 0.18125015497207642, "medical history": 0.1808139979839325, "brain barrier": 0.1805393248796463, "cancer": 0.18041910231113434, "genetic information": 0.17854249477386475, "good news": 0.17643415927886963, "clinical trial": 0.17641080915927887, "skin cancer": 0.17590901255607605, "neurologist": 0.17481744289398193, "clinical trials": 0.17441879212856293, "neurological": 0.1738613247871399, "terminal illness": 0.17251665890216827, "medicine": 0.1724460870027542, "see neurologist": 0.17152848839759827, "faulty gene": 0.17117412388324738, "mutant huntingtin": 0.17075161635875702, "scientific": 0.1689680516719818, "researched": 0.16807791590690613, "medical field": 0.16563120484352112, "genetic counseling": 0.16458359360694885, "cures": 0.1634429395198822, "research": 0.16295330226421356, "lung cancer": 0.1607467085123062}, "3": {"hdsa org": 0.5848217010498047, "ivf pgd": 0.5711930394172668, "pgd ivf": 0.5644575357437134, "hd community": 0.5449934601783752, "ivf": 0.5388943552970886, "delayed onset": 0.520697832107544, "hdsa": 0.5205889940261841, "late onset": 0.5173273086547852, "meds": 0.5136513113975525, "hiv": 0.5134337544441223, "fda": 0.5110032558441162, "juvenile hd": 0.5096817016601562, "reaching out": 0.5083016157150269, "amp": 0.5058513283729553, "attributed": 0.5039874315261841, "encourage": 0.5037363171577454, "encouraged": 0.5017427206039429, "attending": 0.5013697147369385, "subreddit": 0.500873863697052, "overwhelmed": 0.5004823207855225, "reaching": 0.498989999294281, "ivf with pgd": 0.49832266569137573, "hdbuzz": 0.4981648325920105, "encouragement": 0.4965132176876068, "gives": 0.49189943075180054, "overwhelming": 0.4896872639656067, "referred": 0.48946744203567505, "rant": 0.4891127049922943, "brought up": 0.4885190427303314, "local hdsa": 0.4884028434753418, "enroll hd": 0.48817676305770874, "onto": 0.4876365065574646, "encouraging": 0.48585572838783264, "at": 0.485440194606781, "sub": 0.4841640591621399, "tends": 0.48353737592697144, "med": 0.4831644892692566, "pgd": 0.48233598470687866, "dna": 0.4816461205482483, "assumed": 0.47997361421585083, "twitch": 0.4794386625289917, "wish": 0.47766679525375366, "mention": 0.47681647539138794, "ive": 0.47577908635139465, "manifest": 0.474206805229187, "hdsa chapter": 0.4736939072608948, "brings": 0.47219136357307434, "mentioned": 0.4720606207847595, "postive": 0.47017037868499756, "gp": 0.46939754486083984}, "4": {"huntington disease": 0.36654019355773926, "huntingtons disease": 0.3458644151687622, "survey": 0.24198296666145325, "huntington": 0.2399635761976242, "research": 0.22611494362354279, "find cure": 0.2252797782421112, "hd patients": 0.22324800491333008, "huntington society": 0.22020293772220612, "researchers": 0.21728548407554626, "clinical trials": 0.2169172465801239, "researcher": 0.21447008848190308, "researched": 0.21299153566360474, "clinical trial": 0.2127726525068283, "huntingtons": 0.21130165457725525, "researching": 0.2079564779996872, "huntingtin gene": 0.20634765923023224, "symptom hunting": 0.2020857036113739, "genetic diseases": 0.19690167903900146, "genetic testing": 0.19496342539787292,