{"c_v": 0.31408652397141795, "c_npmi": -0.2872071960083499, "u_mass": -6.356333679869702, "c_uci": -8.615687017666737}