{"c_v": 0.29219554383270213, "c_npmi": -0.23226900629105454, "u_mass": -4.993716368098032, "c_uci": -7.111683094318198}