{"0": {"pectus excavatum": 0.567406177520752, "pectus carinatum": 0.5456804037094116, "chest muscles": 0.5314944386482239, "pectus": 0.5277829766273499, "chest pains": 0.4873794913291931, "chest": 0.4405013918876648, "pectus services": 0.4355640411376953, "lower ribs": 0.4256649315357208, "poor posture": 0.4236496090888977, "bad posture": 0.41602998971939087, "pectus joe": 0.4145873785018921, "chest wall": 0.4116819500923157, "sternum": 0.41122931241989136, "barrel chest": 0.4032260775566101, "your chest": 0.4026029109954834, "flared ribs": 0.3861813545227051, "scoliosis": 0.3806217312812805, "thoracic surgeon": 0.3733617663383484, "thoracic": 0.3725006878376007, "lower back": 0.36087796092033386, "upper back": 0.35848283767700195, "wall deformity": 0.35230088233947754, "back pain": 0.34830808639526367, "my chest": 0.3409920930862427, "posture": 0.3318396806716919, "breathing issues": 0.3179139494895935, "deformity": 0.3173820972442627, "protruding": 0.3170729875564575, "push ups": 0.3130751848220825, "th rib": 0.31217753887176514, "diagnosis": 0.31161564588546753, "corrective surgery": 0.3111625909805298, "exercise": 0.3064822256565094, "chests": 0.30530282855033875, "rib cage": 0.3044605255126953, "ct scan": 0.3038894832134247, "surgeries": 0.3007589280605316, "pull ups": 0.2983524799346924, "breast": 0.29555532336235046, "ribs": 0.2949413061141968, "upper body": 0.2933990955352783, "excersises": 0.2927391529083252, "ribcage": 0.2925126552581787, "exercises": 0.2881319224834442, "rib flare": 0.28786423802375793, "lung": 0.2875063717365265, "body building": 0.28560447692871094, "muscle mass": 0.2853184640407562, "very uncomfortable": 0.27998650074005127, "go to the gym": 0.27826356887817383}, "1": {"start bracing": 0.6326348185539246, "started bracing": 0.5831882953643799, "brace asap": 0.5717595219612122, "tried bracing": 0.5680781602859497, "bracing": 0.5379644632339478, "brace": 0.5307177305221558, "braces": 0.4682348370552063, "into bracing": 0.452501118183136, "braced": 0.41669976711273193, "bad posture": 0.39548811316490173, "trulife brace": 0.39333319664001465, "poor posture": 0.3850872218608856, "chest muscles": 0.37466520071029663, "joe brace": 0.3593146800994873, "chest pains": 0.3541548550128937, "posture": 0.3524513244628906, "scoliosis": 0.3452935218811035, "pressure sore": 0.31113338470458984, "breathing issues": 0.2888367772102356, "wall deformity": 0.28545239567756653, "bench press": 0.284078985452652, "corrective surgery": 0.2816828787326813, "tighten": 0.27520954608917236, "sleep paralysis": 0.2730199098587036, "stretch": 0.2729772925376892, "exercises": 0.2670714855194092, "flexibility": 0.26472389698028564, "trouble breathing": 0.2590530514717102, "building muscle": 0.2531593441963196, "chest wall": 0.252178430557251, "very uncomfortable": 0.25048187375068665, "dumbbell benchpress": 0.24916790425777435, "surgeries": 0.2485451102256775, "thoracic surgeon": 0.247501939535141, "exercise": 0.24742475152015686, "benchpress": 0.24681568145751953, "back pain": 0.2462439239025116, "bra": 0.24439693987369537, "sore": 0.23939159512519836, "any tips": 0.23902513086795807, "flared ribs": 0.23513394594192505, "need to wear": 0.2347228229045868, "any advice": 0.2333432137966156, "orthotics": 0.23107115924358368, "discomfort": 0.23094387352466583, "shortness of breath": 0.22987376153469086, "exercising": 0.22967249155044556, "chest": 0.22871899604797363, "build muscle": 0.22831586003303528, "how severe": 0.22660072147846222}, "2": {"start bracing": 0.49868136644363403, "brace asap": 0.47331181168556213, "pectus excavatum": 0.47251492738723755, "tried bracing": 0.458170086145401, "pectus carinatum": 0.4563486576080322, "brace": 0.45283621549606323, "pectus": 0.4405095875263214, "started bracing": 0.43918144702911377, "bad posture": 0.4321615695953369, "bracing": 0.43112432956695557, "poor posture": 0.4180123507976532, "braces": 0.40673595666885376, "pectus services": 0.4065636694431305, "trulife brace": 0.4036988615989685, "chest muscles": 0.39642536640167236, "posture": 0.38311904668807983, "scoliosis": 0.38047921657562256, "into bracing": 0.3696233630180359, "thoracic surgeon": 0.36912447214126587, "corrective surgery": 0.3584528863430023, "chest pains": 0.35175877809524536, "braced": 0.3306584656238556, "wall deformity": 0.32383325695991516, "pectus joe": 0.3189273774623871, "surgeries": 0.30551111698150635, "orthotics": 0.2976853847503662, "breathing issues": 0.29504919052124023, "chest wall": 0.2922699451446533, "flared ribs": 0.2875448167324066, "chest": 0.28213566541671753, "exercises": 0.2781364917755127, "very uncomfortable": 0.27652496099472046, "london orthotics": 0.2752506136894226, "lower ribs": 0.27509593963623047, "barrel chest": 0.2742541432380676, "deformity": 0.2736836075782776, "joe brace": 0.2711699604988098, "back pain": 0.2682825028896332, "thoracic": 0.2660093903541565, "lower back": 0.2645058035850525, "surgery": 0.2612887918949127, "sternum": 0.2593414783477783, "trouble breathing": 0.2535380721092224, "tighten": 0.25208956003189087, "your chest": 0.24969613552093506, "bone structure": 0.24741235375404358, "complications": 0.24614375829696655, "need to wear": 0.2430676817893982, "flexibility": 0.24301078915596008, "pressure sore": 0.24289432168006897}, "3": {"chest pains": 0.577919602394104, "poor posture": 0.5629523992538452, "bad posture": 0.5532656908035278, "chest muscles": 0.5194845795631409, "scoliosis": 0.4982667565345764, "lower ribs": 0.4899933338165283, "back pain": 0.4880779981613159, "lower back": 0.47005707025527954, "posture": 0.45038819313049316, "flared ribs": 0.4487844407558441, "sternum": 0.4437341094017029, "upper back": 0.4347822666168213, "thoracic": 0.41422030329704285, "chest": 0.4125995337963104, "your chest": 0.399428129196167, "diagnosis": 0.3957478702068329, "pains": 0.37999266386032104, "rib flare": 0.37613528966903687, "chest wall": 0.3747871518135071, "spine": 0.3739599585533142, "pectus excavatum": 0.36366355419158936, "very uncomfortable": 0.35669592022895813, "thoracic surgeon": 0.35435032844543457, "wall deformity": 0.35321593284606934, "shoulders": 0.3521120846271515, "barrel chest": 0.3493303656578064, "breathing issues": 0.34471049904823303, "protruding": 0.34104132652282715, "tried bracing": 0.3381662368774414, "shoulder": 0.3380547761917114, "upper body": 0.3368653655052185, "my chest": 0.33685797452926636, "deformity": 0.33536016941070557, "ribs": 0.335060179233551, "th rib": 0.3326643705368042, "pectus": 0.329723060131073, "rib cage": 0.329130619764328, "pectus carinatum": 0.3266087770462036, "discomfort": 0.3249635696411133, "ribcage": 0.3216729164123535, "was diagnosed": 0.32154905796051025, "diagnosed": 0.3146944046020508, "symptoms": 0.3141878545284271, "extra padding": 0.3136380612850189, "start bracing": 0.3108653128147125, "rib": 0.30978721380233765, "ct scan": 0.30812281370162964, "ribs stick": 0.3070636987686157, "uncomfortable": 0.3067982494831085, "trouble breathing": 0.30459025502204895}, "4": {"corrective surgery": 0.5774886012077332, "surgeries": 0.5685425400733948, "surgery": 0.5407980680465698, "surgical": 0.4889180064201355, "thoracic surgeon": 0.47966521978378296, "surgeons": 0.43875083327293396, "complications": 0.42827653884887695, "surgeon": 0.41948944330215454, "surgeon who": 0.3971916437149048, "pectus excavatum": 0.3743385672569275, "procedure done": 0.3659568428993225, "how severe": 0.3456094563007355, "specialist gave": 0.33699801564216614, "scoliosis": 0.3330663740634918, "appointment": 0.3323935866355896, "recovery": 0.3233391344547272, "back pain": 0.3178950250148773, "second opinion": 0.31724607944488525, "was diagnosed": 0.3142409920692444, "clinics": 0.31273138523101807, "diagnosis": 0.3096276521682739, "happy with the results": 0.3080514967441559, "flared ribs": 0.3063705563545227, "ravitch procedure": 0.2986951768398285, "ct scan": 0.29832008481025696, "patients": 0.29330599308013916, "very uncomfortable": 0.29138538241386414,