{"0": {"cold urticaria": 0.7128689289093018, "induced urticaria": 0.5665610432624817, "take an antihistamine": 0.5488079190254211, "urticaria": 0.5237728357315063, "aquagenic urticaria": 0.5203697085380554, "allergy": 0.5089994072914124, "allergy meds": 0.5022849440574646, "allergic reaction": 0.49621427059173584, "allergic reactions": 0.4951612949371338, "allergic": 0.47966957092285156, "allergies": 0.47873368859291077, "allergy medicine": 0.4755055904388428, "cold uticaria": 0.4749162197113037, "taking antihistamines": 0.4684160649776459, "allergy shots": 0.4667532742023468, "covered in hives": 0.4613550007343292, "antihistamine": 0.4552220106124878, "rash": 0.4494152069091797, "allergy medication": 0.4437505006790161, "antihistamines": 0.432353675365448, "allergy pills": 0.4261972904205322, "hives": 0.4132798910140991, "cold showers": 0.40432536602020264, "anaphylactic shock": 0.4021144509315491, "benadryl": 0.3960168957710266, "see doctor": 0.39051496982574463, "symptoms": 0.3882710933685303, "anaphylactic": 0.38689449429512024, "symptom": 0.3828919529914856, "stay warm": 0.38074779510498047, "anaphylaxis": 0.3791502118110657, "eczema": 0.37908947467803955, "cold": 0.373443603515625, "holding cold": 0.37300917506217957, "itchiness": 0.36466270685195923, "exposed skin": 0.36049309372901917, "rashes": 0.3603551983833313, "diagnosis": 0.35248279571533203, "autoimmune": 0.3443785309791565, "itchy": 0.34406739473342896, "cold weather": 0.3434513211250305, "itching": 0.3398183584213257, "hive": 0.33615842461586, "officially diagnosed": 0.3334011435508728, "immune system": 0.3301648497581482, "swelling": 0.3202342987060547, "allergist told": 0.3178446590900421, "dermatologist": 0.3160546123981476, "histamine": 0.3159305453300476, "sweating": 0.3113935589790344}, "1": {"hives": 0.7306395173072815, "covered in hives": 0.6930333375930786, "hive": 0.66229647397995, "allergy meds": 0.5102946758270264, "allergic": 0.48397111892700195, "allergy medicine": 0.4735904335975647, "induced urticaria": 0.46985331177711487, "allergic reaction": 0.4654011130332947, "allergic reactions": 0.46505263447761536, "allergy": 0.4617263078689575, "urticaria": 0.4457314908504486, "rash": 0.4430299401283264, "allergy medication": 0.4415901303291321, "aquagenic urticaria": 0.4406755566596985, "antihistamines": 0.43890076875686646, "take an antihistamine": 0.4371572732925415, "allergies": 0.4371487498283386, "allergy shots": 0.4370163083076477, "allergy pills": 0.4364328682422638, "antihistamine": 0.4291456937789917, "rashes": 0.4241374433040619, "taking antihistamines": 0.42342859506607056, "cold urticaria": 0.41519463062286377, "eczema": 0.4102603793144226, "benadryl": 0.3903113901615143, "itchiness": 0.3702693581581116, "anaphylaxis": 0.36007851362228394, "itchy": 0.3579410910606384, "treatment": 0.35775113105773926, "natural treatment": 0.3555031418800354, "itching": 0.34201115369796753, "dermatologist": 0.33891284465789795, "autoimmune": 0.3145913779735565, "histamine": 0.3105818033218384, "allergist": 0.3054696321487427, "meds": 0.302293062210083, "anaphylactic": 0.30151256918907166, "immune system": 0.2917291224002838, "itch": 0.2881232500076294, "cream": 0.2839915454387665, "cure": 0.2805783152580261, "immune": 0.2787386178970337, "your doctor": 0.2770496606826782, "allergist told": 0.27436888217926025, "skin": 0.26843395829200745, "see doctor": 0.2643384039402008, "officially diagnosed": 0.2591599225997925, "medications": 0.2576206922531128, "scratching": 0.25700315833091736, "prescribed": 0.2540954053401947}}