{"c_v": 0.2639934918371528, "c_npmi": -0.16072702307267792, "u_mass": -2.042337150347307, "c_uci": -4.581109226019366}