{"c_v": 0.37469952749349833, "c_npmi": -0.25872146137843505, "u_mass": -8.743062854199081, "c_uci": -8.207125560969214}