{"0": {"speech therapy": 0.34099048376083374, "traumatic mutism": 0.3374171853065491, "nonverbal communication": 0.3372235894203186, "social anxiety": 0.3300279974937439, "selective mutism": 0.3271840810775757, "speech therapist": 0.32538557052612305, "verbal communication": 0.3230898380279541, "diagnosed with autism": 0.32026514410972595, "communicate verbally": 0.31987276673316956, "selectively mute": 0.3176981210708618, "alternative communication": 0.31713706254959106, "elective mutism": 0.31161612272262573, "selective mutes": 0.3111985921859741, "talking to strangers": 0.30820080637931824, "able to talk": 0.30810365080833435, "talkative kid": 0.3055003881454468, "never talked": 0.30499446392059326, "talk to strangers": 0.30454790592193604, "anxiety disorders": 0.30393218994140625, "anxiety disorder": 0.3015357553958893, "social phobia": 0.2961869537830353, "socially awkward": 0.2955411672592163, "autism spectrum": 0.29435989260673523, "extreme shyness": 0.2929869294166565, "initiate conversation": 0.29283034801483154, "hold conversation": 0.2928047776222229, "initiating conversation": 0.2916158437728882, "socially anxious": 0.29048433899879456, "initiate conversations": 0.28937363624572754, "comfortable talking": 0.28603285551071167, "autistic traits": 0.2845584750175476, "unable to speak": 0.28258389234542847, "inability to speak": 0.2818180322647095, "very talkative": 0.28042709827423096, "able to communicate": 0.27996906638145447, "talkative person": 0.2795582413673401, "lack of speech": 0.27870115637779236, "social interaction": 0.2773209512233734, "autism": 0.2769642174243927, "diagnosed with sm": 0.276059627532959, "speech impediment": 0.2751654386520386, "speech pathologist": 0.27360695600509644, "introvert": 0.27309492230415344, "autistic": 0.2723267078399658, "ways to communicate": 0.2716708183288574, "anxiety inducing": 0.2700110971927643, "conversing": 0.2686680257320404, "incapable of speaking": 0.2678230404853821, "trouble talking": 0.2678176164627075, "personality disorder": 0.2671931982040405}, "1": {"job interview": 0.5450547933578491, "job interviews": 0.5441712141036987, "interview": 0.3891278803348541, "interviewer": 0.37900158762931824, "jobs": 0.36694344878196716, "interviews": 0.3568824827671051, "job": 0.34547093510627747, "career": 0.3161044716835022, "social worker": 0.2928609549999237, "co workers": 0.2764759957790375, "worker": 0.27097731828689575, "seek professional": 0.25911617279052734, "work": 0.2549777925014496, "coworkers": 0.2527092695236206, "workers": 0.24202656745910645, "staff": 0.24050763249397278, "start working": 0.24001920223236084, "nonverbal communication": 0.235291987657547, "manager": 0.23335781693458557, "my boss": 0.2278176248073578, "inability to speak": 0.2229377031326294, "unable to speak": 0.2205299437046051, "working": 0.2197149097919464, "never talked": 0.21784910559654236, "verbal communication": 0.2175162136554718, "communicate verbally": 0.21644964814186096, "overtime": 0.2156326025724411, "boss": 0.21415260434150696, "alternative communication": 0.2133428454399109, "been working": 0.2118622064590454, "initiating conversation": 0.20858293771743774, "initiate conversation": 0.20732256770133972, "able to talk": 0.20613934099674225, "initiate conversations": 0.20553267002105713, "incapable of speaking": 0.20310895144939423, "talkative person": 0.2029518187046051, "talking to strangers": 0.2010267823934555, "professional": 0.19937825202941895, "talk to strangers": 0.19868725538253784, "able to communicate": 0.19774600863456726, "lack of speech": 0.19626422226428986, "ways to communicate": 0.19609051942825317, "hold conversation": 0.1960223764181137, "functioning autism": 0.19533002376556396, "colleagues": 0.19521865248680115, "office": 0.1944808065891266, "ability to speak": 0.1937795877456665, "start talking": 0.19279059767723083, "trouble talking": 0.19219541549682617, "never spoke": 0.19064395129680634}}