{"0": {"faceblindness": 0.6556688547134399, "recognising faces": 0.6446012258529663, "peoples faces": 0.6252002716064453, "recognizing faces": 0.617975652217865, "bad at recognizing": 0.6022123694419861, "human faces": 0.5974290370941162, "visualize faces": 0.5947923064231873, "faceblind": 0.5922337770462036, "face blind": 0.5763911008834839, "bad with faces": 0.5646921396255493, "face recognition": 0.5606238842010498, "facial recognition": 0.557616651058197, "facial blindness": 0.5527734756469727, "faces": 0.5510627031326294, "face blindness": 0.5510319471359253, "facial expressions": 0.5502945184707642, "non faceblind": 0.5491807460784912, "own face": 0.5376850962638855, "facial expression": 0.534873366355896, "facial features": 0.5313460826873779, "faceblind org": 0.5287325978279114, "drawing faces": 0.5239479541778564, "their eyes": 0.5238868594169617, "remembering faces": 0.5238287448883057, "recall faces": 0.521049439907074, "face": 0.5175409317016602, "facial": 0.5120634436607361, "facial structure": 0.4955606460571289, "prosopamnesia": 0.4950562119483948, "trouble recognizing": 0.49442601203918457, "recognize myself": 0.493751585483551, "perception": 0.49189960956573486, "recognise myself": 0.4915449321269989, "look alike": 0.49029672145843506, "recognition issues": 0.48323580622673035, "difficulty recognizing": 0.4747816324234009, "trouble recognising": 0.4734865725040436, "mental image": 0.4705362021923065, "mind eye": 0.45950889587402344, "cannot recognise": 0.4579785466194153, "creepy": 0.4567038118839264, "eyes": 0.45669037103652954, "perceive": 0.4554937481880188, "faceblind podcast": 0.4505659341812134, "face swap": 0.449799120426178, "myself in the mirror": 0.44880160689353943, "pretend to know": 0.44856929779052734, "resemblance": 0.44745826721191406, "staring": 0.4467872083187103, "recognizing actors": 0.4462369978427887}, "1": {"faceblind podcast": 0.914708137512207, "podcast": 0.6651341915130615, "faceblind org": 0.6046713590621948, "faceblind": 0.5850263237953186, "non faceblind": 0.5750501751899719, "peoples faces": 0.5235217213630676, "faceblindness": 0.5035020112991333, "recognising faces": 0.500112771987915, "face": 0.4982324540615082, "faces": 0.4974859356880188, "audio": 0.4956406354904175, "human faces": 0.49279066920280457, "visualize faces": 0.48980897665023804, "descriptive audio": 0.48713862895965576, "facial": 0.4820471704006195, "recognizing faces": 0.48030194640159607, "own face": 0.4783315062522888, "facial expressions": 0.4694674015045166, "listening": 0.46585720777511597, "tv show": 0.46575719118118286, "listen": 0.46203625202178955, "voice etc": 0.46111851930618286, "drawing faces": 0.4603042006492615, "voice": 0.4600334167480469, "facial expression": 0.4542468190193176, "recognizing voices": 0.44736337661743164, "face recognition": 0.44684723019599915, "voices": 0.44156426191329956, "watch cartoons": 0.440118670463562, "documentary": 0.4340285658836365, "video": 0.4337575137615204, "youtube": 0.43141692876815796, "show": 0.43002086877822876, "facial recognition": 0.42997053265571594, "their voice": 0.42750513553619385, "cambridge face": 0.42652812600135803, "episode": 0.4254152476787567, "remembering faces": 0.4252769351005554, "face blind": 0.4246165156364441, "tv shows": 0.4160346984863281, "face swap": 0.41443508863449097, "episodes": 0.41414034366607666, "hear": 0.4129220247268677, "subreddit": 0.40983349084854126, "jim carrey": 0.408324658870697, "cartoons": 0.4074186086654663, "shows": 0.4069313704967499, "videos": 0.4054733216762543, "their voices": 0.4054182767868042, "facial features": 0.40432026982307434}}