{"c_v": 0.24251494269286245, "c_npmi": -0.222941623466069, "u_mass": -3.389906484398172, "c_uci": -6.6866084283995075}