{"0": {"diagnosed with prolactinoma": 0.4554002285003662, "thyroid hormones": 0.4475094676017761, "estrogen progesterone": 0.42214369773864746, "hormonal issues": 0.41370898485183716, "testosterone nmol": 0.41186028718948364, "thyroid issues": 0.4099142253398895, "hormone levels": 0.40989458560943604, "progesterone and estrogen": 0.40221619606018066, "elevate prolactin": 0.39867109060287476, "testosterone level": 0.3984963893890381, "low testosterone": 0.3962591290473938, "thyroid problems": 0.39385873079299927, "hormone replacement": 0.3932555317878723, "testosterone replacement": 0.3884854316711426, "elevated prolactin": 0.3880663216114044, "hormonal imbalances": 0.38786906003952026, "prolactin levels": 0.3877040147781372, "hormonal imbalance": 0.38749247789382935, "testosterone gel": 0.38727718591690063, "high prolactin": 0.38520845770835876, "menopausal": 0.38427266478538513, "oestradiol pmol": 0.38349220156669617, "subclinical hypothyroidism": 0.3833335041999817, "hormone imbalance": 0.3825211226940155, "testosterone bounced": 0.3812599182128906, "prolactin level": 0.3809231221675873, "high prolactine": 0.3807069659233093, "hormonal": 0.3788086771965027, "endometriosis": 0.3770458698272705, "hormonal changes": 0.37496381998062134, "hypothyroidism": 0.37310320138931274, "thyroid": 0.37224286794662476, "testosterone": 0.3683185577392578, "testosterone shots": 0.3673698604106903, "total testosterone": 0.3667071461677551, "suspected prolactinoma": 0.3654966652393341, "mm prolactinoma": 0.3652438819408417, "non hormonal": 0.36242204904556274, "hormonal birth": 0.3622298836708069, "other hormones": 0.35812056064605713, "secondary hypothyroidism": 0.35768288373947144, "testosterone injections": 0.35706308484077454, "hormones": 0.35537999868392944, "pituitary tumor": 0.35259193181991577, "dostinex mg": 0.35236406326293945, "hypothyroidism and secondary": 0.34800785779953003, "prescribed mg": 0.3439779281616211, "raise prolactin": 0.34364405274391174, "full hormone": 0.3424822688102722, "growth hormone": 0.342026025056839}, "1": {"weight loss": 0.49822181463241577, "losing weight": 0.48603761196136475, "lost weight": 0.4828053116798401, "lose weight": 0.4528259038925171, "gained weight": 0.4378914535045624, "weight gain": 0.43472951650619507, "gain weight": 0.4325408935546875, "gaining weight": 0.4132201671600342, "gained lbs": 0.3959794044494629, "calorie diet": 0.3911482095718384, "lost lbs": 0.3843154013156891, "thyroid issues": 0.3710383176803589, "calorie deficit": 0.368790864944458, "weight training": 0.36878353357315063, "diet and exercise": 0.3654244840145111, "loose weight": 0.36283475160598755, "overweight": 0.361061155796051, "thyroid hormones": 0.35959726572036743, "hormonal imbalances": 0.3595970869064331, "hormonal imbalance": 0.3573831021785736, "thyroid problems": 0.35397908091545105, "lost pounds": 0.3514689803123474, "weight lifting": 0.350896418094635, "belly fat": 0.35087668895721436, "gained pounds": 0.3478468060493469, "healthy diet": 0.3475428819656372, "being overweight": 0.3457714319229126, "metabolism": 0.3440893292427063, "hormone imbalance": 0.34212392568588257, "dieting": 0.339888334274292, "ton of weight": 0.32917243242263794, "body fat": 0.32773110270500183, "thyroid": 0.32165250182151794, "hormonal changes": 0.3135336935520172, "diagnosed with prolactinoma": 0.3125494718551636, "hormonal issues": 0.3125187158584595, "rapid weight": 0.3091340959072113, "hormone replacement": 0.30823615193367004, "testosterone replacement": 0.3032986521720886, "weight": 0.3027973473072052, "low calorie": 0.3019647002220154, "keto diet": 0.30034077167510986, "diet": 0.29799190163612366, "cholesterol": 0.2945377230644226, "thyroid panel": 0.28930336236953735, "thyroid function": 0.28757554292678833, "low testosterone": 0.2864812910556793, "estrogen progesterone": 0.2833307683467865, "menopausal": 0.27825504541397095, "hormone levels": 0.27710074186325073}, "2": {"elevate prolactin": 0.7755663394927979, "suspected prolactinoma": 0.7653495073318481, "mm prolactinoma": 0.7388316988945007, "elevated prolactin": 0.7255992293357849, "raise prolactin": 0.7244980335235596, "prolactinoma": 0.7135996222496033, "high prolactin": 0.7074106931686401, "prolactin": 0.6947660446166992, "prolactin level": 0.6924058198928833, "high prolactine": 0.689561128616333, "prolactinomas": 0.6886170506477356, "prolactine": 0.6770591735839844, "estrogen progesterone": 0.6693512201309204, "diagnosed with prolactinoma": 0.6646057367324829, "prolactin secreting": 0.6641053557395935, "taking cabergoline": 0.66060870885849, "prolactin levels": 0.6590365171432495, "progesterone": 0.6568806171417236, "pituitary adenoma": 0.6493716239929199, "giant prolactinoma": 0.6466434001922607, "pituitary adenomas": 0.6426059603691101, "menopausal": 0.6417793035507202, "estrogen": 0.6353497505187988, "delayed puberty": 0.6344552040100098, "macro prolactinoma": 0.6335631012916565, "infertile": 0.6327922940254211, "hypothyroidism": 0.6259276866912842, "pituitary stalk": 0.6229875087738037, "pituitary apoplexy": 0.6204130053520203, "endocrine": 0.619907796382904, "ovulate": 0.619192361831665, "pituitary gland": 0.6185249090194702, "adrenal glands": 0.6183640360832214, "endometriosis": 0.6163796186447144, "through menopause": 0.6163128018379211, "prescribed cabergoline": 0.6145151257514954, "hypothyroid": 0.61264967918396, "gynecomastia": 0.6106861233711243, "ovulating": 0.6076326966285706, "transsphenoidal": 0.6065154671669006, "ovarian cysts": 0.6060624122619629, "progesterone and estrogen": 0.6053340435028076, "pituitary": 0.6051074862480164, "ovulation": 0.6034672260284424, "adrenal insufficiencies": 0.6020010709762573, "prostate": 0.6000555753707886, "subclinical hypothyroidism": 0.5984058380126953, "androgens": 0.5947294235229492, "amenorrhea": 0.5946317315101624, "miscarriage": 0.593925416469574}}