{"c_v": 0.3801267477341231, "c_npmi": -0.18352006249000632, "u_mass": -5.174684162030657, "c_uci": -5.714801897882104}