{"c_v": 0.40115013449921366, "c_npmi": -0.28919522813155313, "u_mass": -9.727573878670967, "c_uci": -8.856049620410555}