{"c_v": 0.44356783383224835, "c_npmi": -0.2539728802855826, "u_mass": -11.831592317849399, "c_uci": -8.050293001530076}