{"0": {"eating fava": 0.512567937374115, "fava beans": 0.48080143332481384, "specific foods": 0.4791674017906189, "certain foods": 0.4738784730434418, "soy products": 0.4510512351989746, "kidney beans": 0.44270458817481995, "list of foods": 0.440712571144104, "different foods": 0.4373292922973633, "fava bean": 0.4343336224555969, "cannot eat": 0.42160725593566895, "soy": 0.4086388647556305, "food additives": 0.4080584943294525, "legumes": 0.40569302439689636, "eaten fava": 0.40476882457733154, "foods": 0.401992529630661, "soy milk": 0.39364781975746155, "soy lecithin": 0.3918238878250122, "protein powder": 0.3870941996574402, "diet": 0.37538301944732666, "supplement": 0.37040090560913086, "pd deficiency": 0.36409419775009155, "supplements": 0.36185550689697266, "pea protein": 0.35756099224090576, "protein shakes": 0.3558458089828491, "beans": 0.35428690910339355, "deficiency": 0.3448165953159332, "bean": 0.3404432535171509, "peas": 0.33642005920410156, "was diagnosed": 0.33021581172943115, "deficient": 0.32953065633773804, "soy sauce": 0.3290866017341614, "diagnosed with pd": 0.3285127878189087, "gluten free": 0.3282277584075928, "falafel": 0.32749804854393005, "haemolytic crisis": 0.3274455666542053, "hemolytic crisis": 0.32059958577156067, "iron supplements": 0.3162413239479065, "risk of hemolytic": 0.3121988773345947, "pd deficient": 0.3119022846221924, "pea flour": 0.31108224391937256, "peanuts": 0.31005316972732544, "green peas": 0.30991825461387634, "have eaten": 0.30936187505722046, "chick peas": 0.30651694536209106, "carbohydrates": 0.3028000593185425, "allergic": 0.302179753780365, "severe hemolytic": 0.30152207612991333, "can eat": 0.30049365758895874, "protein": 0.2988753914833069, "folate": 0.2974839210510254}, "1": {"diagnosed with pd": 0.6382856369018555, "pd deficiency": 0.6070421934127808, "pd deficient": 0.5065736174583435, "was diagnosed": 0.49572476744651794, "hemolytic crisis": 0.49009737372398376, "hemolytic anemia": 0.47952330112457275, "deficiency": 0.47911739349365234, "blood disorder": 0.47721701860427856, "individuals with pd": 0.4764626622200012, "severe hemolytic": 0.4710996448993683, "diagnosed": 0.4648457169532776, "anemia to individuals": 0.4593915343284607, "chronic hemolysis": 0.4545062780380249, "conclusive clinical": 0.41681861877441406, "anemia": 0.41600489616394043, "cause hemolysis": 0.4073989689350128, "risk of hemolytic": 0.393520712852478, "blood tests": 0.3814825415611267, "hemolysis appeared": 0.3789360523223877, "haemolytic crisis": 0.369307279586792, "hemolytic": 0.3665042519569397, "nonspherocytic hemolytic": 0.3664000332355499, "hemolytic episode": 0.36547115445137024, "people with pd": 0.36296892166137695, "deficient": 0.36103585362434387, "go to the hospital": 0.359923779964447, "my hematologist": 0.3589046597480774, "hematologist": 0.34856081008911133, "hemolysis": 0.3454922139644623, "symptoms": 0.3454524874687195, "patients": 0.3439594507217407, "iron supplements": 0.34193772077560425, "disease": 0.3417276442050934, "thalassemia": 0.34170448780059814, "clinical evidence": 0.33663439750671387, "beta thalassemia": 0.33376094698905945, "blood test": 0.33264297246932983, "illness": 0.3275483250617981, "trigger hemolysis": 0.32339829206466675, "treatment": 0.3221395015716553, "certain medicines": 0.3180585503578186, "your doctor": 0.3135119676589966, "symptom": 0.3066743016242981, "blood transfusions": 0.30029311776161194, "anemic": 0.2953072488307953, "blood transfusion": 0.28854885697364807, "hemoglobin": 0.28846850991249084, "required blood": 0.28840601444244385, "taking vitamin": 0.28266483545303345, "low dose": 0.2825559973716736}, "2": {"pd deficiency": 0.7767163515090942, "diagnosed with pd": 0.750349760055542, "pd deficient": 0.7101614475250244, "individuals with pd": 0.6536926031112671, "people with pd": 0.5253137946128845, "pd": 0.49246692657470703, "pdd": 0.46915608644485474, "disease": 0.460271954536438, "malaria": 0.4539030194282532, "deficiency": 0.4447016716003418, "conclusive clinical": 0.4411025643348694, "diagnosed": 0.418226420879364, "was diagnosed": 0.41448891162872314, "blood disorder": 0.3910459876060486, "hemolytic crisis": 0.39082926511764526, "clinical": 0.3835178315639496, "pd action": 0.38155269622802734, "deficient": 0.37912797927856445, "certain medicines": 0.3763924837112427, "patients": 0.3704851269721985, "hemolytic anemia": 0.37035900354385376, "clinical evidence": 0.36930662393569946, "treatment": 0.36181002855300903, "risk of hemolytic": 0.35578495264053345, "medicines": 0.3553047776222229, "covid": 0.3547954559326172, "severe hemolytic": 0.3516151010990143, "illness": 0.351214736700058, "anemia to individuals": 0.3480948209762573, "blood transfusions": 0.3426258862018585, "immune system": 0.34208351373672485, "fever": 0.33411455154418945, "haemolytic crisis": 0.32727789878845215, "hemolytic": 0.32039549946784973, "infection": 0.3187720775604248, "blood transfusion": 0.3160644471645355, "medications": 0.3158133029937744, "nonspherocytic hemolytic": 0.3121553063392639, "infections": 0.3105926215648651, "transfusions": 0.30996572971343994, "immune": 0.3071770668029785, "anemia": 0.30307912826538086, "hemolytic episode": 0.3026633560657501, "prescribed": 0.3002837896347046, "transfusion": 0.29500311613082886, "medication": 0.29486486315727234, "medicine": 0.29411405324935913, "thalassemia": 0.2854512333869934, "chronic hemolysis": 0.28435850143432617, "vaccines": 0.278140664100647}, "3": {"pfizer vaccine": 0.5972158908843994, "vaccine": 0.5564841032028198, "vaccines": 0.5493922233581543, "vaccinated": 0.5295229554176331, "vaccination": 0.504854142665863, "diagnosed with pd": 0.47979867458343506, "pd deficiency": 0.42154404520988464, "pd deficient": 0.39069467782974243, "individuals with pd": 0.381472647190094, "covid": 0.3583889901638031, "was diagnosed": 0.3583703935146332, "fever": 0.3571692109107971, "risk of hemolytic": 0.33935055136680603, "hemolytic crisis": 0.33340728282928467, "diagnosed": 0.3205372989177704, "immune system": 0.3197804093360901, "infection": 0.3171173930168152, "people with pd": 0.3164028525352478, "conclusive clinical": 0.31640172004699707, "immune": 0.31138867139816284, "malaria": 0.30994096398353577, "flu": 0.30967646837234497, "haemolytic crisis": 0.30302539467811584, "severe hemolytic": 0.3026139736175537, "disease": 0.30004483461380005, "infections": 0.29544657468795776, "patients": 0.2949182689189911, "certain medicines": 0.269020140171051, "illness": 0.26749277114868164, "trigger hemolysis": 0.2644702196121216, "virus": 0.2641746997833252, "nonspherocytic hemolytic": 0.2626379728317261, "shots": 0.26146507263183594, "prescribed": 0.2584381103515625, "blood transfusions": 0.258319228887558, "clinical": 0.2516435980796814, "deficiency": 0.24946372210979462, "severity": 0.24912415444850922, "blood transfusion": 0.2479555308818817, "pd": 0.24539783596992493, "hemolytic anemia": 0.244653582572937, "treatment": 0.24270014464855194, "deficient": 0.23999318480491638, "go to the hospital": 0.23897242546081543, "your doctor": 0.23833271861076355, "clinical evidence": 0.2376466989517212, "shot": 0.2343377023935318, "medicines": 0.23254257440567017, "allergy": 0.23156937956809998, "medications": 0.22940513491630554}}