{"c_v": 0.31485022236868565, "c_npmi": -0.15679330296808972, "u_mass": -1.9652573984154378, "c_uci": -5.277827115304042}