{"c_v": 0.3461620284150049, "c_npmi": -0.1871807291294524, "u_mass": -2.293500566989361, "c_uci": -6.156859442290797}