{"0": {"during chemo": 0.62009197473526, "my oncologist": 0.5902845859527588, "cancer": 0.5847334861755371, "cancers": 0.5811152458190918, "your oncologist": 0.5697339177131653, "oncologist said": 0.5670651197433472, "chemotherapy": 0.5511715412139893, "got diagnosed": 0.5365585088729858, "oncologist": 0.5324931144714355, "tumor": 0.5316411256790161, "recently diagnosed": 0.5198770761489868, "been diagnosed": 0.5161871314048767, "biopsy results": 0.5061684250831604, "diagnosed": 0.5025488138198853, "was diagnosed": 0.5023049116134644, "diagnosed with hodgkin": 0.4996674060821533, "start chemo": 0.4974439740180969, "cancer center": 0.49631184339523315, "breast cancer": 0.48987698554992676, "post chemo": 0.48299890756607056, "diagnosed with stage": 0.4812818169593811, "biopsy": 0.47984886169433594, "during treatment": 0.4771289825439453, "md lymphoma": 0.47028928995132446, "lymphoma": 0.4621666669845581, "diagnosed with hl": 0.4583486020565033, "hodgkin lymphoma": 0.45650991797447205, "been in remission": 0.44385355710983276, "patients": 0.4426906108856201, "patient": 0.44017931818962097, "hodgkins lymphoma": 0.43756967782974243, "ct scan": 0.43259644508361816, "cancer free": 0.43159306049346924, "clinical trials": 0.42325612902641296, "medical advice": 0.4105905294418335, "clinical": 0.40861672163009644, "patients who": 0.40529942512512207, "treatment": 0.40317195653915405, "see doctor": 0.402374804019928, "symptom": 0.40178918838500977, "your doctor": 0.3966178894042969, "scans": 0.39431238174438477, "doctor said": 0.39111047983169556, "treated": 0.38972896337509155, "treatments": 0.3862839639186859, "diagnosis": 0.3763587176799774, "other symptoms": 0.37099489569664, "therapy": 0.3696424663066864, "cure": 0.3669546842575073, "doc": 0.3657689094543457}, "1": {"symptom": 0.6034623980522156, "other symptoms": 0.5943725109100342, "diagnosed with hodgkin": 0.5786341428756714, "symptoms": 0.5711758732795715, "recently diagnosed": 0.5353601574897766, "swollen lymph": 0.5274096727371216, "been diagnosed": 0.5201236009597778, "diagnosed with hl": 0.516209602355957, "diagnosed": 0.5061761140823364, "hodgkin lymphoma": 0.5060858726501465, "hodgkins lymphoma": 0.5002747178077698, "was diagnosed": 0.4982348680496216, "diagnosed with stage": 0.49608710408210754, "got diagnosed": 0.4955230951309204, "md lymphoma": 0.47500449419021606, "lymphoma": 0.45956456661224365, "lymph node": 0.4547033905982971, "nausea meds": 0.45371925830841064, "my chest": 0.44796645641326904, "lymph nodes": 0.4404817223548889, "diagnosis": 0.4403170645236969, "swollen": 0.43697863817214966, "painful": 0.4327036142349243, "hurts": 0.43057864904403687, "my neck": 0.42734795808792114, "throat": 0.4257340729236603, "lump": 0.42269694805145264, "nausea": 0.42034733295440674, "pain": 0.41802114248275757, "my oncologist": 0.41093873977661133, "sore": 0.40362057089805603, "during chemo": 0.3999623656272888, "cancer": 0.3987939953804016, "neck": 0.3944926857948303, "chest": 0.3944586515426636, "tumor": 0.3929547965526581, "breast cancer": 0.39259815216064453, "cancers": 0.39139801263809204, "patients": 0.3892624080181122, "itchy": 0.38101983070373535, "see doctor": 0.37753379344940186, "lymph": 0.3748069405555725, "oncologist said": 0.37473827600479126, "biopsy results": 0.3686676025390625, "nodular sclerosis": 0.36740779876708984, "side effects": 0.36608678102493286, "doctor said": 0.3659532964229584, "patient": 0.36526402831077576, "during treatment": 0.36310911178588867, "anti nausea": 0.360973984003067}}