{"0": {"scleral lens": 0.6771745681762695, "scleral lense": 0.670468807220459, "scleral lenses": 0.6692051887512207, "lens intolerant": 0.6584001183509827, "eye patches": 0.6581088304519653, "eye patch": 0.6458658576011658, "operated eye": 0.6391615867614746, "sclera lens": 0.6374188661575317, "sceral lens": 0.6349663734436035, "schlera lens": 0.6346624493598938, "eyeglass prescription": 0.6338165998458862, "sceleral lens": 0.6328262090682983, "eye strain": 0.6303567886352539, "intraocular lens": 0.629938542842865, "lens wearers": 0.6199167966842651, "contact lens": 0.6178973913192749, "opthalmology": 0.6173751354217529, "lens wearer": 0.6165779829025269, "intra ocular": 0.6163811683654785, "scheral lenses": 0.6144181489944458, "lens assisted": 0.6134476661682129, "examined by an ophthalmologist": 0.6108102202415466, "contact lense": 0.6100295782089233, "eyeglasses": 0.6075260639190674, "lens holder": 0.6071875691413879, "lens": 0.6055604219436646, "sclearal lenses": 0.6051849126815796, "eyeglass": 0.6030193567276001, "cataracts": 0.6028406620025635, "sclera lenses": 0.6027835607528687, "eyedrops": 0.6007833480834961, "eyecare": 0.6004257202148438, "lens intolerance": 0.5989523530006409, "jupiter lenses": 0.5987452268600464, "eyelid": 0.5983317494392395, "contact lenses": 0.5948754549026489, "corrective lenses": 0.5945223569869995, "opthalmologist": 0.5944647192955017, "lense": 0.594244122505188, "opthalmologists": 0.5931097269058228, "vision corrections": 0.5927764773368835, "eyepatch": 0.5922399759292603, "ophthalmology": 0.5913039445877075, "eyedrop": 0.5908160209655762, "cataract surgery": 0.5897388458251953, "poor eyesight": 0.5888781547546387, "ophthalmic solution": 0.5868196487426758, "macular degeneration": 0.5852023363113403, "ophthalmic": 0.5845991373062134, "bandage lense": 0.5842481851577759}, "1": {"movie online": 0.7984852194786072, "movies online": 0.789840817451477, "movie streaming": 0.763615608215332, "film free": 0.7572276592254639, "streaming movie": 0.7506195306777954, "movie free": 0.7447311878204346, "free streaming": 0.7275949716567993, "watch online": 0.7181636095046997, "movie stream": 0.7181237936019897, "online streaming": 0.6880627870559692, "free watch": 0.6855546832084656, "movies watch": 0.6855176687240601, "movie watch": 0.6796234250068665, "streaming online": 0.6747152209281921, "online watch": 0.6724680662155151, "full movies": 0.6691421270370483, "movie download": 0.6674357652664185, "online dvd": 0.6630895137786865, "film stream": 0.6593636870384216, "watch movies": 0.6563670635223389, "streaming watch": 0.6479229927062988, "full movie": 0.6474825143814087, "full streaming": 0.6472688913345337, "link movie": 0.6448618173599243, "youtube watch": 0.6299116611480713, "show free": 0.6296297311782837, "play video": 0.6271331310272217, "playing video": 0.6225200891494751, "online free": 0.6169078350067139, "watching movies": 0.6155778169631958, "video link": 0.6155268549919128, "including movies": 0.6150668263435364, "episode online": 0.6129243969917297, "visit the film": 0.6047819256782532, "ted movies": 0.5966475009918213, "video": 0.596585750579834, "streaming": 0.5943191051483154, "video downloads": 0.5935734510421753, "video formats": 0.5908633470535278, "streaming inside": 0.5884994864463806, "ver online": 0.5865627527236938, "trailers and movies": 0.585724949836731, "online stream": 0.58558189868927, "world movies": 0.5806965231895447, "download watch": 0.5775115489959717, "watch jurassic": 0.5773043036460876, "hd movie": 0.5755891799926758, "movie lt": 0.5747756958007812, "movies official": 0.5724340677261353, "videos": 0.5697142481803894}, "2": {"free streaming": 0.48510533571243286, "movie free": 0.471973717212677, "watch online": 0.4652518033981323, "film free": 0.4625597298145294, "movies online": 0.4601372480392456, "youtube watch": 0.4517019987106323, "free watch": 0.4479195475578308, "videos on youtube": 0.44680941104888916, "show free": 0.4460591673851013, "movie online": 0.4412527084350586, "watch movies": 0.4355996251106262, "movie streaming": 0.4344029426574707, "video link": 0.43280714750289917, "streaming movie": 0.4281383156776428, "youtube videos": 0.42506521940231323, "full movies": 0.4239707589149475, "movies watch": 0.42351245880126953, "youtube video": 0.42284542322158813, "online streaming": 0.4175063669681549, "movie stream": 0.41676416993141174, "online free": 0.41595667600631714, "watching movies": 0.41529685258865356, "streaming online": 0.41425567865371704, "online watch": 0.405118465423584, "full streaming": 0.4017286002635956, "full free": 0.3977348506450653, "play video": 0.3926156759262085, "ver online": 0.39242053031921387, "link movie": 0.39180368185043335, "movie watch": 0.39158785343170166, "free to ask": 0.38874512910842896, "streaming watch": 0.3877007067203522, "playing video": 0.3875840902328491, "free download": 0.3845517635345459, "videos": 0.38285771012306213, "youtube": 0.38256755471229553, "full movie": 0.381353497505188, "watch jurassic": 0.37959688901901245, "online stream": 0.3791342079639435, "watch rangitaranga": 0.3764412999153137, "free stream": 0.37488019466400146, "free of charge": 0.3705269396305084, "movie download": 0.37040606141090393, "streaming inside": 0.36942416429519653, "world movies": 0.36901724338531494, "watching": 0.36520177125930786, "watch ted": 0.36501961946487427, "film stream": 0.3641124963760376, "free full": 0.36257946491241455, "stream online": 0.36030226945877075}}