{"c_v": 0.6458625540259569, "c_npmi": -0.09214204440357814, "u_mass": -6.649164522421529, "c_uci": -5.418472433140953}