{"c_v": 0.3297910607814407, "c_npmi": -0.2237505723469025, "u_mass": -2.733444222891694, "c_uci": -7.033652604666255}