{"0": {"arthritis": 0.4081704616546631, "see rheumatologist": 0.391745388507843, "rheumatoid arthritis": 0.3828737139701843, "symptoms": 0.37229132652282715, "symptom": 0.3640274405479431, "rheumatologist": 0.3637556731700897, "myositis": 0.3590417206287384, "joint pains": 0.3523004651069641, "joint pain": 0.350530207157135, "fibromyalgia": 0.3498145043849945, "psoriatic arthritis": 0.34938377141952515, "got diagnosed": 0.3460042476654053, "rheumatologists": 0.34299275279045105, "muscle pain": 0.33840370178222656, "main symptoms": 0.3328256607055664, "inflammation": 0.3310267925262451, "rheumatic diseases": 0.32596322894096375, "muscle spasms": 0.3232519030570984, "neurologist": 0.3169982433319092, "been diagnosed": 0.31619080901145935, "diagnosis": 0.31270208954811096, "neck pain": 0.31244975328445435, "newly diagnosed": 0.31240761280059814, "recently diagnosed": 0.3122801184654236, "swollen lymph": 0.3099500238895416, "rheumatoid": 0.30764132738113403, "shoulder pain": 0.3053402304649353, "chronic pain": 0.3040492534637451, "autoimmune disorder": 0.3009219765663147, "autoimmune disease": 0.3006300926208496, "rheumatology": 0.2995394766330719, "aches and pains": 0.2978160083293915, "definitive diagnosis": 0.2972705364227295, "was diagnosed": 0.2931658923625946, "diagnose": 0.29268479347229004, "autoimmune disorders": 0.2921249270439148, "polymyositis": 0.29109567403793335, "diagnoses": 0.2901841998100281, "rheumatic": 0.28946369886398315, "diagnosed": 0.28622448444366455, "rheumy": 0.28345686197280884, "lupus": 0.28334948420524597, "neurological": 0.28177452087402344, "chest pain": 0.2815926671028137, "inflammatory": 0.2781723737716675, "pain management": 0.276655912399292, "spasms": 0.27606451511383057, "raynauds": 0.2752123177051544, "syndrome": 0.2738518714904785, "chronic fatigue": 0.27292922139167786}, "1": {"symptoms": 0.296223908662796, "therapy": 0.2869778871536255, "got diagnosed": 0.2854825258255005, "depression": 0.2811030447483063, "chronic pain": 0.2756623327732086, "symptom": 0.26982417702674866, "newly diagnosed": 0.2680659294128418, "chronic fatigue": 0.26529139280319214, "chronic illness": 0.2634994387626648, "recently diagnosed": 0.2554103136062622, "therapist": 0.25294631719589233, "illnesses": 0.25213509798049927, "illness": 0.2485141158103943, "been diagnosed": 0.24752765893936157, "pain management": 0.24632547795772552, "fibromyalgia": 0.23652242124080658, "arthritis": 0.2350793480873108, "joint pains": 0.2344038188457489, "chest pain": 0.23390118777751923, "disorders": 0.23224171996116638, "pains": 0.23072552680969238, "diagnose": 0.23051905632019043, "medication": 0.22805874049663544, "disease": 0.22755368053913116, "joint pain": 0.22722315788269043, "anxiety": 0.22546935081481934, "meds": 0.2250506579875946, "diagnosis": 0.22494740784168243, "main symptoms": 0.22422364354133606, "diagnosed": 0.2240791618824005, "aches and pains": 0.22183077037334442, "muscle pain": 0.22163161635398865, "myositis": 0.22064408659934998, "psychiatrist": 0.21980908513069153, "med": 0.21936193108558655, "neurologist": 0.21883083879947662, "diagnoses": 0.21800807118415833, "was diagnosed": 0.2158067524433136, "health issues": 0.2147846221923828, "healing": 0.21434979140758514, "pain killers": 0.21418143808841705, "medications": 0.212429940700531, "mental health": 0.21172615885734558, "suffering": 0.2110922783613205, "new doctor": 0.2102690041065216, "disorder": 0.2091788351535797, "fatigue": 0.20894140005111694, "heal": 0.2084883451461792, "neck pain": 0.2084398716688156, "pain": 0.2080828845500946}, "2": {"taking plaquenil": 0.3963656425476074, "symptoms": 0.3352699279785156, "medication": 0.32050198316574097, "symptom": 0.31788986921310425, "myositis": 0.316844642162323, "cymbalta": 0.31607872247695923, "psoriatic arthritis": 0.31158867478370667, "side effects": 0.30493807792663574, "arthritis": 0.3044567406177521, "prescribed plaquenil": 0.3011596202850342, "rheumatoid arthritis": 0.29875287413597107, "medications": 0.28902703523635864, "any medication": 0.28007739782333374, "meds": 0.27973172068595886, "thyroid": 0.2773478925228119, "inflammation": 0.2763875722885132, "migraines": 0.27471426129341125, "hair loss": 0.27113568782806396, "main symptoms": 0.2650437355041504, "plaquenil": 0.2641812860965729, "med": 0.2558270990848541, "chronic fatigue": 0.2519378960132599, "side effect": 0.2512871026992798, "fibromyalgia": 0.25013718008995056, "leflunomide": 0.24950692057609558, "nausea": 0.24872368574142456, "omeprazole": 0.24727994203567505, "pain killers": 0.24507105350494385, "joint pains": 0.24486525356769562, "see rheumatologist": 0.24224945902824402, "chronic pain": 0.23992589116096497, "pain management": 0.23970216512680054, "aches and pains": 0.23943373560905457, "swelling": 0.23931840062141418, "rheumatoid": 0.23863360285758972, "medicine": 0.2383461892604828, "polymyositis": 0.23750317096710205, "autoimmune disorder": 0.2363191843032837, "low dose": 0.2352723628282547, "muscle pain": 0.2329474836587906, "neurologist": 0.23290687799453735, "autoimmune disease": 0.23275545239448547, "got diagnosed": 0.23272836208343506, "pains": 0.2325817048549652, "doses": 0.23221588134765625, "anti inflammatory": 0.23141880333423615, "autoimmune disorders": 0.2312062680721283, "joint pain": 0.22931823134422302, "lupus": 0.2270740568637848, "rheumatologist": 0.22596189379692078}, "3": {"poll for the community": 0.42349928617477417, "support groups": 0.35663914680480957, "community": 0.2984994649887085, "rheumatic diseases": 0.2927401661872864, "this community": 0.28726840019226074, "autoimmune diseases": 0.2778351306915283, "our community": 0.27715858817100525, "rheumatoid factor": 0.27612829208374023, "autoimmune disease": 0.27397674322128296, "rheumatic": 0.2732081413269043, "groups": 0.2682335078716278, "poll": 0.26735806465148926, "rheumatologists": 0.263261616230011, "autoimmune disorders": 0.2606983780860901, "rheumy": 0.2600194215774536, "autoimmune disorder": 0.25814664363861084, "mctd patients": 0.25768446922302246, "rheum": 0.25135451555252075, "autoimmune": 0.24973472952842712, "patients": 0.2489355057477951, "illnesses": 0.2479705959558487, "facebook groups": 0.24788600206375122, "rheumatoid": 0.2474984973669052, "rheumatology": 0.24740339815616608, "rheumatoid arthritis": 0.24691182374954224, "diseases": 0.24651430547237396, "rheumatologist": 0.24650722742080688, "group": 0.24282845854759216, "diagnosed with mctd": 0.241021066904068, "got diagnosed": 0.23393559455871582, "see rheumatologist": 0.23292049765586853, "polymyositis": 0.23258543014526367, "chronic illness": 0.2311004102230072, "syndrome": 0.23101302981376648, "illness": 0.2271132618188858, "disease": 0.2262328565120697, "medical team": 0.22607511281967163, "rare disease": 0.22556692361831665, "newly diagnosed": 0.22506913542747498, "lupus": 0.22271189093589783, "lots of people": 0.22117097675800323, "supportive": 0.22051860392093658, "myositis": 0.21728546917438507, "been diagnosed": 0.2172640860080719, "disease activity": 0.21708455681800842, "autoimmune conditions": 0.21675264835357666, "diagnosed with uctd": 0.21512095630168915, "many people": 0.21338076889514923, "diagnosed": 0.21272042393684387, "hi everyone": 0.2120436429977417}}