{"c_v": 0.645724692183187, "c_npmi": -0.22448610872050292, "u_mass": -1.9138313914703895, "c_uci": -6.605588379803566}