{"0": {"would love": 0.3714221715927124, "me": 0.3346426486968994, "who wants": 0.27094125747680664, "your": 0.2653898596763611, "same": 0.25540897250175476, "love": 0.25478595495224, "my": 0.2443254292011261, "you": 0.22745759785175323, "like": 0.22388765215873718, "am": 0.21114122867584229, "who": 0.20862078666687012, "what": 0.20491757988929749, "or": 0.18748334050178528, "good": 0.18658997118473053, "do": 0.18522462248802185, "get": 0.1832018792629242, "same time": 0.17969182133674622, "both": 0.17777542769908905, "hope": 0.1665368378162384, "just": 0.16434450447559357, "deleted his": 0.1562134325504303, "time": 0.15568464994430542, "if": 0.1550973653793335, "would": 0.15172091126441956, "some": 0.1509011685848236, "be": 0.15078005194664001, "how": 0.14978446066379547, "only": 0.1495465338230133, "for": 0.14872455596923828, "his account": 0.1484801173210144, "off": 0.1476721614599228, "not": 0.14751572906970978, "this": 0.1447419971227646, "as": 0.1432035118341446, "to": 0.14220145344734192, "post": 0.1418723464012146, "diphallia": 0.1408996433019638, "see": 0.14038997888565063, "out": 0.1402578055858612, "out there": 0.14013342559337616, "it": 0.13474926352500916, "again": 0.1316281259059906, "one": 0.13159455358982086, "any": 0.13049136102199554, "can": 0.1300540566444397, "that": 0.12910529971122742, "with": 0.1281050145626068, "them both": 0.12767939269542694, "real": 0.1267930120229721, "have": 0.12527741491794586}, "1": {"them both": 0.25195640325546265, "deleted his": 0.24929994344711304, "would love": 0.23363186419010162, "who": 0.2326716035604477, "both": 0.2306213229894638, "same": 0.22904841601848602, "this": 0.22578927874565125, "post": 0.21534788608551025, "same time": 0.20719018578529358, "who wants": 0.20315203070640564, "his account": 0.19993135333061218, "here": 0.19835872948169708, "again": 0.19686861336231232, "like": 0.19481000304222107, "that": 0.18170097470283508, "hope": 0.18152669072151184, "love": 0.17902567982673645, "one": 0.17584848403930664, "diphallia": 0.17574116587638855, "see": 0.1753179132938385, "good": 0.17180600762367249, "two": 0.16897064447402954, "his": 0.16821837425231934, "he": 0.1680711805820465, "not": 0.16015639901161194, "out": 0.15804116427898407, "it": 0.1561816781759262, "what": 0.1543307602405548, "me": 0.15295302867889404, "out there": 0.15082716941833496, "off": 0.15036413073539734, "if": 0.14859367907047272, "still": 0.14805737137794495, "did": 0.1476859301328659, "other": 0.14683115482330322, "time": 0.1463909149169922, "do": 0.14559826254844666, "get": 0.1439368724822998, "some": 0.14137393236160278, "would": 0.14062447845935822, "there": 0.134700208902359, "be": 0.13030029833316803, "them": 0.12869596481323242, "any": 0.1263403445482254, "as": 0.1255701184272766, "find": 0.12369173765182495, "or": 0.12303261458873749, "but": 0.11811530590057373, "you": 0.1141718402504921, "real": 0.11354298889636993}, "2": {"would love": 0.3957979083061218, "love": 0.3560231328010559, "same time": 0.29629456996917725, "hope": 0.2896035313606262, "your": 0.2895856499671936, "good": 0.28901493549346924, "time": 0.2888672947883606, "who wants": 0.26389366388320923, "am": 0.2632633447647095, "get": 0.2630895972251892, "like": 0.2540966868400574, "you": 0.24755117297172546, "again": 0.2470698058605194, "do": 0.23980796337127686, "just": 0.2364647090435028, "to": 0.23469123244285583, "same": 0.23277592658996582, "with": 0.23248335719108582, "me": 0.2287384271621704, "be": 0.2243303656578064, "out": 0.22183024883270264, "for": 0.21997949481010437, "my": 0.21639057993888855, "on": 0.21619457006454468, "off": 0.2059374749660492, "both": 0.18950454890727997, "still": 0.18944163620471954, "post": 0.1890023946762085, "more": 0.18813961744308472, "would": 0.18717604875564575, "see": 0.18678906559944153, "it": 0.18410564959049225, "did": 0.18348568677902222, "as": 0.18077319860458374, "but": 0.17867085337638855, "can": 0.1765701174736023, "at": 0.176393061876297, "his": 0.17476746439933777, "only": 0.17338114976882935, "real": 0.17316190898418427, "diphallia": 0.17313674092292786, "so": 0.16827212274074554, "this": 0.1651138961315155, "out there": 0.16295313835144043, "or": 0.16273841261863708, "have": 0.16146570444107056, "the": 0.1613987386226654, "are": 0.15611231327056885, "that": 0.15357258915901184, "in": 0.15303556621074677}}