{"0": {"dermatitis": 0.42989641427993774, "folliculitis": 0.40081673860549927, "acne": 0.35570865869522095, "accutane": 0.34594017267227173, "dermatologists": 0.3416200280189514, "dermatologist": 0.33977624773979187, "isotretinoin": 0.3287259042263031, "folliculitis decalvans": 0.32336997985839844, "dermatologist who": 0.32091543078422546, "follicles": 0.3158390522003174, "hair loss": 0.3140140473842621, "clindamycin topical": 0.31379085779190063, "scarring alopecia": 0.29799872636795044, "cicatricial alopecia": 0.2979907989501953, "follicle": 0.29587477445602417, "pimples": 0.29405075311660767, "topical clindamycin": 0.29250702261924744, "antibiotic": 0.2723190188407898, "topical treatment": 0.2715601623058319, "inflammation": 0.27137690782546997, "rifampin clindamycin": 0.27107909321784973, "itchy": 0.26889297366142273, "cellulitis": 0.26491692662239075, "antibiotics": 0.2633531391620636, "bald patches": 0.2564822733402252, "dissecting cellulitis": 0.25477272272109985, "medication": 0.25332412123680115, "alopecia": 0.24722778797149658, "my scalp": 0.24697014689445496, "oral antibiotics": 0.24547962844371796, "clindamycin": 0.24536702036857605, "treatments": 0.24512627720832825, "doxycycline": 0.24144776165485382, "derms": 0.24142947793006897, "bald spots": 0.24043399095535278, "benzoyl": 0.2398063838481903, "rifampicin": 0.23760583996772766, "cure": 0.2353285402059555, "symptoms": 0.23524725437164307, "got diagnosed": 0.23243305087089539, "scabs": 0.23166197538375854, "sores": 0.23152819275856018, "scalp": 0.22878120839595795, "itch": 0.2284010350704193, "minocycline": 0.22789175808429718, "anti inflammatory": 0.2247888743877411, "infection": 0.2240195870399475, "inflammatory": 0.22365131974220276, "itchiness": 0.22335542738437653, "minoxidil": 0.22183126211166382}, "1": {"scarring alopecia": 0.5359535217285156, "hair loss": 0.5271710157394409, "cicatricial alopecia": 0.48201045393943787, "follicles": 0.4680340886116028, "bald spots": 0.45327362418174744, "scalp": 0.4527028203010559, "alopecia": 0.44731059670448303, "my scalp": 0.4445379376411438, "hairloss": 0.4356885850429535, "bald patches": 0.42749935388565063, "follicle": 0.42395299673080444, "hair transplant": 0.42349302768707275, "hair removal": 0.41532471776008606, "dermatitis": 0.41420257091522217, "bald spot": 0.41413038969039917, "folliculitis": 0.37526941299438477, "laser hair": 0.3742547035217285, "hair grew": 0.3689919710159302, "hairs": 0.3663237690925598, "minoxidil": 0.3626464009284973, "dermatologist": 0.35761353373527527, "bald": 0.35602253675460815, "dermatologists": 0.35457801818847656, "dermatologist who": 0.3407987058162689, "pimples": 0.33029264211654663, "hair": 0.3100930452346802, "itchy": 0.30756333470344543, "grow back": 0.30716291069984436, "acne": 0.305142879486084, "folliculitis decalvans": 0.29527807235717773, "itch": 0.2878479063510895, "regrowth": 0.28292930126190186, "scars": 0.2779325842857361, "shampoo": 0.27757447957992554, "shampoos": 0.27728286385536194, "bumps": 0.2708028554916382, "scabs": 0.2664477825164795, "accutane": 0.26341670751571655, "scarring": 0.2633599638938904, "derms": 0.2615514397621155, "scar": 0.25393539667129517, "isotretinoin": 0.249159574508667, "grew back": 0.24758780002593994, "derm": 0.24549248814582825, "itchiness": 0.24513784050941467, "itching": 0.23928436636924744, "cellulitis": 0.236869215965271, "cln shampoo": 0.2314898669719696, "dissecting cellulitis": 0.23070093989372253, "topical treatment": 0.2215864360332489}}