{"c_v": 0.3546498052248481, "c_npmi": -0.08586131408413458, "u_mass": -1.0901272910501982, "c_uci": -2.4755558462357916}