{"c_v": 0.3618150592232334, "c_npmi": -0.32691097262755936, "u_mass": -8.083388310727157, "c_uci": -9.770759081655745}