{"0": {"hearing disorders": 0.5125461220741272, "auditory nerves": 0.49653682112693787, "auditory nerve": 0.4923561215400696, "loudness hyperacusis": 0.4800904393196106, "ear spasms": 0.4729294180870056, "hearing loss": 0.44529667496681213, "hearing damage": 0.44390374422073364, "acoustic traumas": 0.4406285583972931, "ear infections": 0.4400877356529236, "earache": 0.4398356080055237, "ear infection": 0.43896743655204773, "ear canal": 0.42876553535461426, "earaches": 0.4282217025756836, "ear canals": 0.4253101348876953, "acoustic trauma": 0.42367690801620483, "loudness discomfort": 0.42001789808273315, "auditory hallucinations": 0.4152786433696747, "muffled hearing": 0.41462376713752747, "ear drops": 0.4097415804862976, "acoustic neuroma": 0.4092555046081543, "hearing aids": 0.40891069173812866, "headphones earbuds": 0.408843994140625, "ear buds": 0.40702763199806213, "ear muffs": 0.40667665004730225, "eardrums": 0.4047755002975464, "ear wax": 0.3971981108188629, "my eardrums": 0.3958316445350647, "ear muscles": 0.39407509565353394, "acoustic shocks": 0.3931587338447571, "ear plugs": 0.39289259910583496, "noise injury": 0.391478568315506, "noise injuries": 0.3904972970485687, "eardrum": 0.39039933681488037, "sound desensitization": 0.38978666067123413, "ear plug": 0.388484388589859, "tympani syndrome": 0.3856668472290039, "acoustic shock": 0.3826397657394409, "left ear": 0.382422536611557, "ear fullness": 0.3821525573730469, "painfully loud": 0.38005754351615906, "healthy ears": 0.37700891494750977, "conductive hearing": 0.3768920302391052, "hearing aid": 0.37675002217292786, "headphones or earbuds": 0.37627992033958435, "sound sensitivity": 0.3755609393119812, "auditory reflex": 0.37522926926612854, "earplugs and earmuffs": 0.373049795627594, "earwax": 0.37204551696777344, "auditory rest": 0.3713381290435791, "hyperacusis sufferers": 0.37021100521087646}, "1": {"depression anxiety": 0.3374917209148407, "anxiety depression": 0.3350609540939331, "hyperacusis sufferers": 0.3200063407421112, "depression and anxiety": 0.31816980242729187, "anxiety and depression": 0.3126484453678131, "depression": 0.29607921838760376, "anxiety meds": 0.2878483831882477, "loudness hyperacusis": 0.28730693459510803, "commit suicide": 0.28531599044799805, "anxiety medication": 0.2773049473762512, "diagnosed with hyperacusis": 0.2750455439090729, "depressive": 0.2704588770866394, "acoustic traumas": 0.26896828413009644, "antidepressants": 0.26762378215789795, "hearing disorders": 0.2676134705543518, "sound therapy": 0.2666996121406555, "chronic illness": 0.2654098868370056, "antidepressant": 0.26097941398620605, "depressed": 0.25771790742874146, "acoustic trauma": 0.2576470971107483, "contemplating suicide": 0.25557518005371094, "assisted suicide": 0.2518142759799957, "induced hyperacusis": 0.25139766931533813, "noise therapy": 0.2510106563568115, "mental illness": 0.25064170360565186, "anti depressants": 0.24932542443275452, "tympani syndrome": 0.24846425652503967, "loudness discomfort": 0.24395844340324402, "hyperacusis": 0.23964142799377441, "terrible condition": 0.2387545257806778, "sorry to hear": 0.2386762946844101, "suicide": 0.23720040917396545, "syndrome ttts": 0.23714198172092438, "craniosacral therapy": 0.23419667780399323, "hypercusis": 0.23409420251846313, "mental health": 0.23249992728233337, "illnesses": 0.23013371229171753, "really sucks": 0.2290164679288864, "cancer drugs": 0.22816777229309082, "suicide prevention": 0.22762572765350342, "painfully loud": 0.22674429416656494, "stress and anxiety": 0.2264290750026703, "ototoxic medications": 0.226048082113266, "illness": 0.2255258411169052, "auditory nerves": 0.22524407505989075, "suicidal thoughts": 0.22491830587387085, "meniere disease": 0.2246091067790985, "harder to recover": 0.22416263818740845, "cochlear synaptopathy": 0.22314681112766266, "tmj disorder": 0.2231425791978836}, "2": {"ototoxic medications": 0.47597333788871765, "anxiety medication": 0.44118785858154297, "serotonin": 0.4214358329772949, "antidepressants": 0.41679227352142334, "taking mg": 0.4077637195587158, "antidepressant": 0.406620591878891, "drug induced": 0.39217180013656616, "anti depressants": 0.3912872076034546, "anxiety meds": 0.39041417837142944, "high dosage": 0.3809427320957184, "aspirin": 0.37049031257629395, "medication": 0.3699190318584442, "medications": 0.36744093894958496, "neuropathic pain": 0.3650459349155426, "cochlear synaptopathy": 0.3593764901161194, "placebo effect": 0.3553285598754883, "high doses": 0.35200321674346924, "low histamine": 0.3457387685775757, "histamine": 0.34508201479911804, "pharmacy": 0.3435441255569458, "induced hyperacusis": 0.3432154655456543, "prescription": 0.3428252339363098, "orphenadrine": 0.34281009435653687, "hyperacusis sufferers": 0.34236234426498413, "pharma": 0.3412906527519226, "neuropathy": 0.3411417007446289, "placebo": 0.3360958397388458, "orphenadrine citrate": 0.335603803396225, "high dose": 0.33427000045776367, "psilocybin": 0.3319987654685974, "medicines": 0.33048534393310547, "craniosacral therapy": 0.3244028389453888, "regenerative medicine": 0.3243046998977661, "diagnosed with hyperacusis": 0.3241143524646759, "trigeminal nerve": 0.3197318911552429, "magnesium supplements": 0.31565359234809875, "tension headache": 0.31286633014678955, "neuropathic": 0.3111540675163269, "mg twice": 0.31102633476257324, "wellbutrin": 0.30990874767303467, "pills": 0.30925774574279785, "trigeminal neuralgia": 0.3088134825229645, "melatonin": 0.30837318301200867, "medicine": 0.3078332841396332, "diazepam": 0.30723804235458374, "nerve irritation": 0.3056424558162689, "resveratrol": 0.3056066632270813, "anxiety depression": 0.30456215143203735, "depression anxiety": 0.30422109365463257, "cancer drugs": 0.30371421575546265}, "3": {"induced hyperacusis": 0.7709413766860962, "loudness hyperacusis": 0.7397738695144653, "hyperacusis sufferers": 0.7350850105285645, "hyperacusis": 0.7067384719848633, "hypercusis": 0.7059856653213501, "diagnosed with hyperacusis": 0.6800472140312195, "developing hyperacusis": 0.6225041151046753, "tympani syndrome": 0.6192769408226013, "hyperaccusis": 0.6170364618301392, "hearing disorders": 0.5976386666297913, "acoustic traumas": 0.5761822462081909, "specializes in hyperacusis": 0.5743573904037476, "auditory hallucinations": 0.5733438730239868, "acoustic trauma": 0.570094108581543, "ear spasms": 0.5634376406669617, "auditory nerves": 0.5627820491790771, "high pitched": 0.5607118010520935, "auditory nerve": 0.5584431886672974, "earache": 0.5454894304275513, "muffled hearing": 0.5442981719970703, "tympanic": 0.5440782308578491, "eardrum": 0.5433915853500366, "cochlear synaptopathy": 0.5425984263420105, "noise therepy": 0.5413365364074707, "fleeting tinnitus": 0.5382774472236633, "tinnitus spike": 0.5379393100738525, "eardrums": 0.5329602360725403, "hearing aids": 0.5321808457374573, "phonophobia": 0.5303043127059937, "hyper": 0.5300543308258057, "tympanic membrane": 0.5300045609474182, "acoustic shock": 0.5298306941986084, "acoustic neuroma": 0.5280885100364685, "sound desensitization": 0.5254471302032471, "misophonia": 0.5239427089691162, "sound deprivation": 0.5236696600914001, "go deaf": 0.5233623385429382, "otitis": 0.5229321718215942, "exposed to loud": 0.5224345922470093, "pulsatile tinnitus": 0.5214956998825073, "deafness": 0.5197321772575378, "noise induced": 0.5195915102958679, "my eardrums": 0.5185348391532898, "sound enrichment": 0.5180705785751343, "overly loud": 0.5176737904548645, "earaches": 0.517035961151123, "acoustic shocks": 0.5161810517311096, "hallucinations": 0.5154843330383301, "syndrome ttts": 0.5147636532783508, "high in salicylates": 0.5145952701568604}, "4": {"office job": 0.3923690617084503, "remote jobs": 0.3573762774467468, "jobs": 0.3561481535434723, "new job": 0.3543151021003723, "workplace": 0.3542947769165039, "work from home": 0.33994635939598083, "job": 0.3302937150001526, "working from home": 0.3251800239086151,