{"0": {"refractory cll": 0.4327790141105652, "chronic lymphocytic": 0.4170491397380829, "chronic": 0.3465489149093628, "cll": 0.3229704797267914, "relapsed refractory": 0.32014983892440796, "tg therapeutics": 0.31740856170654297, "lymphocytic leukemia": 0.303918719291687, "cell therapy": 0.3024700880050659, "lymphocytic": 0.2987707257270813, "venetoclax plus": 0.26762664318084717, "dr": 0.266232430934906, "gene therapy": 0.26530933380126953, "treatment": 0.26440393924713135, "leukemia": 0.26433971524238586, "venetoclax": 0.2580651342868805, "drug": 0.2410530000925064, "therapy": 0.24015340209007263, "ginsenoside rh": 0.23101794719696045, "relapsed": 0.2286967784166336, "clinical": 0.21692630648612976, "ibrutinib": 0.20904415845870972, "patients aged": 0.20879888534545898, "jinxing capsule": 0.205551877617836, "which": 0.20254041254520416, "patients": 0.19696184992790222, "abbvie": 0.19399164617061615, "cancer": 0.17549149692058563, "capsule": 0.1738734394311905, "phase": 0.17278820276260376, "ginsenoside": 0.17219235002994537, "about": 0.16825813055038452, "for": 0.166946679353714, "as": 0.16330641508102417, "of": 0.16192594170570374, "tg": 0.16096214950084686, "is": 0.16043011844158173, "to": 0.15979734063148499, "at": 0.15933993458747864, "cells": 0.15894092619419098, "rh": 0.156497523188591, "the": 0.15629419684410095, "cell": 0.15273085236549377, "may": 0.15135571360588074, "in": 0.1494409441947937, "refractory": 0.1456606537103653, "what": 0.1454179733991623, "rituximab": 0.14541125297546387, "after": 0.14288070797920227, "have": 0.14206287264823914, "blood": 0.14170075953006744}, "1": {"chronic lymphocytic": 0.7282445430755615, "lymphocytic leukemia": 0.6664999723434448, "lymphocytic": 0.565009355545044, "leukemia": 0.49083012342453003, "cell therapy": 0.41154295206069946, "chronic": 0.3711126446723938, "cells": 0.30970919132232666, "cancer": 0.300653874874115, "cell": 0.2798728942871094, "gene therapy": 0.24203836917877197, "tg therapeutics": 0.21705709397792816, "treatment": 0.2138819694519043, "long term": 0.20049671828746796, "refractory cll": 0.19994331896305084, "patients aged": 0.19428203999996185, "venetoclax": 0.17698945105075836, "clinical": 0.1659957319498062, "relapsed refractory": 0.1632203906774521, "therapy": 0.15199460089206696, "car cell": 0.14401273429393768, "blood": 0.14050409197807312, "patients": 0.13651041686534882, "elderly patients": 0.13212156295776367, "venetoclax plus": 0.12713247537612915, "cll": 0.11627523601055145, "which": 0.11609578132629395, "phase": 0.11315060406923294, "years": 0.11114294081926346, "ginsenoside rh": 0.09957714378833771, "tg": 0.09947208315134048, "is": 0.09803416579961777, "ibrutinib": 0.09688485413789749, "relapsed": 0.09685639292001724, "have": 0.09272484481334686, "what": 0.09163962304592133, "to": 0.08933239430189133, "as": 0.08918818831443787, "for": 0.08809105306863785, "abbvie": 0.08724802732467651, "do not": 0.08347445726394653, "the": 0.0820099264383316, "will be": 0.08034215867519379, "are": 0.08003976941108704, "am": 0.07696908712387085, "any": 0.07469761371612549, "about": 0.07299654930830002, "if you": 0.07282133400440216, "dr": 0.07165204733610153, "but": 0.07119588553905487, "has": 0.07064029574394226}, "2": {"cell therapy": 0.44905704259872437, "cancer": 0.44480639696121216, "lymphocytic leukemia": 0.40544456243515015, "gene therapy": 0.4011222720146179, "leukemia": 0.3478281497955322, "chronic lymphocytic": 0.3392290472984314, "tg therapeutics": 0.306369811296463, "treatment": 0.27094781398773193, "lymphocytic": 0.265764981508255, "therapy": 0.24860113859176636, "cells": 0.24594560265541077, "cell": 0.22872312366962433, "clinical": 0.19505426287651062, "blood": 0.1923803687095642, "car cell": 0.17326036095619202, "patients aged": 0.15927591919898987, "chronic": 0.14372260868549347, "drug": 0.13353927433490753, "refractory cll": 0.1315382421016693, "patients": 0.13143250346183777, "dr": 0.1295931339263916, "for": 0.12944315373897552, "fda": 0.1251470446586609, "elderly patients": 0.11893564462661743, "venetoclax plus": 0.11885814368724823, "trial": 0.11847570538520813, "is": 0.11740387976169586, "which": 0.11386866122484207, "ginsenoside rh": 0.11101169884204865, "will be": 0.11072038114070892, "to": 0.11013862490653992, "cll": 0.10861890763044357, "venetoclax": 0.10574821382761002, "will": 0.10193641483783722, "are": 0.09870274364948273, "relapsed refractory": 0.09670621156692505, "tg": 0.09209368377923965, "as": 0.08991654217243195, "may": 0.08288490027189255, "has": 0.08282097429037094, "have": 0.08172133564949036, "were": 0.07795839756727219, "am": 0.07757744193077087, "after": 0.07731620222330093, "that": 0.0761161595582962, "of": 0.07583014667034149, "long term": 0.07541857659816742, "the": 0.07402072101831436, "from": 0.07391193509101868, "do not": 0.07353228330612183}}