{"c_v": 0.312980743912199, "c_npmi": -0.1550380883658591, "u_mass": -4.90064411237838, "c_uci": -5.59539804563084}