{"0": {"other symptoms": 0.612011194229126, "symptoms": 0.587082028388977, "acromegaly": 0.5793318748474121, "diagnosed": 0.5337142944335938, "was diagnosed": 0.5305259227752686, "acne": 0.4991801381111145, "headaches": 0.4588313102722168, "diagnosis": 0.4451832175254822, "patients": 0.4355705976486206, "severe": 0.41190773248672485, "this disease": 0.40618401765823364, "side effects": 0.40600427985191345, "after surgery": 0.4027165174484253, "disease": 0.39765143394470215, "thyroid issues": 0.3953551948070526, "pituitary gland": 0.392781138420105, "patient": 0.3853929042816162, "migraines": 0.3844146132469177, "medical": 0.36181628704071045, "doctor": 0.35766172409057617, "pituitary": 0.350818395614624, "swelling": 0.34985828399658203, "treatment": 0.3403489589691162, "pain": 0.3399319052696228, "my face": 0.3356042504310608, "treatments": 0.3343047499656677, "endocrinologist": 0.3341366648674011, "doctors": 0.3333514928817749, "adenoma": 0.3327583968639374, "health": 0.3304482102394104, "facial features": 0.32999125123023987, "gland": 0.3277294635772705, "pre surgery": 0.3217967450618744, "pituitary tumor": 0.3207239508628845, "diabetes insipidus": 0.3166142702102661, "forehead": 0.3148368000984192, "facial": 0.3123372197151184, "acro": 0.3114800751209259, "worried about": 0.3082664906978607, "worried": 0.3070085048675537, "post surgery": 0.30478817224502563, "surgeon": 0.3014700412750244, "thyroid": 0.30072933435440063, "surgery": 0.29606249928474426, "hormone levels": 0.29567962884902954, "causing": 0.2956315875053406, "condition": 0.2950811982154846, "effects": 0.29494935274124146, "therapy": 0.2921159267425537, "having": 0.2920942008495331}, "1": {"igf levels": 0.5240116715431213, "thyroid issues": 0.5012752413749695, "hormone levels": 0.5000302791595459, "was diagnosed": 0.49903786182403564, "elevated igf": 0.4936877191066742, "diagnosed": 0.48738014698028564, "prolactin levels": 0.4639538526535034, "other symptoms": 0.4607582688331604, "gh levels": 0.4385301470756531, "endocrinologist": 0.43246567249298096, "high igf": 0.43108171224594116, "symptoms": 0.42160117626190186, "thyroid": 0.4176209568977356, "pituitary tumor": 0.40544450283050537, "diagnosis": 0.40259450674057007, "growth hormone": 0.40028876066207886, "pituitary gland": 0.39647841453552246, "adenoma": 0.39431697130203247, "hormones": 0.3886432647705078, "blood tests": 0.38775020837783813, "hormone": 0.3784341812133789, "side effects": 0.3769639730453491, "tumour": 0.3639119565486908, "endocrine": 0.36319684982299805, "insulin": 0.36225348711013794, "insulin resistance": 0.3532305955886841, "acromegaly": 0.34963124990463257, "tumors": 0.3445412516593933, "tumor": 0.3410572409629822, "blood test": 0.3381185531616211, "pituitary": 0.33801716566085815, "patients": 0.3355916142463684, "levels": 0.3259551525115967, "severe": 0.3201954960823059, "dose": 0.3177167773246765, "prolactin": 0.3125636577606201, "slightly elevated": 0.30689144134521484, "this disease": 0.30003994703292847, "glucose tolerance": 0.2999279201030731, "patient": 0.29926133155822754, "after surgery": 0.29751309752464294, "normal range": 0.29697591066360474, "treatments": 0.2854641079902649, "levels were": 0.2841559946537018, "diabetes": 0.28059524297714233, "diabetes insipidus": 0.27932727336883545, "treatment": 0.2774030566215515, "daily injections": 0.27359792590141296, "tests": 0.27058708667755127, "pre surgery": 0.2695126235485077}}