{"c_v": 0.3245102181721783, "c_npmi": -0.19521943484829604, "u_mass": -1.2283825358386573, "c_uci": -6.0185420627759125}