{"0": {"referral to an ophthalmologist": 0.6575672030448914, "examined by an ophthalmologist": 0.6492865085601807, "needing corneal": 0.6319385766983032, "lasik consult": 0.6032031178474426, "corneal specialists": 0.6001495718955994, "local ophthalmologist": 0.5952966809272766, "scleral lenses": 0.5952141284942627, "following cataract": 0.5940812826156616, "lasik consultation": 0.5853960514068604, "opthalmologists": 0.5835749506950378, "opthalmologist": 0.5810211896896362, "corneal transplants": 0.5799093246459961, "corneal transplant": 0.5783467292785645, "opthalmology": 0.5752127170562744, "corneal specialist": 0.5733835697174072, "corneal irregularities": 0.5719929933547974, "corneal transplantation": 0.5717597007751465, "macular degeneration": 0.570663571357727, "ophthalmologist preferably": 0.5699915885925293, "recurrent corneal": 0.5698687434196472, "corneal thinning": 0.569259524345398, "eye patches": 0.5690579414367676, "corneal irregularity": 0.5650180578231812, "eyeglass prescription": 0.5647461414337158, "corneal topographies": 0.564725399017334, "cataract surgeries": 0.5631272196769714, "ophthalmology": 0.5608021020889282, "specializes in corneal": 0.5566152334213257, "diagnosed with keratoconus": 0.5561578273773193, "sceral lenses": 0.5550523996353149, "corneal warpage": 0.5526977777481079, "scheral lenses": 0.551800549030304, "ophthalmic solution": 0.5492167472839355, "corneal stroma": 0.5484178066253662, "retinopathy": 0.5470811128616333, "posterior corneal": 0.5455609560012817, "scleral lens": 0.5450698137283325, "corneal graft": 0.5448218584060669, "corneal grafts": 0.5447251200675964, "corneal diseases": 0.5446448922157288, "ophthalmologist": 0.5438920259475708, "retinal detachment": 0.5438225269317627, "lasik complications": 0.5436310768127441, "corneal scarring": 0.54343581199646, "corneal edema": 0.5432878732681274, "intra corneal": 0.5430787801742554, "sclera lenses": 0.5405300855636597, "cataract removal": 0.53849196434021, "corneal haze": 0.5375885963439941, "intraocular lens": 0.5350402593612671}, "1": {"movies online": 0.7072840929031372, "movie online": 0.6963696479797363, "online instanmovie": 0.6731582880020142, "movie download": 0.661896288394928, "streaming movie": 0.6477886438369751, "movie free": 0.6403845548629761, "movie stream": 0.6145817637443542, "full movies": 0.6112438440322876, "movie streaming": 0.60422283411026, "watch online": 0.5987964868545532, "film free": 0.5837258100509644, "online watch": 0.57381272315979, "online dvd": 0.5489317774772644, "film stream": 0.5477078557014465, "stream films": 0.5469374656677246, "full streaming": 0.542401909828186, "free solarmovie": 0.5407619476318359, "instanmovie watch": 0.5361606478691101, "movies watch": 0.5351093411445618, "netflix": 0.5329428911209106, "watch movies": 0.5314527153968811, "full movie": 0.5280873775482178, "link movie": 0.5252487659454346, "including movies": 0.5215041637420654, "free streaming": 0.5152226090431213, "visit the film": 0.5124408006668091, "movie inside": 0.5120639801025391, "online streaming": 0.5106679797172546, "streaming full": 0.5095663666725159, "world movies": 0.508003294467926, "trailers and movies": 0.507584273815155, "hd movie": 0.5073531270027161, "movies welcome": 0.5058608055114746, "streaming online": 0.5027931928634644, "watch premium": 0.5022321939468384, "streaming watch": 0.4969646632671356, "streaming inside": 0.492820680141449, "watching movies": 0.4889281988143921, "free watch": 0.48874151706695557, "movies official": 0.48809564113616943, "instanmovie": 0.4848206043243408, "online hd": 0.48423999547958374, "online jurassic": 0.481309711933136, "movie watch": 0.47896286845207214, "download watch": 0.4767810106277466, "stream online": 0.47239670157432556, "english film": 0.4712512195110321, "movies spend": 0.4702186584472656, "stream hd": 0.4661422669887543, "streaming": 0.46611693501472473}}