{"c_v": 0.6797134703245904, "c_npmi": -0.18578495484979907, "u_mass": -7.49257346327869, "c_uci": -7.347443837771352}