{"c_v": 0.38232489621638405, "c_npmi": -0.29505914812649603, "u_mass": -9.227609997534145, "c_uci": -8.808722806270982}