{"0": {"my platelets": 0.45376235246658325, "high platelet": 0.4458705186843872, "high platelets": 0.437730997800827, "blood work": 0.4315977692604065, "my platelet": 0.429317831993103, "elevated platelets": 0.4291004538536072, "bloodwork": 0.40525367856025696, "blood tests": 0.3983692526817322, "blood test": 0.3947831392288208, "platelets": 0.3836517632007599, "hematologist oncologist": 0.37975215911865234, "platelet counts": 0.37868231534957886, "platelet count": 0.3757038414478302, "biopsy": 0.3660809099674225, "platelet": 0.3602970838546753, "hematologist says": 0.35226789116859436, "my hematologist": 0.3500239849090576, "hematologist": 0.34407860040664673, "diagnosed": 0.34367844462394714, "hematocrit": 0.3427901268005371, "referred to hematologist": 0.33287522196769714, "anemia": 0.3285190463066101, "been diagnosed": 0.32451221346855164, "blood disorder": 0.3178650736808777, "ferritin": 0.31407415866851807, "hemoglobin": 0.3124125599861145, "platelets were": 0.30886709690093994, "blood cancer": 0.30804482102394104, "blood thinners": 0.3059931993484497, "clotting": 0.3050459623336792, "diagnosis": 0.30360469222068787, "lymphoma society": 0.2989940941333771, "was diagnosed": 0.2956319749355316, "interferon": 0.2917588949203491, "cbc": 0.2913464307785034, "ct scan": 0.28970563411712646, "leukemia": 0.28945547342300415, "phlebotomy": 0.289020836353302, "thrombosis": 0.28745365142822266, "any symptoms": 0.2852160930633545, "symptoms": 0.28452134132385254, "rbc": 0.28407543897628784, "oncologist": 0.27956295013427734, "recently diagnosed": 0.27708494663238525, "reactive thrombocytosis": 0.27662622928619385, "test results": 0.27385225892066956, "aspirin daily": 0.27098986506462097, "symptom": 0.255870521068573, "no symptoms": 0.255801260471344, "abnormal": 0.25505590438842773}, "1": {"lymphoma society": 0.39654356241226196, "research foundation": 0.3601497709751129, "mpn patients": 0.3282622694969177, "mpn research": 0.32779544591903687, "leukemia": 0.2873448133468628, "clinical": 0.2831457555294037, "diagnosed": 0.28162452578544617, "been diagnosed": 0.28003957867622375, "blood cancer": 0.2770645022392273, "hematologist oncologist": 0.2738080620765686, "recently diagnosed": 0.24901710450649261, "diagnosis": 0.24471628665924072, "phlebotomy": 0.24055060744285583, "interferon": 0.23770932853221893, "biopsy": 0.2360500991344452, "was diagnosed": 0.23087133467197418, "bone marrow": 0.2278803288936615, "blood work": 0.22617192566394806, "oncologist": 0.22102466225624084, "cancer": 0.2207939326763153, "patients": 0.21357280015945435, "cbc": 0.21324539184570312, "blood tests": 0.21223965287208557, "hematologist": 0.21106252074241638, "referred to hematologist": 0.2092146873474121, "vaccine": 0.20675182342529297, "blood disorder": 0.2044389545917511, "marrow": 0.20232343673706055, "platelet counts": 0.19779744744300842, "bloodwork": 0.19743257761001587, "hematologist says": 0.19548118114471436, "mpn specialist": 0.19298306107521057, "hospital": 0.1928805112838745, "support": 0.1896665245294571, "high platelet": 0.1890045553445816, "second opinion": 0.18864241242408752, "diagnosed with et": 0.18741026520729065, "ct scan": 0.18395408987998962, "medical": 0.18254128098487854, "research": 0.18139484524726868, "foundation": 0.17872092127799988, "blood test": 0.17581385374069214, "facebook group": 0.1751474291086197, "patient": 0.17254984378814697, "health care": 0.17208750545978546, "cancers": 0.1719193160533905, "platelet count": 0.1690090298652649, "dr": 0.1679723560810089, "platelet": 0.16652747988700867, "elevated platelets": 0.1652306616306305}}