{"c_v": 0.3554748202070103, "c_npmi": -0.18693096720229763, "u_mass": -1.8252282572864236, "c_uci": -5.845967415812943}