{"0": {"constant headache": 0.5673232078552246, "severe headaches": 0.5545668601989746, "chronic headaches": 0.544938325881958, "migraine": 0.5441961884498596, "migraine meds": 0.5400896072387695, "frequent headaches": 0.536217212677002, "debilitating headaches": 0.5247252583503723, "bad headache": 0.5174645781517029, "chiari malformation": 0.5147585272789001, "headaches": 0.5055303573608398, "migraine therapy": 0.49369263648986816, "headaches nausea": 0.49248307943344116, "migraines": 0.491992712020874, "dull headache": 0.49108532071113586, "brain tumour": 0.47764840722084045, "brain tumor": 0.47427159547805786, "headache": 0.46435338258743286, "malformation": 0.46418559551239014, "chiari": 0.4613529443740845, "neurologist": 0.45976606011390686, "neurologists": 0.45250967144966125, "head hurts": 0.4511694014072418, "mris": 0.44331806898117065, "hydrocephalus": 0.43025702238082886, "diagnosed with hydrocephalus": 0.42042773962020874, "tumour": 0.41949301958084106, "benign tumour": 0.41411083936691284, "va shunt": 0.399540513753891, "obstructive hydrocephalus": 0.3993948698043823, "mri scan": 0.39725804328918457, "shunt": 0.39526277780532837, "mri": 0.38448867201805115, "ct scan": 0.37826603651046753, "nystagmus": 0.37226659059524536, "mri results": 0.37107551097869873, "shunt failure": 0.36243391036987305, "dizziness": 0.35358142852783203, "cranial pressure": 0.35251903533935547, "dizzy spells": 0.352433979511261, "neurology": 0.3519969582557678, "meningitis": 0.3501809239387512, "vp shunt": 0.34823089838027954, "neck pain": 0.34817206859588623, "congenital hydrocephalus": 0.3477551341056824, "intracranial pressure": 0.34724700450897217, "cyst tumor": 0.3414493203163147, "vertigo": 0.34076350927352905, "arachnoid cyst": 0.34006384015083313, "brain injury": 0.33723142743110657, "intracranial hypertension": 0.3364800810813904}, "1": {"shunt": 0.521242618560791, "vp shunt": 0.5116504430770874, "va shunt": 0.4933016300201416, "diagnosed with hydrocephalus": 0.4834973216056824, "chiari malformation": 0.48128122091293335, "hydrocephalus": 0.4659886062145233, "shunt placed": 0.46411067247390747, "original shunt": 0.46253424882888794, "malformation": 0.45894384384155273, "shunt failure": 0.4564957022666931, "obstructive hydrocephalus": 0.4559344947338104, "congenital hydrocephalus": 0.44687142968177795, "stent": 0.4461548924446106, "shunt series": 0.4345262348651886, "stenosis": 0.43408167362213135, "shunt tract": 0.43221238255500793, "shunt placement": 0.42998018860816956, "shunt failures": 0.4293554425239563, "shunt malfunction": 0.42892149090766907, "ventricular": 0.42804205417633057, "shunt tap": 0.41354894638061523, "stents": 0.4043169617652893, "programmable shunt": 0.3982517123222351, "shunt dependent": 0.39237314462661743, "mris": 0.39096006751060486, "neurologists": 0.3899729251861572, "born with hydrocephalus": 0.38535618782043457, "lp shunt": 0.37856239080429077, "chiari": 0.37541383504867554, "neurologist": 0.3742806911468506, "medtronic": 0.3675367832183838, "neuro surgeon": 0.35814887285232544, "ventricular system": 0.3558207154273987, "enlarged ventricles": 0.3540622889995575, "ventricles": 0.35257118940353394, "neuro icu": 0.3472024202346802, "aqueductal stenosis": 0.3469648063182831, "neurosurgeons": 0.34065523743629456, "arachnoid cyst": 0.3393690586090088, "ventricles look": 0.3369376063346863, "distal catheter": 0.3345191776752472, "ligation": 0.3291201591491699, "communicating hydrocephalus": 0.3285483717918396, "mri scan": 0.32747146487236023, "ct scan": 0.3273733854293823, "mri": 0.32456642389297485, "tumour": 0.32321876287460327, "neurosurgery": 0.3230292797088623, "brain surgery": 0.32207727432250977, "neurology": 0.3212129473686218}, "2": {"diagnosed with hydrocephalus": 0.5451531410217285, "hydrocephalus": 0.5073680877685547, "congenital hydrocephalus": 0.5000135898590088, "chiari malformation": 0.48472100496292114, "obstructive hydrocephalus": 0.4742541015148163, "communicating hydrocephalus": 0.4560202360153198, "malformation": 0.4541868567466736, "born with hydrocephalus": 0.45400142669677734, "chiari": 0.4167604446411133, "stenosis": 0.3948264718055725, "pediatric neurosurgeon": 0.39428991079330444, "neurologists": 0.3851744532585144, "spina bifida": 0.38171321153640747, "hydrocephalus association": 0.37878793478012085, "shunt": 0.37225717306137085, "spina": 0.37202274799346924, "nicu": 0.3712245523929596, "congenital": 0.3662959337234497, "neuro icu": 0.3617120385169983, "pediatric": 0.3612452447414398, "neurologist": 0.35792267322540283, "va shunt": 0.3482411205768585, "palsy": 0.34054577350616455, "neurology": 0.33998358249664307, "mris": 0.3314632773399353, "diagnosed": 0.32780900597572327, "shunt failure": 0.3268795907497406, "infant": 0.32545799016952515, "benign tumour": 0.3242914378643036, "shunt placed": 0.31959769129753113, "tumour": 0.3195149004459381, "brain tumour": 0.3184393048286438, "cerebral palsy": 0.3181033134460449, "neuro": 0.3180887699127197, "bifida": 0.31558316946029663, "original shunt": 0.31537336111068726, "shunt tract": 0.3149510622024536, "neurosurgeon who": 0.31426435708999634, "brain tumor": 0.3114212453365326, "arrested hydrocephalus": 0.3107597529888153, "epilepsy": 0.30971163511276245, "meningitis": 0.3094778060913086, "nystagmus": 0.30777043104171753, "csf": 0.3072078227996826, "neurosurgeons": 0.3070741891860962, "month old": 0.3067743182182312, "cerebrospinal fluid": 0.3057480752468109, "neurosurgeon": 0.3055521249771118, "disabilities": 0.30502188205718994, "arachnoid cyst": 0.30276674032211304}, "3": {"chiari malformation": 0.4792720675468445, "neck pain": 0.45278728008270264, "malformation": 0.4425395727157593, "shoulder pain": 0.431618869304657, "chiari": 0.4230327904224396, "mris": 0.4190390706062317, "constant headache": 0.41822436451911926, "va shunt": 0.40616491436958313, "sharp pain": 0.4002552032470703, "severe headaches": 0.39393866062164307, "shunt": 0.3931397795677185, "chronic headaches": 0.390725702047348, "migraine": 0.38229241967201233, "benign tumour": 0.37354955077171326, "arachnoid cyst": 0.37033894658088684, "frequent headaches": 0.36973392963409424, "neurologist": 0.3694579601287842, "tingling": 0.36777424812316895, "migraine meds": 0.3676149249076843, "pains": 0.3591984510421753, "lumbar puncture": 0.35905247926712036, "stent": 0.3586968183517456, "stenosis": 0.35789263248443604, "cyst tumor": 0.35677629709243774, "tumour": 0.3555646538734436, "lumbar": 0.35446304082870483, "migraine therapy": 0.35413211584091187, "chronic pain": 0.3537677526473999, "neurologists": 0.34818509221076965, "shunt placed": 0.3461432456970215, "bad headache": 0.3453867733478546, "brain tumour": 0.3436911404132843, "shunt failure": 0.34329330921173096, "mri": 0.34323304891586304, "shunt placement": 0.34198737144470215, "mri scan": 0.34112828969955444, "headaches nausea": 0.34020981192588806, "hydrocephalus": 0.3398439288139343, "diagnosed with hydrocephalus": 0.3392612338066101, "calcification": 0.3388853669166565, "pain relief": 0.3386911451816559, "cyst": 0.3381807804107666, "throbbing": 0.33721476793289185, "shunt malfunction": 0.33614128828048706, "meningitis": 0.3358166813850403, "debilitating headaches": 0.3342720568180084, "brain tumor": 0.3329433798789978, "mri results": 0.3323711156845093, "medical advice": 0.32829487323760986, "ct scan": 0.32822367548942566}, "4": {"diagnosed with hydrocephalus": 0.4266534447669983, "malformation": 0.3888029158115387, "chiari malformation": 0.3878263235092163, "hydrocephalus": 0.3768180012702942, "neuro icu": 0.3639410138130188, "congenital hydrocephalus": 0.3575451076030731, "neurologists": 0.35571280121803284, "neurosurgeons": 0.35224252939224243, "chiari": 0.35074350237846375, "migraine therapy": 0.3490446209907532, "neurology": 0.34408262372016907, "neurologist": 0.34359484910964966, "diagnosed": 0.339539110660553, "medical issues": 0.3391965925693512, "communicating hydrocephalus": 0.33734411001205444, "migraine meds": 0.3360486626625061,