{"c_v": 0.3041703838373048, "c_npmi": -0.27493629420564514, "u_mass": -6.9453314256872645, "c_uci": -8.043674644971848}