{"c_v": 0.3192065622336564, "c_npmi": -0.2517664058404988, "u_mass": -5.261942521745928, "c_uci": -7.664056704271683}