{"c_v": 0.3398300825685816, "c_npmi": -0.25017754013288235, "u_mass": -8.359887678887487, "c_uci": -7.4695426339478805}