{"0": {"marfan syndrome": 0.5099796652793884, "marfans": 0.5050646066665649, "pectus excavatum": 0.477419376373291, "mild pectus": 0.4688330888748169, "chiari malformation": 0.4679569602012634, "pectus carinatum": 0.46573567390441895, "marfan patients": 0.4449882507324219, "marfan": 0.4404507279396057, "marfans patients": 0.4380555748939514, "danlos syndrome": 0.43643730878829956, "thoracic aortic": 0.42453885078430176, "marfans patient": 0.4237121641635895, "aortic aneurysms": 0.4196164309978485, "severe scoliosis": 0.4178660213947296, "marfan patient": 0.41530734300613403, "thoracic aorta": 0.41167759895324707, "associated with marfan": 0.4110831916332245, "aortic aneurysm": 0.4096493721008301, "pectus": 0.4096168577671051, "pectus repair": 0.4094708561897278, "echocardiogram": 0.4087209105491638, "mild mitral": 0.4082678258419037, "neonatal marfan": 0.4026288390159607, "chiari": 0.40192359685897827, "aortic": 0.4010980725288391, "seeing cardiologist": 0.40004613995552063, "lordosis": 0.39982330799102783, "chest deformity": 0.39793652296066284, "typical marfan": 0.3968401551246643, "heart murmur": 0.3950175344944, "heart problems": 0.3941773772239685, "congenital": 0.3924526572227478, "slight scoliosis": 0.39066025614738464, "cardiologists": 0.38730037212371826, "hypermobility": 0.3862621784210205, "mild scoliosis": 0.38620424270629883, "enlarged aorta": 0.38272804021835327, "ekg": 0.37930434942245483, "kyphosis": 0.3764411211013794, "thoracic": 0.37596917152404785, "aortic dialation": 0.3759346306324005, "rheumatologist": 0.37371253967285156, "mitral": 0.37099117040634155, "cardiac issues": 0.37015458941459656, "referred to cardiologist": 0.36934876441955566, "pneumothorax": 0.3667069673538208, "aortic dissections": 0.3664970397949219, "diagnosed": 0.36645838618278503, "syndromes": 0.36603403091430664, "aortic graft": 0.36584168672561646}, "1": {"nearsightedness": 0.6024041771888733, "optometrist": 0.5997546911239624, "nearsighted": 0.5974513292312622, "ophthalmologist": 0.5966391563415527, "lasik": 0.5956908464431763, "severe myopia": 0.5779569745063782, "astigmatism": 0.5738393664360046, "myopia": 0.5709109306335449, "got lasik": 0.560364842414856, "eye problems": 0.5526092052459717, "vision problems": 0.543950080871582, "contact lenses": 0.5436186790466309, "dislocated lenses": 0.5359459519386292, "eye surgeries": 0.5324838161468506, "retinal detachments": 0.5250133275985718, "wear contacts": 0.5216082334518433, "eye exam": 0.5205362439155579, "sightedness": 0.5204281806945801, "bad eyesight": 0.5159937143325806, "eyesight": 0.5121552348136902, "contact lens": 0.5042996406555176, "retinal": 0.5041913986206055, "sighted": 0.5005534291267395, "poor vision": 0.493518590927124, "both eyes": 0.4889611005783081, "wearing glasses": 0.4878864586353302, "eye sight": 0.4833400249481201, "retinal detachment": 0.48261305689811707, "lenses": 0.47899654507637024, "wear glasses": 0.47667163610458374, "glasses": 0.46118491888046265, "vision": 0.4605725407600403, "retinas": 0.45826876163482666, "lenses removed": 0.4569898545742035, "had retinal": 0.44827306270599365, "lense": 0.44763702154159546, "lens dislocation": 0.44677895307540894, "lens implants": 0.44314226508140564, "chiari malformation": 0.44018182158470154, "eye issues": 0.43465036153793335, "reading glasses": 0.4335365295410156, "contacts": 0.4305523633956909, "left eye": 0.4223562777042389, "retina": 0.41630032658576965, "right eye": 0.4000909924507141, "short sighted": 0.3995925784111023, "dislocated lens": 0.3991742730140686, "near sighted": 0.39844775199890137, "near sightedness": 0.3917381763458252, "lens": 0.38322514295578003}}