{"c_v": 0.42517340802514364, "c_npmi": -0.10873630101740513, "u_mass": -3.7970682847743484, "c_uci": -4.533216419506327}