{"c_v": 0.3721170757480833, "c_npmi": -0.13562272455807872, "u_mass": -1.254125381892964, "c_uci": -4.608209423387985}