{"0": {"blood work": 0.39200901985168457, "bloodwork": 0.3717055320739746, "bloodwork done": 0.3710792064666748, "blood tests": 0.3644774258136749, "diagnosed": 0.3569265604019165, "cannot diagnose": 0.35263368487358093, "blood test": 0.34844812750816345, "seeing hematologist": 0.34789586067199707, "high platelets": 0.3473614752292633, "been diagnosed": 0.3394269347190857, "diagnose": 0.33001232147216797, "symptoms": 0.32142993807792664, "low ferritin": 0.32075509428977966, "hemoglobin hematocrit": 0.3143867254257202, "diagnosis": 0.3123737871646881, "was diagnosed": 0.3078785836696625, "diagnostic": 0.30708473920822144, "biopsy": 0.30330890417099, "recently diagnosed": 0.30326011776924133, "constant headaches": 0.29825955629348755, "elevated rbc": 0.2974545359611511, "rbc hemoglobin": 0.2967187762260437, "hematocrit": 0.29404720664024353, "high rbc": 0.292802631855011, "symptom": 0.2926008105278015, "hematologist": 0.2903791666030884, "hematology": 0.283927857875824, "see hematologist": 0.2831704616546631, "platelets": 0.2822607159614563, "interferon": 0.2810356318950653, "ferritin": 0.2807542383670807, "platelet": 0.27665215730667114, "phlebotomy": 0.27530527114868164, "hemoglobin and hematocrit": 0.27436912059783936, "thyroid": 0.2739081382751465, "hemoglobin levels": 0.27285072207450867, "dizziness": 0.27127355337142944, "hemoglobin": 0.265728622674942, "clotting": 0.26156049966812134, "platelet count": 0.25949084758758545, "polycythemia vera": 0.2578505873680115, "who diagnostic": 0.25695323944091797, "sleep apnea": 0.2548159956932068, "joint pain": 0.2535828649997711, "undiagnosed": 0.2509738504886627, "oncologist": 0.24953347444534302, "cbc": 0.24654439091682434, "blood clotting": 0.24500992894172668, "leukemia": 0.24468591809272766, "referral to hematologist": 0.24400249123573303}, "1": {"rbc hemoglobin": 0.5264730453491211, "blood work": 0.515521228313446, "high rbc": 0.5045361518859863, "elevated rbc": 0.5008589029312134, "hemoglobin hematocrit": 0.4913034439086914, "blood test": 0.4767386317253113, "bloodwork": 0.4694948196411133, "hemoglobin and hematocrit": 0.4693816304206848, "high platelets": 0.4673420190811157, "blood tests": 0.45971977710723877, "hematocrit": 0.44427311420440674, "low ferritin": 0.4442427158355713, "bloodwork done": 0.43380188941955566, "hemoglobin levels": 0.429477334022522, "rbc count": 0.42691516876220703, "hemoglobin": 0.410637229681015, "rbcs": 0.40707314014434814, "rbc": 0.4018232822418213, "platelet count": 0.4016481339931488, "platelet": 0.3829324245452881, "platelets": 0.38101232051849365, "seeing hematologist": 0.3764397203922272, "hematologist": 0.37310633063316345, "see hematologist": 0.3561950922012329, "ferritin": 0.3548243045806885, "hematology": 0.3512795567512512, "low epo": 0.34920457005500793, "test results": 0.34597089886665344, "cbc": 0.33997493982315063, "low iron": 0.3376825451850891, "blood cells": 0.33085817098617554, "blood clotting": 0.3256553113460541, "blood cell": 0.3230251967906952, "normal range": 0.32235056161880493, "phlebotomy": 0.3156687319278717, "lab results": 0.3113872706890106, "biopsy": 0.30926257371902466, "sleep apnea": 0.3092338442802429, "iron deficiency": 0.3018395006656647, "wbc": 0.30181634426116943, "leukemia": 0.30115431547164917, "clotting": 0.2959355115890503, "red blood": 0.2910144627094269, "epo level": 0.28884509205818176, "cannot diagnose": 0.2872866988182068, "donate blood": 0.2863132655620575, "thyroid": 0.280265212059021, "blood counts": 0.27949032187461853, "genetic test": 0.2783498764038086, "iron supplements": 0.27481943368911743}}