{"c_v": 0.32844378908127453, "c_npmi": -0.22846141601204195, "u_mass": -3.0663946865306135, "c_uci": -7.135458582732431}