{"0": {"chemo": 0.4997209906578064, "start chemo": 0.49052172899246216, "during chemo": 0.4812312126159668, "hodgkins lymphoma": 0.47344568371772766, "post chemo": 0.46776485443115234, "lymphoma": 0.45241236686706543, "hodgkin lymphoma": 0.45178037881851196, "chemotherapy": 0.45168158411979675, "oncologist": 0.4476182460784912, "my oncologist": 0.42413419485092163, "been in remission": 0.41352149844169617, "md lymphoma": 0.4117248058319092, "biopsy": 0.4028867483139038, "your oncologist": 0.39600440859794617, "remission": 0.3953348994255066, "oncologist said": 0.3883618116378784, "non hodgkins": 0.37852227687835693, "hodgkins": 0.37820911407470703, "biopsy results": 0.37619367241859436, "diagnosed with hodgkin": 0.34562599658966064, "cancer free": 0.3442962169647217, "curable": 0.3411731719970703, "breast cancer": 0.33964675664901733, "ct scan": 0.3369991183280945, "lymph node": 0.3269711136817932, "treatable": 0.318972110748291, "diagnosed with stage": 0.31595033407211304, "cancer": 0.3069978654384613, "lymph nodes": 0.3064813017845154, "swollen lymph": 0.298941433429718, "treatments": 0.2955474257469177, "diagnosed with hl": 0.2953763008117676, "cancer center": 0.2943040728569031, "diagnosed": 0.2918020486831665, "tumor": 0.2869347929954529, "got diagnosed": 0.286437451839447, "been diagnosed": 0.2773968577384949, "lymph": 0.2761272192001343, "chemos": 0.27522963285446167, "cancers": 0.2703738510608673, "treatment": 0.2696060240268707, "during treatment": 0.26566043496131897, "therapy": 0.2628663182258606, "hodgkin": 0.25556236505508423, "recently diagnosed": 0.2547014653682709, "was diagnosed": 0.25283944606781006, "support group": 0.24853453040122986, "pet scan": 0.24718739092350006, "treated": 0.24467040598392487, "stage hodgkin": 0.24403920769691467}, "1": {"swollen lymph": 0.5900364518165588, "lymph node": 0.5602876543998718, "lymph nodes": 0.5289907455444336, "lymphoma": 0.5061533451080322, "hodgkins lymphoma": 0.5012784600257874, "lump": 0.4864957630634308, "hodgkin lymphoma": 0.48010867834091187, "lymph": 0.46495193243026733, "biopsy": 0.42822265625, "breast cancer": 0.4227406978607178, "md lymphoma": 0.4205188453197479, "biopsy results": 0.3905717432498932, "swollen": 0.3640856146812439, "tumor": 0.35205399990081787, "symptom": 0.347627192735672, "symptoms": 0.3455391526222229, "swelling": 0.34156227111816406, "my oncologist": 0.3372533321380615, "hodgkins": 0.33499830961227417, "non hodgkins": 0.3260889947414398, "ct scan": 0.32410091161727905, "medical advice": 0.31962013244628906, "blood work": 0.31754183769226074, "oncologist": 0.3169844150543213, "got diagnosed": 0.3165952265262604, "other symptoms": 0.3149139881134033, "blood tests": 0.31382641196250916, "night sweats": 0.31367069482803345, "diagnosis": 0.3130548894405365, "blood test": 0.30748414993286133, "armpit": 0.3053874969482422, "your oncologist": 0.30110666155815125, "cancer": 0.29930365085601807, "start chemo": 0.29427826404571533, "breast": 0.29377084970474243, "diagnosed": 0.29102596640586853, "sore": 0.2898668944835663, "oncologist said": 0.28173983097076416, "itchy": 0.28101232647895813, "hair loss": 0.2793196141719818, "post chemo": 0.27389803528785706, "itching": 0.26773306727409363, "chemo": 0.26625439524650574, "see doctor": 0.26509833335876465, "my neck": 0.25907373428344727, "been diagnosed": 0.25865358114242554, "recently diagnosed": 0.2550293207168579, "worried": 0.25472167134284973, "cancer free": 0.25234076380729675, "second opinion": 0.2516065835952759}}