{"c_v": 0.3995256914819376, "c_npmi": -0.2122831812541282, "u_mass": -9.236449517239695, "c_uci": -7.001235331101006}