{"0": {"pain mgmt": 0.41931045055389404, "chronic pain": 0.40921807289123535, "neuropathic pain": 0.4076186418533325, "pain syndromes": 0.4046148657798767, "disordered pain": 0.40094277262687683, "pain syndrome": 0.3995134234428406, "pain killer": 0.39920374751091003, "pain killers": 0.3949827551841736, "excruciating pain": 0.39493268728256226, "pain relieving": 0.39299431443214417, "pain reliever": 0.39019912481307983, "pain relievers": 0.3885663151741028, "pain levels": 0.38817667961120605, "painkillers": 0.3804301917552948, "pain specialist": 0.3714921474456787, "pains": 0.370907187461853, "pinched nerve": 0.3696356415748596, "breakthrough pain": 0.36956095695495605, "pinched nerves": 0.36865323781967163, "aggravation of pain": 0.36753541231155396, "agonizing pain": 0.36541062593460083, "analgesia": 0.36208394169807434, "pain": 0.3566107749938965, "aches and pains": 0.35479551553726196, "analgesic": 0.3541260361671448, "maintained pain": 0.3513738214969635, "sciatic nerve": 0.3493450880050659, "pain psychologist": 0.3480634391307831, "neuropathy": 0.3477995991706848, "painkiller": 0.34734779596328735, "sciatica": 0.34263020753860474, "crpscks chronicpain": 0.34229594469070435, "neuralgia": 0.34059011936187744, "pelvic pain": 0.34053367376327515, "shooting pains": 0.3385835289955139, "pain management": 0.33777040243148804, "pediatric pain": 0.336449533700943, "unrelenting pain": 0.3335126042366028, "arthritis": 0.3273850977420807, "tolerable pain": 0.325102835893631, "tramadol": 0.32334333658218384, "pain tolerance": 0.3209161162376404, "sciatic": 0.3202911615371704, "mcgill pain": 0.3182832896709442, "seeing neurologist": 0.31476888060569763, "chronicpain": 0.31441009044647217, "peripheral neuropathy": 0.3124704957008362, "painless": 0.30741310119628906, "burning pain": 0.3066243529319763, "see neurologist": 0.30642038583755493}, "1": {"crps sufferers": 0.7129437327384949, "crps sufferer": 0.7121528387069702, "crpscks chronicpain": 0.6671024560928345, "crps patients": 0.667045533657074, "crps awareness": 0.6199616193771362, "fellow crps": 0.6150085926055908, "pathophysiology of crps": 0.6119799017906189, "conquer crps": 0.5889921188354492, "crps culls": 0.5884302258491516, "developing crps": 0.5624998807907104, "crps crpsawareness": 0.5552271008491516, "crps": 0.553225040435791, "developed crps": 0.5481542348861694, "crps warriors": 0.5451807975769043, "suffer from chronic": 0.5445848703384399, "crps ii": 0.5374583005905151, "essay by crpscontender": 0.5273625254631042, "chronic pain": 0.5176281929016113, "pain relieving": 0.5078719854354858, "disordered pain": 0.5049924850463867, "unrelenting pain": 0.5030890107154846, "agonizing pain": 0.4951242506504059, "pain mgmt": 0.49416419863700867, "crpscontender": 0.4905014634132385, "pain syndromes": 0.4790058732032776, "pain syndrome": 0.47781461477279663, "excruciating pain": 0.4776926338672638, "painkillers": 0.46908652782440186, "painkiller": 0.4686574935913086, "aggravation of pain": 0.4666218161582947, "chronicpain": 0.4664768874645233, "pain killers": 0.46450573205947876, "tolerable pain": 0.46067607402801514, "pain killer": 0.45680856704711914, "maintained pain": 0.45492541790008545, "shooting pains": 0.45486992597579956, "pain reliever": 0.4516752362251282, "excruciatingly painful": 0.4491977393627167, "pain psychologist": 0.44832921028137207, "breakthrough pain": 0.4473714232444763, "cptsd": 0.442224383354187, "pain relievers": 0.43704038858413696, "lidocaine patches": 0.43347427248954773, "topical ketamine": 0.432149738073349, "neuropathic pain": 0.4315503239631653, "opioid crisis": 0.43139275908470154, "drug seeking": 0.42981937527656555, "sympathetic nerves": 0.4287092983722687, "pain levels": 0.4284847378730774, "pains": 0.42791277170181274}, "2": {"enjoy the video": 0.33103060722351074, "painting": 0.3298811614513397, "paint to help": 0.32210081815719604, "paintings": 0.3042880594730377, "paint": 0.28892064094543457, "creation video": 0.2862980365753174, "know paint": 0.27005645632743835, "video here": 0.2624085545539856, "paintings are": 0.25821560621261597, "drawing": 0.24941103160381317, "thanks for sharing": 0.24400562047958374, "happy to share": 0.24202866852283478, "art": 0.23765522241592407, "drawn": 0.22996191680431366, "videos on youtube": 0.22861194610595703, "artist": 0.22584235668182373, "video in comments": 0.2206040471792221, "appreciated": 0.21951256692409515, "creative": 0.21766796708106995, "instagram all": 0.21749231219291687, "pain": 0.21625754237174988, "instagram": 0.21620795130729675, "agonizing pain": 0.21475204825401306, "yt video": 0.2143741101026535, "thanks for posting": 0.21431735157966614, "draws": 0.21290555596351624, "done wonders": 0.21246853470802307, "videos": 0.21210908889770508, "draw": 0.21145081520080566, "pain relieving": 0.2110171616077423, "amazing": 0.21073071658611298, "crafting": 0.21002474427223206, "maintained pain": 0.20979724824428558, "please share": 0.20945969223976135, "youtube videos": 0.2089887112379074, "watch the creation": 0.20817101001739502, "pain tolerance": 0.20722231268882751, "appreciate": 0.20627015829086304, "youtube video": 0.20553536713123322, "video": 0.2045084834098816, "arts": 0.20338833332061768, "endorphins": 0.20333698391914368, "tolerable pain": 0.20268431305885315, "coloring": 0.20266801118850708, "commission work": 0.20075339078903198, "pains": 0.20043112337589264, "disordered pain": 0.19908592104911804, "chronic pain": 0.1987709105014801, "done": 0.1980731189250946, "unrelenting pain": 0.1976601779460907}}