{"c_v": 0.3727912815851126, "c_npmi": -0.25557417953113676, "u_mass": -8.815445144689614, "c_uci": -7.634074210686623}