{"c_v": 0.3419423764399369, "c_npmi": -0.21047302247662478, "u_mass": -5.1594309219788945, "c_uci": -6.83131120005035}