{"c_v": 0.33618862837057595, "c_npmi": -0.27518550283261556, "u_mass": -5.006436267277732, "c_uci": -8.246230167818295}