{"0": {"cannot smell": 0.5396770238876343, "smelling bad": 0.523157000541687, "body odour": 0.5120681524276733, "body odor": 0.49826908111572266, "fecal odor": 0.48720017075538635, "rotten smell": 0.4491353929042816, "odors": 0.4490557312965393, "smelly": 0.4373829960823059, "odor": 0.4365237355232239, "other symptoms": 0.42976948618888855, "started smelling": 0.41805851459503174, "fishy odor": 0.4166269302368164, "similar symptoms": 0.41396045684814453, "deodorant": 0.410524845123291, "odour": 0.40904513001441956, "smelling": 0.4075327515602112, "smells like": 0.4051690697669983, "smell": 0.3983577489852905, "stink": 0.3977065086364746, "test smelled": 0.3963755965232849, "diagnosed with tmau": 0.39199259877204895, "stinky": 0.38564532995224, "always smelled": 0.37161538004875183, "poor hygiene": 0.3691672682762146, "symptom": 0.3681641221046448, "stinks": 0.36649155616760254, "constipation": 0.3641883134841919, "symptoms": 0.3631468713283539, "odorous": 0.36192670464515686, "smells": 0.36022138595581055, "these smells": 0.35980528593063354, "diagnosis": 0.35694992542266846, "cleanse": 0.35670891404151917, "hygiene": 0.35283663868904114, "scent": 0.34761518239974976, "able to cleanse": 0.3474771976470947, "sniff": 0.34653690457344055, "took probiotics": 0.345403790473938, "detox": 0.33835867047309875, "olfactory reference": 0.33786576986312866, "leaky gut": 0.3351249396800995, "constipated": 0.33344653248786926, "symptoms went": 0.3314065635204315, "bad bacteria": 0.33007296919822693, "smelled like": 0.32688087224960327, "get rid": 0.3262091875076294, "like feces": 0.31982776522636414, "been diagnosed": 0.3172953724861145, "treatment and another": 0.3154295086860657, "smelled": 0.3124048709869385}, "1": {"tmau": 0.6866834759712219, "tmau type": 0.6629521250724792, "tmau patm": 0.6532569527626038, "diagnosed with tmau": 0.6442556381225586, "tma": 0.6385353803634644, "tma production": 0.6153312921524048, "tma tmao": 0.6036010980606079, "tmao": 0.5833960771560669, "support group": 0.447001188993454, "want to talk": 0.4050750136375427, "chat": 0.40253880620002747, "discord": 0.371948778629303, "community": 0.3635323941707611, "message me": 0.360410213470459, "support": 0.360012412071228, "talked": 0.35219311714172363, "message": 0.3511934280395508, "reach out": 0.34781450033187866, "social": 0.34146201610565186, "cured": 0.3398268222808838, "im": 0.3361065983772278, "contact": 0.3358883857727051, "talk": 0.33142998814582825, "associated": 0.3304728865623474, "join": 0.32638227939605713, "meet": 0.32355618476867676, "group": 0.32343775033950806, "tsp": 0.3232911229133606, "tell me": 0.3229040205478668, "therapist": 0.3227717876434326, "cure": 0.32198843359947205, "share": 0.3204748034477234, "followed": 0.3179774880409241, "has helped": 0.3170735836029053, "sharing": 0.3168570399284363, "me": 0.31579139828681946, "reply": 0.3156529664993286, "dose": 0.3151155710220337, "happening": 0.3145454525947571, "do": 0.3136333227157593, "treatment": 0.31303834915161133, "has anyone": 0.3127571940422058, "healing for long": 0.3122061491012573, "am sorry": 0.3116888403892517, "healed": 0.31124061346054077, "supportive": 0.3109513819217682, "been dealing": 0.3097531199455261, "treatment and another": 0.3087587356567383, "towards me": 0.3079027831554413, "met": 0.3070267140865326}}