{"c_v": 0.2927915062520201, "c_npmi": -0.20407522169477008, "u_mass": -6.170606162561095, "c_uci": -6.724516551313841}