{"0": {"psoriasis": 0.3860591650009155, "scleroderma": 0.3795561194419861, "seeing rheumatologist": 0.37436285614967346, "diagnosed with fibromyalgia": 0.3733825087547302, "see dermatologist": 0.372222900390625, "eczema": 0.3704884648323059, "sine scleroderma": 0.36581167578697205, "see rheumatologist": 0.36503851413726807, "arthritis": 0.36254453659057617, "scleroderma specialist": 0.3577266335487366, "raynaud syndrome": 0.34846383333206177, "rheumatoid arthritis": 0.3450676202774048, "referral to rheumatologist": 0.3410657048225403, "these symptoms": 0.3384718894958496, "symptom": 0.33698785305023193, "symptoms": 0.33688029646873474, "scleroderma org": 0.3325960040092468, "lyme disease": 0.33243536949157715, "rheumatologist": 0.33168861269950867, "fibromyalgia": 0.3300206959247589, "rheumatologist who": 0.3296750485897064, "scleroderma patients": 0.324948787689209, "dermatologist": 0.32493844628334045, "got diagnosed": 0.31935790181159973, "rheumatologists": 0.31736862659454346, "sclerosis": 0.3135032057762146, "neuropathy": 0.30702507495880127, "inflammation": 0.3059214949607849, "clinical symptoms": 0.30497926473617554, "other symptoms": 0.3036203682422638, "referred to rheumatologist": 0.3023521900177002, "ulcers": 0.29989469051361084, "lupus": 0.2995501756668091, "rheumatoid": 0.2984241843223572, "crest syndrome": 0.2938999533653259, "rheumatic diseases": 0.29362258315086365, "autoimmune disease": 0.2909644842147827, "forms of scleroderma": 0.29010146856307983, "finger ulcers": 0.2900596261024475, "autoimmune disorder": 0.28973132371902466, "newly diagnosed": 0.28890326619148254, "sores": 0.2887113094329834, "been diagnosed": 0.28847751021385193, "calcinosis": 0.2884116470813751, "only symptom": 0.28813013434410095, "systemic scleroderma": 0.28797033429145813, "raynaud phenomenon": 0.2874915599822998, "rashes": 0.2872898578643799, "thyroid": 0.2868189215660095, "neurologist": 0.28674110770225525}, "1": {"scleroderma org": 0.6270273327827454, "scleroderma patients": 0.6258501410484314, "scleroderma": 0.615814745426178, "localized scleroderma": 0.59696364402771, "forms of scleroderma": 0.5901214480400085, "sine scleroderma": 0.5874499082565308, "scleroderma specialist": 0.5868106484413147, "specializes in scleroderma": 0.5787179470062256, "diffuse scleroderma": 0.5746574997901917, "systemic scleroderma": 0.573783278465271, "limited scleroderma": 0.5494136214256287, "scleroderma education": 0.5491688251495361, "psoriasis": 0.5185646414756775, "scleroderma center": 0.5133709907531738, "referred to rheumatologist": 0.4943127930164337, "referral to rheumatologist": 0.4878830015659332, "disease progression": 0.4856047034263611, "lyme disease": 0.4850742816925049, "scleroderma foundation": 0.4831264913082123, "scarring": 0.4819473326206207, "rheumatologist who": 0.4815424084663391, "sclerosis": 0.4781472384929657, "diagnosed with fibromyalgia": 0.47596338391304016, "see dermatologist": 0.47430163621902466, "linear scleroderma": 0.47401294112205505, "see rheumatologist": 0.47327643632888794, "seeing rheumatologist": 0.46881040930747986, "celiac disease": 0.46669822931289673, "rare disease": 0.46283769607543945, "esophageal dysmotility": 0.4599272608757019, "autoimmune disorder": 0.4596189856529236, "rheumatic diseases": 0.45536792278289795, "rheumatologists": 0.4522271752357483, "dermatologist": 0.4512770175933838, "scars": 0.4477894902229309, "rheumatoid": 0.44766348600387573, "autoimmune disorders": 0.4464915990829468, "crest syndrome": 0.4436313807964325, "lupus": 0.4427602291107178, "autoimmune disease": 0.4419976770877838, "scar tissue": 0.43973565101623535, "autoimmune diseases": 0.4391242265701294, "hypochondriac": 0.43726056814193726, "immune disorders": 0.43696868419647217, "cutaneous systemic": 0.4320201873779297, "systemic sclerosis": 0.4315425157546997, "worse prognosis": 0.4313778281211853, "rheumatologist": 0.4300054907798767, "scar": 0.42785829305648804, "tissue disease": 0.4276987910270691}}