{"c_v": 0.34968444385682257, "c_npmi": -0.2789262643864346, "u_mass": -6.868245650212343, "c_uci": -8.763515998329506}