{"0": {"folliculitis": 0.5164334177970886, "folliculitis decalvans": 0.5004370212554932, "derm": 0.4905824661254883, "humira": 0.4611021876335144, "topical treatment": 0.45880311727523804, "dermatitis": 0.4569471478462219, "topical clindamycin": 0.45294424891471863, "dermatologist": 0.4272482097148895, "clindamycin topical": 0.4271153211593628, "minoxidil": 0.41592293977737427, "rifampin clindamycin": 0.4077237844467163, "isotretinoin": 0.4057244658470154, "doxycycline": 0.40336471796035767, "accutane": 0.39658409357070923, "minocycline": 0.38242098689079285, "dermatologist who": 0.37609124183654785, "clindamycin": 0.373359739780426, "hairloss": 0.37050092220306396, "scarring alopecia": 0.3611699640750885, "cicatricial alopecia": 0.3571670353412628, "alopecia": 0.35433006286621094, "follicles": 0.3500613272190094, "cellulitis": 0.3426162004470825, "dermatologists": 0.33969414234161377, "topical metformin": 0.3383929133415222, "regrowth": 0.33517056703567505, "topical steroid": 0.33192700147628784, "lichen planopilaris": 0.32103636860847473, "itchiness": 0.3147052228450775, "pustules": 0.31277161836624146, "my scalp": 0.31160426139831543, "hair loss": 0.3096597194671631, "doxy": 0.3052428364753723, "scalp": 0.2909884750843048, "lichen": 0.28875648975372314, "allergy test": 0.2867453694343567, "topical": 0.28644615411758423, "been diagnosed": 0.28607261180877686, "got diagnosed": 0.285237193107605, "cln shampoo": 0.2846304178237915, "acne": 0.28114578127861023, "follicle": 0.27881789207458496, "metformin": 0.277973473072052, "treatments": 0.27486515045166016, "oral antibiotics": 0.2721675932407379, "antibiotic": 0.27136480808258057, "no cure": 0.27092140913009644, "diagnosed": 0.27026134729385376, "dissecting cellulitis": 0.2682325839996338, "benzoyl peroxide": 0.26601433753967285}, "1": {"scarring alopecia": 0.5937566161155701, "hairloss": 0.5928537845611572, "hair loss": 0.5891590118408203, "alopecia": 0.5799046754837036, "cicatricial alopecia": 0.5632234811782837, "folliculitis": 0.5309359431266785, "minoxidil": 0.5175445079803467, "bald spots": 0.514302670955658, "hair transplant": 0.513866662979126, "bald spot": 0.509134829044342, "bald patches": 0.5072702169418335, "follicles": 0.48856455087661743, "regrowth": 0.48569679260253906, "folliculitis decalvans": 0.475360244512558, "derm": 0.4680488705635071, "my scalp": 0.45932769775390625, "scalp": 0.45742011070251465, "hair grew": 0.43074721097946167, "dermatitis": 0.4218570590019226, "dermatologist": 0.406799852848053, "bald": 0.4016362726688385, "follicle": 0.37433212995529175, "hairs": 0.3712635040283203, "laser hair": 0.36938345432281494, "hair removal": 0.3633344769477844, "dermatologists": 0.3621223568916321, "grow back": 0.3569169044494629, "scarring alopecias": 0.3491986393928528, "dermatologist who": 0.34872889518737793, "scarring": 0.34447208046913147, "topical treatment": 0.34253814816474915, "thinning": 0.3408510088920593, "humira": 0.3341664969921112, "itchiness": 0.3310377895832062, "scabs": 0.3294074535369873, "isotretinoin": 0.3249262571334839, "topical clindamycin": 0.3227074146270752, "lichen planopilaris": 0.321918249130249, "cln shampoo": 0.3149901032447815, "lichen": 0.3039681315422058, "acne": 0.3022874891757965, "hair": 0.3011094033718109, "clindamycin topical": 0.29764705896377563, "pustules": 0.29717499017715454, "biopsy results": 0.29636096954345703, "accutane": 0.29612424969673157, "biopsy": 0.2885313928127289, "cellulitis": 0.28661590814590454, "rifampin clindamycin": 0.2865777611732483, "shampoos": 0.2856968939304352}}