{"c_v": 0.2698787062993194, "c_npmi": -0.134424193345275, "u_mass": -1.8887811175289217, "c_uci": -3.866014276714199}