{"c_v": 0.2667944107144772, "c_npmi": -0.23882127969834135, "u_mass": -5.784736173127312, "c_uci": -7.19805359901901}