{"0": {"tried bracing": 0.5780398845672607, "braces": 0.5366916656494141, "started bracing": 0.5333096385002136, "bad posture": 0.5207815170288086, "braced": 0.5185161828994751, "bracing": 0.5144902467727661, "trulife brace": 0.5030766725540161, "start bracing": 0.5022968053817749, "stretch": 0.4978383779525757, "brace": 0.4943277835845947, "into bracing": 0.4826764166355133, "bone sticking": 0.4795145094394684, "poor posture": 0.456545352935791, "spine": 0.4496802091598511, "deformity": 0.4436497688293457, "chest muscles": 0.4129860997200012, "stiff": 0.41084080934524536, "rigid": 0.4096444249153137, "bone": 0.40274131298065186, "deformities": 0.40251636505126953, "some muscle": 0.40093231201171875, "my chest": 0.39431023597717285, "shoulder": 0.39258021116256714, "muscle": 0.39237385988235474, "back pain": 0.3900299668312073, "posture": 0.38624462485313416, "need to wear": 0.3817852735519409, "corrective surgery": 0.37568938732147217, "surgical": 0.3722043037414551, "surgery": 0.3705644905567169, "building muscle": 0.3703349232673645, "bras": 0.36786991357803345, "muscles": 0.3669000267982483, "very uncomfortable": 0.3666342496871948, "pushups": 0.36540138721466064, "chest pains": 0.36455678939819336, "pain": 0.36178475618362427, "hurt": 0.3608427345752716, "discomfort": 0.36026644706726074, "chests": 0.3600834608078003, "build muscle": 0.35887467861175537, "sternum": 0.35588109493255615, "hurts": 0.3556540012359619, "bone structure": 0.3529021143913269, "chest": 0.3518281579017639, "worn": 0.3500901758670807, "cartilage": 0.34922051429748535, "pains": 0.349190890789032, "your chest": 0.34777843952178955, "scar": 0.34770697355270386}, "1": {"pectus carinatum": 0.9129818677902222, "pectus excavatum": 0.8769288063049316, "pectus": 0.8647857308387756, "pectus joe": 0.8465839624404907, "pectus services": 0.6859812140464783, "carinatum": 0.6190162301063538, "pecs": 0.5425875186920166, "excavatum": 0.5149377584457397, "pigeon chest": 0.4556856155395508, "protrude": 0.44881653785705566, "rashes": 0.4296475350856781, "pad": 0.429609477519989, "protrudes": 0.424688458442688, "pec": 0.41694533824920654, "pigeon": 0.41402703523635864, "excersises": 0.40804359316825867, "pe": 0.40618008375167847, "kyphosis": 0.40539219975471497, "looks like": 0.40289485454559326, "mini ravitch": 0.39016973972320557, "flare": 0.38987964391708374, "usa": 0.3892558813095093, "left pec": 0.38659435510635376, "thing": 0.3840950131416321, "sa": 0.38049542903900146, "ton": 0.3709378242492676, "per": 0.37013691663742065, "excersise": 0.3683565855026245, "padding": 0.3672636151313782, "nuss": 0.3656191825866699, "hard to tell": 0.3627258539199829, "look like": 0.3627125024795532, "something": 0.36249643564224243, "protruding": 0.3565208911895752, "invasive": 0.35583817958831787, "which": 0.35559025406837463, "these": 0.35555142164230347, "rib flare": 0.3552033305168152, "gt": 0.3549160361289978, "pic": 0.3546227812767029, "somewhat": 0.3527460992336273, "image": 0.3520057201385498, "its": 0.35047367215156555, "far": 0.3491058349609375, "uneven": 0.3480032682418823, "natural": 0.3470849096775055, "trulife": 0.34646016359329224, "till": 0.3457096815109253, "male": 0.34520772099494934, "slightly": 0.34473860263824463}}