{"0": {"emergency surgery": 0.3899356722831726, "neurosurgery": 0.3889242112636566, "brain surgery": 0.3828517198562622, "neuro surgeon": 0.3827677369117737, "neurosurgeon": 0.3716776967048645, "brain surgeries": 0.3608230948448181, "neurosurgeons": 0.35707196593284607, "surgery": 0.35650068521499634, "chief neurosurgeon": 0.35051196813583374, "surgical": 0.3353733420372009, "surgeries": 0.3344058096408844, "surgery to remove": 0.3267053961753845, "neurosurgeon says": 0.3261173665523529, "anesthesia": 0.3214699625968933, "these surgeries": 0.3191142678260803, "migraine therapy": 0.3158632516860962, "valve replacement": 0.3151423931121826, "neurosurgeon who": 0.31434008479118347, "pediatric neurosurgeon": 0.3137255311012268, "neurosurgeon said": 0.3086744546890259, "ventriculostomy": 0.30202561616897583, "surgeon said": 0.29542040824890137, "surgeon": 0.29496127367019653, "third ventriculostomy": 0.27974677085876465, "surgeons": 0.2713920474052429, "brain tumor": 0.2688068151473999, "neurology": 0.26546216011047363, "spinal fluid": 0.2640426754951477, "peritoneal": 0.26394957304000854, "neurologist": 0.26269665360450745, "tumor removed": 0.26155778765678406, "medical issues": 0.2582554221153259, "chronic pain": 0.25240322947502136, "spinal tap": 0.2519454061985016, "ventricular system": 0.25155043601989746, "cerebrospinal fluid": 0.2495146244764328, "recovery": 0.24834907054901123, "benign tumor": 0.248214989900589, "abdominal cavity": 0.2470424473285675, "spinal": 0.24676696956157684, "brain injury": 0.24568161368370056, "neurologists": 0.24533474445343018, "hospital": 0.24516110122203827, "cyst tumor": 0.24432624876499176, "medical history": 0.24377742409706116, "physical therapy": 0.24279837310314178, "recovery process": 0.2426147162914276, "slit ventricle": 0.24259322881698608, "slit ventricles": 0.24244171380996704, "diagnosed with hydrocephalus": 0.2420639544725418}, "1": {"bad headache": 0.5943999290466309, "chronic headaches": 0.5920202732086182, "debilitating headaches": 0.5888976454734802, "headaches nausea": 0.5774353742599487, "migraine meds": 0.5767605304718018, "constant headache": 0.5741161704063416, "headache": 0.5683882236480713, "severe headaches": 0.564102292060852, "frequent headaches": 0.5583184957504272, "headaches": 0.5527046918869019, "dull headache": 0.5390149354934692, "migraines": 0.5313994884490967, "migraine": 0.5250815153121948, "migraine therapy": 0.5249909162521362, "head hurts": 0.49083083868026733, "brain injury": 0.433817982673645, "brain tumor": 0.40856581926345825, "brain damage": 0.4010979235172272, "neck pain": 0.39967310428619385, "cerebral palsy": 0.3782461881637573, "benign brain": 0.3782423138618469, "get dizzy": 0.37707608938217163, "neurology": 0.37022465467453003, "diagnosed with hydrocephalus": 0.3642093241214752, "chief neurosurgeon": 0.36041444540023804, "brain stem": 0.35895776748657227, "brain bleeds": 0.3517274856567383, "brain bleed": 0.349587082862854, "brain tumour": 0.3461310863494873, "brain fog": 0.33883506059646606, "head circumference": 0.3387235105037689, "cerebrospinal fluid": 0.33765435218811035, "brain surgeries": 0.33608633279800415, "dizzy": 0.32657238841056824, "head": 0.3247632384300232, "cerebrospinal": 0.3221963942050934, "my head": 0.32093751430511475, "nerve damage": 0.31891530752182007, "neurologist": 0.31727057695388794, "dizziness": 0.3168361186981201, "brain surgery": 0.31422585248947144, "neurologists": 0.31383460760116577, "obstructive hydrocephalus": 0.31030982732772827, "chronic pain": 0.3031432032585144, "neurological": 0.30203142762184143, "shoulder pain": 0.29707151651382446, "pain relief": 0.2955337166786194, "brain": 0.29526251554489136, "cerebral": 0.293759286403656, "heads": 0.29005569219589233}, "2": {"obstructive hydrocephalus": 0.49380162358283997, "congenital hydrocephalus": 0.4810501039028168, "hydrocephalus": 0.4775722026824951, "communicating hydrocephalus": 0.4741223454475403, "hydrocephalus association": 0.47332650423049927, "diagnosed with hydrocephalus": 0.47089123725891113, "aqueductal stenosis": 0.4684819281101227, "hydro patients": 0.45327216386795044, "born with hydrocephalus": 0.41791942715644836, "hydro related": 0.3968607783317566, "hydro": 0.3891688585281372, "aqueductal": 0.38528722524642944, "arrested hydrocephalus": 0.37843358516693115, "cerebrospinal fluid": 0.36524397134780884, "spinal fluid": 0.34539926052093506, "dehydration": 0.33835697174072266, "caused by aqueductal": 0.31652793288230896, "drainage issues": 0.31579041481018066, "migraine therapy": 0.29592379927635193, "over drainage": 0.29124200344085693, "drainage": 0.2895023226737976, "spinal tap": 0.2885848879814148, "brain tumor": 0.27411770820617676, "water": 0.2673152685165405, "neurology": 0.24807430803775787, "cerebral palsy": 0.24365562200546265, "brain surgeries": 0.2429942488670349, "under drainage": 0.2419382482767105, "brain tumour": 0.24158480763435364, "chronic headaches": 0.24073906242847443, "migraine meds": 0.23928329348564148, "intracranial hypertension": 0.2352476716041565, "scuba diving": 0.23421406745910645, "hypochondriac": 0.23193538188934326, "debilitating headaches": 0.23051676154136658, "choroid plexus": 0.22880281507968903, "brain surgery": 0.22811758518218994, "neurosurgery": 0.2279490828514099, "brain injury": 0.22464805841445923, "distal catheter": 0.22405532002449036, "neurologists": 0.22271263599395752, "migraines": 0.22250887751579285, "intercranial hypertension": 0.2218204140663147, "over draining": 0.2211374193429947, "draining": 0.22039924561977386, "chief neurosurgeon": 0.22008116543293, "neurosurgeons": 0.21943393349647522, "cerebrospinal": 0.21936854720115662, "migraine": 0.21894840896129608, "spinal": 0.21758565306663513}, "3": {"diagnosed with hydrocephalus": 0.4004855751991272, "born with hydrocephalus": 0.3846617341041565, "congenital hydrocephalus": 0.3775751292705536, "pediatric neurosurgeon": 0.36346882581710815, "obstructive hydrocephalus": 0.33393752574920654, "aqueductal stenosis": 0.33388689160346985, "hydro patients": 0.3226768672466278, "cerebrospinal fluid": 0.31302058696746826, "children hospital": 0.3044058382511139, "brain tumor": 0.30397823452949524, "hydrocephalus": 0.2963271141052246, "communicating hydrocephalus": 0.29434019327163696, "hypochondriac": 0.2917080521583557, "migraine therapy": 0.2901456952095032, "chief neurosurgeon": 0.28863561153411865, "benign tumor": 0.28757616877555847, "spinal fluid": 0.28505951166152954, "hydrocephalus association": 0.279643177986145, "neurology": 0.27411600947380066, "cyst tumor": 0.26909106969833374, "was diagnosed": 0.26824134588241577, "our daughter": 0.268122136592865, "neurosurgeon": 0.2673579156398773, "neurosurgery": 0.2625448405742645, "my daughter": 0.26067787408828735, "neurosurgeon says": 0.26050490140914917, "brain tumour": 0.2583548426628113, "pediatric": 0.254226952791214, "neurologist": 0.25340038537979126, "neurosurgeons": 0.24994316697120667, "chronic headaches": 0.24497756361961365, "neurosurgeon said": 0.2436385303735733, "brain surgery": 0.24332626163959503, "neurosurgeon who": 0.2419629991054535, "neuro surgeon": 0.24189499020576477, "brain injury": 0.24090224504470825, "brain surgeries": 0.23990094661712646, "cerebral palsy": 0.23718342185020447, "ventriculostomy": 0.23687073588371277, "arrested hydrocephalus": 0.23659437894821167, "diagnosis": 0.23599618673324585, "diagnosed": 0.2355836033821106, "neurological": 0.2351837158203125, "benign tumour": 0.23492614924907684, "neurologists": 0.2323012799024582, "benign brain": 0.23133903741836548, "hydro related": 0.23129582405090332, "spinal tap": 0.23127853870391846, "choroid plexus": 0.2312142252922058, "third ventriculostomy": 0.23108389973640442}, "4": {"neck pain": 0.4592718482017517, "shoulder pain": 0.3813474178314209, "chronic pain": 0.374994695186615, "pain relief": 0.36253616213798523, "bad headache": 0.35894525051116943, "headaches nausea": 0.35690024495124817, "ibuprofen": 0.3481312096118927,