{"c_v": 0.34347775858531565, "c_npmi": -0.294843546398248, "u_mass": -7.2105070335874695, "c_uci": -8.659049194096449}