{"c_v": 0.37303769756652216, "c_npmi": -0.1667784065807698, "u_mass": -1.8944256491206104, "c_uci": -5.805468243024337}