{"0": {"orgasms": 0.4339912533760071, "spontaneous orgasms": 0.4247746467590332, "orgasm": 0.420376718044281, "orgasming": 0.4122432470321655, "genital arousal": 0.4077374339103699, "arousal": 0.40093371272087097, "constant arousal": 0.3962145447731018, "sexual dysfunction": 0.3916082978248596, "ejaculation": 0.3860684037208557, "pelvic pain": 0.38009825348854065, "erections": 0.3784550428390503, "sexual thoughts": 0.3658592700958252, "constantly aroused": 0.35791584849357605, "urge to masturbate": 0.3562069535255432, "erection": 0.3553103506565094, "masturbating": 0.3535618185997009, "my clitoris": 0.3510269224643707, "symptoms": 0.34758496284484863, "masturbation": 0.3465251326560974, "aroused": 0.3445378541946411, "masturbated": 0.3444686532020569, "weird feeling": 0.3424297571182251, "masturbate": 0.33790284395217896, "reach orgasm": 0.3362307846546173, "nerve pain": 0.3327493667602539, "tingling sensation": 0.3303622305393219, "unwanted arousal": 0.32939693331718445, "ejaculate": 0.3279396593570709, "sensation": 0.32791271805763245, "my clit": 0.32764267921447754, "clit": 0.3276287913322449, "sensations": 0.3271472454071045, "stimulation": 0.32656317949295044, "symptom": 0.3258458375930786, "premature ejaculation": 0.3253747522830963, "horny": 0.3253355622291565, "these symptoms": 0.32489001750946045, "sexually": 0.3224523365497589, "prostate": 0.322037935256958, "clitoris": 0.3199325203895569, "urologist": 0.31832218170166016, "vaginal": 0.3126258850097656, "sex drive": 0.31094276905059814, "priapism": 0.31052327156066895, "sexual": 0.30590128898620605, "pain disorder": 0.30417779088020325, "puberty": 0.30354300141334534, "burning sensation": 0.30070656538009644, "my period": 0.2966506779193878, "these sensations": 0.29609617590904236}, "1": {"pelvic pain": 0.43999308347702026, "nerve pain": 0.3668457567691803, "physical therapy": 0.35524362325668335, "pain disorder": 0.350991427898407, "urologist": 0.3454653024673462, "sexual dysfunction": 0.33733510971069336, "pain specialist": 0.33064964413642883, "pelvic stretches": 0.32834094762802124, "therapy": 0.3217542767524719, "pelvic": 0.3210943937301636, "pelvic pt": 0.31982946395874023, "pelvic muscles": 0.3182642459869385, "neuralgia": 0.30615100264549255, "pelvis": 0.29730042815208435, "your pelvis": 0.28847625851631165, "symptoms": 0.28498849272727966, "physical therapist": 0.279935359954834, "pudendal neuralgia": 0.276480495929718, "these symptoms": 0.2762987017631531, "symptom": 0.27413275837898254, "spasms": 0.27226269245147705, "see doctor": 0.2669874131679535, "stress and anxiety": 0.2667751908302307, "pelvic area": 0.26532918214797974, "therapist": 0.2629600465297699, "dysfunction": 0.2627577483654022, "pain": 0.2621127665042877, "pelvic region": 0.25836166739463806, "gynecologist": 0.25463855266571045, "nerve damage": 0.2515413761138916, "antidepressant": 0.24783983826637268, "relief": 0.2453763484954834, "bladder": 0.24532900750637054, "interstitial cystitis": 0.2434762716293335, "inflammation": 0.24320770800113678, "erections": 0.24301186203956604, "antidepressants": 0.24298343062400818, "painful": 0.24298110604286194, "nerve": 0.24295103549957275, "bladder pressure": 0.24278399348258972, "genital arousal": 0.24249953031539917, "nerves": 0.2419189065694809, "cysts": 0.24138891696929932, "pudendal nerve": 0.24072089791297913, "pelvic floor": 0.2407170832157135, "disorders": 0.239922896027565, "cured": 0.23889663815498352, "anxiety": 0.2368997037410736, "arousal": 0.2332940548658371, "nerve block": 0.23245391249656677}, "2": {"antidepressants": 0.5080525279045105, "antidepressant": 0.5048826932907104, "anti depressant": 0.4504357874393463, "anti depressants": 0.4412192106246948, "depressants": 0.4360077381134033, "depressant": 0.41528525948524475, "anxiety": 0.3934208154678345, "stress and anxiety": 0.39333534240722656, "panic attacks": 0.3921213746070862, "medication": 0.3844441771507263, "depression": 0.36782535910606384, "prozac": 0.365652471780777, "psychiatrist": 0.3635672330856323, "symptoms": 0.3498896658420563, "serotonin": 0.34742826223373413, "meds": 0.34541159868240356, "these symptoms": 0.34386420249938965, "medications": 0.3425406813621521, "symptom": 0.3283873200416565, "dopamine": 0.3244277536869049, "panic attack": 0.32095688581466675, "therapy": 0.3189813494682312, "any medications": 0.31649506092071533, "sexual dysfunction": 0.2979445457458496, "nerve pain": 0.29522138833999634, "neuralgia": 0.29262763261795044, "pain disorder": 0.2891731858253479, "side effects": 0.2847687900066376, "therapist": 0.2828608751296997, "hormonal imbalance": 0.2761472761631012, "pudendal neuralgia": 0.2717488706111908, "disorders": 0.2694859206676483, "psychosomatic": 0.26425349712371826, "urologist": 0.2641373574733734, "dysfunction": 0.26194295287132263, "depressed": 0.2607387602329254, "sexual thoughts": 0.26045626401901245, "this disorder": 0.25966084003448486, "hormones": 0.2573748826980591, "panic": 0.2570911943912506, "adhd": 0.256265789270401, "pill": 0.25428658723831177, "medicine": 0.2537212371826172, "psychological": 0.2531910836696625, "nerves": 0.25105637311935425, "disorder": 0.2505524754524231, "suicidal": 0.24915939569473267, "nerve": 0.24768288433551788, "pudendal nerve": 0.2476295679807663, "anxious": 0.24709486961364746}}