{"c_v": 0.35309792440509735, "c_npmi": -0.2540749984512585, "u_mass": -8.650034984847876, "c_uci": -7.824687245800904}