{"c_v": 0.3334317821179686, "c_npmi": -0.12582144865417583, "u_mass": -4.0881092825809295, "c_uci": -4.4567912243269046}