{"0": {"brace": 0.4980424642562866, "trulife brace": 0.49216991662979126, "brace asap": 0.4782488942146301, "pectus carinatum": 0.4632294774055481, "pectus excavatum": 0.4615497887134552, "scoliosis": 0.4316020607948303, "braces": 0.4182262420654297, "pectus": 0.4176138639450073, "kyphosis": 0.391446053981781, "pec": 0.3256525993347168, "thoracic": 0.3248182535171509, "bracing": 0.3179219961166382, "chest pains": 0.31656306982040405, "joe brace": 0.3154489994049072, "pectus joe": 0.30623120069503784, "pectus services": 0.3056168556213379, "thoracic surgeon": 0.30554401874542236, "excavatum": 0.30216360092163086, "tried bracing": 0.30116987228393555, "orthotics": 0.30104154348373413, "started bracing": 0.2984910309314728, "sternum": 0.2977253198623657, "protrusion": 0.2963317930698395, "posture": 0.29588988423347473, "dumbbell benchpress": 0.28872719407081604, "slouch": 0.28805041313171387, "surgery": 0.2869942784309387, "bad posture": 0.2838841676712036, "corrective surgery": 0.28369927406311035, "dumbbell": 0.2830182611942291, "sleep paralysis": 0.27900153398513794, "bras": 0.2786210775375366, "back pain": 0.2750307023525238, "nhs": 0.27457261085510254, "poor posture": 0.2739914059638977, "noticable": 0.27392351627349854, "pains": 0.270846962928772, "need to wear": 0.2694607377052307, "start bracing": 0.2690623700618744, "mild case": 0.26802298426628113, "get used": 0.26792722940444946, "left pec": 0.265313059091568, "chest muscles": 0.26263248920440674, "boob job": 0.2604082226753235, "trouble breathing": 0.2585899829864502, "bra": 0.25796979665756226, "pushups": 0.2544303834438324, "braced": 0.2541579306125641, "bench press": 0.2532793879508972, "pull ups": 0.2526058256626129}, "1": {"pectus excavatum": 0.5202545523643494, "pec": 0.49138563871383667, "pectus carinatum": 0.4908496141433716, "chest muscles": 0.47160109877586365, "dumbbell benchpress": 0.47001785039901733, "pectus": 0.4646257758140564, "pecs": 0.45586341619491577, "pushups": 0.42270636558532715, "dumbbell": 0.41797810792922974, "upper body": 0.41499319672584534, "bench press": 0.4120366871356964, "sternum": 0.40304213762283325, "body building": 0.4007312059402466, "benchpress": 0.3989982008934021, "man boobs": 0.3949333429336548, "weight training": 0.39419347047805786, "building muscle": 0.39374256134033203, "build muscle": 0.3907715380191803, "push ups": 0.37964457273483276, "chest": 0.37951940298080444, "going to the gym": 0.3717113137245178, "chest wall": 0.370536744594574, "weight lifting": 0.36985740065574646, "left pec": 0.36907246708869934, "excavatum": 0.369032084941864, "chest pains": 0.3649372458457947, "noticable": 0.3631465435028076, "hitting the gym": 0.3619629144668579, "thoracic": 0.3564940392971039, "go to the gym": 0.3525526523590088, "pectus joe": 0.34651124477386475, "working out": 0.34466487169265747, "work out": 0.34332507848739624, "thoracic surgeon": 0.3413535952568054, "your chest": 0.3390480875968933, "lifting weights": 0.3362094759941101, "workout": 0.3359189033508301, "lifting": 0.33155351877212524, "excersises": 0.33103662729263306, "bulking": 0.32718849182128906, "kyphosis": 0.3257184624671936, "upper back": 0.31772714853286743, "pectus services": 0.31329241394996643, "my chest": 0.3119962811470032, "pigeon chest": 0.3088780343532562, "some muscle": 0.30472952127456665, "ribcage": 0.30376026034355164, "gym": 0.30183514952659607, "pull ups": 0.2989795506000519, "muscle mass": 0.2973725199699402}, "2": {"surgery": 0.5194400548934937, "thoracic surgeon": 0.49929726123809814, "pectus excavatum": 0.4905686378479004, "pectus carinatum": 0.48233890533447266, "surgeries": 0.4666569232940674, "corrective surgery": 0.4542897939682007, "pectus": 0.4480246901512146, "surgical": 0.43925344944000244, "nuss procedure": 0.4143522381782532, "surgeon who": 0.38919007778167725, "pectus services": 0.37881678342819214, "thoracic": 0.3749198317527771, "surgeons": 0.3730841875076294, "boob job": 0.3726038932800293, "procedure done": 0.3675020933151245, "surgeon": 0.3649541139602661, "pec": 0.3534444570541382, "sternum": 0.3523726165294647, "excavatum": 0.3470856249332428, "kyphosis": 0.34558284282684326, "ravitch procedure": 0.3344550132751465, "scoliosis": 0.32681185007095337, "deformity": 0.317509263753891, "chest pains": 0.3124803900718689, "procedure": 0.30741411447525024, "pectus joe": 0.3039831817150116, "protrusion": 0.3007715344429016, "nhs": 0.29997217655181885, "left pec": 0.2903209924697876, "chest muscles": 0.2902488708496094, "breast": 0.2829543352127075, "man boobs": 0.2793630063533783, "trulife brace": 0.26476091146469116, "dumbbell benchpress": 0.25913065671920776, "orthotics": 0.25904786586761475, "consultation": 0.25372713804244995, "procedures": 0.2527921795845032, "trouble breathing": 0.25268059968948364, "pecs": 0.25194454193115234, "rib cage": 0.24780794978141785, "pushups": 0.24705632030963898, "fixable": 0.24639883637428284, "diagnosed": 0.2460126280784607, "ct scan": 0.24499854445457458, "ribcage": 0.24362881481647491, "bench press": 0.24343590438365936, "hospital": 0.24270105361938477, "brace asap": 0.24141982197761536, "upper body": 0.24094070494174957, "noticable": 0.23998810350894928}, "3": {"pectus excavatum": 0.4887954592704773, "pectus carinatum": 0.4592408835887909, "pectus": 0.4338337779045105, "excavatum": 0.36692482233047485, "self conscious": 0.36160749197006226, "pectus joe": 0.3493720293045044, "pectus services": 0.3347856104373932, "pec": 0.32733920216560364, "thoracic": 0.32057327032089233, "sternum": 0.3048836886882782, "my chest": 0.29665303230285645, "your chest": 0.28692907094955444, "scoliosis": 0.2854187488555908, "insecure about": 0.28142568469047546, "noticable": 0.27878835797309875, "mild case": 0.27533626556396484, "man boobs": 0.2732175290584564, "chest": 0.27130126953125, "chest muscles": 0.2690855860710144, "kyphosis": 0.2680644392967224, "deformity": 0.26668059825897217, "chest pains": 0.2658888101577759, "insecurities": 0.2593756318092346, "bother me": 0.2577086091041565, "surgery": 0.25472238659858704, "pecs": 0.25142544507980347, "chest wall": 0.2494356781244278, "noticeable": 0.24753141403198242, "boob job": 0.24736931920051575, "shirt off": 0.246633842587471, "self confidence": 0.2458297312259674, "trouble breathing": 0.24579393863677979, "depressed": 0.24572524428367615, "girlfriend": 0.2429335117340088, "severe case": 0.2424103021621704, "surgeries": 0.24141082167625427, "thoracic surgeon": 0.2405087649822235, "look normal": 0.23978547751903534, "completely normal": 0.23953646421432495, "breathing issues": 0.23807930946350098, "upper body": 0.23644199967384338, "big deal": 0.23426398634910583, "uncomfortable": 0.23378194868564606, "very noticeable": 0.23317325115203857, "breast": 0.23297560214996338, "left pec": 0.23201030492782593, "diagnosed": 0.23169457912445068, "going to the gym": 0.23167482018470764, "barely noticeable": 0.2306700497865677, "worried about": 0.2305748015642166}, "4": {"chest pains": 0.6095383763313293, "sternum": 0.5578451156616211, "pectus excavatum": 0.556951642036438, "pectus carinatum": 0.5217565298080444, "pectus": 0.4864043593406677, "chest muscles": 0.4790094494819641, "thoracic": 0.47472256422042847, "ribcage": 0.442776620388031, "chest": 0.43620070815086365, "pec": 0.4275023639202118, "rib cage": 0.4175436496734619, "thoracic surgeon": 0.4096643030643463, "trouble breathing": 0.4087732136249542, "excavatum": 0.4044501781463623, "chest wall": 0.40184444189071655, "my chest": 0.3992438316345215, "pecs": 0.37935540080070496, "shortness of breath": 0.37756502628326416, "dumbbell benchpress": 0.37376999855041504, "pectus services": 0.3727003335952759, "flared ribs": 0.3688110411167145, "your chest": 0.3630179166793823, "rib flare": 0.35848379135131836, "ribs stick": 0.3565329313278198, "pains": 0.3498840928077698, "man boobs": 0.3463156819343567, "dumbbell": 0.3429783582687378, "breast": 0.34192347526550293, "left pec": 0.33672744035720825, "bench press": 0.33417046070098877,