{"c_v": 0.36458092975360834, "c_npmi": -0.2235969178863645, "u_mass": -6.811217754159173, "c_uci": -6.987930210088492}