{"0": {"ocular albinism": 0.5620973110198975, "albinism": 0.48874199390411377, "ophthalmologist": 0.4845989942550659, "eye doctor": 0.48217570781707764, "oculocutaneous albinism": 0.47938811779022217, "people with albinism": 0.47938281297683716, "nystagmus": 0.4711307883262634, "albinism awareness": 0.47014984488487244, "vision problems": 0.46568432450294495, "person with albinism": 0.45860230922698975, "types of albinism": 0.45562154054641724, "ocular": 0.4293544292449951, "albinos": 0.42019063234329224, "astigmatism": 0.41996344923973083, "eyesight": 0.4138326644897461, "low vision": 0.40968117117881775, "vision issues": 0.40822145342826843, "eye surgery": 0.4023919105529785, "albino": 0.3928260803222656, "photophobia": 0.3839646279811859, "wear glasses": 0.3806823492050171, "visual acuity": 0.38011378049850464, "eye pain": 0.3719068765640259, "visual impairment": 0.3641180396080017, "visually impaired": 0.362697035074234, "eye color": 0.36062103509902954, "vision": 0.3578587770462036, "international albinism": 0.35618066787719727, "red eyes": 0.3408558666706085, "my eyes": 0.32261204719543457, "glasses": 0.3199838101863861, "acuity": 0.3192547559738159, "legally blind": 0.3168003261089325, "blind": 0.3162667453289032, "pigmentation": 0.3155817687511444, "laser eye": 0.31459805369377136, "green eyes": 0.31147754192352295, "albino porn": 0.3068508505821228, "blue eyes": 0.30214154720306396, "diagnosed": 0.3006073832511902, "eye": 0.2873920500278473, "skin cancer": 0.2733933925628662, "eyes": 0.2668580114841461, "disability": 0.2622688114643097, "light sensitivity": 0.2578008770942688, "depth perception": 0.2505985200405121, "very pale": 0.2484380155801773, "sunglasses": 0.24530825018882751, "genetic testing": 0.235553577542305, "sunscreen": 0.23247674107551575}, "1": {"people with albinism": 0.5558169484138489, "person with albinism": 0.5442947149276733, "albinos": 0.5384583473205566, "oculocutaneous albinism": 0.5344519019126892, "albinism": 0.5336518287658691, "albino": 0.5229315757751465, "types of albinism": 0.5080298185348511, "albinism awareness": 0.48568734526634216, "ocular albinism": 0.4711478650569916, "albino porn": 0.4307718873023987, "international albinism": 0.4207598567008972, "pigmentation": 0.323951780796051, "pale": 0.3146018385887146, "very pale": 0.3024251461029053, "white hair": 0.289492130279541, "blonde hair": 0.27664732933044434, "blue eyes": 0.2559933662414551, "skin cancer": 0.255273699760437, "red eyes": 0.25523656606674194, "diagnosed": 0.25181862711906433, "pigment": 0.2501727342605591, "photophobia": 0.24989861249923706, "green eyes": 0.2494368553161621, "eye color": 0.2348674237728119, "tan": 0.22768449783325195, "ophthalmologist": 0.22214336693286896, "disability": 0.22133314609527588, "genetic": 0.2210714966058731, "bullied": 0.22072309255599976, "nystagmus": 0.2182098925113678, "blond": 0.21792806684970856, "shade": 0.2103758156299591, "blonde": 0.20994317531585693, "white cane": 0.20942072570323944, "condition": 0.20750649273395538, "white": 0.2042362540960312, "disabled": 0.20102104544639587, "common": 0.1990358680486679, "sunscreen": 0.19527891278266907, "astigmatism": 0.19373869895935059, "ocular": 0.19268348813056946, "treated": 0.19145728647708893, "sunlight": 0.1908673346042633, "appearance": 0.1896291971206665, "darker": 0.1879892647266388, "blind": 0.18793082237243652, "visual impairment": 0.18741804361343384, "people who": 0.18703314661979675, "normal": 0.18461446464061737, "symptoms": 0.18459002673625946}, "2": {"albino": 0.8228493332862854, "albinos": 0.7810688018798828, "oculocutaneous albinism": 0.7251128554344177, "people with albinism": 0.7236084342002869, "albinism": 0.7032783627510071, "albino porn": 0.6960798501968384, "person with albinism": 0.6957495212554932, "ocular albinism": 0.6629909873008728, "albinism awareness": 0.6454414129257202, "types of albinism": 0.6303657293319702, "international albinism": 0.5961434841156006, "pigmentation": 0.47792303562164307, "white hair": 0.42519521713256836, "very pale": 0.3942710757255554, "pale": 0.38526490330696106, "red eyes": 0.37988775968551636, "blue eyes": 0.3496361970901489, "pigment": 0.32211560010910034, "skin cancer": 0.31478261947631836, "white": 0.30212461948394775, "tan": 0.2999560236930847, "green eyes": 0.29864436388015747, "blonde hair": 0.29612743854522705, "shade": 0.29612407088279724, "eye color": 0.2908041775226593, "genetic testing": 0.28172504901885986, "sunscreen": 0.27816835045814514, "genetic": 0.2777368426322937, "white cane": 0.264254629611969, "sunlight": 0.26242318749427795, "blond": 0.24810628592967987, "blonde": 0.2357814908027649, "ocular": 0.23153455555438995, "diagnosed": 0.22868598997592926, "rare": 0.22645583748817444, "darker": 0.22125889360904694, "photophobia": 0.2128707617521286, "stand out": 0.2056659758090973, "sun": 0.20520809292793274, "eye doctor": 0.20481914281845093, "eyebrows": 0.2021394968032837, "nystagmus": 0.19309061765670776, "ophthalmologist": 0.19103911519050598, "my skin": 0.18882271647453308, "alone": 0.18796715140342712, "uv": 0.1878674477338791, "dark": 0.18436752259731293, "race": 0.184360533952713, "bright": 0.18432952463626862, "black": 0.18299314379692078}}