{"c_v": 0.40600890308829163, "c_npmi": -0.18247925105020216, "u_mass": -2.581793305990295, "c_uci": -6.252858663391398}