{"0": {"rheumatoid arthritis": 0.47306644916534424, "rheumatic diseases": 0.45529937744140625, "diagnosed with mctd": 0.4527953863143921, "got diagnosed": 0.439571738243103, "psoriatic arthritis": 0.43908679485321045, "diagnosed with uctd": 0.41426271200180054, "recently diagnosed": 0.40702831745147705, "been diagnosed": 0.396615207195282, "newly diagnosed": 0.39427900314331055, "chronic illness": 0.3886832594871521, "autoimmune disease": 0.38769999146461487, "was diagnosed": 0.3855959177017212, "autoimmune disorders": 0.3761673867702484, "diagnosis": 0.37491172552108765, "polymyositis": 0.37459060549736023, "autoimmune diseases": 0.37390652298927307, "arthritis": 0.37341809272766113, "rheumatologist": 0.3716774582862854, "see rheumatologist": 0.36687716841697693, "chronic pain": 0.3662347197532654, "diagnoses": 0.36492735147476196, "diagnose": 0.3641946315765381, "autoimmune disorder": 0.36255258321762085, "diagnostic": 0.36195796728134155, "rheumatologists": 0.36145204305648804, "definitive diagnosis": 0.3596358597278595, "diagnosed": 0.35815733671188354, "tissue disease": 0.3474120497703552, "official diagnosis": 0.33421170711517334, "thyroid": 0.33281606435775757, "rare disease": 0.3325346112251282, "swollen lymph": 0.3262070417404175, "tissue diseases": 0.32200485467910767, "joint pain": 0.32191628217697144, "main symptoms": 0.32142338156700134, "fibromyalgia": 0.3200833201408386, "symptoms": 0.31726545095443726, "joint pains": 0.3143439292907715, "muscle pain": 0.30994364619255066, "tissue disorder": 0.30826646089553833, "chronic fatigue": 0.3059006929397583, "disease": 0.3054437041282654, "illnesses": 0.30351489782333374, "systemic lupus": 0.30307990312576294, "rheumatology": 0.3028073310852051, "mctd patients": 0.30086973309516907, "illness": 0.30030959844589233, "became ill": 0.2924158573150635, "pain management": 0.28515687584877014, "diseases": 0.2830877900123596}, "1": {"prescribed plaquenil": 0.4347218871116638, "taking plaquenil": 0.368141233921051, "any medication": 0.31468334794044495, "plaquenil": 0.31424832344055176, "rheumatoid arthritis": 0.3076748549938202, "medication": 0.2951890528202057, "psoriatic arthritis": 0.29290029406547546, "medications": 0.29117465019226074, "diagnosed with mctd": 0.2846596837043762, "chronic illness": 0.28371113538742065, "thyroid": 0.2803446054458618, "rheumatic diseases": 0.27623671293258667, "functional medicine": 0.2714894413948059, "chronic fatigue": 0.27030497789382935, "got diagnosed": 0.27008888125419617, "prescription": 0.26631447672843933, "recently diagnosed": 0.25868380069732666, "chronic pain": 0.25561854243278503, "medicine": 0.25466182827949524, "autoimmune disease": 0.2522665560245514, "mg": 0.2505339980125427, "mg day": 0.24784718453884125, "autoimmune disorders": 0.2458302229642868, "swollen lymph": 0.2440851330757141, "autoimmune diseases": 0.24297189712524414, "polymyositis": 0.24206483364105225, "autoimmune disorder": 0.24076730012893677, "fibromyalgia": 0.24036769568920135, "arthritis": 0.23813661932945251, "side effects": 0.2356770932674408, "diagnosed with uctd": 0.23329338431358337, "newly diagnosed": 0.23255912959575653, "vitamin": 0.22802886366844177, "glucosamine": 0.2252885103225708, "been diagnosed": 0.22491838037967682, "vitamins": 0.22130364179611206, "systemic lupus": 0.2188083529472351, "mctd patients": 0.21786794066429138, "was diagnosed": 0.2143111228942871, "medical": 0.21361255645751953, "pain management": 0.2122652232646942, "symptoms": 0.21212200820446014, "your doctor": 0.21002919971942902, "became ill": 0.2099408060312271, "bipolar": 0.20983383059501648, "main symptoms": 0.2093532383441925, "prescribe": 0.20742779970169067, "flu": 0.20739616453647614, "pandemic": 0.20608048141002655, "low dose": 0.20512188971042633}, "2": {"poll for the community": 0.41359376907348633, "poll": 0.33573243021965027, "rheumatic diseases": 0.24796587228775024, "rheumatoid factor": 0.23824352025985718, "chronic illness": 0.23553599417209625, "joint pains": 0.2328222393989563, "rheumatoid arthritis": 0.22574341297149658, "joint pain": 0.22264838218688965, "diagnosed with mctd": 0.22038576006889343, "psoriatic arthritis": 0.2194017767906189, "rare disease": 0.21459954977035522, "chronic pain": 0.21329154074192047, "got diagnosed": 0.21286225318908691, "depression": 0.2095564752817154, "illnesses": 0.20670680701732635, "chronic fatigue": 0.20584994554519653, "been diagnosed": 0.20577660202980042, "health issues": 0.20546863973140717, "majority": 0.20263507962226868, "newly diagnosed": 0.20008137822151184, "autoimmune diseases": 0.19907771050930023, "diagnosis": 0.19892175495624542, "recently diagnosed": 0.19792187213897705, "diagnoses": 0.1970888078212738, "diagnosed with uctd": 0.19639089703559875, "autoimmune disease": 0.19496184587478638, "illness": 0.19439800083637238, "main symptoms": 0.19401390850543976, "official diagnosis": 0.1936073899269104, "muscle pain": 0.19359315931797028, "diagnostic": 0.192986398935318, "disease activity": 0.19279621541500092, "mental health": 0.19164133071899414, "diseases": 0.1895594298839569, "definitive diagnosis": 0.1893809735774994, "was diagnosed": 0.18849755823612213, "diagnose": 0.1871757209300995, "diagnosed": 0.18681052327156067, "mctd patients": 0.18666504323482513, "feel better": 0.18648894131183624, "autoimmune disorders": 0.18625840544700623, "chest pain": 0.18587329983711243, "tissue diseases": 0.18546919524669647, "tissue disease": 0.1841907650232315, "feeling better": 0.1841575801372528, "shoulder pain": 0.1826806366443634, "disease": 0.18116715550422668, "arthritis": 0.180396169424057, "pain management": 0.17941826581954956, "flu": 0.17823642492294312}}