{"c_v": 0.285056874921178, "c_npmi": -0.26033900458552667, "u_mass": -3.9365288954890123, "c_uci": -8.27174212932986}