{"0": {"annoyingly loud": 0.41154372692108154, "disgustingly loud": 0.38337498903274536, "jarring noises": 0.3817480504512787, "acute hearing": 0.3710893988609314, "loudest chewer": 0.37042075395584106, "auditory triggers": 0.3688514232635498, "chewing loudly": 0.36756354570388794, "mouth noises": 0.3673994541168213, "sound sensitivities": 0.3594769239425659, "obnoxiously loud": 0.35812169313430786, "chew louder": 0.3580001890659332, "calmer earplugs": 0.3578360378742218, "hearing impaired": 0.3566440939903259, "noise complaint": 0.35445845127105713, "loud snorer": 0.353015661239624, "chew loudly": 0.3519900441169739, "annoys the crap": 0.3516506552696228, "yawns loudly": 0.35086190700531006, "chews loudly": 0.34849366545677185, "painfully loud": 0.3476579785346985, "noisy eater": 0.3472204804420471, "offending sound": 0.34696686267852783, "loud chewer": 0.3462844491004944, "loud ass": 0.3451489508152008, "sensitive hearing": 0.3447495102882385, "noisy neighbours": 0.3432285487651825, "tone deaf": 0.34290558099746704, "phonophobia": 0.3428826928138733, "hissing sound": 0.34186220169067383, "loud exhausts": 0.3401292562484741, "annoys the hell": 0.33860769867897034, "auditory sensitivities": 0.3378743529319763, "noisy eaters": 0.3369918167591095, "misophonia sufferer": 0.33601444959640503, "squeak squeak": 0.3342065215110779, "ridiculously loud": 0.33348172903060913, "incessant barking": 0.3326307535171509, "loudest eater": 0.3324950039386749, "noise suppression": 0.3313155174255371, "noisy neighbors": 0.33076974749565125, "deafen myself": 0.33062389492988586, "hearing loss": 0.3293556571006775, "foam ear": 0.3290637135505676, "bodily noises": 0.3283497989177704, "noise cancelling": 0.3282228112220764, "unnecessarily loud": 0.3280128836631775, "sound sensitivity": 0.325049489736557, "chewed loudly": 0.32496964931488037, "sore ears": 0.3245537281036377, "excessively loud": 0.3241713047027588}, "1": {"self diagnosis": 0.3750559687614441, "self diagnosable": 0.3706997334957123, "self diagnoses": 0.3667384386062622, "self diagnosing": 0.36662834882736206, "self diagnose": 0.36436861753463745, "self diagnosed": 0.3609273135662079, "analysis bot": 0.3422028124332428, "standard diagnostic": 0.31540048122406006, "diagnosis criteria": 0.3122093677520752, "diagnostic criteria": 0.31169945001602173, "autoimmune disease": 0.30869513750076294, "formal diagnosis": 0.3046274185180664, "official diagnosis": 0.3042457699775696, "bot beep": 0.30337417125701904, "official diagnostic": 0.3014892041683197, "automatically please": 0.2974848747253418, "proper diagnosis": 0.297477662563324, "officially diagnose": 0.2973158657550812, "actual diagnosis": 0.2961536645889282, "misdiagnosed": 0.2956799268722534, "diagnosed with autism": 0.2916865348815918, "formally diagnosed": 0.2904869318008423, "medical diagnosis": 0.2858216166496277, "officially diagnosed": 0.2847379446029663, "removed for rule": 0.2814501225948334, "removed for violation": 0.2809344530105591, "delete this": 0.2797379791736603, "diagnosable": 0.27819883823394775, "been diagnosed": 0.27652591466903687, "removed in violation": 0.2760050296783447, "diagnosis": 0.2722471058368683, "diagnostic": 0.26966381072998047, "undiagnosed": 0.26950135827064514, "diagnosing": 0.26900169253349304, "automatic": 0.2680647373199463, "automatically": 0.2669714689254761, "diagnose": 0.26378297805786133, "automatic response": 0.26097241044044495, "criteria for misophonia": 0.2602730989456177, "autoimmune": 0.25842806696891785, "diagnoses": 0.2570260763168335, "able to diagnose": 0.25393757224082947, "diagnosed": 0.25374484062194824, "worst bots": 0.24950560927391052, "am bot": 0.2492302507162094, "removed because": 0.24890145659446716, "this automoderator": 0.24725353717803955, "diagnosed with ocd": 0.2444099336862564, "neurological disorder": 0.2432381808757782, "diagnosed with asd": 0.24196642637252808}, "2": {"reply with delete": 0.36462944746017456, "removed for violation": 0.3299958407878876, "removed in violation": 0.325473427772522, "got deleted": 0.320867657661438, "removed again": 0.3045782446861267, "removed for rule": 0.30430322885513306, "delete this": 0.3006903827190399, "comment delete": 0.29653623700141907, "deleted": 0.2901688814163208, "posts to or the misophonia": 0.27346113324165344, "been removed": 0.2731195092201233, "throwaway account": 0.2717990577220917, "pinned post": 0.2626911401748657, "removed because": 0.2609471082687378, "deleting": 0.25997084379196167, "removed": 0.25916576385498047, "downvote to remove": 0.25473034381866455, "misophonic response": 0.25227946043014526, "delete": 0.24692365527153015, "your post": 0.24614448845386505, "posts shaming": 0.2455391138792038, "your account": 0.24461820721626282, "original post": 0.23834630846977234, "late reply": 0.23775067925453186, "before reposting": 0.23741281032562256, "repost": 0.23501744866371155, "edit forgot": 0.2326783537864685, "automatic response": 0.23200014233589172, "your submission": 0.23142510652542114, "sorry for the rant": 0.23095391690731049, "sorry bud": 0.22829163074493408, "removed as": 0.22460314631462097, "sorry your": 0.22361218929290771, "bot beep": 0.2217906266450882, "apologized profusely": 0.22117072343826294, "automatically please": 0.22105571627616882, "apologize": 0.2195986807346344, "must repost": 0.21846187114715576, "rules of misophonia": 0.21779125928878784, "apologizes": 0.2177170217037201, "reposting": 0.21660606563091278, "apologized": 0.2156325727701187, "removing yourself": 0.21535098552703857, "remove yourself": 0.21514463424682617, "apologies": 0.21495166420936584, "apologised": 0.21457287669181824, "apologise": 0.21422679722309113, "spam": 0.21351367235183716, "answered previously": 0.21115313470363617, "misophonia weekly": 0.21065598726272583}, "3": {"reply with delete": 0.3364464044570923, "bot beep": 0.3208965063095093, "automatic response": 0.3188955783843994, "automatically please": 0.3163619041442871, "delete this": 0.3051532804965973, "got deleted": 0.30510616302490234, "removed in violation": 0.297951340675354, "worst bots": 0.2963079512119293, "am bot": 0.29571259021759033, "automatically": 0.29072558879852295, "removed for violation": 0.29056018590927124, "automatic": 0.2881358861923218, "posts to or the misophonia": 0.2843164801597595, "throwaway account": 0.28027451038360596, "mr robot": 0.27599912881851196, "been removed": 0.2739347219467163, "robot": 0.273860365152359, "your account": 0.2734127342700958, "deleted": 0.27172237634658813, "remove yourself": 0.27129507064819336, "removing yourself": 0.26389026641845703, "comment delete": 0.26223739981651306, "removed because": 0.25960439443588257, "posts shaming": 0.2595638036727905, "removed": 0.25745195150375366, "remove himself": 0.25642871856689453, "deleting": 0.24479541182518005, "remove myself": 0.24448804557323456, "concerns sorry": 0.24433499574661255, "removed again": 0.24362356960773468, "your post": 0.2419634461402893, "sorry bud": 0.2408607453107834, "bots": 0.24073386192321777, "account": 0.23757678270339966, "sorry your": 0.23695071041584015, "self inflicted": 0.2355259209871292, "sorry for the rant": 0.23288480937480927, "removing myself": 0.2322010099887848, "pinned post": 0.23112767934799194, "removed as": 0.23099172115325928, "autocorrect": 0.22952866554260254, "spam": 0.2274884283542633, "excuse yourself": 0.2274816632270813, "this automoderator": 0.22674265503883362, "please message": 0.22577187418937683, "self destructive": 0.2252735197544098, "autonomic nervous": 0.2247159779071808, "delete": 0.22418606281280518, "bot": 0.22328101098537445, "downvote to remove": 0.22270244359970093}}