{"c_v": 0.44416196902604127, "c_npmi": -0.3141885148715451, "u_mass": -12.293504503972773, "c_uci": -9.351194317668522}