{"0": {"diagnosed with mcas": 0.4953564405441284, "lyme disease": 0.43181562423706055, "mastocytic enterocolitis": 0.40841346979141235, "cell diseases": 0.40298211574554443, "cutaneous mastocytosis": 0.39136192202568054, "allergy symptoms": 0.38299864530563354, "chronic lyme": 0.3762677311897278, "autoimmune diseases": 0.3674420714378357, "systemic mastocytosis": 0.36680400371551514, "chronic illness": 0.36540883779525757, "mastocytosis": 0.36384332180023193, "gi symptoms": 0.3621658682823181, "mcas patients": 0.3602677583694458, "neurological symptoms": 0.35492634773254395, "proper diagnosis": 0.3543567657470703, "recently diagnosed": 0.3538550138473511, "undiagnosed": 0.352516770362854, "been diagnosed": 0.34919285774230957, "mastocytic": 0.33834052085876465, "mast cells": 0.3366503119468689, "was diagnosed": 0.335227906703949, "physical symptoms": 0.33431458473205566, "diagnosis": 0.33239221572875977, "chronically ill": 0.3319471478462219, "diagnoses": 0.33121201395988464, "allergist immunologist": 0.3305753469467163, "interstitial cystitis": 0.32986128330230713, "main symptoms": 0.3296462297439575, "diagnose": 0.3278402090072632, "diagnosing": 0.32739701867103577, "symptoms": 0.3263612985610962, "diagnostic": 0.32364535331726074, "allergy tests": 0.32244688272476196, "illnesses": 0.3206160068511963, "disease": 0.31650102138519287, "diagnosed": 0.3164314031600952, "fibromyalgia": 0.3149303197860718, "illness": 0.31207144260406494, "mast cell": 0.3118489384651184, "immunology": 0.31105178594589233, "thyroid": 0.31090253591537476, "ige allergies": 0.30743858218193054, "cystitis": 0.3044150769710541, "diseases": 0.302604615688324, "self diagnosed": 0.29937493801116943, "allergic rhinitis": 0.29822421073913574, "symptom": 0.29663553833961487, "idiopathic anaphylaxis": 0.2963998317718506, "allergy testing": 0.29113078117370605, "histamine intolerance": 0.2895318269729614}, "1": {"take mg": 0.4692420959472656, "took mg": 0.4635564088821411, "histamine bucket": 0.41591978073120117, "medication regime": 0.4070315659046173, "histamine receptors": 0.40370580554008484, "compounding pharmacy": 0.4035774767398834, "anti histamine": 0.3976961374282837, "anti histamines": 0.38816362619400024, "medications": 0.3878103494644165, "mg daily": 0.3877132833003998, "low histamine": 0.38488996028900146, "histamine": 0.3834983706474304, "take benadryl": 0.3826989531517029, "medication": 0.3806559443473816, "kidney pills": 0.37910670042037964, "histamines": 0.37751132249832153, "aspirin": 0.37572014331817627, "histamine release": 0.37278464436531067, "pharmacy": 0.37244176864624023, "pre medicate": 0.37216800451278687, "histamine intolerance": 0.37070369720458984, "high histamine": 0.36760038137435913, "prescription": 0.36561042070388794, "histamine blocker": 0.3636273443698883, "antihistamine": 0.3635753095149994, "functional medicine": 0.35811084508895874, "histamine levels": 0.3543163239955902, "histamine foods": 0.3516862094402313, "histamine diet": 0.35050317645072937, "pills": 0.34809115529060364, "antihistamines": 0.34766823053359985, "medicines": 0.3468043804168701, "antidepressant": 0.345542311668396, "cromolyn sodium": 0.3454916179180145, "methylhistamine": 0.3448607325553894, "pill": 0.34382057189941406, "lower dose": 0.33123230934143066, "taking cromolyn": 0.3292090892791748, "medicine": 0.32476723194122314, "grow histamine": 0.3225104808807373, "mg per": 0.3185540437698364, "higher doses": 0.3184456527233124, "low dose": 0.3160831928253174, "specialty pharmacy": 0.3160521984100342, "side effects": 0.313203901052475, "high doses": 0.3113902509212494, "chemical sensitivities": 0.3064435124397278, "mg day": 0.30429473519325256, "higher dose": 0.30095595121383667, "drug": 0.29727038741111755}, "2": {"histamine diet": 0.49273431301116943, "histamine foods": 0.4512876868247986, "food allergies": 0.4057728350162506, "vitamin deficiencies": 0.35908812284469604, "elimination diet": 0.35002052783966064, "histamine intolerance": 0.3437277376651764, "food intolerances": 0.341227650642395, "food intolerance": 0.33939146995544434, "restricted diet": 0.33884114027023315, "diet list": 0.33399075269699097, "anti histamines": 0.3240129351615906, "trigger foods": 0.3229299783706665, "anti histamine": 0.32137244939804077, "food reactions": 0.31810688972473145, "food sensitivities": 0.3125688433647156, "histamine receptors": 0.30981624126434326, "diets": 0.309571236371994, "diet": 0.3077319264411926, "histamine bucket": 0.30608564615249634, "grow histamine": 0.3044266402721405, "gain weight": 0.3018311560153961, "low histamine": 0.30027997493743896, "histamines": 0.2941712737083435, "histamine levels": 0.29317721724510193, "ige allergies": 0.2919502556324005, "vitamins": 0.29158082604408264, "amino acids": 0.29142820835113525, "food triggers": 0.290497362613678, "histamine blocker": 0.2902761697769165, "weight gain": 0.2900342643260956, "allergy symptoms": 0.2894352078437805, "histamine": 0.28630954027175903, "weight loss": 0.2822214961051941, "gluten dairy": 0.27697521448135376, "vitamin": 0.276924192905426, "antihistamines": 0.274776816368103, "allergic reactions": 0.2711913585662842, "antihistamine": 0.2697526514530182, "allergic rhinitis": 0.26892805099487305, "supplements": 0.2689000964164734, "high histamine": 0.26824599504470825, "allergic reaction": 0.2679356038570404, "methylhistamine": 0.26719361543655396, "histamine release": 0.2653402090072632, "mg daily": 0.2645859718322754, "allergist immunologist": 0.26334893703460693, "digestive issues": 0.2607918083667755, "allergy tests": 0.2578033208847046, "medication regime": 0.25778061151504517, "mediated allergies": 0.25665926933288574}}