{"c_v": 0.3486231757841988, "c_npmi": -0.21245604269508123, "u_mass": -3.4547721107767457, "c_uci": -6.8813023504503406}