{"0": {"gastroparesis": 0.48270297050476074, "diagnosed with gastroparesis": 0.46681201457977295, "zofran ondansetron": 0.4611791968345642, "gastritis esophagitis": 0.4554623067378998, "crohns": 0.44557899236679077, "digestive issues": 0.4454119801521301, "ondansetron zofran": 0.4449552297592163, "gerd gastritis": 0.44458556175231934, "gastro doctors": 0.44427555799484253, "mild gastritis": 0.44332006573677063, "zofran": 0.4430135488510132, "zofran disintegrating": 0.4429834485054016, "zofran phenergan": 0.43725359439849854, "chronic gastritis": 0.4338313937187195, "zofran odt": 0.43379491567611694, "idiopathic gastroparesis": 0.4299968481063843, "gastritis": 0.4297369122505188, "severe emetophobia": 0.4211714267730713, "fodmap foods": 0.42088544368743896, "constant nausea": 0.41781842708587646, "diverticulitis": 0.41658803820610046, "dissolvable zofran": 0.41616714000701904, "miralax daily": 0.41381558775901794, "celiac": 0.41093379259109497, "constant vomiting": 0.4078400731086731, "antral gastritis": 0.4068751931190491, "gastroenteritis": 0.40508610010147095, "digestive problems": 0.4045295715332031, "zofran and phenergan": 0.4024057388305664, "zantac every": 0.40238454937934875, "extreme nausea": 0.4022611677646637, "take zofran": 0.4011259078979492, "erosive gastritis": 0.3997223377227783, "hyperemesis": 0.3981510400772095, "fodmap diet": 0.3961493670940399, "pepcid": 0.3958490490913391, "gastro doc": 0.3940880298614502, "immodium": 0.39386093616485596, "esophageal spasms": 0.39360511302948, "colitis and gastritis": 0.39246511459350586, "ibs": 0.3923020362854004, "fodmap": 0.3903249502182007, "zofran and compazine": 0.38976263999938965, "gastric stimulator": 0.3895968198776245, "gravol suppositories": 0.389104962348938, "celiacs": 0.3887101411819458, "colonoscopy endoscopy": 0.38836097717285156, "celiac disease": 0.3876783847808838, "debilitating nausea": 0.38753995299339294, "gastro": 0.3873749375343323}, "1": {"covid vaccine": 0.5004411935806274, "vaccine": 0.48810380697250366, "pfizer vaccine": 0.4519880712032318, "vaccinated": 0.4462112784385681, "fully vaccinated": 0.4319295287132263, "vaccines": 0.41004055738449097, "injections": 0.3683103919029236, "viral gastroparesis": 0.36040955781936646, "flu": 0.34471559524536133, "reaction to reglan": 0.3429969549179077, "gastritis esophagitis": 0.3393731117248535, "allergic to reglan": 0.33354565501213074, "mild gastritis": 0.33014318346977234, "trigeminal neuralgia": 0.3279021382331848, "zofran phenergan": 0.327373743057251, "stomach virus": 0.327073872089386, "side affects": 0.32644665241241455, "zofran ondansetron": 0.324913889169693, "zofran disintegrating": 0.3239274024963379, "stomach flu": 0.3237009048461914, "neuralgia": 0.32249051332473755, "severe emetophobia": 0.3211228847503662, "fibro": 0.3193785846233368, "depo shot": 0.3186914324760437, "prednisone": 0.3183654248714447, "norovirus": 0.317089319229126, "amitriptyline": 0.3150891959667206, "gerd gastritis": 0.312838077545166, "zofran": 0.31204792857170105, "celiacs": 0.31164824962615967, "gabapentin": 0.3101882338523865, "omeprazole twice": 0.30999428033828735, "gastroenteritis": 0.3089268207550049, "zofran and phenergan": 0.30853667855262756, "severity of symptoms": 0.30839669704437256, "extreme nausea": 0.30714231729507446, "fodmap": 0.30684947967529297, "phenergan": 0.3067081570625305, "constantly nauseous": 0.306297242641449, "ondansetron zofran": 0.3060568869113922, "immune": 0.30485522747039795, "dissolvable zofran": 0.3044063448905945, "emetophobia": 0.3043869435787201, "effexor": 0.3042636215686798, "viral illness": 0.30367374420166016, "asymptomatic": 0.3034927248954773, "lyrica": 0.30306726694107056, "nsaid": 0.30083727836608887, "stomach aches": 0.3007940649986267, "stomach bug": 0.3006351590156555}}