{"c_v": 0.32798435130223097, "c_npmi": -0.31046460223759886, "u_mass": -11.00284498544924, "c_uci": -9.160084291019723}