{"c_v": 0.4373239849894725, "c_npmi": -0.3237095859652359, "u_mass": -12.362161136231313, "c_uci": -9.857338913753201}