{"0": {"my hematologist": 0.40367263555526733, "recently diagnosed": 0.39227306842803955, "hemoglobin": 0.38185131549835205, "anemia": 0.3797808289527893, "thrombocythemia": 0.3789529800415039, "hematologist oncologist": 0.3732578754425049, "blood tests": 0.3719921112060547, "been diagnosed": 0.36462485790252686, "leukemia": 0.36461925506591797, "hematologist": 0.3626059293746948, "blood cancer": 0.360232949256897, "was diagnosed": 0.3566443622112274, "thrombocytosis": 0.35593944787979126, "referred to hematologist": 0.3527391850948334, "hematologists": 0.3495258092880249, "diagnosed with et": 0.3486722707748413, "blood disorder": 0.3470209538936615, "blood test": 0.34194159507751465, "essential thrombocythemia": 0.33530330657958984, "diagnosis": 0.3345935642719269, "hematologist says": 0.33382606506347656, "myelofibrosis": 0.3323936462402344, "diagnosed": 0.32836729288101196, "haematologist": 0.32117292284965515, "thrombosis": 0.32104697823524475, "reactive thrombocytosis": 0.313172310590744, "hematocrit": 0.30430442094802856, "blood clots": 0.29682978987693787, "mpn patients": 0.29619187116622925, "any symptoms": 0.2829189598560333, "cancer": 0.2761812210083008, "oncologist": 0.27398109436035156, "blood cells": 0.2734261155128479, "disease": 0.2723518908023834, "no symptoms": 0.26819345355033875, "cancers": 0.25342684984207153, "genetic test": 0.24591287970542908, "blood counts": 0.23767676949501038, "polycythemia": 0.23702237010002136, "symptoms": 0.23530635237693787, "medical": 0.2321995496749878, "my doctor": 0.22997057437896729, "daily aspirin": 0.22393786907196045, "blood thinners": 0.22205469012260437, "blood work": 0.22163058817386627, "biopsy": 0.22113826870918274, "clot": 0.2200787216424942, "chronic": 0.21921265125274658, "aspirin daily": 0.21918535232543945, "high platelets": 0.2136736512184143}, "1": {"mpn patients": 0.5346314311027527, "referred to hematologist": 0.5187602043151855, "essential thrombocythemia": 0.4977540671825409, "leukemia": 0.47420674562454224, "disease": 0.46944811940193176, "thrombocythemia": 0.46452462673187256, "my hematologist": 0.44658681750297546, "diagnosed with et": 0.43758541345596313, "recently diagnosed": 0.4362950921058655, "hematologist says": 0.4282826781272888, "anemia": 0.4274030923843384, "myelofibrosis": 0.4264640212059021, "haematologist": 0.4257442355155945, "hematologist": 0.42224836349487305, "blood disorder": 0.42206189036369324, "hematologists": 0.4220457375049591, "hematologist oncologist": 0.41933390498161316, "thrombocytosis": 0.4180908203125, "was diagnosed": 0.4166814684867859, "vaccine": 0.4154806435108185, "blood cancer": 0.4133247137069702, "mpn research": 0.412508487701416, "been diagnosed": 0.4085325002670288, "cancer": 0.39590340852737427, "diagnosed": 0.38748136162757874, "thrombosis": 0.3861809968948364, "diagnosis": 0.3833131194114685, "cancers": 0.3816331624984741, "chronic": 0.3796071410179138, "reactive thrombocytosis": 0.37513554096221924, "blood tests": 0.37431222200393677, "patients": 0.3666425347328186, "hematocrit": 0.36488255858421326, "oncologist": 0.36364638805389404, "clinical": 0.3631511330604553, "hemoglobin": 0.35071223974227905, "genetic test": 0.3476840853691101, "blood test": 0.34160441160202026, "biopsy": 0.34151172637939453, "medical": 0.33782047033309937, "mg": 0.3342852294445038, "lymphoma society": 0.33072739839553833, "disorder": 0.3265315890312195, "patient": 0.3246653974056244, "mpn specialist": 0.3238484561443329, "polycythemia": 0.31438058614730835, "blood clots": 0.3142796456813812, "seeing an mpn": 0.3114209771156311, "polycythemia vera": 0.30951014161109924, "genetic": 0.30629149079322815}}