{"c_v": 0.38607029261169146, "c_npmi": -0.22454452119729357, "u_mass": -1.4299093094012885, "c_uci": -7.147818414250015}