{"c_v": 0.3419605007556772, "c_npmi": -0.175572753745165, "u_mass": -1.2556612218550751, "c_uci": -4.84746318533729}