{"0": {"ch kitty": 0.4571000635623932, "ch kitten": 0.43811941146850586, "ch kitties": 0.4366395175457001, "ch cat": 0.3991798758506775, "kitty": 0.39746034145355225, "ch cats": 0.38712167739868164, "kitten": 0.38389652967453003, "kittens": 0.35170412063598633, "kitties": 0.3317369222640991, "cat": 0.3253665268421173, "cat tree": 0.2960481643676758, "cats": 0.29153257608413696, "baby": 0.24892768263816833, "oh my": 0.24620388448238373, "pet": 0.23426136374473572, "wobbly": 0.23195919394493103, "sweet": 0.22849342226982117, "your vet": 0.2268761396408081, "wobbler": 0.2128707766532898, "litter box": 0.20120775699615479, "loves": 0.19486136734485626, "wobblers": 0.19389235973358154, "my": 0.18516817688941956, "adopted": 0.18512625992298126, "ch": 0.18153035640716553, "pretty": 0.1805764138698578, "poop": 0.17976124584674835, "her": 0.17758506536483765, "litter": 0.1731102615594864, "lol": 0.16715316474437714, "to": 0.16673876345157623, "boy": 0.1665033996105194, "love": 0.16616813838481903, "its": 0.16586846113204956, "cerebellar hypoplasia": 0.16407227516174316, "nice": 0.16314911842346191, "like": 0.16206783056259155, "happy": 0.15958043932914734, "little": 0.1593291163444519, "best thing": 0.15721160173416138, "oh": 0.15697723627090454, "as": 0.15646252036094666, "care": 0.15603236854076385, "your": 0.1557459533214569, "give him": 0.15535825490951538, "be": 0.15525680780410767, "he": 0.15316222608089447, "months old": 0.15310291945934296, "such": 0.15268544852733612, "you": 0.15266378223896027}, "1": {"ch kitty": 0.4405367374420166, "ch kitten": 0.42728954553604126, "ch cats": 0.4093532860279083, "ch cat": 0.4082493185997009, "ch kitties": 0.39519384503364563, "kitty": 0.3869442939758301, "cat": 0.3600621819496155, "cat tree": 0.359901487827301, "kitten": 0.35966986417770386, "kittens": 0.35031867027282715, "cats": 0.33242321014404297, "kitties": 0.29617106914520264, "litter box": 0.262757271528244, "your vet": 0.20137816667556763, "pet": 0.1829095482826233, "litter": 0.12768161296844482, "give him": 0.12713056802749634, "months old": 0.12599779665470123, "box": 0.11546812951564789, "poop": 0.10410033166408539, "cerebellar hypoplasia": 0.09723730385303497, "pee": 0.09641119837760925, "ch": 0.08677072077989578, "her": 0.08012048900127411, "year old": 0.07826083898544312, "adopted": 0.07720822095870972, "good luck": 0.07639208436012268, "bowl": 0.07456115633249283, "non ch": 0.07423561811447144, "she": 0.06960625946521759, "advice": 0.0678463727235794, "make sure": 0.06706487387418747, "bowls": 0.06638938188552856, "her business": 0.0641811266541481, "good idea": 0.06414127349853516, "thank you": 0.0640232190489769, "oh my": 0.061977796256542206, "baby": 0.059308119118213654, "him": 0.05836641415953636, "care": 0.055490925908088684, "months": 0.0531950481235981, "first": 0.0527973473072052, "best thing": 0.05043186992406845, "luck": 0.04987098276615143, "when she": 0.0497247651219368, "do not": 0.048947952687740326, "check": 0.0465630404651165, "normal": 0.044823598116636276, "thank": 0.044199638068675995, "thanks": 0.042689621448516846}}