{"c_v": 0.28124019355274, "c_npmi": -0.1811436022852378, "u_mass": -1.2826735795815907, "c_uci": -5.5617291392666015}