{"0": {"diagnosed": 0.35949957370758057, "prednisone": 0.358055055141449, "being diagnosed": 0.33038651943206787, "symptoms": 0.31906646490097046, "muscle pain": 0.30240845680236816, "myasthenia gravis": 0.29766637086868286, "symptom": 0.2948452830314636, "mg patients": 0.2820494771003723, "any medication": 0.27674904465675354, "meds": 0.2683446705341339, "neurologist": 0.26600152254104614, "anxiety": 0.26259058713912964, "remission": 0.2613634467124939, "medication": 0.25412383675575256, "neuromuscular": 0.25176894664764404, "myasthenia": 0.2516292929649353, "diagnosis": 0.2502906322479248, "neuro muscular": 0.24965623021125793, "mg": 0.24797403812408447, "severe": 0.24480003118515015, "neuromuscular specialist": 0.23819702863693237, "neurologist who": 0.23772087693214417, "ct scan": 0.2366940975189209, "ocular mg": 0.23107804358005524, "high dose": 0.2284238338470459, "chemo": 0.22553367912769318, "neuro": 0.22348761558532715, "blood work": 0.22294069826602936, "numbness": 0.222182959318161, "dosage": 0.22117218375205994, "hang in there": 0.2201676368713379, "low dose": 0.21950869262218475, "blood tests": 0.21748270094394684, "trouble swallowing": 0.21512001752853394, "emg": 0.2135378122329712, "side effects": 0.21268048882484436, "into remission": 0.21048620343208313, "relief": 0.20714814960956573, "problems": 0.20503449440002441, "gravis": 0.20346765220165253, "allergy": 0.20310378074645996, "flare up": 0.20291823148727417, "muscle weakness": 0.20280016958713531, "first dose": 0.20024478435516357, "ptosis": 0.19741922616958618, "icu": 0.19361793994903564, "single fiber": 0.1928100287914276, "breathing exercises": 0.1899239867925644, "blood test": 0.187495619058609, "fatigue": 0.18679079413414001}, "1": {"myasthenia gravis": 0.435589075088501, "neurologist": 0.40590736269950867, "neurologist who": 0.36447393894195557, "diagnosed": 0.3489542007446289, "ocular mg": 0.34816133975982666, "neuro": 0.34647977352142334, "neuro muscular": 0.3365711569786072, "blood work": 0.326480895280838, "neuromuscular": 0.3255586624145508, "ct scan": 0.325117290019989, "being diagnosed": 0.32210302352905273, "gravis": 0.3178994655609131, "prednisone": 0.31744492053985596, "symptoms": 0.31458359956741333, "myasthenia": 0.3094211220741272, "diagnosis": 0.3063828647136688, "emg": 0.30574703216552734, "blood tests": 0.30536431074142456, "mg patients": 0.2969682812690735, "neuromuscular specialist": 0.2968765199184418, "muscle pain": 0.29585784673690796, "symptom": 0.2954874038696289, "blood test": 0.2946399748325348, "ptosis": 0.2907530963420868, "numbness": 0.284457802772522, "ophthalmologist": 0.2678110599517822, "droopy eye": 0.2568952441215515, "mg": 0.24273693561553955, "severe": 0.2381933033466339, "antibody": 0.2371627241373062, "muscle weakness": 0.23363196849822998, "trouble swallowing": 0.22420132160186768, "antibodies": 0.22251121699810028, "eyelid": 0.22033891081809998, "high dose": 0.21746370196342468, "remission": 0.217020183801651, "tumor": 0.21521469950675964, "any medication": 0.20812591910362244, "side effects": 0.2065562605857849, "icu": 0.20611761510372162, "ocular": 0.20605523884296417, "low dose": 0.20454785227775574, "anxiety": 0.20334066450595856, "dosage": 0.19669458270072937, "allergy": 0.1904946118593216, "meds": 0.18836909532546997, "first dose": 0.18406498432159424, "thymus": 0.18387457728385925, "droopy": 0.1783810257911682, "doctor": 0.17427664995193481}}