{"0": {"dermatitis": 0.6591396927833557, "very itchy": 0.6364094018936157, "rash": 0.6353016495704651, "see dermatologist": 0.6318663358688354, "extremely itchy": 0.6238540410995483, "dermatologist": 0.6132321357727051, "dermatographia": 0.5947084426879883, "itchy spots": 0.5931445360183716, "itchy": 0.5850925445556641, "constantly itchy": 0.5769248604774475, "allergy meds": 0.5704956650733948, "topical": 0.5689629316329956, "allergy": 0.5501935482025146, "allergens": 0.5437033772468567, "sensitive skin": 0.5426415801048279, "anti itch": 0.5409724712371826, "allergy testing": 0.5398403406143188, "itches": 0.5397093296051025, "allergy medicine": 0.5387882590293884, "allergy test": 0.5385445356369019, "allergy tests": 0.536970853805542, "developed dermatographia": 0.5361695289611816, "super itchy": 0.5358816385269165, "see an allergist": 0.5339101552963257, "dermographia": 0.529388427734375, "itching": 0.5265637636184692, "symptom": 0.5265225768089294, "allergist": 0.5261918306350708, "when scratched": 0.5230130553245544, "allergic reaction": 0.5192040205001831, "tested for allergies": 0.5186018943786621, "allergic to dust": 0.513222873210907, "allergic reactions": 0.5117213129997253, "allergies": 0.5105029940605164, "skin": 0.5074241161346436, "saw an allergist": 0.5066410899162292, "sore": 0.5053331851959229, "allergist said": 0.5045130252838135, "scratching myself": 0.5037099719047546, "recently diagnosed": 0.5031721591949463, "am allergic": 0.5029870271682739, "allergy pill": 0.5023137927055359, "rubbing": 0.5011447668075562, "irritation": 0.5009437799453735, "dermatographism": 0.5008578300476074, "allergic": 0.5006909370422363, "scratched": 0.49892309308052063, "dry skin": 0.49763309955596924, "allergies or thyroid": 0.496214896440506, "skin writing": 0.4957581162452698}, "1": {"getting tattoo": 0.8014426827430725, "tattoos": 0.7456479072570801, "tattoo": 0.738863468170166, "tattoo artist": 0.7325000762939453, "skin writing": 0.548092246055603, "when scratched": 0.5037918090820312, "scratched": 0.4838240444660187, "sensitive skin": 0.479554146528244, "skin writers": 0.4599834382534027, "scratches": 0.4475392699241638, "skin": 0.4468430280685425, "rubbing": 0.446472704410553, "scratch marks": 0.4417271018028259, "topical": 0.4409901201725006, "ink": 0.43751901388168335, "sore arm": 0.4366663694381714, "rash": 0.4239443838596344, "dry skin": 0.41976672410964966, "itchy spots": 0.4066735506057739, "scratching myself": 0.39463597536087036, "very itchy": 0.38848406076431274, "scratching": 0.382662832736969, "red ink": 0.37800133228302, "extremely itchy": 0.3740287125110626, "itchy": 0.3722800612449646, "skin moisturized": 0.36056235432624817, "dermatologist": 0.35283955931663513, "allergy pill": 0.35134875774383545, "my arm": 0.345962256193161, "see dermatologist": 0.3433868885040283, "itches": 0.3418503403663635, "allergy meds": 0.3372898995876312, "dermatitis": 0.3335733711719513, "allergy test": 0.3301072120666504, "dermatographia": 0.32992270588874817, "developed dermatographia": 0.32902657985687256, "allergy testing": 0.3221982717514038, "nail": 0.3183186650276184, "constantly itchy": 0.31663069128990173, "steroid cream": 0.31575632095336914, "super itchy": 0.31455302238464355, "healed": 0.31436997652053833, "irritation": 0.3143487870693207, "allergy medicine": 0.3138555586338043, "allergy tests": 0.3136358857154846, "allergy": 0.3112027645111084, "healing process": 0.310646116733551, "arm": 0.3088432848453522, "touched": 0.3082438111305237, "scratch myself": 0.3081479072570801}, "2": {"covid vaccine": 0.705612301826477, "vaccine": 0.6486101150512695, "vaccinated": 0.6459934115409851, "pfizer vaccine": 0.6342498660087585, "moderna vaccine": 0.6321184635162354, "antibodies": 0.5178869366645813, "dermatitis": 0.49529942870140076, "immunologist": 0.4752739667892456, "immune response": 0.47153565287590027, "allergist immunologist": 0.4640951156616211, "inflammation": 0.4629036784172058, "dermatographia": 0.4608154296875, "flu shot": 0.45073938369750977, "immune": 0.4472726583480835, "autoimmune": 0.4465213418006897, "immune system": 0.4441835880279541, "tested for allergies": 0.442461222410202, "autoimmune disease": 0.44079655408859253, "immunologist who": 0.4315260052680969, "got diagnosed": 0.4308851361274719, "recently diagnosed": 0.4240226149559021, "derma": 0.42381879687309265, "developed dermatographia": 0.42311882972717285, "see dermatologist": 0.42282921075820923, "allergy testing": 0.4156787395477295, "allergy meds": 0.41565632820129395, "dermatologist": 0.4119790494441986, "inflammatory": 0.41159820556640625, "allergy tests": 0.40912267565727234, "dermographia": 0.4065436124801636, "infection": 0.4044329524040222, "allergy test": 0.404082715511322, "allergies": 0.4009401202201843, "allergens": 0.3975858688354492, "allergy medicine": 0.39624619483947754, "flu": 0.39390525221824646, "diagnosed": 0.3935266137123108, "was diagnosed": 0.3887960612773895, "diagnosis and treatment": 0.3841111958026886, "allergist": 0.3837657570838928, "shots": 0.3831114172935486, "allergy": 0.3818195164203644, "auto immune": 0.381649374961853, "seasonal allergies": 0.3801954984664917, "allergies or thyroid": 0.3763107657432556, "topical": 0.3752322196960449, "fever": 0.3729283809661865, "allergist said": 0.3716432452201843, "very itchy": 0.3705710768699646, "infections": 0.36663132905960083}}