{"c_v": 0.27799678978745274, "c_npmi": -0.20605474963930417, "u_mass": -5.000392674167462, "c_uci": -6.3437562152011315}