{"c_v": 0.2919956782636828, "c_npmi": -0.06845252449306198, "u_mass": -4.201127551297193, "c_uci": -2.5537748306417907}