{"0": {"chondromatosis": 0.8421941995620728, "joint": 0.5126855969429016, "arthroscopic treatment": 0.4893035590648651, "ankle": 0.48627743124961853, "arthroscopic": 0.438349187374115, "hip": 0.3532888889312744, "case report": 0.34875917434692383, "knee": 0.3086429834365845, "rare": 0.28445541858673096, "report": 0.26223224401474, "case": 0.252909779548645, "synovial": 0.21636167168617249, "with": 0.16136330366134644, "of": 0.15684285759925842, "literature": 0.14980360865592957, "review": 0.14094209671020508, "the": 0.13422144949436188, "in": 0.13246357440948486, "pubmed": 0.12318722903728485, "and": 0.10281405597925186, "primary": 0.07113213837146759}}