{"c_v": 0.2966478357458927, "c_npmi": -0.2455741163150323, "u_mass": -2.8642784977288027, "c_uci": -7.5850203334223565}