{"0": {"been diagnosed": 0.4449167251586914, "diagnoses": 0.4446036219596863, "neurologist": 0.43450289964675903, "diagnosed": 0.4274648129940033, "newly diagnosed": 0.4108823537826538, "epileptic seizures": 0.4106982946395874, "neurological disorder": 0.4088900089263916, "epileptic": 0.4075181484222412, "see neurologist": 0.4028322100639343, "got diagnosed": 0.3989448845386505, "dissociative seizures": 0.3788348436355591, "symptoms": 0.35522884130477905, "diagnosis": 0.3552171587944031, "diagnosed with fnd": 0.35380399227142334, "these symptoms": 0.35351741313934326, "was diagnosed": 0.35194867849349976, "recently diagnosed": 0.3503713607788086, "chronic pain": 0.338681697845459, "neurology": 0.33739861845970154, "neuro": 0.33739805221557617, "disorder": 0.33704209327697754, "muscle spasms": 0.3337556719779968, "seizures": 0.33292466402053833, "functional neurological": 0.32937461137771606, "spasms": 0.3290083408355713, "migraine": 0.3284394145011902, "neurological": 0.32746005058288574, "movement disorder": 0.32183995842933655, "disorders": 0.3174571990966797, "dissociative": 0.3139021694660187, "paralysis": 0.31237322092056274, "symptom": 0.30781108140945435, "non epileptic": 0.30429503321647644, "numbness": 0.2973988950252533, "anxiety": 0.2965361475944519, "joint pain": 0.2962249517440796, "tics": 0.2939254939556122, "depression": 0.29389825463294983, "migraines": 0.29388368129730225, "disability": 0.2931062877178192, "severe": 0.2903784513473511, "mental health": 0.28777047991752625, "ptsd": 0.2869285047054291, "bipolar": 0.28532102704048157, "mri": 0.2851877808570862, "conversion disorder": 0.27930915355682373, "seizure": 0.2659405767917633, "debilitating": 0.2657061219215393, "psychiatrist": 0.26562392711639404, "syndrome": 0.25943395495414734}, "1": {"epileptic seizures": 0.5953937768936157, "dissociative seizures": 0.57145094871521, "epileptic": 0.5345372557640076, "seizures": 0.5311981439590454, "neurologist": 0.4877874255180359, "seizure": 0.47590070962905884, "see neurologist": 0.45776939392089844, "spasms": 0.4477842450141907, "neurological disorder": 0.44558537006378174, "non epileptic": 0.4436342716217041, "neurological": 0.4390133023262024, "muscle spasms": 0.4069656729698181, "migraine": 0.40233656764030457, "paralysis": 0.38989436626434326, "dissociative": 0.3890862464904785, "neurology": 0.38306891918182373, "neuro": 0.3790767192840576, "numbness": 0.3784051537513733, "dizziness": 0.37424933910369873, "these symptoms": 0.3647020757198334, "functional neurological": 0.35481947660446167, "migraines": 0.34890323877334595, "shaking": 0.3420114517211914, "diagnoses": 0.33779096603393555, "movement disorder": 0.3321121335029602, "symptoms": 0.3263029456138611, "tics": 0.32395637035369873, "twitches": 0.32050567865371704, "mri": 0.3181326389312744, "memory loss": 0.3123626410961151, "nervous system": 0.3081746995449066, "been diagnosed": 0.30787020921707153, "newly diagnosed": 0.30689263343811035, "diagnosed": 0.30179694294929504, "anxiety": 0.29984477162361145, "severe": 0.29928186535835266, "brain fog": 0.2965630888938904, "symptom": 0.29487237334251404, "tremors": 0.29440218210220337, "pins and needles": 0.2930721044540405, "disorder": 0.2920169234275818, "disorders": 0.2903149425983429, "chronic pain": 0.29030540585517883, "memory issues": 0.28717106580734253, "numb": 0.28699684143066406, "ptsd": 0.2709100842475891, "bipolar": 0.2588752210140228, "recently diagnosed": 0.25731509923934937, "stroke": 0.25480887293815613, "got diagnosed": 0.2534221112728119}}