{"c_v": 0.34163755832400977, "c_npmi": -0.10134013210878198, "u_mass": -1.8367414697383981, "c_uci": -3.0903197679025687}