{"0": {"ectopic pregnancy": 0.6898308992385864, "ectopic pregnancies": 0.648544192314148, "possible ectopic": 0.5739731788635254, "having miscarriage": 0.49031275510787964, "pregnancy tests": 0.4630625247955322, "started spotting": 0.45065629482269287, "ectopic": 0.4357492923736572, "pregnancy test": 0.43207162618637085, "go to the er": 0.42635613679885864, "vaginal bleeding": 0.4241057336330414, "abdominal pain": 0.42170825600624084, "started bleeding": 0.41670235991477966, "ectopics": 0.4136365056037903, "miscarriage": 0.40538516640663147, "bleeding internally": 0.39801710844039917, "pregnancy": 0.3946990966796875, "internal bleeding": 0.38731294870376587, "transvaginal ultrasound": 0.37941330671310425, "heavy bleeding": 0.3781610131263733, "implantation bleeding": 0.3773477375507355, "brown spotting": 0.3740500211715698, "uterus": 0.3714284300804138, "severe cramping": 0.3670341968536377, "pregnant again": 0.3635786771774292, "slight cramping": 0.3536094129085541, "severe abdominal": 0.34553635120391846, "ob gyn": 0.34201088547706604, "tube ruptured": 0.3393383026123047, "another ultrasound": 0.3370923399925232, "gestational sac": 0.3348137140274048, "light bleeding": 0.3340621888637543, "pregnant": 0.3333808183670044, "period cramps": 0.32855868339538574, "left ovary": 0.32846856117248535, "went to the er": 0.32781559228897095, "started to bleed": 0.3224804103374481, "pains": 0.3216681480407715, "intense pain": 0.3178234100341797, "gestational": 0.3163267970085144, "intrauterine": 0.3142455816268921, "lower abdomen": 0.3131186366081238, "missed period": 0.3102106750011444, "being pregnant": 0.3097834587097168, "right ovary": 0.3053739070892334, "spotting": 0.30498796701431274, "go to the hospital": 0.30446234345436096, "diagnosis": 0.29950177669525146, "got pregnant": 0.29949355125427246, "chemical pregnancy": 0.2989445924758911, "light spotting": 0.2984088361263275}, "1": {"ectopic pregnancy": 0.649938702583313, "ectopic pregnancies": 0.617751955986023, "having miscarriage": 0.4974956214427948, "possible ectopic": 0.47766971588134766, "pregnant again": 0.4577827453613281, "miscarriage": 0.4391924738883972, "ectopic": 0.43176770210266113, "tube ruptured": 0.42143315076828003, "ectopics": 0.4146236181259155, "uterus": 0.40323030948638916, "intrauterine": 0.40227705240249634, "needing surgery": 0.3926805853843689, "pregnancy": 0.38654768466949463, "got pregnant": 0.37546873092651367, "emergency surgery": 0.3732370138168335, "laparoscopic surgery": 0.36388152837753296, "being pregnant": 0.3513798117637634, "severe abdominal": 0.34950530529022217, "started bleeding": 0.34321683645248413, "went to the er": 0.3398641347885132, "pregnant": 0.33848363161087036, "tubal": 0.335810124874115, "go to the er": 0.3353831171989441, "transvaginal ultrasound": 0.331030011177063, "tube removed": 0.3285765051841736, "left ovary": 0.3222121000289917, "medical advice": 0.3172575831413269, "post surgery": 0.3149271011352539, "ob gyn": 0.30842894315719604, "pregnancies": 0.30808693170547485, "implantation bleeding": 0.30620914697647095, "rushed to the er": 0.30467551946640015, "abdominal pain": 0.30399250984191895, "internal bleeding": 0.30331167578697205, "vaginal bleeding": 0.301709920167923, "bleeding internally": 0.3008638024330139, "gestational sac": 0.29982084035873413, "pregnancy tests": 0.29861757159233093, "abortion": 0.2985351085662842, "tube removal": 0.297038733959198, "surgery to remove": 0.2936674952507019, "go to the hospital": 0.2934013903141022, "chemical pregnancy": 0.2931358814239502, "pregnancy test": 0.2895059585571289, "tubes": 0.28821641206741333, "recover": 0.2870846390724182, "ovary": 0.28705987334251404, "gestational": 0.2861925959587097, "implantation": 0.28563958406448364, "started spotting": 0.2847665846347809}, "2": {"treated with methotrexate": 0.5156459808349609, "shot of methotrexate": 0.4877192974090576, "methotrexate treatment": 0.48623237013816833, "ectopic pregnancy": 0.476506769657135, "ectopic pregnancies": 0.4696524739265442, "methotrexate shot": 0.4454817473888397, "dose of methotrexate": 0.4436894655227661, "treated with mtx": 0.40289974212646484, "having miscarriage": 0.3900213837623596, "possible ectopic": 0.3859937787055969, "methotrexate": 0.3805416226387024, "hcg levels": 0.36572080850601196, "hcg level": 0.36541473865509033, "hcg": 0.35584568977355957, "beta hcg": 0.3486734628677368, "started spotting": 0.3335002064704895, "started bleeding": 0.3224278688430786, "pregnant again": 0.3214164972305298, "pregnancy tests": 0.31625157594680786, "pregnancy test": 0.31405988335609436, "heavy bleeding": 0.308297723531723, "medical advice": 0.307940810918808, "miscarriage": 0.30776768922805786, "chemical pregnancy": 0.30749982595443726, "severe cramping": 0.29633235931396484, "severe abdominal": 0.29587990045547485, "abdominal pain": 0.2901933193206787, "go to the er": 0.28359106183052063, "ectopic": 0.2821841239929199, "bleeding internally": 0.27837073802948, "pregnancy": 0.2759994864463806, "second dose": 0.2759343981742859, "intense pain": 0.27191516757011414, "intrauterine": 0.26662081480026245, "implantation bleeding": 0.2638102173805237, "ob gyn": 0.26291555166244507, "ectopics": 0.25973600149154663, "tube ruptured": 0.2574125826358795, "go to the hospital": 0.25737446546554565, "weeks pregnant": 0.25723859667778015, "internal bleeding": 0.25108224153518677, "another ultrasound": 0.2509331703186035, "tested positive": 0.2505088746547699, "nausea": 0.24958881735801697, "birth control": 0.24864059686660767, "slight cramping": 0.24800223112106323, "started to bleed": 0.2461611032485962, "severe pain": 0.24477365612983704, "got pregnant": 0.2440437376499176, "transvaginal ultrasound": 0.24224478006362915}, "3": {"ectopic pregnancy": 0.8669705390930176, "ectopic pregnancies": 0.8600084781646729, "possible ectopic": 0.8177844285964966, "ectopic": 0.7759529948234558, "ectopics": 0.7553141713142395, "having miscarriage": 0.5063863396644592, "miscarriage": 0.47837960720062256, "pregnant again": 0.46004849672317505, "pregnancy": 0.44519931077957153, "uterus": 0.4413260817527771, "being pregnant": 0.4256855249404907, "pregnancies": 0.41414761543273926, "chemical pregnancy": 0.4114665389060974, "pregnancy tests": 0.40483739972114563, "tubal": 0.40318578481674194, "pregnant": 0.4018804430961609, "obgyn": 0.40039798617362976, "ob gyn": 0.3899482488632202, "got pregnant": 0.38772332668304443, "pregnancy test": 0.3820685148239136, "complications": 0.38108935952186584, "medical advice": 0.3799755275249481, "hcg": 0.37978464365005493, "gestational": 0.3742888569831848, "prenatal": 0.3741835951805115, "unprotected sex": 0.37409690022468567, "went to the er": 0.37303388118743896, "go to the er": 0.3710018992424011, "started spotting": 0.36668962240219116, "beta hcg": 0.36566317081451416, "diagnosis": 0.3655208945274353, "abortion": 0.3588031232357025, "severe abdominal": 0.35879284143447876, "fetus": 0.35474392771720886, "rushed to the er": 0.351995587348938, "hcg level": 0.3507997989654541, "cervix": 0.34775692224502563, "anxiety": 0.34736722707748413, "started bleeding": 0.3467947840690613, "transvaginal ultrasound": 0.3432803750038147, "intrauterine": 0.3428771495819092, "heavy bleeding": 0.3406190872192383, "your doctor": 0.3403407037258148, "cysts": 0.33983325958251953, "intense pain": 0.339832603931427, "implantation": 0.3388577699661255, "gyn": 0.3367394208908081, "tube ruptured": 0.3339271545410156, "hcg levels": 0.3337916135787964, "cyst": 0.3320297598838806}}