{"c_v": 0.42453596509140573, "c_npmi": -0.1431939409059472, "u_mass": -7.603400214762797, "c_uci": -5.497574046397545}