{"0": {"post surgery": 0.3774926960468292, "surgery": 0.371726393699646, "surgical": 0.3685013949871063, "neurosurgeon": 0.36651307344436646, "brain tumor": 0.36648130416870117, "pre surgery": 0.3620932102203369, "translab surgery": 0.36206185817718506, "after surgery": 0.358894407749176, "surgeries": 0.3445543944835663, "surgeon": 0.34263837337493896, "tumors": 0.337909460067749, "surgeons": 0.3349863886833191, "tumor": 0.3323025107383728, "tumour": 0.3127397298812866, "neurologist": 0.30972447991371155, "affected ear": 0.2784167230129242, "ear infection": 0.2779281437397003, "sorry to hear": 0.26698559522628784, "hearing loss": 0.2619451880455017, "vestibular nerve": 0.25865238904953003, "acoustic neuromas": 0.2581787705421448, "ear canal": 0.25691574811935425, "acoustic neuroma": 0.2556779384613037, "neuroma": 0.24647079408168793, "facial nerve": 0.24498212337493896, "doctors": 0.24400660395622253, "vestibular therapy": 0.24137336015701294, "inner ear": 0.2331080585718155, "tinnitus": 0.22882698476314545, "hearing aids": 0.22449781000614166, "doctor said": 0.21983788907527924, "your doctor": 0.21537458896636963, "facial numbness": 0.2120322436094284, "brainstem": 0.2107827365398407, "brain stem": 0.209987610578537, "doctor": 0.20977629721164703, "sudden hearing": 0.20837023854255676, "was diagnosed": 0.20239819586277008, "diagnosis": 0.2020123302936554, "nerves": 0.2010420858860016, "dr": 0.20091213285923004, "loss and tinnitus": 0.20050303637981415, "benign": 0.19797290861606598, "therapy": 0.1976473033428192, "facial paralysis": 0.19668856263160706, "dizziness": 0.19571831822395325, "nerve": 0.19466158747673035, "cancer": 0.19404223561286926, "patients": 0.19248150289058685, "symptoms": 0.19234123826026917}, "1": {"ear infection": 0.5093222856521606, "tinnitus": 0.4533875584602356, "affected ear": 0.437832772731781, "brain tumor": 0.4154379367828369, "hearing loss": 0.41501694917678833, "ear canal": 0.4107004404067993, "pulsatile tinnitus": 0.3996490240097046, "inner ear": 0.39879554510116577, "sudden hearing": 0.3826218247413635, "loss and tinnitus": 0.37635838985443115, "dizziness": 0.37633973360061646, "neurologist": 0.375288188457489, "symptoms": 0.37218356132507324, "symptom": 0.34922176599502563, "acoustic neuromas": 0.3456064462661743, "headaches": 0.344735711812973, "vertigo": 0.3373139798641205, "acoustic neuroma": 0.3366023898124695, "other symptoms": 0.331597238779068, "ear": 0.3308577239513397, "tumor": 0.3271763324737549, "ears": 0.3198310136795044, "facial nerve": 0.3177551031112671, "tumors": 0.31591978669166565, "hearing aids": 0.3151344954967499, "facial numbness": 0.30652916431427, "left ear": 0.30584436655044556, "both ears": 0.3051244020462036, "hearing": 0.3042207956314087, "neuroma": 0.2910161316394806, "nerves": 0.2890617847442627, "nerve": 0.28761154413223267, "vestibular nerve": 0.28543609380722046, "brain stem": 0.2812175154685974, "nerve damage": 0.28045350313186646, "right ear": 0.2798876464366913, "tumour": 0.278445303440094, "hearing test": 0.2761463522911072, "dizzy spells": 0.2751700282096863, "hearing aid": 0.2703835368156433, "sorry to hear": 0.2674245834350586, "brainstem": 0.26170599460601807, "facial twitching": 0.25886642932891846, "sounds": 0.25591355562210083, "anxiety": 0.25319820642471313, "deafness": 0.24920661747455597, "numbness": 0.24591907858848572, "dizzy": 0.2438613772392273, "neurosurgeon": 0.24144378304481506, "noise": 0.2395676076412201}}