{"c_v": 0.3708101347171868, "c_npmi": -0.1643347203148954, "u_mass": -1.099937306088791, "c_uci": -5.382343528784396}