{"c_v": 0.3038636606568025, "c_npmi": -0.24688923576163857, "u_mass": -3.653174236195464, "c_uci": -7.499926392159705}