{"0": {"similar symptoms": 0.6842697858810425, "symptom": 0.6770350337028503, "main symptoms": 0.6665789484977722, "diagnosed with mcas": 0.6597102880477905, "allergy symptoms": 0.6477456092834473, "symptoms": 0.6387962102890015, "mcas patients": 0.6039637327194214, "neurological symptoms": 0.5857129693031311, "physical symptoms": 0.5833413004875183, "gi symptoms": 0.5815308094024658, "ige allergies": 0.5517612099647522, "recently diagnosed": 0.5434473752975464, "allergy tests": 0.5382392406463623, "became allergic": 0.5349547863006592, "mediated allergies": 0.5295262336730957, "allergy testing": 0.5205293893814087, "allergists": 0.5173904299736023, "been diagnosed": 0.51209557056427, "nausea": 0.5086427927017212, "allergist": 0.5086203813552856, "allergies": 0.507567286491394, "seasonal allergies": 0.5067517161369324, "allergy shots": 0.5028915405273438, "allergy": 0.5020594000816345, "diagnosed": 0.4969255328178406, "health problems": 0.4896351993083954, "was diagnosed": 0.4890178143978119, "allergic reaction": 0.4861210882663727, "allergic reactions": 0.48316532373428345, "can cause": 0.4791150689125061, "food allergies": 0.478826642036438, "severe episodes": 0.4777246117591858, "inflammatory response": 0.4698173701763153, "chronic illness": 0.46326589584350586, "body aches": 0.46321266889572144, "diagnostic": 0.4617149829864502, "discomfort": 0.45928674936294556, "tingling": 0.4564768075942993, "vomiting": 0.4552796185016632, "diagnoses": 0.4546307325363159, "allergens": 0.4546239674091339, "anaphylactic shock": 0.4511047601699829, "undiagnosed": 0.4505515396595001, "allergic": 0.4480980634689331, "fever": 0.4480009078979492, "side effects": 0.4477161169052124, "allergic rhinitis": 0.44560542702674866, "chronic": 0.44471538066864014, "health issues": 0.44225889444351196, "chronically ill": 0.44202470779418945}, "1": {"dosing": 0.5712215900421143, "antihistamine": 0.5533796548843384, "take benadryl": 0.5524569749832153, "antihistamines": 0.5380688905715942, "side effects": 0.52942955493927, "low dose": 0.5278023481369019, "pre medicate": 0.5256044864654541, "medication regime": 0.5229101777076721, "nausea": 0.5211809277534485, "high doses": 0.520267903804779, "take mg": 0.5080041885375977, "histamine levels": 0.5046277642250061, "took mg": 0.5042333602905273, "medications": 0.4950159788131714, "stopped taking": 0.49253514409065247, "medication": 0.48997122049331665, "lower dose": 0.4871137738227844, "cimetidine": 0.4870656132698059, "high histamine": 0.4867691099643707, "higher dose": 0.4853622019290924, "doses": 0.4843387007713318, "higher doses": 0.4811255931854248, "anti histamine": 0.4769863486289978, "medicines": 0.4755300283432007, "anti histamines": 0.47330155968666077, "prescribed": 0.47319597005844116, "prescription": 0.47113287448883057, "pills": 0.46406009793281555, "low histamine": 0.45784664154052734, "dosage": 0.45570820569992065, "dose": 0.4486543536186218, "started taking": 0.4445822834968567, "pill": 0.4423770308494568, "treatments": 0.4411966800689697, "histamines": 0.44107115268707275, "histamine release": 0.43897897005081177, "full dose": 0.437852680683136, "drug": 0.43095529079437256, "supplements": 0.42989295721054077, "side effect": 0.429345965385437, "famotidine": 0.42918825149536133, "bad reaction": 0.4280744194984436, "adverse reactions": 0.426089346408844, "taking cromolyn": 0.42448651790618896, "stop taking": 0.42358559370040894, "allergic reaction": 0.4227876365184784, "mg daily": 0.4194827079772949, "allergic reactions": 0.418712317943573, "mayo clinic": 0.4164533019065857, "symptom": 0.4163822531700134}, "2": {"mast cells": 0.7236090898513794, "mast cell": 0.7129135727882385, "systemic mastocytosis": 0.6381112337112427, "mastocytic": 0.6355336904525757, "mastocytosis": 0.6221551299095154, "mastocytosis society": 0.5962232351303101, "cutaneous mastocytosis": 0.5772361755371094, "mast": 0.5502029657363892, "mastocytic enterocolitis": 0.4841758608818054, "covid vaccine": 0.4653005003929138, "fibromyalgia": 0.4555929899215698, "allergy shots": 0.4534946084022522, "cell diseases": 0.45346397161483765, "allergist immunologist": 0.44608765840530396, "allergy tests": 0.44601285457611084, "vaccines": 0.43967700004577637, "mediated allergies": 0.43822723627090454, "diagnosed with mcas": 0.4371830224990845, "allergy testing": 0.4363953471183777, "mcas patients": 0.4327641427516937, "nasalcrom": 0.42441439628601074, "immunology": 0.42342710494995117, "allergist": 0.42241716384887695, "allergy symptoms": 0.422274112701416, "allergists": 0.4221528172492981, "vaccine": 0.41609370708465576, "allergy": 0.4092986583709717, "ige allergies": 0.408782958984375, "allergens": 0.4036426246166229, "allergic reaction": 0.4033358693122864, "allergies": 0.40294304490089417, "allergic reactions": 0.4026155471801758, "immune response": 0.39289915561676025, "immunologists": 0.3915906846523285, "inflammatory response": 0.38022860884666443, "immunologist": 0.37739163637161255, "allergic": 0.37682467699050903, "recently diagnosed": 0.37395381927490234, "became allergic": 0.36745399236679077, "immune system": 0.3615690767765045, "tachycardia": 0.36086249351501465, "been diagnosed": 0.35944271087646484, "seasonal allergies": 0.35878846049308777, "autoimmune diseases": 0.35859018564224243, "diseases": 0.3583933711051941, "cystitis": 0.351010799407959, "allergic rhinitis": 0.35089537501335144, "immune": 0.3501715064048767, "anti inflammatory": 0.34738975763320923, "was diagnosed": 0.3431819975376129}, "3": {"diagnosed with mcas": 0.5207034349441528, "mcas patients": 0.511574387550354, "food triggers": 0.4951303005218506, "food sensitivities": 0.49143683910369873, "food intolerances": 0.47957921028137207, "food allergies": 0.4575148820877075, "food intolerance": 0.45125848054885864, "digestive issues": 0.4458596110343933, "food reactions": 0.4295998215675354, "safe foods": 0.4139004349708557, "trigger foods": 0.4027622938156128, "safe food": 0.39581435918807983, "processed foods": 0.3804470896720886, "histamine foods": 0.37593692541122437, "histamine diet": 0.3736427426338196, "after eating": 0.3732492923736572, "allergy symptoms": 0.362003892660141, "cannot eat": 0.3591325283050537, "ige allergies": 0.35705071687698364, "digestive": 0.3538616895675659, "allergy tests": 0.3493988811969757, "mediated allergies": 0.3484507203102112, "vegetarian": 0.34821397066116333, "allergy testing": 0.34647494554519653, "able to eat": 0.345756471157074, "side effects": 0.34425047039985657, "stomach acid": 0.3441968560218811, "symptom": 0.342487633228302, "restricted diet": 0.34220677614212036, "similar symptoms": 0.3409150242805481, "elimination diet": 0.3382396101951599, "can eat": 0.333472341299057, "suspected mcas": 0.3331606984138489, "ketchup": 0.332876980304718, "mayo clinic": 0.3314286470413208, "diets": 0.33069276809692383, "main symptoms": 0.33018600940704346, "diet list": 0.32900217175483704, "gluten dairy": 0.32859888672828674, "allergic reactions": 0.326691597700119, "allergic reaction": 0.32637283205986023, "histamine intolerance": 0.325577974319458, "allergists": 0.3250240981578827, "food diary": 0.3204977810382843, "bad reaction": 0.32047057151794434, "allergist": 0.32042092084884644, "health problems": 0.31979605555534363, "diet": 0.3175262212753296, "allergies": 0.3174952268600464, "adverse reactions": 0.31676191091537476}, "4": {"mcas patients": 0.7477309703826904, "diagnosed with mcas": 0.7041052579879761, "recently diagnosed": 0.556151270866394, "dr": 0.5551024675369263, "medical community": 0.5545731782913208, "doctor who": 0.5481628179550171, "clinic": 0.544937014579773, "doctor": 0.5431987047195435, "been diagnosed": 0.5430628061294556, "doctors": 0.5404947996139526, "doctor wants": 0.5402524471282959, "doctor told": 0.5398081541061401, "physician": 0.5261999368667603, "drs": 0.5260484218597412, "patients": 0.522193431854248, "was diagnosed": 0.5199451446533203, "tl dr": 0.5183596611022949, "doc": 0.5121860504150391,