{"c_v": 0.32083235462349663, "c_npmi": -0.19017205361355766, "u_mass": -4.715233481003369, "c_uci": -6.066467227475515}