{"0": {"constant tinnitus": 0.6035863161087036, "tinnitus": 0.5773633718490601, "hearing loss": 0.5620887279510498, "reactive tinnitus": 0.5518810153007507, "eardrum": 0.5177359580993652, "reduce the tinnitus": 0.5044921636581421, "ear infection": 0.49551159143447876, "sudden deafness": 0.48948681354522705, "audiologist": 0.4756500720977783, "deafness": 0.47320717573165894, "bad ear": 0.47093525528907776, "ear drum": 0.46865570545196533, "unilateral deafness": 0.4685404896736145, "auditory nerve": 0.4640237092971802, "eustachian": 0.4631589353084564, "hearing aids": 0.45752665400505066, "nerve deafness": 0.4518337547779083, "hearing aid": 0.4456444978713989, "cochlear osia": 0.442851722240448, "auditory": 0.44067004323005676, "unilateral hearing": 0.4395655393600464, "permanently deaf": 0.43913352489471436, "aural": 0.4378769099712372, "ear plug": 0.43710845708847046, "sudden hearing": 0.4358087182044983, "sided deafness": 0.43517035245895386, "profound deafness": 0.4341043531894684, "auditory nerves": 0.4330883026123047, "cochlear hydrops": 0.43295663595199585, "hearing impaired": 0.4317821264266968, "sensorineural hearing": 0.42965155839920044, "cochlear": 0.42764419317245483, "inner ear": 0.4261297285556793, "ear muffs": 0.42042168974876404, "ear plugs": 0.4196305274963379, "cochlear implant": 0.41857144236564636, "hearing test": 0.4175763726234436, "auditory processing": 0.41708266735076904, "duration of deafness": 0.41700446605682373, "ear infections": 0.4144338369369507, "good ear": 0.41189560294151306, "ear": 0.40926188230514526, "hearing": 0.4085782468318939, "complete deafness": 0.4080932140350342, "severe vertigo": 0.40742695331573486, "ear bud": 0.40561461448669434, "ear canal": 0.4049333333969116, "eustachian tube": 0.4022766053676605, "severely deaf": 0.401108980178833, "constant ringing": 0.4009242057800293}, "1": {"hearing impaired": 0.5057626962661743, "hearing loss": 0.5053332448005676, "deafness": 0.5033408403396606, "cochlear hydrops": 0.49992161989212036, "permanently deaf": 0.499498188495636, "profoundly deaf": 0.4921075105667114, "severely deaf": 0.49187517166137695, "hearing aids": 0.48896682262420654, "cochlear osia": 0.487900972366333, "completely deaf": 0.48246902227401733, "sided deafness": 0.47994571924209595, "cochlear": 0.47712844610214233, "totally deaf": 0.474435418844223, "nerve deafness": 0.47334152460098267, "unilateral deafness": 0.47108322381973267, "deaf": 0.46823981404304504, "sudden deafness": 0.46382519602775574, "audiologist": 0.46268755197525024, "unilaterally deaf": 0.46101072430610657, "sided deaf": 0.459068238735199, "profound deafness": 0.45893147587776184, "deaf community": 0.4574541449546814, "hearing aid": 0.4519650340080261, "auditory": 0.4502125382423401, "deaf side": 0.44708582758903503, "auditory nerves": 0.44318997859954834, "fully deaf": 0.4429212212562561, "auditory nerve": 0.4349616765975952, "complete deafness": 0.43154585361480713, "constant tinnitus": 0.4306721091270447, "cochlear implant": 0.42818915843963623, "unilateral hearing": 0.42785289883613586, "partially deaf": 0.42667683959007263, "auditory processing": 0.42630019783973694, "hearing": 0.4258006513118744, "reactive tinnitus": 0.4244498014450073, "duration of deafness": 0.42197632789611816, "cochlear baha": 0.42174452543258667, "half deaf": 0.4200791120529175, "tinnitus": 0.4153364896774292, "deaf gamers": 0.4099944233894348, "sensorineural hearing": 0.4081836938858032, "total deafness": 0.4079209566116333, "deaf culture": 0.40299469232559204, "aural": 0.40036681294441223, "sudden hearing": 0.396834135055542, "earplugs": 0.3917604088783264, "born deaf": 0.3847928047180176, "bilateral hearing": 0.38399767875671387, "eardrum": 0.3835352063179016}, "2": {"hearing aids": 0.5613583326339722, "hearing loss": 0.5311423540115356, "cochlear implant": 0.5117642283439636, "hearing aid": 0.5093611478805542, "cochlear osia": 0.5064898729324341, "deafness": 0.5055819153785706, "cochlear hydrops": 0.5033729672431946, "unilateral deafness": 0.49782776832580566, "audiologist": 0.4968924820423126, "cochlear": 0.4967442750930786, "permanently deaf": 0.4923155605792999, "nerve deafness": 0.4780513644218445, "sided deafness": 0.47292524576187134, "hearing impaired": 0.46941256523132324, "severely deaf": 0.4671902060508728, "profoundly deaf": 0.46175616979599, "cochlear implants": 0.4585992395877838, "completely deaf": 0.4552903175354004, "unilaterally deaf": 0.45522791147232056, "sudden deafness": 0.45156019926071167, "eardrum": 0.4507204294204712, "cochlear baha": 0.44724732637405396, "tinnitus": 0.44606155157089233, "constant tinnitus": 0.4458230435848236, "unilateral hearing": 0.4439685344696045, "auditory": 0.44135046005249023, "deaf": 0.4395864009857178, "reactive tinnitus": 0.4374132454395294, "audiologist recommended": 0.4369019865989685, "profound deafness": 0.43601521849632263, "sided deaf": 0.43464046716690063, "totally deaf": 0.4333610236644745, "auditory nerve": 0.4285411238670349, "auditory processing": 0.4274525046348572, "sensorineural hearing": 0.42731547355651855, "deaf community": 0.4256710410118103, "cochlear implantation": 0.42517611384391785, "fully deaf": 0.42503219842910767, "aural": 0.4237298369407654, "ear muffs": 0.4214443564414978, "duration of deafness": 0.42088574171066284, "earplugs": 0.41983991861343384, "total deafness": 0.418600857257843, "complete deafness": 0.41734570264816284, "hearing protection": 0.4144238531589508, "ear plugs": 0.4138089418411255, "deaf side": 0.4129214584827423, "earpiece": 0.40971481800079346, "hearing": 0.4089016318321228, "bilateral hearing": 0.40271055698394775}, "3": {"headset earphones": 0.586155891418457, "yuni headphones": 0.5671732425689697, "stereo headphones": 0.5528305768966675, "earbud": 0.5410774946212769, "pair of headphones": 0.5374031662940979, "melomania earbuds": 0.5329820513725281, "headphones": 0.531043291091919, "earphones": 0.5254510641098022, "earbuds": 0.5232753157615662, "headphone": 0.5136009454727173, "earphone": 0.5127131938934326, "wireless earbuds": 0.5080443024635315, "vibe headphone": 0.5025156736373901, "bluetooth earbuds": 0.5017802119255066, "one earbud": 0.5003194808959961, "conduction headphones": 0.4949641823768616, "regular headphones": 0.49453434348106384, "ear buds": 0.4886130094528198, "headsets": 0.4881119132041931, "headset": 0.485850989818573, "cancelling headphones": 0.4702335596084595, "wearing headphones": 0.4691605865955353, "koss": 0.4569951891899109, "headphone accommodations": 0.45688796043395996, "earpiece": 0.4518493413925171, "bluetooth headset": 0.4475107491016388, "gaming headsets": 0.437949001789093, "cochlear osia": 0.43571737408638, "hearing aids": 0.4294103980064392, "airpods": 0.42735016345977783, "audiophile": 0.42635440826416016, "stereo to mono": 0.4235760569572449, "bose hearphones": 0.417686402797699, "mono audio": 0.41689690947532654, "pair of bose": 0.41617605090141296, "deafness": 0.4114857614040375, "cochlear": 0.41066497564315796, "unilateral deafness": 0.40862947702407837, "audiologist": 0.4040403962135315, "hearing loss": 0.4033541679382324, "cochlear hydrops": 0.40081435441970825, "ear plug": 0.4006713628768921, "cochlear baha": 0.3972899317741394, "directional audio": 0.39681312441825867, "ear muffs": 0.39626821875572205, "completely deaf": 0.3950818181037903, "sided deafness": 0.393155574798584, "airpods pro": 0.3911318778991699, "nerve deafness": 0.38682395219802856, "aural": 0.38579827547073364}, "4": {"deafness": 0.5011672377586365, "cochlear": 0.49604424834251404, "aural": 0.4923039674758911, "completely deaf": 0.48676052689552307, "hearing loss": 0.48542848229408264, "cochlear hydrops": 0.481667160987854, "cochlear osia": 0.47573959827423096, "totally deaf": 0.47241997718811035, "profoundly deaf": 0.4689580798149109, "eardrum": 0.46324461698532104, "permanently deaf": 0.4631897211074829, "tinnitus": 0.4625544548034668, "cochlear baha": 0.4602867066860199, "constant tinnitus": 0.4567147493362427,