{"c_v": 0.3388208917599136, "c_npmi": -0.1580656678771442, "u_mass": -4.465527281591641, "c_uci": -5.792536721862758}