{"0": {"fibro": 0.5315622091293335, "fibromyalgia": 0.5253801345825195, "rheumatologist": 0.4591256380081177, "humira": 0.42750024795532227, "diagnoses": 0.41910332441329956, "joint pain": 0.39767420291900635, "rheumatoid arthritis": 0.3928048610687256, "see rheumatologist": 0.3887407183647156, "joint pains": 0.3841931223869324, "autoimmune disorder": 0.37682414054870605, "been diagnosed": 0.37525275349617004, "chronic pain": 0.3743523359298706, "got diagnosed": 0.3731358051300049, "autoimmune disease": 0.37143024802207947, "diagnosed": 0.3704661726951599, "diagnose": 0.3667066693305969, "rheumatoid": 0.3657253384590149, "celiac": 0.36281585693359375, "psoriatic arthritis": 0.3615418076515198, "autoimmune disorders": 0.3614898920059204, "muscle pain": 0.35734105110168457, "definitive diagnosis": 0.3571114242076874, "newly diagnosed": 0.35623764991760254, "swollen lymph": 0.35383790731430054, "systemic lupus": 0.35317111015319824, "symptoms": 0.3490753769874573, "glucosamine": 0.34883207082748413, "esr": 0.34801870584487915, "prednisone": 0.3452233672142029, "blood work": 0.3448082208633423, "arthritis": 0.34336578845977783, "shoulder pain": 0.3426740765571594, "bloodwork": 0.34258097410202026, "diagnosis": 0.3395851254463196, "chronic fatigue": 0.3385079503059387, "neurologist": 0.33465564250946045, "muscle spasms": 0.33350640535354614, "physio": 0.3329241871833801, "hyper calcification": 0.3286702334880829, "lupus": 0.3277684152126312, "blood tests": 0.32746368646621704, "autoimmune conditions": 0.32587286829948425, "official diagnosis": 0.32444313168525696, "was diagnosed": 0.32437455654144287, "autoimmune diseases": 0.321181982755661, "sle": 0.32045242190361023, "raynauds": 0.3194833993911743, "symptom": 0.3175482153892517, "diagnostic": 0.3113570809364319, "aches and pains": 0.31056368350982666}, "1": {"fibro": 0.4177589416503906, "fibromyalgia": 0.3982301354408264, "been diagnosed": 0.3285056948661804, "humira": 0.3233017921447754, "newly diagnosed": 0.3148108720779419, "rheumatologist": 0.30725210905075073, "diagnosed": 0.3026430606842041, "rheumatoid arthritis": 0.2999337315559387, "cymbalta": 0.2923063039779663, "autoimmune disorder": 0.28614887595176697, "psoriatic arthritis": 0.2854129374027252, "autoimmune disorders": 0.2797737717628479, "rheumatoid": 0.27928265929222107, "chronic pain": 0.279207319021225, "joint pain": 0.27911967039108276, "celiac": 0.2776040732860565, "got diagnosed": 0.27709653973579407, "joint pains": 0.27564483880996704, "feeling better": 0.27217260003089905, "support groups": 0.27157050371170044, "recently diagnosed": 0.26559731364250183, "supportive": 0.26324981451034546, "depression": 0.26276230812072754, "diagnoses": 0.26214852929115295, "symptoms": 0.2607823610305786, "methotrexate": 0.25918030738830566, "autoimmune disease": 0.2590252757072449, "diagnosed with uctd": 0.2574542164802551, "arthritis": 0.25724613666534424, "diagnosed with mctd": 0.2547798454761505, "was diagnosed": 0.25443729758262634, "chronic illness": 0.2515561580657959, "chronic fatigue": 0.2514718472957611, "hang in there": 0.2513613998889923, "remission": 0.25131404399871826, "pcos": 0.2475355714559555, "therapy": 0.24419444799423218, "disability": 0.24351459741592407, "mental health": 0.24052464962005615, "ibs": 0.23699283599853516, "disorder": 0.23234620690345764, "main symptoms": 0.23067599534988403, "health issues": 0.23054516315460205, "rheumatoid factor": 0.23003357648849487, "meds": 0.22882641851902008, "rheumatic": 0.22775757312774658, "glucosamine": 0.2247125804424286, "aches and pains": 0.22244803607463837, "illness": 0.22204306721687317, "symptom": 0.22180156409740448}}