{"0": {"speech therapist": 0.3959004878997803, "social anxiety": 0.3915958106517792, "speech therapy": 0.3851684331893921, "anxiety disorder": 0.37484878301620483, "traumatic mutism": 0.35216575860977173, "anxiety and depression": 0.3502075672149658, "anxiety disorders": 0.3468010425567627, "public speaking": 0.33494284749031067, "anxiety": 0.33171525597572327, "mental disorders": 0.3314343988895416, "extreme anxiety": 0.3312605023384094, "situational mutism": 0.3309856057167053, "social phobia": 0.3274070620536804, "shy and quiet": 0.32478195428848267, "therapy": 0.32467570900917053, "therapist": 0.3229409158229828, "severe anxiety": 0.3218063712120056, "mental illness": 0.32163065671920776, "very talkative": 0.3195049464702606, "comfortable talking": 0.31685513257980347, "talkative": 0.3161432445049286, "socially anxious": 0.31612056493759155, "anxiety attacks": 0.31510257720947266, "mutism": 0.31501686573028564, "trouble talking": 0.3141039311885834, "talk to strangers": 0.31124347448349, "able to talk": 0.3092152774333954, "therapy sessions": 0.30857664346694946, "communicate verbally": 0.3071361184120178, "being shy": 0.3065083622932434, "seeing therapist": 0.30601322650909424, "stop talking": 0.30509698390960693, "extreme shyness": 0.30506598949432373, "talking to strangers": 0.30482134222984314, "talkative person": 0.30442702770233154, "talkative kid": 0.3037172853946686, "selective mutism": 0.30228519439697266, "elective mutism": 0.3017987608909607, "shyness": 0.29984956979751587, "extremely shy": 0.29836589097976685, "psychologists and therapists": 0.298026978969574, "therapists": 0.295460045337677, "anxiety inducing": 0.2947911322116852, "incapable of speaking": 0.29455405473709106, "bipolar disorder": 0.2935214042663574, "diagnosed with autism": 0.29332131147384644, "talked": 0.2932003438472748, "conversations": 0.29153913259506226, "depression": 0.29129526019096375, "initiating conversation": 0.29096120595932007}, "1": {"job interviews": 0.49557387828826904, "job interview": 0.47096845507621765, "interviews": 0.37629368901252747, "interviewer": 0.3735104203224182, "interview": 0.3646252453327179, "jobs": 0.349783718585968, "job": 0.33798566460609436, "start working": 0.29410621523857117, "work": 0.28263384103775024, "coworkers": 0.26090550422668457, "been working": 0.2608700692653656, "social anxiety": 0.2607470452785492, "working": 0.2582278251647949, "tasks": 0.24371656775474548, "social skills": 0.24286618828773499, "social worker": 0.23854324221611023, "professional help": 0.23774845898151398, "worked": 0.23713073134422302, "coping skills": 0.23603129386901855, "speech therapist": 0.23557522892951965, "task": 0.2348090410232544, "seek professional": 0.232808917760849, "therapists": 0.2278808355331421, "comfortable talking": 0.22551368176937103, "worker": 0.22223469614982605, "socially anxious": 0.2198912799358368, "communicate verbally": 0.21875321865081787, "talk to strangers": 0.21703389286994934, "workers": 0.21699121594429016, "therapist": 0.21492183208465576, "stressful situations": 0.21477526426315308, "answering questions": 0.2140275090932846, "psychologists and therapists": 0.21324841678142548, "social phobia": 0.21228817105293274, "co workers": 0.21157260239124298, "talking to strangers": 0.21150726079940796, "public speaking": 0.21078228950500488, "initiate conversations": 0.21051499247550964, "hold conversation": 0.21019914746284485, "speech therapy": 0.21012648940086365, "conversations": 0.20602715015411377, "initiating conversation": 0.2056473046541214, "works": 0.20176155865192413, "start talking": 0.20117343962192535, "socially awkward": 0.20072567462921143, "trouble talking": 0.20015046000480652, "being shy": 0.19911538064479828, "applying": 0.19884400069713593, "colleagues": 0.19830679893493652, "career": 0.19825753569602966}}