{"c_v": 0.3340029922212895, "c_npmi": -0.1378568232253706, "u_mass": -5.295973018439826, "c_uci": -4.927238098027813}