{"c_v": 0.43340916491210946, "c_npmi": -0.36709964675959583, "u_mass": -13.813536678789012, "c_uci": -10.329338561065104}