{"0": {"misophonia": 0.5993970632553101, "severe misophonia": 0.5962179899215698, "misophonia sufferers": 0.5820156335830688, "misophonia international": 0.49478864669799805, "chewing noises": 0.47318893671035767, "chewing slurping": 0.45111027359962463, "loud chewer": 0.4493430554866791, "outbursts": 0.41993141174316406, "earplugs": 0.4134237468242645, "loud eaters": 0.40482383966445923, "chew loudly": 0.40165773034095764, "foam earplugs": 0.39662280678749084, "chewing": 0.3954676389694214, "loud eater": 0.39294278621673584, "sensory issues": 0.39272695779800415, "mouth noises": 0.3885132670402527, "wearing earplugs": 0.3871155083179474, "obnoxiously loud": 0.38668012619018555, "noisy": 0.3864229619503021, "ear plugs": 0.3804542124271393, "wear earplugs": 0.3760955333709717, "asmr": 0.37375032901763916, "invisible earplugs": 0.37298840284347534, "tinnitus": 0.3729543685913086, "repetitive noises": 0.37234142422676086, "loud music": 0.35871657729148865, "headphones and listens": 0.35021287202835083, "auditory": 0.3485617935657501, "trigger noises": 0.34552738070487976, "gum chewing": 0.34374403953552246, "sensory": 0.3431551456451416, "noises": 0.34261325001716614, "loud": 0.342232882976532, "loud fan": 0.3415466547012329, "obnoxious": 0.33877724409103394, "certain noises": 0.3375760316848755, "mouth sounds": 0.33618828654289246, "eating sounds": 0.3357796370983124, "nails on chalkboard": 0.33508265018463135, "noise complaint": 0.3350633382797241, "ambient noise": 0.3348288834095001, "canceling headphones": 0.3348076045513153, "incredibly loud": 0.3341692090034485, "slurping": 0.33186963200569153, "sniffling": 0.33138662576675415, "headphones": 0.33093318343162537, "noise machine": 0.32879096269607544, "noise cancelling": 0.3287380337715149, "loudly": 0.3283270299434662, "chew gum": 0.32823479175567627}, "1": {"wtf": 0.27287983894348145, "been removed": 0.2687080502510071, "removed as": 0.26569271087646484, "am bot": 0.26123690605163574, "this action": 0.26058462262153625, "repost": 0.24932390451431274, "sorry your": 0.2489635944366455, "shut the fuck": 0.24307399988174438, "removed": 0.24058133363723755, "gross": 0.24032723903656006, "bot": 0.23926764726638794, "please message": 0.23438486456871033, "please stop": 0.2309633493423462, "feature": 0.22590476274490356, "report this": 0.22546735405921936, "original post": 0.22503487765789032, "bot and this": 0.22311940789222717, "action": 0.22240744531154633, "disgusting": 0.21804121136665344, "get triggered": 0.2139301598072052, "need to vent": 0.21372383832931519, "sorry": 0.213029682636261, "hey guys": 0.21122466027736664, "ranting": 0.2108462154865265, "seek help": 0.20851761102676392, "ffs": 0.20785191655158997, "affecting": 0.2072811722755432, "really sad": 0.20718704164028168, "nasty": 0.20472949743270874, "unrelated": 0.20265072584152222, "getting triggered": 0.20257404446601868, "cannot": 0.20010429620742798, "fucking annoying": 0.19927388429641724, "hi everyone": 0.1979595124721527, "please report": 0.1975897252559662, "been using": 0.1971532255411148, "weak": 0.1969512701034546, "hi": 0.1967809498310089, "actions": 0.19563394784927368, "pink noise": 0.19421862065792084, "old": 0.19417300820350647, "huh": 0.19237473607063293, "post has": 0.19219785928726196, "triggered": 0.1920667588710785, "error am": 0.19170266389846802, "please": 0.19074393808841705, "sick": 0.19062040746212006, "worked": 0.190180242061615, "your account": 0.19007185101509094, "post comment": 0.18968962132930756}}