{"c_v": 0.35900009384018894, "c_npmi": -0.27292879741421794, "u_mass": -7.147282023353057, "c_uci": -8.611927471682392}