{"c_v": 0.3255873115201481, "c_npmi": -0.19249564052314339, "u_mass": -3.2958877439283123, "c_uci": -6.270211097078308}