{"0": {"hormone levels": 0.5695966482162476, "testosterone therapy": 0.5669355988502502, "low testosterone": 0.5666664838790894, "testosterone levels": 0.5625672340393066, "natural testosterone": 0.5529526472091675, "testosterone level": 0.5416258573532104, "testosterone gel": 0.5397365689277649, "kallmann syndrome": 0.5302375555038452, "hormones": 0.529685378074646, "hormone": 0.5260376930236816, "testosterone": 0.5139601230621338, "absent puberty": 0.5064234733581543, "normal puberty": 0.4931674003601074, "got diagnosed": 0.49069416522979736, "testosterone production": 0.48893457651138306, "been diagnosed": 0.4687904715538025, "hit puberty": 0.4636507034301758, "oestrogen": 0.46116772294044495, "kallman syndrome": 0.4537980556488037, "estrogen": 0.45366019010543823, "through puberty": 0.44601166248321533, "diagnosed": 0.4449920356273651, "was diagnosed": 0.44158828258514404, "puberty": 0.43919941782951355, "diagnosis and treatment": 0.4347273111343384, "delayed puberty": 0.432040274143219, "chh patients": 0.4312020540237427, "kallmans syndrome": 0.41157636046409607, "see an endocrinologist": 0.409702867269516, "gonadotropin therapy": 0.4064100682735443, "symptom": 0.4045015871524811, "reproductive endocrinology": 0.40269747376441956, "symptoms": 0.3957805931568146, "testicular": 0.3914465010166168, "endocrinologist": 0.38794732093811035, "testicular growth": 0.381897509098053, "gonadotropin": 0.3771688640117645, "syndrome": 0.37257468700408936, "yrs old": 0.3647952079772949, "fertility treatments": 0.3590099513530731, "diagnosis": 0.3541932702064514, "fertility treatment": 0.353863000869751, "starting treatment": 0.34804046154022217, "congenital hypogonadism": 0.3375343680381775, "pituitary gland": 0.33503809571266174, "testicles": 0.3327786922454834, "start treatment": 0.33167994022369385, "patients": 0.32662808895111084, "sexual characteristics": 0.3250645697116852, "libido": 0.3192782998085022}, "1": {"kallmann syndrome": 0.8892949819564819, "kallman syndrome": 0.695624589920044, "kallmans syndrome": 0.6514926552772522, "syndrome": 0.6301534175872803, "been diagnosed": 0.5636649131774902, "was diagnosed": 0.5542148351669312, "diagnosed": 0.5381871461868286, "chh patients": 0.5371559858322144, "diagnosis and treatment": 0.5230947136878967, "kallmanns": 0.5222304463386536, "congenital hypogonadism": 0.5218528509140015, "rare disease": 0.5111881494522095, "got diagnosed": 0.5108718872070312, "diagnosis": 0.5075763463973999, "klinefelter": 0.5055664777755737, "symptoms": 0.4805125594139099, "dr andrew": 0.44828587770462036, "symptom": 0.44676387310028076, "kisspeptin": 0.4311850070953369, "patients": 0.4294835925102234, "hypothalamus": 0.41952019929885864, "ks chh": 0.41699153184890747, "condition": 0.4092124104499817, "ks friends": 0.40416818857192993, "clinical": 0.39913713932037354, "fellow patients": 0.39839595556259155, "see an endocrinologist": 0.3934195041656494, "health": 0.3908025026321411, "gene defect": 0.3884650766849518, "specialist": 0.3808736801147461, "doctor": 0.3807266652584076, "ks": 0.375874400138855, "ks men": 0.37480664253234863, "severe": 0.3707960546016693, "medical experts": 0.3695312738418579, "patient": 0.3682284951210022, "dr": 0.36682724952697754, "endocrinologist": 0.36622926592826843, "pituitary": 0.3610701560974121, "medical": 0.36052805185317993, "fellow ks": 0.3575379252433777, "treatment": 0.35406553745269775, "pituitary gland": 0.3539673388004303, "congenital": 0.35311031341552734, "having": 0.3511941432952881, "rare": 0.3502681851387024, "hormone levels": 0.3499600887298584, "genetics": 0.3486350178718567, "treatments": 0.34839946031570435, "doctors": 0.3474733829498291}}