{"0": {"raynaud phenomenon": 0.575982928276062, "erythromelalgia association": 0.5476373434066772, "raynauds": 0.5188403725624084, "redness and pain": 0.5143762230873108, "similar symptoms": 0.5108935236930847, "erythromelalgia": 0.5029659271240234, "raynaud": 0.48576515913009644, "diagnosis": 0.4640127718448639, "seeing doctor": 0.4617745578289032, "symptoms": 0.46080365777015686, "burning pain": 0.45600125193595886, "diagnoses": 0.43874630331993103, "officially diagnosed": 0.4360729455947876, "heat rashes": 0.43535587191581726, "restless leg": 0.4344749450683594, "diagnose": 0.43338268995285034, "psoriatic arthritis": 0.4254175126552582, "been diagnosed": 0.42508465051651, "reynauds": 0.4230269193649292, "heat therapy": 0.42143720388412476, "peripheral neuropathy": 0.4158726930618286, "burning sensation": 0.41402652859687805, "symptom": 0.4023432731628418, "nerve pain": 0.3960449695587158, "was diagnosed": 0.3932417333126068, "pain management": 0.39095190167427063, "joint pain": 0.38909369707107544, "rheumatology": 0.38488101959228516, "erythromelagia": 0.3848310112953186, "psoriasis": 0.3809898793697357, "treatment options": 0.3808242082595825, "rheumatologist": 0.3783115744590759, "cold therapy": 0.3652268648147583, "reynaud": 0.36380255222320557, "severe headaches": 0.36373770236968994, "neuropathy": 0.363729327917099, "diagnosed": 0.36112889647483826, "flare ups": 0.35697317123413086, "autoimmune conditions": 0.3540816605091095, "lupus": 0.3537297248840332, "numbness": 0.3529418706893921, "some patients": 0.3528709411621094, "got diagnosed": 0.3517453074455261, "fever": 0.351629376411438, "facial flares": 0.34960007667541504, "nerve damage": 0.3493538200855255, "psoriatic": 0.34407371282577515, "swelling": 0.3439292311668396, "arthritis": 0.3432769477367401, "rheumatologists": 0.3425440490245819}, "1": {"payday loans": 0.8233565092086792, "loans": 0.6571146249771118, "loan": 0.6372801065444946, "bad credit": 0.47776365280151367, "cash": 0.43449780344963074, "payday": 0.4324527978897095, "credit": 0.4090346097946167, "pay": 0.3204643726348877, "buy": 0.264898419380188, "evenings": 0.25857090950012207, "lucky": 0.24429023265838623, "late": 0.23350322246551514, "evening": 0.23019245266914368, "note": 0.2287839651107788, "tap water": 0.22774706780910492, "day": 0.224167600274086, "referral": 0.2240489423274994, "confirm": 0.22301867604255676, "confirmed": 0.22093398869037628, "look into": 0.2166374921798706, "tap": 0.20860056579113007, "take notes": 0.20725643634796143, "early": 0.20704418420791626, "today": 0.2050711065530777, "fast": 0.20485174655914307, "cool tap": 0.20480257272720337, "morning": 0.20446059107780457, "night": 0.20290005207061768, "good luck": 0.1959313154220581, "check": 0.19307518005371094, "quick": 0.19177453219890594, "deal": 0.1900198757648468, "quickly": 0.1842111051082611, "any advice": 0.18413138389587402, "check out": 0.18268077075481415, "poor": 0.18221686780452728, "daily": 0.18136484920978546, "spent": 0.177381694316864, "hang in there": 0.17553174495697021, "call": 0.1749109923839569, "referred me": 0.17444325983524323, "any tips": 0.1743524819612503, "plus": 0.172557070851326, "luck": 0.17043066024780273, "days": 0.17006051540374756, "twice day": 0.16883417963981628, "looking into": 0.16849887371063232, "once month": 0.16800813376903534, "get": 0.16707010567188263, "also": 0.16612696647644043}}