{"c_v": 0.29120157437127775, "c_npmi": -0.2294635593347532, "u_mass": -5.821981159674619, "c_uci": -7.4743929702984016}