{"c_v": 0.3721054546587231, "c_npmi": -0.24955641348841442, "u_mass": -9.27199050779591, "c_uci": -7.781817119911387}