{"0": {"diagnosed with pd": 0.6736997365951538, "pd deficiency": 0.6298894882202148, "blood disorder": 0.6096584796905518, "individuals with pd": 0.5628377795219421, "people with pd": 0.5585925579071045, "pd deficient": 0.5255529284477234, "symptom": 0.5209487676620483, "chronic hemolysis": 0.5044313669204712, "symptoms": 0.4988178610801697, "anemia to individuals": 0.49777936935424805, "hemolytic crisis": 0.49418771266937256, "blood tests": 0.49121880531311035, "cause hemolysis": 0.48679035902023315, "severe hemolytic": 0.484895259141922, "hemolytic episode": 0.47884905338287354, "hemolytic anemia": 0.4695340394973755, "risk of hemolytic": 0.46807682514190674, "diagnosed": 0.46624577045440674, "haemolytic crisis": 0.4637802839279175, "was diagnosed": 0.45793700218200684, "blood test": 0.4559796154499054, "anemia": 0.43784070014953613, "deficiency": 0.4207299053668976, "patients": 0.4203066825866699, "illness": 0.41815733909606934, "chronic": 0.410863995552063, "required blood": 0.40397754311561584, "hemolysis appeared": 0.4021669626235962, "nonspherocytic hemolytic": 0.3929091691970825, "disorder": 0.38766834139823914, "hemolytic": 0.38749873638153076, "blood": 0.38655412197113037, "nausea": 0.38590145111083984, "my hematologist": 0.38463106751441956, "disease": 0.383489727973938, "low dose": 0.37824076414108276, "haemolytic": 0.3735264539718628, "side effects": 0.36998432874679565, "blood work": 0.36599817872047424, "red blood": 0.3644481301307678, "acute": 0.3642955422401428, "clinical": 0.36425819993019104, "anemic": 0.36325299739837646, "trigger hemolysis": 0.36134475469589233, "conclusive clinical": 0.3581591844558716, "health": 0.3554328680038452, "patient": 0.3544004559516907, "beta thalassemia": 0.3359401226043701, "after having": 0.3299717605113983, "sick": 0.3298075199127197}, "1": {"eaten fava": 0.5206996202468872, "fava beans": 0.518940806388855, "soy products": 0.517443060874939, "soy sauce": 0.5087785720825195, "certain foods": 0.4986405670642853, "eating fava": 0.496600478887558, "different foods": 0.49541038274765015, "specific foods": 0.4839951694011688, "can eat": 0.47634047269821167, "foods": 0.4597768187522888, "chick peas": 0.45482194423675537, "only food": 0.4352312982082367, "cannot eat": 0.43416517972946167, "peanuts": 0.4334399998188019, "eating them": 0.43208733201026917, "food": 0.4307534396648407, "soy milk": 0.43014785647392273, "beans": 0.4271421730518341, "food additives": 0.4252622723579407, "list of foods": 0.42306458950042725, "gluten free": 0.4221518337726593, "legumes": 0.418815553188324, "ingredients": 0.4166538715362549, "eat them": 0.4045931100845337, "been eating": 0.4028213620185852, "pea protein": 0.40154343843460083, "eating": 0.3907613754272461, "pea flour": 0.3833482265472412, "eaten": 0.3823452889919281, "green peas": 0.3814102113246918, "fava bean": 0.3802722096443176, "have eaten": 0.3771231770515442, "after eating": 0.3710763454437256, "broad beans": 0.3710232079029083, "eat": 0.36916986107826233, "meal": 0.3686397671699524, "diet": 0.35093268752098083, "juice": 0.33868908882141113, "ingredient": 0.3343047797679901, "sauce": 0.3315984904766083, "bean": 0.3234440088272095, "beyond meat": 0.3224470019340515, "rice": 0.3205990791320801, "chickpeas": 0.3201727271080017, "meat": 0.3192858099937439, "vegan": 0.31764593720436096, "peas": 0.31627848744392395, "healthy": 0.30816084146499634, "flour": 0.30486083030700684, "cooked": 0.3038514256477356}, "2": {"pd deficiency": 0.5998930335044861, "diagnosed with pd": 0.5765413045883179, "people with pd": 0.5414142608642578, "pfizer vaccine": 0.5410906076431274, "pd deficient": 0.5343084931373596, "individuals with pd": 0.5276795625686646, "vaccine": 0.45407038927078247, "vaccines": 0.4426916539669037, "vaccination": 0.4273507595062256, "immune": 0.41907811164855957, "are prone": 0.41536790132522583, "blood disorder": 0.4100959002971649, "vaccinated": 0.4100608229637146, "pd action": 0.39498329162597656, "side effects": 0.37601491808891296, "disease": 0.37338849902153015, "immune system": 0.3730803430080414, "inflammation": 0.36886996030807495, "risk of hemolytic": 0.3631746172904968, "infection": 0.35987401008605957, "anti inflammatory": 0.3582308292388916, "fever": 0.352090060710907, "infections": 0.3490016758441925, "malaria": 0.34556540846824646, "pdd": 0.3439057767391205, "pd": 0.33756110072135925, "illness": 0.3323381543159485, "symptom": 0.328532874584198, "covid": 0.32808440923690796, "chronic": 0.3263756334781647, "patients": 0.32479220628738403, "chronic hemolysis": 0.32346123456954956, "haemolytic crisis": 0.318763792514801, "harmful": 0.31773626804351807, "side effect": 0.3161637485027313, "susceptible": 0.312020868062973, "aspirin": 0.3085462152957916, "diagnosed": 0.30535411834716797, "severe hemolytic": 0.3007049262523651, "symptoms": 0.2982870936393738, "anemia to individuals": 0.29782000184059143, "can cause": 0.2972305119037628, "was diagnosed": 0.29378074407577515, "hemolytic crisis": 0.29337847232818604, "required blood": 0.2923896312713623, "conclusive clinical": 0.2907989025115967, "headaches": 0.2905319929122925, "health": 0.29026514291763306, "patient": 0.2861095070838928, "deficiency": 0.2825627624988556}}