{"c_v": 0.371520504530207, "c_npmi": -0.15917071073191472, "u_mass": -2.873123311371156, "c_uci": -5.867263112759417}