{"c_v": 0.3350721727339314, "c_npmi": -0.21810705158891808, "u_mass": -4.159589521545459, "c_uci": -6.811008087972114}