{"0": {"persistent erectile": 0.5263141989707947, "loss of libido": 0.5178033709526062, "erection problems": 0.5147980451583862, "erectile dysfunction": 0.5106393694877625, "daily cialis": 0.4964067339897156, "weaker erections": 0.48849332332611084, "lowered libido": 0.48351481556892395, "cialis": 0.4792146682739258, "decrease in libido": 0.4788885712623596, "weak erections": 0.4742097556591034, "erectile": 0.4679929316043854, "libido": 0.4617878794670105, "morning erections": 0.45219606161117554, "low libido": 0.4496656060218811, "impotence": 0.4470522403717041, "penile pain": 0.4385424256324768, "no libido": 0.4373221695423126, "random erections": 0.43710795044898987, "erections": 0.4355812668800354, "spontaneous erections": 0.4272453784942627, "finasteride": 0.42577677965164185, "lower libido": 0.4230227470397949, "penis atrophy": 0.41530466079711914, "ssri": 0.4121398329734802, "sex drive": 0.41193628311157227, "zero libido": 0.4107361435890198, "get an erection": 0.4082932770252228, "maintain an erection": 0.40791943669319153, "tribulus": 0.40414324402809143, "full erection": 0.40156441926956177, "penis shrinkage": 0.40111610293388367, "post finasteride": 0.40024417638778687, "erection quality": 0.3993583917617798, "sexual dysfunction": 0.39928656816482544, "viagra": 0.3969089984893799, "erection": 0.3962973654270172, "numb penis": 0.38966044783592224, "penile shrinkage": 0.38484400510787964, "maca": 0.38352757692337036, "ashwagandha": 0.3829708695411682, "proviron": 0.3828638195991516, "finasteride syndrome": 0.3823637366294861, "propecia help": 0.3816532790660858, "topical finasteride": 0.3790735602378845, "stopping finasteride": 0.3655915856361389, "nofap": 0.3631681799888611, "dysfunction": 0.3622298836708069, "impotent": 0.35422712564468384, "penile": 0.3540918231010437, "ssris": 0.3540489971637726}, "1": {"finasteride": 0.6247971057891846, "topical finasteride": 0.586532711982727, "post finasteride": 0.5828757286071777, "propecia": 0.5678819417953491, "propecia help": 0.56204754114151, "finasteride syndrome": 0.5554938316345215, "stopping finasteride": 0.5485508441925049, "minoxidil": 0.543982207775116, "taking finasteride": 0.5413607358932495, "hairloss": 0.5271542072296143, "rogaine": 0.5184004306793213, "using minoxidil": 0.5115728974342346, "androgenic alopecia": 0.5093866586685181, "use minoxidil": 0.49988386034965515, "hair loss": 0.47813743352890015, "alopecia": 0.4746105372905731, "dht levels": 0.45217016339302063, "dht": 0.42459166049957275, "going bald": 0.4241516590118408, "baldness": 0.4232010841369629, "proviron": 0.40302571654319763, "side affects": 0.4029901623725891, "balding": 0.39772242307662964, "ashwagandha": 0.3971588611602783, "dhea": 0.39463287591934204, "tribulus": 0.3931775689125061, "daily cialis": 0.3925871253013611, "hair transplant": 0.39192861318588257, "accutane": 0.3825194239616394, "go bald": 0.38232526183128357, "loss of libido": 0.37985745072364807, "ssri": 0.3790028691291809, "persistent erectile": 0.37774229049682617, "cialis": 0.37095528841018677, "serum dht": 0.37064725160598755, "anti androgen": 0.3700525164604187, "saw palmetto": 0.3693164587020874, "androgen": 0.3661922216415405, "maca": 0.3639804720878601, "side effects": 0.363495409488678, "impotence": 0.36226046085357666, "receding": 0.35877442359924316, "trt": 0.3560459613800049, "side effect": 0.35292020440101624, "palmetto": 0.3518325090408325, "decrease in libido": 0.3454596996307373, "endocrinologist": 0.3430604636669159, "erectile dysfunction": 0.3392941355705261, "microdosing": 0.3388337194919586, "my hairline": 0.33736228942871094}, "2": {"dhea": 0.47250527143478394, "tribulus": 0.444113552570343, "dht levels": 0.4329122304916382, "finasteride": 0.42632246017456055, "finasteride syndrome": 0.42567387223243713, "proviron": 0.42523860931396484, "ashwagandha": 0.41835325956344604, "post finasteride": 0.4147377610206604, "androgen": 0.3973160982131958, "stopping finasteride": 0.39569759368896484, "androgen receptor": 0.39155587553977966, "taking finasteride": 0.3909497559070587, "maca": 0.3866525888442993, "endocrinologist": 0.38282549381256104, "propecia help": 0.38256049156188965, "trt": 0.3817203938961029, "androgen receptors": 0.3808593153953552, "testosterone levels": 0.3806160092353821, "propecia": 0.38034552335739136, "prolactin": 0.37350142002105713, "topical finasteride": 0.3713011145591736, "ssri": 0.37059110403060913, "prolactin levels": 0.3702082335948944, "lowered libido": 0.3672047257423401, "decrease in libido": 0.36572933197021484, "use minoxidil": 0.36483508348464966, "serum dht": 0.36124882102012634, "anti androgens": 0.3611109256744385, "anti androgen": 0.3608194589614868, "estradiol": 0.35995209217071533, "pituitary": 0.3570989966392517, "dht": 0.35625743865966797, "hormone imbalance": 0.3561588525772095, "loss of libido": 0.35596734285354614, "testosterone": 0.35375720262527466, "gaba": 0.3521982431411743, "minoxidil": 0.3412511944770813, "low libido": 0.34057173132896423, "steroid": 0.3405640125274658, "androgenic alopecia": 0.3396235406398773, "free testosterone": 0.3374345898628235, "androgens": 0.3366404175758362, "hormone levels": 0.3360201120376587, "supplementation": 0.33404505252838135, "arginine": 0.3331760764122009, "progesterone": 0.33255359530448914, "microdosing": 0.3319718837738037, "cialis": 0.32960447669029236, "pituitary gland": 0.3285595178604126, "lower libido": 0.328507661819458}, "3": {"anxiety depression": 0.5094557404518127, "ssri": 0.5063657760620117, "anxiety and depression": 0.4906017780303955, "severe anxiety": 0.4723494350910187, "ssris": 0.46662190556526184, "lexapro": 0.4520420432090759, "anxiety": 0.44131219387054443, "panic attacks": 0.42526501417160034, "panic attack": 0.40566927194595337, "gaba": 0.40198400616645813, "microdosing": 0.4005696773529053, "ashwagandha": 0.39039114117622375, "anhedonia": 0.3842814564704895, "antidepressants": 0.3833038806915283, "antidepressant": 0.37275493144989014, "finasteride": 0.37104010581970215, "depression": 0.36597615480422974, "finasteride syndrome": 0.35776466131210327, "persistent erectile": 0.3554428517818451, "loss of libido": 0.35514652729034424, "daily cialis": 0.3546186089515686, "stopping finasteride": 0.35017454624176025, "serotonin": 0.3470812439918518, "deep depression": 0.34172677993774414, "suicidal ideation": 0.3345954716205597, "post finasteride": 0.3341142237186432, "erection problems": 0.33345890045166016, "proviron": 0.3320885896682739, "anxious": 0.32953256368637085, "propecia help": 0.32743245363235474, "palpitations": 0.3242727518081665, "taking finasteride": 0.32365089654922485, "nmda": 0.32356926798820496, "stopped taking": 0.3232954740524292, "cialis": 0.3228248655796051, "erectile dysfunction": 0.319832444190979, "brain fog": 0.31446442008018494, "gaba receptors": 0.3130510449409485, "nofap": 0.31189489364624023, "withdrawal": 0.3107413053512573, "medication": 0.3091176748275757, "mental health": 0.30834513902664185, "suicidal thoughts": 0.30351993441581726, "heart palpitations": 0.3018485903739929, "stop taking": 0.30139756202697754, "minoxidil": 0.2998726963996887, "topical finasteride": 0.29895514249801636, "lowered libido": 0.29822593927383423, "tribulus": 0.2980608642101288, "psychiatrist": 0.2977025508880615}}