{"c_v": 0.28449264763006765, "c_npmi": -0.23085047775856962, "u_mass": -5.136901176361734, "c_uci": -6.896119862296731}