{"0": {"diagnosed with eoe": 0.6483855247497559, "eoe patients": 0.5883380174636841, "main symptom": 0.5447738170623779, "common symptom": 0.5394753217697144, "eosinophilic disorders": 0.5332045555114746, "symptom": 0.5331970453262329, "ige allergies": 0.5273070335388184, "allergy tested": 0.5255012512207031, "food allergies": 0.5233505368232727, "eosinophilic esophagitis": 0.5229634046554565, "allergy meds": 0.5218164920806885, "eosinophilic asthma": 0.5199815034866333, "eosinophilic colitis": 0.516409695148468, "similar symptoms": 0.5147075057029724, "eosinophilic gastroenteritis": 0.5117281079292297, "seeing an allergist": 0.5110164284706116, "primary symptom": 0.5102683305740356, "symptomatic": 0.5039443373680115, "diagnosed with ee": 0.5012176036834717, "symptom relief": 0.49858278036117554, "allergy tests": 0.49587762355804443, "eosinophil levels": 0.49502623081207275, "see an allergist": 0.49452370405197144, "allergist said": 0.4909641444683075, "digestive issues": 0.48976829648017883, "appointment with an allergist": 0.48945480585098267, "allergist": 0.4874296188354492, "nut allergy": 0.48641398549079895, "symptoms": 0.4861922264099121, "nausea and vomiting": 0.48557382822036743, "allergy testing": 0.4855431318283081, "major allergens": 0.48538774251937866, "allergies": 0.4853611886501312, "allergy": 0.48366621136665344, "allergist told": 0.4802056550979614, "stomach aches": 0.47957804799079895, "recently diagnosed": 0.4794697165489197, "allergists": 0.47934308648109436, "eosinophilia": 0.4755393862724304, "eosinophilic": 0.4751870036125183, "allergy test": 0.47320884466171265, "indigestion": 0.4707942008972168, "anti nausea": 0.46923530101776123, "high eosinophil": 0.46596574783325195, "gut health": 0.46532928943634033, "regular allergies": 0.4650200605392456, "esophageal eosinophilia": 0.46474045515060425, "allergist recommended": 0.46397876739501953, "nausea vomiting": 0.46281445026397705, "seasonal allergies": 0.46093010902404785}, "1": {"covid vaccine": 0.6294598579406738, "vaccines": 0.5324739813804626, "vaccine": 0.5315700173377991, "allergy shots": 0.5011272430419922, "ige allergies": 0.47848281264305115, "allergist immunologist": 0.4607795476913452, "allergies": 0.4534032344818115, "diagnosed with eoe": 0.4528666138648987, "allergy meds": 0.4461338520050049, "immune disease": 0.4454517066478729, "immunotherapy": 0.4451709985733032, "seasonal allergies": 0.44347959756851196, "allergy tested": 0.4429578185081482, "eosinophilic colitis": 0.4413015842437744, "coronavirus": 0.43669089674949646, "allergists": 0.43474137783050537, "appointment with an allergist": 0.43452876806259155, "infection": 0.43296653032302856, "major allergens": 0.4322929084300995, "inflammatory response": 0.43175026774406433, "allergist told": 0.42954933643341064, "eosinophilic gastroenteritis": 0.4289381802082062, "allergens": 0.42859911918640137, "allergist said": 0.42855387926101685, "cortisol": 0.4279504716396332, "regular allergies": 0.4275224804878235, "eoe patients": 0.42726749181747437, "allergist": 0.42621806263923645, "immune response": 0.42418187856674194, "see an allergist": 0.4234597682952881, "seeing an allergist": 0.4231705069541931, "ige antibodies": 0.4222933053970337, "allergy tests": 0.4198338985443115, "allergy testing": 0.41810357570648193, "allergy": 0.41742807626724243, "hay fever": 0.41692066192626953, "inflammatory conditions": 0.41489124298095703, "inflammation": 0.4146038293838501, "eosinophilic asthma": 0.4134637117385864, "chronic inflammation": 0.4110056757926941, "infections": 0.4095260500907898, "autoimmune diseases": 0.40943643450737, "allergy season": 0.40923601388931274, "autoimmune conditions": 0.4086971580982208, "immune responses": 0.4075694978237152, "allergy test": 0.40305066108703613, "airborne allergens": 0.40207529067993164, "common allergens": 0.39820337295532227, "immune mediated": 0.39702749252319336, "flu": 0.39640092849731445}}