{"0": {"would love": 0.21719259023666382, "who wants": 0.20894375443458557, "love": 0.1799880564212799, "my": 0.17228451371192932, "get": 0.16939449310302734, "me": 0.15817761421203613, "them both": 0.15492099523544312, "your": 0.15127137303352356, "would": 0.13781748712062836, "be": 0.13172093033790588, "again": 0.10081535577774048, "same time": 0.09660635888576508, "off": 0.09625674784183502, "good": 0.09094244986772537, "like": 0.08680613338947296, "real": 0.08530598133802414, "out there": 0.08424252271652222, "same": 0.08395908772945404, "post": 0.0776778981089592, "you": 0.06761199980974197, "is": 0.06722898036241531, "them": 0.06700611114501953, "who": 0.06652067601680756, "still": 0.06614658981561661, "are": 0.06296002864837646, "deleted his": 0.06277631968259811, "any": 0.06268493086099625, "see": 0.061245959252119064, "do": 0.06082075089216232, "only": 0.05783718824386597, "more": 0.05758211016654968, "but": 0.05674583464860916, "am": 0.05638466030359268, "what": 0.047692880034446716, "or": 0.0454338937997818, "can": 0.044062744826078415, "out": 0.04261605814099312, "just": 0.04175429791212082, "both": 0.03600108623504639, "hope": 0.03224213793873787, "time": 0.02802949957549572, "with": 0.027522632852196693, "they": 0.026564380154013634, "the": 0.024861976504325867, "as": 0.023630082607269287, "find": 0.022285524755716324, "his": 0.021344158798456192, "so": 0.021099604666233063, "two": 0.020687824115157127, "one": 0.015528172254562378}, "1": {"them both": 0.19107788801193237, "deleted his": 0.18242794275283813, "who": 0.18129955232143402, "who wants": 0.17665526270866394, "same time": 0.1653260439634323, "would love": 0.15507462620735168, "still": 0.15036335587501526, "one": 0.14593292772769928, "two": 0.1346709132194519, "real": 0.13083434104919434, "diphallia": 0.12978464365005493, "his account": 0.12341007590293884, "hope": 0.12158060818910599, "post": 0.12126427888870239, "again": 0.11991648375988007, "off": 0.11702573299407959, "more": 0.11510792374610901, "his": 0.11337970942258835, "other": 0.11310463398694992, "what": 0.10670658946037292, "out there": 0.10444190353155136, "love": 0.10259212553501129, "get": 0.09858492016792297, "find": 0.09789344668388367, "he": 0.09521209448575974, "here": 0.09474834054708481, "see": 0.09006764739751816, "or": 0.08682843297719955, "this": 0.0857481062412262, "so": 0.08478982746601105, "if": 0.08232910931110382, "me": 0.08182007074356079, "same": 0.08169036358594894, "out": 0.08035853505134583, "both": 0.07398320734500885, "at": 0.07261736690998077, "good": 0.07224161177873611, "be": 0.06777797639369965, "them": 0.06628705561161041, "not": 0.06586460024118423, "would": 0.06419426202774048, "any": 0.05967630445957184, "of": 0.058190662413835526, "is": 0.05609241873025894, "with": 0.054999060928821564, "an": 0.054728444665670395, "on": 0.05151916295289993, "time": 0.05072306841611862, "and": 0.04928010329604149, "the": 0.046857647597789764}}