{"c_v": 0.645724692183187, "c_npmi": -0.22448610872050292, "u_mass": -1.915558207847373, "c_uci": -6.605588379803566}