{"0": {"eosinophilic gastroenteritis": 0.44209906458854675, "eosinophilic colitis": 0.3950449228286743, "eosinophilic esophagitis": 0.39398443698883057, "esophageal swelling": 0.3804827332496643, "esophageal eosinophilia": 0.3730459213256836, "food allergies": 0.37269872426986694, "ulcerative colitis": 0.3714255690574646, "diagnosed with eoe": 0.36756616830825806, "digestive issues": 0.3620437979698181, "oral allergy": 0.36187243461608887, "eosinophilic disorders": 0.3609103560447693, "esophagus swell": 0.3595711886882782, "esophagus dilated": 0.35728928446769714, "eosinophilic asthma": 0.3561389744281769, "gastroenteritis": 0.3559318780899048, "esophageal spasms": 0.35544031858444214, "distal esophagus": 0.35103166103363037, "esophageal dilations": 0.3412623107433319, "diagnosed with ee": 0.3407236933708191, "esophageal spasm": 0.340247243642807, "esophageal sphincter": 0.3394365906715393, "ige allergies": 0.33614155650138855, "esophageal lining": 0.33480626344680786, "esophageal cancer": 0.3332226872444153, "esophageal dilation": 0.33304649591445923, "appointment with an allergist": 0.3318887948989868, "allergy tested": 0.32908302545547485, "throat swelling": 0.32775241136550903, "ringed esophagus": 0.3260701298713684, "narrowed esophagus": 0.32600462436676025, "allergic rhinitis": 0.32579505443573, "narrow esophagus": 0.3249776065349579, "stomach ulcers": 0.3231462836265564, "digestive tract": 0.3229530453681946, "allergy tests": 0.32283174991607666, "allergy meds": 0.32160666584968567, "narrowing of the esophagus": 0.3208860456943512, "irritated throat": 0.3192408084869385, "allergy test": 0.3190574049949646, "peanut allergy": 0.31889334321022034, "lower esophagus": 0.31814906001091003, "allergist immunologist": 0.31747499108314514, "nausea vomiting": 0.3171159029006958, "gastro doc": 0.31613433361053467, "barrett esophagus": 0.31384557485580444, "intestinal": 0.31371039152145386, "got diagnosed": 0.31319910287857056, "swallowed steroid": 0.31315112113952637, "eating disorder": 0.3128852844238281, "indigestion": 0.310329794883728}, "1": {"covid vaccine": 0.524459958076477, "vaccines": 0.4603225886821747, "vaccine": 0.4594157934188843, "allergist immunologist": 0.42957818508148193, "immune disease": 0.4104965031147003, "allergy shots": 0.3970873951911926, "eosinophilic colitis": 0.3899843692779541, "flu shot": 0.38782617449760437, "oral allergy": 0.3865342140197754, "ige allergies": 0.3855839967727661, "allergic rhinitis": 0.38378018140792847, "pollen allergies": 0.3669261932373047, "coronavirus": 0.36589232087135315, "autoimmune diseases": 0.3632770776748657, "eosinophilic asthma": 0.3606719374656677, "flu": 0.3599449694156647, "allergy tested": 0.3566199243068695, "allergenic": 0.35630691051483154, "immune system": 0.3535252511501312, "nut allergy": 0.35342535376548767, "autoimmune disease": 0.3516603708267212, "appointment with an allergist": 0.3491268754005432, "eosinophilic gastroenteritis": 0.3484329581260681, "allergy meds": 0.3445984125137329, "immune response": 0.34342557191848755, "immunologist": 0.34330886602401733, "immunotherapy": 0.34301602840423584, "allergic response": 0.33971989154815674, "allergist told": 0.3391459584236145, "allergist said": 0.337482750415802, "immune responses": 0.33662354946136475, "peanut allergy": 0.3353443443775177, "allergy tests": 0.3351696729660034, "allergic": 0.33217787742614746, "allergy drops": 0.3297656774520874, "allergy test": 0.3289768099784851, "immunity": 0.32349899411201477, "allergic reactions": 0.3228166699409485, "regular allergies": 0.32147958874702454, "allergic reaction": 0.32090821862220764, "top allergen": 0.31925833225250244, "allergies": 0.3181300759315491, "seasonal allergies": 0.3176567554473877, "hypoallergenic": 0.31554675102233887, "allergist": 0.314649760723114, "immune mediated": 0.3143215775489807, "allergists": 0.3132029175758362, "celiac disease": 0.31276124715805054, "eosinophilic disorders": 0.312626451253891, "allergy testing": 0.31138402223587036}, "2": {"eos hpf": 0.5682489275932312, "taking omeprazole": 0.5611602067947388, "gerd lpr": 0.5549416542053223, "ive been": 0.5407696962356567, "ehlers danlos": 0.5070884823799133, "buedesnide": 0.5032520294189453, "overly": 0.5029212236404419, "omeprazole": 0.5016086101531982, "ibd": 0.4969472885131836, "per hpf": 0.49033501744270325, "rather": 0.48809757828712463, "than": 0.48701873421669006, "comorbids": 0.48477703332901, "comorbid mast": 0.4840529263019562, "taking ppi": 0.4837639331817627, "idk if": 0.4795724153518677, "bet": 0.47883737087249756, "esomeprazole": 0.4785885214805603, "whereas": 0.4782295823097229, "tl": 0.47715339064598083, "top allergens": 0.47708070278167725, "hence": 0.4770311713218689, "swells up": 0.4738731384277344, "taking budesonide": 0.47382915019989014, "due to covid": 0.47198686003685, "onto": 0.4715273082256317, "wtf": 0.47125333547592163, "ige mediated": 0.4710996747016907, "eos": 0.4709298014640808, "ibs": 0.4677336812019348, "comorbid": 0.4669976830482483, "atleast": 0.4667106866836548, "flair up": 0.466652512550354, "gf oatmeal": 0.46625661849975586, "come up": 0.46512505412101746, "upcoming": 0.4650189280509949, "spt": 0.46409377455711365, "over": 0.4627280831336975, "brought up": 0.4619002342224121, "igg": 0.46182766556739807, "gained pounds": 0.46180710196495056, "rather than": 0.4618033468723297, "instead": 0.46079519391059875, "flovent hfa": 0.46055570244789124, "more prone": 0.4605301022529602, "egds": 0.4597402811050415, "closely": 0.459541916847229, "ent": 0.45878511667251587, "hpf": 0.45831504464149475, "swell up": 0.45791348814964294}, "3": {"drinking alcohol": 0.4355311989784241, "alcohol": 0.3687148094177246, "eosinophilic gastroenteritis": 0.3666938245296478, "energy drinks": 0.3553940951824188, "stopped drinking": 0.35412558913230896, "drink beer": 0.3406391739845276, "nausea and vomiting": 0.3402276337146759, "drinking soda": 0.3394271731376648, "carbonated beverage": 0.3387147784233093, "drinking beer": 0.33796828985214233, "digestive issues": 0.3378751873970032, "nausea vomiting": 0.3377460241317749, "carbonated beverages": 0.3334980309009552, "ulcerative colitis": 0.3322170376777649, "beer and wine": 0.3309212923049927, "stomach acid": 0.32954686880111694, "stomach ulcers": 0.3293447494506836, "beer wine": 0.3267906904220581, "lactose intolerant": 0.32631611824035645, "gastroenteritis": 0.32367777824401855, "lactose intolerance": 0.32357025146484375, "beverage": 0.32273703813552856, "drink coffee": 0.3194093406200409, "stomach aches": 0.3164787292480469, "beverages": 0.31493890285491943, "carbonated drinks": 0.313501238822937, "drinking": 0.31224653124809265, "eosinophilic colitis": 0.31137311458587646, "drink anything": 0.3108827471733093, "drank": 0.3102344572544098, "digestive enzyme": 0.30822694301605225, "drunk": 0.3052869439125061, "stomach pains": 0.3044074773788452, "gastritis": 0.30401480197906494, "indigestion": 0.3037342429161072, "esophageal spasms": 0.3036521375179291, "histamine intolerance": 0.30233073234558105, "digestive tract": 0.3014184236526489, "eosinophilic esophagitis": 0.3013324439525604, "digestive enzymes": 0.3011649250984192, "irritated throat": 0.30092474818229675, "stomach pain": 0.30063679814338684, "esophageal swelling": 0.2994171679019928, "gastric": 0.29892557859420776, "drink": 0.29600080847740173, "liquor": 0.2958369851112366, "esophagus dilated": 0.29579460620880127, "hard liquor": 0.29523926973342896, "intestinal": 0.2949028015136719, "gluten intolerance": 0.29387181997299194}}