{"c_v": 0.42663374829892786, "c_npmi": -0.41840872404373197, "u_mass": -12.734627344255147, "c_uci": -12.16550463783145}