{"0": {"allergy meds": 0.36846208572387695, "histamine intolerance": 0.3335804343223572, "typical allergy": 0.32402998208999634, "allergy syndrome": 0.3213425278663635, "dermatitis": 0.32103002071380615, "histamine intolerant": 0.3209522068500519, "see an allergist": 0.320046603679657, "allergen": 0.31519806385040283, "histamine diet": 0.31236496567726135, "histamines": 0.31231629848480225, "mg cetirizine": 0.3112539052963257, "hives rashes": 0.30894410610198975, "allergic reaction": 0.3083943724632263, "histamine": 0.30799567699432373, "seeing an allergist": 0.3065143823623657, "eczema": 0.30597448348999023, "benadryl": 0.3055059015750885, "allergy": 0.30535340309143066, "allergy shots": 0.304218590259552, "rashes hives": 0.3027992248535156, "salicylate allergy": 0.30106645822525024, "symptoms": 0.3007975220680237, "medical issues": 0.30022451281547546, "otc antihistamines": 0.2996617555618286, "histamine dump": 0.2993897497653961, "referral to an allergist": 0.2946295738220215, "anti histamines": 0.29451388120651245, "allergic diseases": 0.29376599192619324, "mcas sufferers": 0.2934083342552185, "allergist said": 0.29335594177246094, "took benadryl": 0.2926221489906311, "allergies": 0.29236242175102234, "allergy tests": 0.2922807037830353, "histamine foods": 0.2917082905769348, "allergic reactions": 0.2911234498023987, "common symptom": 0.2906169593334198, "symptom": 0.29007551074028015, "oral allergy": 0.28720709681510925, "antihistamines": 0.28707706928253174, "allergy season": 0.28638339042663574, "idiopathic mcas": 0.28587108850479126, "anti histamine": 0.2858409881591797, "allergist": 0.2854347229003906, "food allergies": 0.2841324806213379, "histamine release": 0.284074991941452, "allergist immunologist": 0.283333957195282, "symptomatic": 0.2828468978404999, "low histamine": 0.2816705107688904, "antihistamine": 0.2767961621284485, "allergists": 0.27653682231903076}, "1": {"flu vaccine": 0.45837169885635376, "covid vaccines": 0.4581197500228882, "getting the vaccine": 0.4503641128540039, "covid vaccine": 0.4442988634109497, "mrna vaccines": 0.4405694603919983, "vaccines": 0.43581467866897583, "vaccine": 0.4287794828414917, "allergy shots": 0.4253446161746979, "pfizer vaccine": 0.42405158281326294, "flu shots": 0.4236297011375427, "allergist immunologist": 0.41449490189552307, "vaccination": 0.41426536440849304, "being vaccinated": 0.4084939956665039, "flu shot": 0.4075307846069336, "vaccinated": 0.40039756894111633, "seeing an immunologist": 0.3800206780433655, "allergic reaction": 0.36248406767845154, "allergy immunology": 0.3602295517921448, "allergic reactions": 0.3536827862262726, "allergy meds": 0.3489229679107666, "immunologist": 0.3390171527862549, "immunologists": 0.33639681339263916, "viruses allergic": 0.33588021993637085, "immunologist who": 0.3352789580821991, "pfizer shots": 0.3305179178714752, "took benadryl": 0.32772296667099, "immune response": 0.3222857117652893, "immunotherapy": 0.3218590021133423, "rhinitis": 0.3108398914337158, "hives rashes": 0.30829811096191406, "allergic diseases": 0.30762869119644165, "rashes hives": 0.3033824563026428, "flu": 0.3024041950702667, "anti histamines": 0.3017183542251587, "anti histamine": 0.2972559332847595, "benadryl": 0.2971065044403076, "allergist said": 0.296922504901886, "typical allergy": 0.295531690120697, "antihistamines": 0.294295072555542, "pfizer shot": 0.2931954860687256, "seeing an allergist": 0.2930085062980652, "referral to an allergist": 0.29253971576690674, "allergy syndrome": 0.29108476638793945, "mg cetirizine": 0.29080045223236084, "ige allergies": 0.29020971059799194, "flu like": 0.2891688644886017, "allergies": 0.28721410036087036, "antihistamine": 0.2869633436203003, "saw an allergist": 0.2868688702583313, "autoimmune urticaria": 0.28429481387138367}}