{"c_v": 0.39839136821610877, "c_npmi": -0.1828453765541561, "u_mass": -3.6087992745139204, "c_uci": -6.031441764956396}