{"0": {"hodgkin lymphoma": 0.3497605621814728, "lymphoma": 0.34922948479652405, "hodgkins lymphoma": 0.3491256833076477, "cancer": 0.344836950302124, "chemo": 0.33315151929855347, "md lymphoma": 0.333107054233551, "breast cancer": 0.3296775221824646, "post chemo": 0.3294706642627716, "tumor": 0.32485049962997437, "cancers": 0.3234442174434662, "chemotherapy": 0.31521230936050415, "start chemo": 0.31151026487350464, "during chemo": 0.30387502908706665, "got diagnosed": 0.30145567655563354, "lymph": 0.28826114535331726, "cancer free": 0.28119635581970215, "diagnosed with hodgkin": 0.2733447849750519, "my oncologist": 0.27189382910728455, "been diagnosed": 0.2678665816783905, "swollen lymph": 0.2650894224643707, "lymph nodes": 0.26414787769317627, "recently diagnosed": 0.2631046772003174, "treatments": 0.2614557147026062, "therapy": 0.26101505756378174, "lymph node": 0.2606658339500427, "oncologist": 0.24983830749988556, "diagnosis": 0.24682572484016418, "biopsy": 0.24403229355812073, "cancer center": 0.24233052134513855, "was diagnosed": 0.24145132303237915, "diagnosed": 0.24004444479942322, "cure": 0.2365618199110031, "treatment": 0.23583996295928955, "diagnosed with stage": 0.2352607250213623, "your oncologist": 0.23488909006118774, "disease": 0.21955743432044983, "oncologist said": 0.21851183474063873, "symptoms": 0.2162279188632965, "doctors": 0.21196696162223816, "depression": 0.20961686968803406, "sorry to hear": 0.20576211810112, "symptom": 0.20463107526302338, "surgery": 0.20343467593193054, "diagnosed with hl": 0.1998467594385147, "surgeon": 0.1953716278076172, "medical advice": 0.19149501621723175, "nodular sclerosis": 0.18895015120506287, "doctor": 0.1883126199245453, "patients": 0.1881711781024933, "biopsy results": 0.18813654780387878}, "1": {"swollen lymph": 0.5411446690559387, "hodgkin lymphoma": 0.4993653893470764, "lymphoma": 0.49124228954315186, "lymph node": 0.4800882935523987, "hodgkins lymphoma": 0.47198858857154846, "lymph nodes": 0.46634066104888916, "lymph": 0.45556947588920593, "md lymphoma": 0.4338318407535553, "tumor": 0.41994160413742065, "symptoms": 0.40326976776123047, "symptom": 0.37918728590011597, "breast cancer": 0.3643786907196045, "swollen": 0.3636537790298462, "see doctor": 0.3562309741973877, "other symptoms": 0.35392528772354126, "cancer": 0.3448759913444519, "got diagnosed": 0.3408626317977905, "biopsy": 0.33726292848587036, "diagnosed with hodgkin": 0.3324050307273865, "lump": 0.32610946893692017, "diagnosis": 0.3167306184768677, "been diagnosed": 0.31533950567245483, "cancers": 0.3112182915210724, "recently diagnosed": 0.310756117105484, "swelling": 0.3037523627281189, "infection": 0.2957642078399658, "was diagnosed": 0.28680580854415894, "diagnosed": 0.28224945068359375, "doctor": 0.27715378999710083, "disease": 0.24756476283073425, "doctors": 0.24745965003967285, "painful": 0.2470347285270691, "diagnosed with hl": 0.24404722452163696, "doctor said": 0.23933124542236328, "blood tests": 0.23626694083213806, "hair loss": 0.23047234117984772, "anxiety": 0.22809691727161407, "your doctor": 0.22671137750148773, "doc": 0.22565633058547974, "itchy": 0.22564782202243805, "during chemo": 0.22357821464538574, "biopsy results": 0.22313150763511658, "diagnosed with stage": 0.22213762998580933, "scar": 0.2196275293827057, "chemo": 0.21931995451450348, "sore": 0.21913817524909973, "start chemo": 0.2171066403388977, "nodular sclerosis": 0.21701624989509583, "post chemo": 0.2147819697856903, "pain": 0.21057352423667908}}