{"c_v": 0.2787903872723496, "c_npmi": -0.24651614563626154, "u_mass": -3.5152113451948788, "c_uci": -7.2805609916096685}