{"c_v": 0.3750720384733178, "c_npmi": -0.23807532707556994, "u_mass": -5.480653603213601, "c_uci": -7.769099971131488}