{"c_v": 0.3457725958748411, "c_npmi": -0.28133249332559157, "u_mass": -7.4079141368148935, "c_uci": -8.491766608011645}