{"0": {"diagnosed with eoe": 0.5871323347091675, "swallowing problems": 0.5841965675354004, "swallowing issues": 0.5813615322113037, "narrowed esophagus": 0.5813050270080566, "difficulty swallowing": 0.5760433673858643, "lower esophagus": 0.5586444139480591, "trouble swallowing": 0.5578141808509827, "esophagus swell": 0.5503308773040771, "lower esophageal": 0.5424816608428955, "narrowing of the esophagus": 0.5420542359352112, "esophageal spasm": 0.5407438278198242, "esophageal eosinophilia": 0.5389811992645264, "esophageal spasms": 0.5382323265075684, "esophagus dilated": 0.5334774255752563, "esophagus": 0.5256367325782776, "eosinophilic gastroenteritis": 0.5242314338684082, "eoe patients": 0.516548752784729, "unable to swallow": 0.5153725147247314, "ringed esophagus": 0.5091323256492615, "digestive issues": 0.5032307505607605, "reflux": 0.5007914900779724, "barrett esophagus": 0.4988037347793579, "narrow esophagus": 0.49640047550201416, "esophageal swelling": 0.4951893091201782, "eosinophilic colitis": 0.4935082495212555, "inability to swallow": 0.4909212291240692, "esophageal": 0.48943573236465454, "acid reflux": 0.4879659414291382, "throat swelling": 0.4826405346393585, "throat tightness": 0.4816860556602478, "esophageal lining": 0.4816783368587494, "lump in throat": 0.4739724397659302, "silent reflux": 0.4732101261615753, "your esophagus": 0.4690798223018646, "irritated throat": 0.4678247272968292, "go to the er": 0.46369504928588867, "oesophagus": 0.4606577754020691, "esophageal sphincter": 0.4589453637599945, "eosinophilic esophagitis": 0.4577583074569702, "sore throat": 0.453410267829895, "similar symptoms": 0.453000545501709, "eosinophilic asthma": 0.44867199659347534, "sore throats": 0.4473024606704712, "elevated eosinophil": 0.4452199339866638, "cannot swallow": 0.44048961997032166, "esophageal cancer": 0.4354473352432251, "eosinophils present": 0.43470099568367004, "official diagnosis": 0.42932888865470886, "trip to the er": 0.42876309156417847, "throat tightening": 0.4272480010986328}, "1": {"food allergies": 0.6110841631889343, "nut allergy": 0.5352426767349243, "food elimination": 0.5318641662597656, "elimination diet": 0.5311775803565979, "elimination diets": 0.5208203792572021, "allergy tested": 0.5106825232505798, "allergy tests": 0.4967634379863739, "allergy testing": 0.49537065625190735, "regular allergies": 0.48687174916267395, "allergy test": 0.48407086730003357, "allergy drops": 0.4829045832157135, "allergy friendly": 0.4757820963859558, "peanut allergy": 0.46965283155441284, "allergy": 0.46539950370788574, "digestive issues": 0.46423250436782837, "eliminating dairy": 0.46281397342681885, "food sensitivity": 0.45925354957580566, "major allergens": 0.44981151819229126, "dietary changes": 0.44899410009384155, "wheat and dairy": 0.44741755723953247, "common allergens": 0.4451426863670349, "allergic response": 0.4436379075050354, "allergens": 0.4429326355457306, "trigger foods": 0.4424949884414673, "seasonal allergies": 0.43932825326919556, "ige allergies": 0.438917875289917, "diagnosed with eoe": 0.43737953901290894, "allergy meds": 0.4358955919742584, "restricted diet": 0.4357202649116516, "reintroducing foods": 0.4330974519252777, "eliminated dairy": 0.4327748417854309, "allergies": 0.43040263652801514, "top allergens": 0.43001168966293335, "diet changes": 0.4294453561306, "limited diet": 0.4294241964817047, "allergic reactions": 0.42929327487945557, "certain foods": 0.42927616834640503, "environmental allergies": 0.4278514087200165, "allergy season": 0.4237561821937561, "six allergens": 0.4215000867843628, "non dairy": 0.42048585414886475, "environmental allergens": 0.4177219271659851, "gluten and dairy": 0.4167120158672333, "allergic": 0.4147875905036926, "elim diet": 0.4093492329120636, "allergic reaction": 0.4080182909965515, "stopped eating": 0.40745609998703003, "allergy panel": 0.4066966772079468, "meal replacement": 0.4053570330142975, "dietary": 0.40396445989608765}, "2": {"taking omeprazole": 0.5819377899169922, "prescribed omeprazole": 0.5378432273864746, "omeprazole daily": 0.5236204266548157, "diagnosed with eoe": 0.4816213846206665, "omeprazole mg": 0.4734373092651367, "taking pantoprazole": 0.47140634059906006, "ppi therapy": 0.4593963921070099, "mg of omeprazole": 0.45690298080444336, "eoe patients": 0.43891406059265137, "digestive issues": 0.43677571415901184, "mg omeprazole": 0.42919182777404785, "omeprazole": 0.42293238639831543, "eosinophilic gastroenteritis": 0.41594159603118896, "elevated eosinophil": 0.4068707227706909, "taking ppi": 0.398592472076416, "silent reflux": 0.39751172065734863, "treatment options": 0.38968798518180847, "been diagnosed": 0.3896324038505554, "acid reflux": 0.3868066072463989, "swallowing problems": 0.38387417793273926, "difficulty swallowing": 0.3830108046531677, "swallowing issues": 0.38262808322906494, "reflux": 0.38224273920059204, "symptom relief": 0.375927209854126, "allergy meds": 0.37558650970458984, "diagnosed with ee": 0.36801597476005554, "eosinophilic colitis": 0.36580732464790344, "trouble swallowing": 0.36320942640304565, "pantoprazole mg": 0.3630092740058899, "high eosinophil": 0.3621295690536499, "activated eosinophils": 0.3594823479652405, "was diagnosed": 0.3589845299720764, "pre diagnosis": 0.3571828603744507, "newly diagnosed": 0.35217711329460144, "allergy tested": 0.3513241708278656, "proper treatment": 0.34964340925216675, "treatment plan": 0.34810250997543335, "recently diagnosed": 0.3478698432445526, "eosinophil levels": 0.3472709059715271, "eosinophils present": 0.34603676199913025, "trip to the er": 0.34534740447998047, "eosinophils per": 0.34442973136901855, "go to the er": 0.3443790674209595, "allergy drops": 0.34436309337615967, "prilosec": 0.3440844416618347, "elimination diet": 0.34366315603256226, "gastroenteritis": 0.34308457374572754, "similar symptoms": 0.3419210910797119, "eosinophilic asthma": 0.339708149433136, "doctor recommended": 0.3395336866378784}, "3": {"taking budesonide": 0.6297366619110107, "oral budesonide": 0.582673192024231, "swallowed budesonide": 0.5637916922569275, "flovent inhaler": 0.5280395746231079, "budesonide slurry": 0.49938178062438965, "swallowing issues": 0.49123549461364746, "difficulty swallowing": 0.4805898070335388, "swallowing problems": 0.47877228260040283, "budesonide": 0.47590604424476624, "inhaled steroid": 0.4710046648979187, "steroid inhaler": 0.4623740315437317, "trouble swallowing": 0.46196448802948, "inhaled steroids": 0.4559880793094635, "swallowed fluticasone": 0.4448661506175995, "swallowing pills": 0.43974679708480835, "using flovent": 0.4384552836418152, "swallowed flovent": 0.4356812536716461, "allergy meds": 0.42807066440582275, "lower dose": 0.41661185026168823, "swallow pills": 0.4110906720161438, "silent reflux": 0.4084071218967438, "throat clearing": 0.4077836871147156, "taking omeprazole": 0.4068448543548584, "unable to swallow": 0.40645986795425415, "second dose": 0.3959914445877075, "reflux": 0.39371249079704285, "eosinophilic asthma": 0.39224326610565186, "symptom relief": 0.3910997807979584, "oral allergy": 0.39079901576042175, "allergy drops": 0.38961726427078247, "swallowed steroid": 0.3815169632434845, "acid reflux": 0.38083839416503906, "treatment options": 0.37815165519714355, "take benadryl": 0.3755064904689789, "allergy tested": 0.3752906620502472, "allergic rhinitis": 0.37435075640678406, "proper treatment": 0.3718826174736023, "dosage": 0.3680996298789978, "throat swelling": 0.36729925870895386, "effective treatment": 0.3665759563446045, "irritated throat": 0.36583614349365234, "taking benadryl": 0.3650331497192383, "difficult to swallow": 0.3623977303504944, "mucus buildup": 0.36207252740859985, "prescribed": 0.3620328903198242, "taking pantoprazole": 0.36138471961021423, "allergic response": 0.35542821884155273, "dosages": 0.3548424243927002, "throat dilated": 0.35479480028152466, "two doses": 0.3544436991214752}, "4": {"diagnosed with eoe": 0.6612532138824463,