{"c_v": 0.38706397923654046, "c_npmi": -0.1884224955021367, "u_mass": -5.0819815107978545, "c_uci": -6.50000181945673}