{"c_v": 0.3768647335439807, "c_npmi": -0.29772707815065547, "u_mass": -5.579783670665521, "c_uci": -9.064241250171147}