{"0": {"cmt patients": 0.5329691171646118, "cmt clinic": 0.46077221632003784, "official diagnosis": 0.4574020504951477, "proper diagnosis": 0.44908639788627625, "difficulty walking": 0.4388469457626343, "medical advice": 0.43729063868522644, "diagnosis": 0.4368888735771179, "officially diagnosed": 0.4296523928642273, "been diagnosed": 0.4295157790184021, "idiopathic peripheral": 0.4288697838783264, "was diagnosed": 0.42290517687797546, "newly diagnosed": 0.4200138449668884, "pain mngt": 0.4160413146018982, "neuromuscular disorders": 0.415772020816803, "restless leg": 0.4143045246601105, "neurological problems": 0.4130898714065552, "misdiagnosed": 0.40233492851257324, "recently diagnosed": 0.39633023738861084, "unable to walk": 0.3957424759864807, "diagnosed": 0.39021819829940796, "diagnoses": 0.38819587230682373, "specializes in neurological": 0.3870619237422943, "peripheral neuropathy": 0.382754385471344, "diagnose": 0.3768412470817566, "neuromuscular specialist": 0.37577229738235474, "see neurologist": 0.37242794036865234, "neuromuscular diseases": 0.37090152502059937, "dystrophy": 0.37057173252105713, "ankle support": 0.370219886302948, "hereditary neuropathy": 0.3695773482322693, "differential diagnosis": 0.3668212294578552, "got diagnosed": 0.3657374382019043, "tingling and numbness": 0.36457622051239014, "custom orthotics": 0.36403071880340576, "neurological disorders": 0.3603944182395935, "podiatrist": 0.35479098558425903, "neuropathy": 0.3534148335456848, "formally diagnosed": 0.3526234030723572, "mild symptoms": 0.3505902588367462, "palsy": 0.3431883156299591, "scoliosis": 0.34139907360076904, "orthotic": 0.34080320596694946, "diagnosed until": 0.3399885296821594, "sensory neuropathy": 0.3396075665950775, "able to walk": 0.33924809098243713, "physical therapy": 0.33827686309814453, "tunnel syndrome": 0.337615430355072, "physiotherapy": 0.33728495240211487, "autonomic neuropathy": 0.3371560275554657, "multiple surgeries": 0.3367464542388916}, "1": {"cmt communities": 0.7716903686523438, "cmt": 0.7698630690574646, "cmt clinic": 0.7259722352027893, "cmt patients": 0.7166119813919067, "cmtx": 0.6951814889907837, "cmt ers": 0.6915106773376465, "cmt center": 0.6492340564727783, "cmta": 0.6255401968955994, "forms of cmt": 0.6041266322135925, "cmters": 0.528418779373169, "awareness month": 0.3939945697784424, "community": 0.39221346378326416, "ect": 0.3912578821182251, "forum": 0.3786367177963257, "life changing": 0.3765852153301239, "discussed": 0.36992353200912476, "support groups": 0.36743730306625366, "mk": 0.3669505715370178, "weekly thread": 0.3641223907470703, "ms": 0.3639675974845886, "our lives": 0.3602028489112854, "support": 0.35955339670181274, "experiencing": 0.3587716817855835, "clinical": 0.3585659861564636, "rd": 0.35689008235931396, "consultation": 0.35632938146591187, "lives": 0.35530489683151245, "cope": 0.3550195097923279, "following": 0.3547223210334778, "contribute": 0.35400626063346863, "mda": 0.35206568241119385, "got diagnosed": 0.3501242995262146, "coq": 0.34847429394721985, "progressing": 0.3484283685684204, "md": 0.34710758924484253, "support group": 0.34640204906463623, "interested to hear": 0.34618109464645386, "vit": 0.3461785316467285, "mda clinic": 0.3461352586746216, "communities": 0.34594929218292236, "take care": 0.34394317865371704, "dm me": 0.34390661120414734, "recently diagnosed": 0.343794047832489, "dm": 0.343740850687027, "clinic": 0.34358102083206177, "care": 0.343158483505249, "taking care": 0.34308868646621704, "suggestion": 0.3422052562236786, "me": 0.3420259952545166, "concern": 0.3414153456687927}, "2": {"weight lifting": 0.5345945954322815, "build muscle": 0.5264753103256226, "muscle building": 0.5203104019165039, "gain muscle": 0.517159104347229, "strength training": 0.5171066522598267, "building muscle": 0.515677809715271, "exercise routine": 0.4882657527923584, "exercising": 0.48822516202926636, "develop muscle": 0.4769800007343292, "workouts": 0.47659289836883545, "muscle loss": 0.4628138840198517, "lift weights": 0.46276456117630005, "exercise": 0.461560994386673, "hit the gym": 0.45189550518989563, "muscle growth": 0.44862067699432373, "workout": 0.44704121351242065, "go to the gym": 0.44438183307647705, "muscle weakness": 0.4422208368778229, "exercises": 0.4391566216945648, "working out": 0.4352131485939026, "get stronger": 0.4273245334625244, "personal trainer": 0.42647919058799744, "fitness": 0.42609703540802, "leg muscles": 0.42147064208984375, "work out": 0.42014172673225403, "physical therapy": 0.4128440022468567, "muscle wasting": 0.41226303577423096, "lifting": 0.4117291569709778, "thigh muscles": 0.409906804561615, "calf muscle": 0.4096284508705139, "calf muscles": 0.407573401927948, "routine": 0.4035811126232147, "cmt patients": 0.40322408080101013, "going to the gym": 0.3996804356575012, "muscle mass": 0.3976247310638428, "resistance exercise": 0.3959696292877197, "muscle groups": 0.3945765793323517, "gym": 0.3942530155181885, "neuromuscular specialist": 0.3938499093055725, "deadlift": 0.3937034010887146, "muscle": 0.39353519678115845, "resistance training": 0.39073818922042847, "leg press": 0.3856777548789978, "strengthening": 0.38508230447769165, "physical activity": 0.38441967964172363, "muscular": 0.3834587335586548, "cmt clinic": 0.38049226999282837, "muscles": 0.37519577145576477, "push ups": 0.3730568289756775, "muscular dystrophy": 0.3715481162071228}, "3": {"cmt patients": 0.5857871770858765, "pxt study": 0.5418980717658997, "cmt clinic": 0.5279651284217834, "clinical trials": 0.5152958035469055, "clinical trial": 0.4946053624153137, "gene therapy": 0.48531705141067505, "prescribed": 0.42899566888809204, "cmtx": 0.4245087504386902, "cmt": 0.42123982310295105, "dtx pharma": 0.4200071692466736, "forms of cmt": 0.41905319690704346, "fda": 0.4119845926761627, "pxt": 0.41059574484825134, "treatments": 0.40363943576812744, "treatment": 0.4036082625389099, "pmp gene": 0.3914124369621277, "been diagnosed": 0.3793420195579529, "therapeutic": 0.376830130815506, "medicines": 0.3763027489185333, "replacement therapy": 0.37615901231765747, "clinical": 0.37324994802474976, "recently diagnosed": 0.36936667561531067, "therapies": 0.3666388988494873, "cmt ers": 0.36131852865219116, "pharnext": 0.3572414219379425, "officially diagnosed": 0.35308897495269775, "was diagnosed": 0.35214126110076904, "newly diagnosed": 0.35167473554611206, "pmp protein": 0.3493446111679077, "phase trial": 0.3468259572982788, "miracle cure": 0.34371352195739746, "genetically tested": 0.34314799308776855, "medications": 0.3422998785972595, "disease progression": 0.3422454297542572, "cmt center": 0.3417448401451111, "prescription": 0.33907854557037354, "medication": 0.3385254442691803, "penn med": 0.33704113960266113, "pmp mrna": 0.335728257894516, "disease progresses": 0.3340293765068054, "dosage": 0.33191120624542236, "cmt communities": 0.32792773842811584, "higher dose": 0.3251937925815582, "specializes in neurological": 0.3232812285423279, "diagnosed until": 0.3203815817832947, "patients with charcot": 0.3189989924430847, "multiple sclerosis": 0.3178081512451172, "supplement": 0.3118738532066345, "supplements": 0.31181371212005615, "thc cbd": 0.3101772367954254}, "4": {"pain meds": 0.5373760461807251, "pain medication": 0.5354769229888916, "pain management": 0.4975779056549072, "cmt patients": 0.4797287881374359, "pain relief": 0.4688422381877899, "prescribed": 0.4546778202056885, "chronic pain": 0.45027661323547363, "neuropathic pain": 0.44505542516708374, "cmt clinic": 0.435285747051239, "pain mngt": 0.4239388704299927, "low dose": 0.3994496762752533, "medications": 0.3887096047401428, "neuropathic": 0.38671696186065674, "higher dose": 0.3855758607387543, "restless leg": 0.38197168707847595, "medical advice": 0.38176625967025757, "thc cbd": 0.3785591721534729, "cbd": 0.3771076798439026, "prescription": 0.3724100589752197, "medicines": 0.36572110652923584, "treatment": 0.36528387665748596,