{"0": {"anemia": 0.3633043169975281, "my hematologist": 0.3591673672199249, "leukemia": 0.3483162820339203, "blood cancer": 0.32941508293151855, "recently diagnosed": 0.3289729952812195, "been diagnosed": 0.3270406126976013, "my platelets": 0.3249533772468567, "elevated platelets": 0.3188018202781677, "blood disorder": 0.31767070293426514, "hematologist says": 0.31722185015678406, "blood tests": 0.3136744201183319, "diagnosis": 0.31174999475479126, "thrombocythemia": 0.3092622756958008, "my platelet": 0.3076416254043579, "was diagnosed": 0.3073662519454956, "hematologist": 0.30164170265197754, "blood clots": 0.29984283447265625, "thrombosis": 0.29895204305648804, "diagnosed": 0.29802021384239197, "biopsy": 0.29747697710990906, "platelet count": 0.2972966730594635, "hematologist oncologist": 0.2931619882583618, "platelets": 0.2860814929008484, "essential thrombocythemia": 0.2848580479621887, "platelet": 0.2835156321525574, "hematocrit": 0.2822558879852295, "blood test": 0.2806852459907532, "referred to hematologist": 0.27771010994911194, "symptoms": 0.2730488181114197, "no symptoms": 0.2669309377670288, "hemoglobin": 0.2587406039237976, "thrombocytosis": 0.2581064701080322, "symptom": 0.2569182813167572, "any symptoms": 0.25622475147247314, "hematologists": 0.25488266348838806, "blood work": 0.2544623613357544, "my doctor": 0.25361284613609314, "myelofibrosis": 0.25132128596305847, "haematologist": 0.24683159589767456, "disease": 0.2444688081741333, "diagnosed with et": 0.24340082705020905, "high platelets": 0.24179430305957794, "platelets were": 0.24171480536460876, "polycythemia": 0.2341752052307129, "platelet counts": 0.23387348651885986, "migraines": 0.230538010597229, "blood cells": 0.23034581542015076, "doctors": 0.22980493307113647, "bone pain": 0.2244775891304016, "cancers": 0.22358369827270508}, "1": {"mpn patients": 0.48795396089553833, "leukemia": 0.4811914563179016, "referred to hematologist": 0.4795941114425659, "myelofibrosis": 0.45722806453704834, "essential thrombocythemia": 0.44824761152267456, "my hematologist": 0.44583338499069214, "reactive thrombocytosis": 0.43920964002609253, "thrombocytosis": 0.43470412492752075, "hematologist says": 0.4316527843475342, "hematologist oncologist": 0.4287335276603699, "hematologist": 0.4249451756477356, "patients": 0.4240548610687256, "hematologists": 0.4234936833381653, "thrombocythemia": 0.4208465814590454, "blood cancer": 0.41780900955200195, "biopsy": 0.4124872386455536, "blood disorder": 0.41086500883102417, "lymphoma society": 0.40737706422805786, "anemia": 0.40728336572647095, "thrombosis": 0.402645081281662, "disease": 0.396891713142395, "oncologist": 0.39227885007858276, "polycythemia": 0.3891427218914032, "blood tests": 0.38303816318511963, "vaccine": 0.3801768720149994, "cancers": 0.3742000460624695, "haematologist": 0.37148016691207886, "mpn research": 0.37095338106155396, "blood work": 0.3697560429573059, "recently diagnosed": 0.3697463572025299, "cancer": 0.36944013833999634, "hematocrit": 0.3674372732639313, "gene mutation": 0.36724087595939636, "been diagnosed": 0.36590251326560974, "blood cells": 0.36518239974975586, "clinical": 0.3647284507751465, "blood test": 0.3636196255683899, "diagnosed with et": 0.35721439123153687, "diagnosed": 0.3571329712867737, "patient": 0.35394287109375, "polycythemia vera": 0.35246366262435913, "was diagnosed": 0.3500291705131531, "genetic test": 0.3431903123855591, "blood drawn": 0.3416885733604431, "elevated platelets": 0.3408544063568115, "gene": 0.33806735277175903, "blood thinners": 0.33745092153549194, "no symptoms": 0.33731216192245483, "blood clots": 0.33659446239471436, "any symptoms": 0.33070772886276245}}