{"c_v": 0.36343410201696025, "c_npmi": -0.24089083377669643, "u_mass": -1.8572945922981603, "c_uci": -7.424332159304542}