{"c_v": 0.3043728687504198, "c_npmi": -0.20372298185167717, "u_mass": -2.7077818190889587, "c_uci": -6.354025290414731}