{"0": {"chemotherapy": 0.4421182870864868, "breast cancer": 0.4383847117424011, "cancer": 0.43307992815971375, "cancer free": 0.4167872369289398, "cancer center": 0.40347111225128174, "cancers": 0.3987841308116913, "tumor": 0.38644659519195557, "hodgkin lymphoma": 0.3854047656059265, "hodgkins lymphoma": 0.3596494197845459, "md lymphoma": 0.35256028175354004, "my oncologist": 0.3092653453350067, "recently diagnosed": 0.2873840928077698, "diagnosed with hodgkin": 0.28608858585357666, "got diagnosed": 0.2840837240219116, "swollen lymph": 0.2813720405101776, "oncologist said": 0.2770674228668213, "diagnosed with stage": 0.2718175947666168, "your oncologist": 0.2691599428653717, "oncologist": 0.2648715376853943, "lymphoma": 0.253531277179718, "diagnosed with hl": 0.25189632177352905, "post chemo": 0.2514941096305847, "been diagnosed": 0.24807226657867432, "was diagnosed": 0.24346894025802612, "nodular sclerosis": 0.24292373657226562, "treatment": 0.2409776896238327, "diagnosis": 0.23692700266838074, "diagnosed": 0.2358776181936264, "lymph node": 0.23340094089508057, "lymph nodes": 0.23019638657569885, "disease": 0.22732625901699066, "cure": 0.22615426778793335, "start chemo": 0.22288233041763306, "treatments": 0.22279803454875946, "therapy": 0.2145097851753235, "curable": 0.21366533637046814, "during treatment": 0.21000322699546814, "medical marijuana": 0.20858511328697205, "clinical trials": 0.20805703103542328, "chemo": 0.20733435451984406, "during chemo": 0.20424042642116547, "clinical": 0.20150738954544067, "covid vaccine": 0.19796934723854065, "stem cell": 0.19768105447292328, "medical advice": 0.19285848736763, "medical": 0.18989768624305725, "radiation": 0.18587033450603485, "flow cytometry": 0.17788387835025787, "recovery": 0.17629551887512207, "biopsy": 0.1739169955253601}, "1": {"hodgkin lymphoma": 0.4691851735115051, "swollen lymph": 0.4606941342353821, "md lymphoma": 0.4538438320159912, "hodgkins lymphoma": 0.4375333786010742, "got diagnosed": 0.4175470471382141, "diagnosed with hodgkin": 0.3916182518005371, "nodular sclerosis": 0.39085936546325684, "recently diagnosed": 0.38871610164642334, "lymph node": 0.3847089111804962, "lymph nodes": 0.3842308819293976, "tumor": 0.3804737329483032, "lymphoma": 0.3664092719554901, "been diagnosed": 0.36358708143234253, "breast cancer": 0.354428231716156, "was diagnosed": 0.3498395085334778, "other symptoms": 0.34919261932373047, "my oncologist": 0.3445954918861389, "diagnosis": 0.3402947783470154, "symptoms": 0.33932220935821533, "diagnosed with hl": 0.3333750069141388, "diagnosed": 0.325077623128891, "your oncologist": 0.3239554464817047, "cancer": 0.3196718692779541, "symptom": 0.31691500544548035, "diagnosed with stage": 0.30489981174468994, "oncologist said": 0.30043283104896545, "cancers": 0.2913091778755188, "swelling": 0.2896724343299866, "oncologist": 0.2874144911766052, "cancer center": 0.2868102788925171, "disease": 0.28300413489341736, "see doctor": 0.26377594470977783, "lymph": 0.26263344287872314, "your doctor": 0.26052436232566833, "medical advice": 0.2485029399394989, "throat": 0.24729543924331665, "swollen": 0.24061135947704315, "chemotherapy": 0.23183491826057434, "cancer free": 0.2306109070777893, "flow cytometry": 0.23002144694328308, "blood tests": 0.22810979187488556, "medical": 0.2262057512998581, "nausea meds": 0.2242318093776703, "covid vaccine": 0.22289535403251648, "ultrasound": 0.22265951335430145, "biopsy results": 0.21909011900424957, "my neck": 0.21500340104103088, "stem cell": 0.2110767364501953, "clinical": 0.20651349425315857, "doctor said": 0.20635294914245605}}