{"0": {"diagnosed yesterday": 0.4056519865989685, "diagnosed today": 0.35738927125930786, "diagnosed with bell": 0.3346969187259674, "got diagnosed": 0.33045533299446106, "recently diagnosed": 0.32892635464668274, "diagnosed with bp": 0.31778794527053833, "diagnosed with bells": 0.3158235549926758, "facial paralysis": 0.3134649395942688, "newly diagnosed": 0.30871886014938354, "acupuncturist": 0.3068850636482239, "withdrawal symptoms": 0.3062131404876709, "onset of symptoms": 0.30589088797569275, "trigeminal nerve": 0.3036574125289917, "post diagnosis": 0.29813921451568604, "cranial nerve": 0.29806870222091675, "facial nerve": 0.29415619373321533, "nerve pain": 0.2921599745750427, "facial nerves": 0.29121869802474976, "symptoms were": 0.2870268225669861, "trigeminal neuralgia": 0.28400295972824097, "first symptom": 0.28102290630340576, "misdiagnosed": 0.2798938751220703, "initial diagnosis": 0.2791299819946289, "recover soon": 0.2786555290222168, "anxiety disorder": 0.2737337648868561, "lyme disease": 0.2731006145477295, "was diagnosed": 0.2717277407646179, "symptom onset": 0.2707371115684509, "acupuncture sessions": 0.26793229579925537, "lymes disease": 0.2673976421356201, "appointment with neurologist": 0.2673630714416504, "decompression surgery": 0.2663419842720032, "acupuncture": 0.2663208842277527, "signs of recovery": 0.2639527916908264, "neck pain": 0.26359617710113525, "physiotherapy": 0.26291322708129883, "pain management": 0.2599424719810486, "ear pain": 0.2597156763076782, "sore arm": 0.25796839594841003, "nerve damage": 0.2564494013786316, "acupuncture session": 0.2557896673679352, "neuralgia": 0.25419390201568604, "symptoms": 0.2527685761451721, "facial retraining": 0.2520729601383209, "accupuncture": 0.25022637844085693, "since diagnosis": 0.24931290745735168, "physical therapy": 0.2476607859134674, "diagnosis": 0.24751514196395874, "doing acupuncture": 0.247298002243042, "headache": 0.24642382562160492}, "1": {"covid vaccine": 0.548424243927002, "pfizer vaccine": 0.5333858728408813, "got vaccinated": 0.517892599105835, "getting vaccinated": 0.5145063400268555, "vaccinated": 0.5114803314208984, "vaccination": 0.5078271627426147, "vaccine": 0.5010913610458374, "vaccines": 0.4992695748806, "moderna vaccine": 0.498488187789917, "vaccine related": 0.4918171763420105, "get vaccinated": 0.48826169967651367, "fully vaccinated": 0.4661926031112671, "antiviral meds": 0.41993963718414307, "antiviral medication": 0.41068947315216064, "viral infection": 0.3967876434326172, "herpes virus": 0.38994958996772766, "prednisone and antivirals": 0.3820391893386841, "antivirals": 0.37897688150405884, "antiviral": 0.37823519110679626, "antiviral and steroid": 0.36221110820770264, "coronavirus": 0.3607064485549927, "shingles virus": 0.35567328333854675, "flu": 0.35189345479011536, "steroids and antiviral": 0.3505447506904602, "anti viral": 0.3467673063278198, "antivirals and steroids": 0.34665584564208984, "steroids and antivirals": 0.3437836170196533, "viral meds": 0.33802109956741333, "anti virals": 0.3376709818840027, "zoster virus": 0.3249766230583191, "anti vax": 0.32084518671035767, "pfizer shot": 0.31128886342048645, "placebo effect": 0.3087926506996155, "herpes zoster": 0.3059636950492859, "sinus infection": 0.30026012659072876, "diagnosed with bp": 0.29367274045944214, "lyme disease": 0.29194679856300354, "herpes simplex": 0.28286802768707275, "lymes disease": 0.28222253918647766, "herpes": 0.2821226119995117, "diagnosed with bell": 0.27648094296455383, "immune system": 0.2641798257827759, "allergic reaction": 0.2636629343032837, "virus": 0.26059457659721375, "viruses": 0.2601822018623352, "paracetamol": 0.2601354122161865, "diagnosed yesterday": 0.2601028084754944, "bell palsy": 0.25945359468460083, "fever": 0.2577926218509674, "allergic": 0.2561172842979431}, "2": {"bells palsy": 0.7195728421211243, "bells palsey": 0.7034817337989807, "bell palsy": 0.6850372552871704, "bellspalsy": 0.6552613973617554, "bout of bell": 0.6001428961753845, "diagnosed with bells": 0.5816943049430847, "diagnosed with bell": 0.5623999834060669, "bells": 0.5581796169281006, "developed bell": 0.5265164971351624, "bilateral bells": 0.5041689872741699, "bout of bp": 0.494357168674469, "went numb": 0.488863468170166, "tuesday": 0.4846046566963196, "bell": 0.4816656708717346, "last tuesday": 0.48096609115600586, "thursday": 0.4723062515258789, "taking cbd": 0.46317774057388306, "flair up": 0.4530435800552368, "herpes zoster": 0.4504739046096802, "lasted about": 0.450255811214447, "palsy": 0.44954627752304077, "rd week": 0.44934409856796265, "morning woke": 0.4486757516860962, "since onset": 0.4486364722251892, "sore arm": 0.4479215741157532, "sped up": 0.44691991806030273, "having stroke": 0.4438757300376892, "able to whistle": 0.4431247115135193, "taste buds": 0.44196921586990356, "sore": 0.4415069818496704, "about month": 0.4400104880332947, "spirits up": 0.4395717978477478, "diagnosed with bp": 0.4351741075515747, "given prednisone": 0.43432509899139404, "nerves grew": 0.43090370297431946, "after onset": 0.43079519271850586, "while sleeping": 0.4283810257911682, "diagnosed yesterday": 0.42537638545036316, "buds": 0.42515262961387634, "fell asleep": 0.4247645139694214, "th day": 0.42404383420944214, "few days": 0.4234277009963989, "swell up": 0.42313095927238464, "exactly month": 0.42210280895233154, "started noticing": 0.42146241664886475, "days later": 0.42074716091156006, "have heard": 0.4205673933029175, "woke up": 0.41920751333236694, "mine lasted": 0.4189395308494568, "able to blink": 0.4189029633998871}}