{"c_v": 0.3283884916134972, "c_npmi": -0.22910338924385218, "u_mass": -3.878169297930173, "c_uci": -7.02455587308635}