{"c_v": 0.35617056161526134, "c_npmi": -0.15172501807973288, "u_mass": -3.488838674619393, "c_uci": -5.258068773436925}