{"c_v": 0.2955396803196423, "c_npmi": -0.22927865758925053, "u_mass": -4.565485035819531, "c_uci": -7.29398540777376}