{"0": {"trigeminal neuralgia": 0.5811514854431152, "herpetic neuralgia": 0.5509408712387085, "geniculate neuralgia": 0.5340266227722168, "neuralgia": 0.5272100567817688, "occipital neuralgia": 0.505463182926178, "trigeminal neuropathic": 0.4902125597000122, "amitriptyline": 0.49007198214530945, "gabapentin neurontin": 0.484568327665329, "trigeminal nerve": 0.4813934564590454, "trigeminal neuropathy": 0.4752613604068756, "trigeminal": 0.47257477045059204, "neurontin": 0.4722640812397003, "postherpetic neuralgia": 0.4651312828063965, "gabapentin": 0.4614078998565674, "fibro": 0.4593004286289215, "tmj issues": 0.45866382122039795, "pinched nerve": 0.4544823169708252, "switched to gabapentin": 0.4539651870727539, "tramadol": 0.4487120509147644, "neurologist asap": 0.44865965843200684, "chronic pain": 0.44709140062332153, "chronic migraine": 0.434091180562973, "tmj joint": 0.4301684498786926, "atypical trigeminal": 0.430059015750885, "fibromyalgia": 0.4291342794895172, "lyrica": 0.42790788412094116, "tmj": 0.4236370325088501, "chronic migraines": 0.4223754405975342, "prescribed gabapentin": 0.4220247268676758, "seeing neurologist": 0.4213034510612488, "facial pain": 0.417339563369751, "tmj exercises": 0.4147520065307617, "mg of gabapentin": 0.4144822955131531, "neurologist": 0.41394752264022827, "neuropathic pain": 0.41383811831474304, "accupuncture": 0.4135228395462036, "excruciating pain": 0.4126725196838379, "migraine": 0.41015347838401794, "trigeminal neuraliga": 0.40933236479759216, "occipital nerve": 0.4088667631149292, "chiari malformation": 0.40678080916404724, "trigeminal autonomic": 0.4030909240245819, "treating trigeminal": 0.40286171436309814, "excederin migraine": 0.40158921480178833, "acupuncturist": 0.4009242355823517, "nsaids": 0.398873895406723, "neurological symptoms": 0.3957939147949219, "constant ache": 0.3947722911834717, "nerve stimulator": 0.3935168385505676, "tried acupuncture": 0.39085155725479126}, "1": {"wear mask": 0.4793304204940796, "wearing mask": 0.470156192779541, "mask": 0.39851653575897217, "masks": 0.39054372906684875, "face masks": 0.38169771432876587, "scarf": 0.3694964349269867, "sinus issues": 0.3452525734901428, "sinus issue": 0.3435731530189514, "sinus problems": 0.33502691984176636, "facial pain": 0.32465535402297974, "balm": 0.32326292991638184, "headbands": 0.3211008608341217, "cold weather": 0.3188134729862213, "tmj issues": 0.3162056803703308, "sinusitis": 0.3096652030944824, "cold wind": 0.30948370695114136, "covering": 0.3089384436607361, "herpetic neuralgia": 0.306524395942688, "tmj exercises": 0.30341070890426636, "sinus": 0.30215513706207275, "covers": 0.29452019929885864, "neuralgia": 0.29186975955963135, "tmj": 0.2918289303779602, "cbd balm": 0.2889440655708313, "ear plugs": 0.2872510552406311, "types of facial": 0.28640276193618774, "lidocaine nasal": 0.28575780987739563, "sinus pressure": 0.28447097539901733, "nasal spray": 0.28090929985046387, "facial trauma": 0.2803850769996643, "face shield": 0.27502405643463135, "trigeminal neuralgia": 0.2747386693954468, "sinuses": 0.27111756801605225, "sinus cavity": 0.2708914577960968, "tmj joint": 0.2699367105960846, "chronic sinusitis": 0.26908665895462036, "cold sores": 0.26821011304855347, "treating trigeminal": 0.26471614837646484, "trigeminal": 0.26400595903396606, "tried acupuncture": 0.26337525248527527, "eardrum": 0.2604982554912567, "menthol": 0.259736031293869, "facial numbness": 0.2596976161003113, "cold sore": 0.2592809796333313, "mouthguard": 0.258974552154541, "occipital neuralgia": 0.2588351368904114, "bells palsy": 0.2562374472618103, "chronic sinus": 0.254149854183197, "rashes": 0.2525278627872467, "bruxism": 0.2520430088043213}}