{"c_v": 0.2797331152176192, "c_npmi": -0.24436170086199205, "u_mass": -6.624827838433551, "c_uci": -7.357230397047006}