{"c_v": 0.3341738856384361, "c_npmi": -0.24439748661136163, "u_mass": -5.788623197564144, "c_uci": -7.468229326068173}