{"c_v": 0.3784087133401346, "c_npmi": -0.23325144215527016, "u_mass": -9.562484958592462, "c_uci": -7.314694702442014}