{"c_v": 0.4288882274028767, "c_npmi": -0.16594683352765172, "u_mass": -2.031119603344447, "c_uci": -5.786239180815031}