{"0": {"albinos": 0.48180514574050903, "albino": 0.4449576139450073, "albinism": 0.4320640563964844, "ocular albinism": 0.4216213822364807, "types of albinism": 0.41606244444847107, "people with albinism": 0.4123779535293579, "oculocutaneous albinism": 0.40555787086486816, "person with albinism": 0.39445924758911133, "albinism awareness": 0.3821376860141754, "international albinism": 0.3595350980758667, "albino porn": 0.3561739921569824, "white hair": 0.34548360109329224, "genetic": 0.29301562905311584, "white": 0.2915061414241791, "genetic testing": 0.2864956855773926, "white cane": 0.2833038568496704, "blond": 0.25675463676452637, "blonde hair": 0.23634345829486847, "blonde": 0.23402264714241028, "pigmentation": 0.2319639027118683, "very pale": 0.23021411895751953, "sunscreen": 0.22215113043785095, "pigment": 0.21702320873737335, "skin cancer": 0.21074536442756653, "pale": 0.20725296437740326, "laser eye": 0.18412894010543823, "astigmatism": 0.18263226747512817, "eye color": 0.17924657464027405, "diagnosis": 0.17468184232711792, "eyebrows": 0.17301160097122192, "diagnosed": 0.16499929130077362, "ophthalmologist": 0.16190437972545624, "blue eyes": 0.15210501849651337, "my family": 0.15194649994373322, "race": 0.1514655351638794, "acne": 0.1514015793800354, "red eyes": 0.14910142123699188, "brown": 0.14398378133773804, "photophobia": 0.14386901259422302, "my skin": 0.1414194107055664, "my parents": 0.14100003242492676, "legally blind": 0.14041024446487427, "cancer": 0.1371627151966095, "family": 0.13573609292507172, "disability": 0.1339421272277832, "green eyes": 0.13172970712184906, "body hair": 0.12963294982910156, "black": 0.12950091063976288, "oculocutaneous": 0.12798626720905304, "skin": 0.1274488866329193}, "1": {"ocular albinism": 0.5468603372573853, "astigmatism": 0.41111573576927185, "eyesight": 0.392342746257782, "vision problems": 0.3780475854873657, "ophthalmologist": 0.37223273515701294, "visual impairment": 0.37076911330223083, "laser eye": 0.3676829934120178, "ocular": 0.36090442538261414, "oculocutaneous albinism": 0.3607470691204071, "eye surgery": 0.3580225110054016, "eye pain": 0.35665881633758545, "low vision": 0.353960245847702, "vision issues": 0.34835225343704224, "legally blind": 0.34486955404281616, "visually impaired": 0.33829665184020996, "glasses": 0.33382731676101685, "eye doctor": 0.3311355710029602, "blind": 0.3294391632080078, "sunglasses": 0.3292621672153473, "wear glasses": 0.3187290132045746, "visual acuity": 0.3184258043766022, "eyes": 0.30276066064834595, "eye": 0.3025546371936798, "green eyes": 0.292705237865448, "vision": 0.2924595773220062, "people with albinism": 0.28432223200798035, "eye color": 0.2818372845649719, "person with albinism": 0.279803991317749, "albinism awareness": 0.2739226818084717, "red eyes": 0.2738790512084961, "albinism": 0.27327653765678406, "blue eyes": 0.2687618136405945, "types of albinism": 0.2627400755882263, "albinos": 0.25882652401924133, "my eyes": 0.25267231464385986, "albino": 0.22606755793094635, "disability": 0.2210388034582138, "oculocutaneous": 0.21314477920532227, "international albinism": 0.21284225583076477, "visual": 0.20834511518478394, "albino porn": 0.1953580379486084, "visually": 0.18107828497886658, "monitor": 0.17634664475917816, "sunscreen": 0.1729891151189804, "light sensitivity": 0.17199945449829102, "diagnosis": 0.17197148501873016, "diagnosed": 0.15929868817329407, "cannot see": 0.1557580977678299, "eyebrows": 0.1526821106672287, "photophobia": 0.1456390619277954}}