{"c_v": 0.4216117589280448, "c_npmi": -0.1990407719405716, "u_mass": -8.069459711498991, "c_uci": -7.083225768595999}