{"c_v": 0.36063471477258363, "c_npmi": -0.18227869897456186, "u_mass": -4.951619424705636, "c_uci": -6.12450575454903}