{"c_v": 0.2966744519324034, "c_npmi": -0.29058156014874803, "u_mass": -5.6583795559850945, "c_uci": -8.4426071957677}