{"0": {"chest muscles": 0.4143265187740326, "chest pains": 0.4039839506149292, "ribcage": 0.34505361318588257, "my chest": 0.3251781463623047, "cartilage": 0.32156240940093994, "chest": 0.3202272057533264, "your chest": 0.31617558002471924, "lower ribs": 0.3102344870567322, "scoliosis": 0.30997368693351746, "pigeon chest": 0.30507591366767883, "shoulder": 0.3025195002555847, "bone sticking": 0.30153194069862366, "shoulders": 0.2977104187011719, "corrective surgery": 0.2912796139717102, "trulife brace": 0.2870490550994873, "chest wall": 0.2864927351474762, "thoracic surgeon": 0.28558075428009033, "barrel chest": 0.28494566679000854, "bone structure": 0.2797417938709259, "breast": 0.27652662992477417, "flared ribs": 0.275290310382843, "man boobs": 0.2750484049320221, "chests": 0.27425825595855713, "bone": 0.2703573703765869, "ribs stick": 0.2685779929161072, "boob job": 0.26803135871887207, "surgery": 0.25830838084220886, "boobs": 0.2525266110897064, "back pain": 0.24855221807956696, "breasts": 0.24780184030532837, "th rib": 0.24773350358009338, "building muscle": 0.24601972103118896, "build muscle": 0.24489617347717285, "ribs": 0.24371176958084106, "muscle mass": 0.2416723668575287, "bras": 0.24133574962615967, "surgeries": 0.24054571986198425, "some muscle": 0.23943403363227844, "spine": 0.23632952570915222, "surgical": 0.23559755086898804, "rib cage": 0.23205074667930603, "orthotics": 0.23041647672653198, "muscle": 0.22869296371936798, "bad posture": 0.22685778141021729, "bones": 0.22615286707878113, "muscles": 0.21677625179290771, "poor posture": 0.2141277939081192, "pectus carinatum": 0.21389350295066833, "brace": 0.20954248309135437, "pressure sore": 0.20745736360549927}, "1": {"pectus carinatum": 0.7307627201080322, "pectus": 0.6854668855667114, "pectus excavatum": 0.6649026274681091, "pectus joe": 0.5781397223472595, "carinatum": 0.5506818890571594, "kyphosis": 0.5341529250144958, "pc": 0.5258421301841736, "pec": 0.521560788154602, "left pec": 0.513138473033905, "thoracic": 0.5050925016403198, "pectus services": 0.48143696784973145, "pe": 0.4654717445373535, "rib cage": 0.4647011160850525, "th rib": 0.4611603021621704, "covid": 0.45485222339630127, "joel dunning": 0.45485079288482666, "bone": 0.44961294531822205, "bump": 0.44870078563690186, "ct": 0.44682610034942627, "cartilage": 0.44610050320625305, "gp": 0.44213932752609253, "which": 0.44182702898979187, "scoliosis": 0.4415127635002136, "trulife brace": 0.439679890871048, "sternum": 0.4383073151111603, "hrs": 0.43815094232559204, "pigeon chest": 0.4351411461830139, "bone sticking": 0.43492376804351807, "dm me": 0.4344123899936676, "per": 0.43439221382141113, "amp": 0.4331256151199341, "pm": 0.431673526763916, "spine": 0.43033212423324585, "rib flare": 0.42513737082481384, "rib": 0.4197089374065399, "trulife": 0.41953834891319275, "dude": 0.41904836893081665, "ribs stick": 0.4183770418167114, "as": 0.4157577157020569, "to": 0.4155275523662567, "scar": 0.4150817394256592, "flared ribs": 0.41317644715309143, "abs": 0.4125799536705017, "pm me": 0.41082412004470825, "pic": 0.40952765941619873, "pigeon": 0.4093359708786011, "atleast": 0.40823501348495483, "discord": 0.40770527720451355, "dm": 0.4063836932182312, "bones": 0.40621623396873474}}