{"c_v": 0.33354710544621774, "c_npmi": -0.15741333940753274, "u_mass": -4.483108982528872, "c_uci": -4.656354597874539}