{"0": {"prescribed cabergoline": 0.5955386161804199, "taking cabergoline": 0.47925621271133423, "diagnosed with prolactinoma": 0.44886279106140137, "seeing an endocrinologist": 0.43854206800460815, "high prolactine": 0.42758721113204956, "other medications": 0.4240134358406067, "was diagnosed": 0.41934525966644287, "recently diagnosed": 0.41543203592300415, "prescribed mg": 0.41367262601852417, "officially diagnosed": 0.41355371475219727, "taking mg": 0.4061106741428375, "newly diagnosed": 0.40545088052749634, "increased dosage": 0.4015648066997528, "elevated prolactin": 0.4013855457305908, "lower dosage": 0.3963850736618042, "high prolactin": 0.39458537101745605, "prolactine": 0.3924308121204376, "diagnosed with mm": 0.3918825387954712, "lower dose": 0.38812705874443054, "stopped taking": 0.38665568828582764, "prolactin level": 0.3796665668487549, "proper diagnosis": 0.3790050148963928, "prolactin levels": 0.3782886862754822, "mm prolactinoma": 0.371743381023407, "initial diagnosis": 0.37000465393066406, "prolactinoma": 0.3690885305404663, "prior to diagnosis": 0.3622599244117737, "got diagnosed": 0.3612973093986511, "antidepressant": 0.36094412207603455, "second dose": 0.36085015535354614, "taking dostinex": 0.3598736524581909, "giant prolactinoma": 0.35570359230041504, "diagnosis": 0.3552980422973633, "suspected prolactinoma": 0.35506290197372437, "micro prolactinoma": 0.35320785641670227, "started taking": 0.35261380672454834, "prescribing": 0.35255947709083557, "antidepressants": 0.3522384762763977, "treatment options": 0.35202157497406006, "raise prolactin": 0.3520182967185974, "other symptoms": 0.35194095969200134, "nausea and dizziness": 0.34986793994903564, "same dosage": 0.3496365547180176, "main symptom": 0.34952211380004883, "prolactin": 0.3481297194957733, "prescribed": 0.3470325469970703, "medical advice": 0.34615573287010193, "cabergoline": 0.3454717993736267, "dizziness and nausea": 0.3434641659259796, "diagnosed": 0.34298866987228394}, "1": {"diagnosed with prolactinoma": 0.6173942685127258, "elevated prolactin": 0.5856934785842896, "suspected prolactinoma": 0.5748369097709656, "prolactin levels": 0.5651631951332092, "prolactin level": 0.5556171536445618, "high prolactin": 0.5465199947357178, "micro prolactinoma": 0.518127977848053, "prolactinoma": 0.5126128792762756, "mm prolactinoma": 0.5039716958999634, "high prolactine": 0.48638567328453064, "giant prolactinoma": 0.4858572483062744, "proper diagnosis": 0.48184531927108765, "prolactinomas": 0.47158730030059814, "prolactin": 0.4713679850101471, "seeing an endocrinologist": 0.4679865539073944, "prolactin secreting": 0.4641576111316681, "diagnosed with mm": 0.46358251571655273, "another mri": 0.4632294774055481, "raise prolactin": 0.46246105432510376, "initial diagnosis": 0.45959633588790894, "macro prolactinoma": 0.45875412225723267, "diagnosis": 0.4572386145591736, "newly diagnosed": 0.456773579120636, "recent mri": 0.4560738205909729, "mri showed": 0.4502537250518799, "prior to diagnosis": 0.4494069814682007, "elevate prolactin": 0.435457706451416, "mri results": 0.43342363834381104, "was diagnosed": 0.42959263920783997, "mri to confirm": 0.42800527811050415, "mri confirmed": 0.42762625217437744, "officially diagnosed": 0.4253068268299103, "prolactine": 0.42242276668548584, "misdiagnosed": 0.4190099239349365, "recently diagnosed": 0.41419970989227295, "hormonal issues": 0.41052868962287903, "diagnosed with pcos": 0.40051326155662537, "diagnostic": 0.3985764682292938, "biopsy": 0.39555370807647705, "diagnosed": 0.38776376843452454, "pituitary adenomas": 0.3860129117965698, "pituitary microadenoma": 0.3852083683013916, "pituitary tumours": 0.3835980296134949, "diagnose": 0.38068506121635437, "pituitary tumors": 0.3793501853942871, "diagnoses": 0.37806880474090576, "pituitary tumor": 0.37793904542922974, "mri done": 0.3769809603691101, "monomeric prolactin": 0.37268638610839844, "medical advice": 0.36673280596733093}, "2": {"prolactin levels": 0.6901288032531738, "elevated prolactin": 0.6893197298049927, "prolactin level": 0.6824609041213989, "high prolactin": 0.662073016166687, "raise prolactin": 0.5915330052375793, "high prolactine": 0.5858275890350342, "elevate prolactin": 0.5674372911453247, "prolactin": 0.5644710063934326, "diagnosed with prolactinoma": 0.5474676489830017, "prolactin secreting": 0.5394986867904663, "hormonal issues": 0.5186558365821838, "prolactinoma": 0.49344402551651, "prolactine": 0.4914027452468872, "hormone levels": 0.4908790588378906, "suspected prolactinoma": 0.483706533908844, "prolactinomas": 0.4775862693786621, "increased libido": 0.47236013412475586, "mm prolactinoma": 0.4708718955516815, "micro prolactinoma": 0.4621703028678894, "other hormones": 0.45583534240722656, "testosterone level": 0.45403188467025757, "monomeric prolactin": 0.4523469805717468, "low testosterone": 0.4468068778514862, "macro prolactinoma": 0.43542778491973877, "hormone imbalance": 0.43460899591445923, "giant prolactinoma": 0.4309978485107422, "hormone replacement": 0.4308290481567383, "seeing an endocrinologist": 0.4296872615814209, "hormonal imbalances": 0.4271030128002167, "macroprolactin": 0.41988009214401245, "hormonal changes": 0.4198665916919708, "oestradiol pmol": 0.4185785949230194, "hormonal imbalance": 0.4141942858695984, "estrogen progesterone": 0.4097292423248291, "testosterone injections": 0.4086431562900543, "testosterone replacement": 0.40754520893096924, "full hormone": 0.39937663078308105, "progesterone": 0.3952201008796692, "testosterone production": 0.3951331377029419, "testosterone shots": 0.3941817283630371, "low libido": 0.3937954902648926, "mildly elevated": 0.39341944456100464, "libido and ed": 0.39076679944992065, "progesterone and estrogen": 0.3849237561225891, "free testosterone": 0.3731408715248108, "total testosterone": 0.37208837270736694, "hormone": 0.3702658414840698, "hormone panel": 0.36974480748176575, "secondary adrenal": 0.36947330832481384, "heavy periods": 0.36649468541145325}, "3": {"increased libido": 0.5850057601928711, "libido and ed": 0.4986795485019684, "hormonal issues": 0.49312615394592285, "low libido": 0.4892308712005615, "libido": 0.4461881220340729, "oestradiol pmol": 0.4398256838321686, "zero libido": 0.43817251920700073, "testosterone injections": 0.4294990301132202, "testosterone replacement": 0.42636850476264954, "sex drive": 0.42129120230674744, "seeing an endocrinologist": 0.4131409525871277, "prescribed cabergoline": 0.41225796937942505, "hormone replacement": 0.40849971771240234, "other hormones": 0.4082934856414795, "prolactin level": 0.40605276823043823, "prolactin levels": 0.40516072511672974, "elevated prolactin": 0.40484029054641724, "hormonal changes": 0.40244877338409424, "hormonal imbalances": 0.39302632212638855, "taking mg": 0.3901812434196472, "hormonal imbalance": 0.39015501737594604, "high prolactin": 0.3892923593521118, "mood swings": 0.3843615651130676, "high prolactine": 0.3828926086425781, "hormone imbalance": 0.3801032304763794, "low testosterone": 0.37986013293266296, "testosterone level": 0.37971317768096924, "increased dosage": 0.3764917254447937, "prescribed mg": 0.3745476007461548, "recently diagnosed": 0.3734959661960602, "stopped taking": 0.37245506048202515, "diagnosed with mm": 0.37081241607666016, "hormone levels": 0.36966875195503235, "diagnosed with prolactinoma": 0.367143452167511, "testosterone nmol": 0.3667607009410858, "progesterone": 0.36655017733573914, "lower dose": 0.36489492654800415, "testosterone shots": 0.36385899782180786, "lower dosage": 0.3582010865211487, "free testosterone": 0.3580903708934784, "raise prolactin": 0.3577948808670044, "total testosterone": 0.3553377389907837, "erectile dysfunction": 0.35512450337409973, "officially diagnosed": 0.3536112308502197, "heavy periods": 0.3525484800338745, "testosterone production": 0.35151681303977966, "mm prolactinoma": 0.3514667749404907, "maintaining an erection": 0.34944865107536316, "was diagnosed": 0.34603506326675415,