{"0": {"severe neuropathy": 0.4249545931816101, "nerve pain": 0.41448599100112915, "neurological symptoms": 0.41044357419013977, "pinched nerve": 0.39907604455947876, "see neurologist": 0.38716554641723633, "neuropathy": 0.3866237998008728, "neurologists": 0.3682507872581482, "neurologist": 0.3665684163570404, "peripheral neuropathy": 0.36235129833221436, "symptoms": 0.3614606261253357, "referral to neurologist": 0.3550812304019928, "original neurologist": 0.34974539279937744, "neurology": 0.3489079475402832, "neurological": 0.34474560618400574, "excruciating pain": 0.34179210662841797, "symptom": 0.3405955135822296, "pain meds": 0.33745741844177246, "chronic pain": 0.3368152379989624, "neuromuscular disease": 0.32823431491851807, "joint pain": 0.3262365460395813, "neurologist who": 0.32437756657600403, "peripheral nerves": 0.3231022357940674, "constant pain": 0.3229553699493408, "muscle spasms": 0.3196764886379242, "needles feeling": 0.3184433579444885, "neck pain": 0.31506896018981934, "polyneuropathy": 0.3128510117530823, "neuromuscular diseases": 0.31253165006637573, "nerve biopsy": 0.312391996383667, "tingling numbness": 0.31001168489456177, "pain management": 0.307510107755661, "numbness tingling": 0.3066410422325134, "permanent nerve": 0.306118905544281, "initial symptoms": 0.3050145208835602, "arthritis": 0.3043847680091858, "nerve damage": 0.3043655753135681, "physical therapy": 0.3035101592540741, "neurology department": 0.3026971220970154, "chronic fatigue": 0.30154404044151306, "showing symptoms": 0.29751425981521606, "neuromuscular": 0.29533401131629944, "muscle aches": 0.29506349563598633, "neuro": 0.29165008664131165, "spinal": 0.29159626364707947, "pains": 0.29099225997924805, "nerves": 0.29052644968032837, "soreness": 0.2876155972480774, "numbness": 0.2860170602798462, "meningitis": 0.28496721386909485, "sensory nerves": 0.28478097915649414}, "1": {"covid vaccines": 0.5515905022621155, "covid vaccine": 0.5421692132949829, "covid vaccination": 0.5390727519989014, "flu vaccines": 0.5299407839775085, "flu vaccine": 0.523230254650116, "influenza vaccination": 0.5218067169189453, "vaccinations": 0.5164448022842407, "vaccines": 0.5152297019958496, "vaccine": 0.5051412582397461, "vaccination": 0.4959399700164795, "get vaccinated": 0.49342238903045654, "mrna vaccines": 0.4888986349105835, "mrna vaccine": 0.485180526971817, "pfizer vaccine": 0.4776705801486969, "vaccine injury": 0.4609377384185791, "vaccinated": 0.4604373872280121, "following vaccination": 0.4509633183479309, "flu shots": 0.42496806383132935, "other vaccines": 0.42446503043174744, "flu shot": 0.41831260919570923, "moderna vaccine": 0.40361255407333374, "influenza disease": 0.3462759852409363, "swine flu": 0.3292900323867798, "tetanus shot": 0.32391420006752014, "vaxx": 0.31909364461898804, "herd immunity": 0.3095354437828064, "immune disorder": 0.30321580171585083, "viral infection": 0.29982638359069824, "anti vax": 0.2952486276626587, "influenza": 0.29232993721961975, "flu": 0.2871784567832947, "meningitis": 0.2827582061290741, "seasonal flu": 0.2821396589279175, "immune response": 0.2808978855609894, "diagnosed with gbs": 0.2735145688056946, "immunoglobulin": 0.2723626494407654, "compromised immune": 0.2680102586746216, "bout of flu": 0.265556275844574, "pfizer shot": 0.26501134037971497, "aseptic meningitis": 0.2613244950771332, "injection": 0.25912532210350037, "immunity": 0.25681841373443604, "vax": 0.25657573342323303, "gbs patients": 0.25638651847839355, "immune": 0.25173038244247437, "covid infection": 0.2512224614620209, "pneumonia": 0.2463575005531311, "autoimmune diseases": 0.24613618850708008, "immune systems": 0.2452259063720703, "autoimmune response": 0.2442508041858673}, "2": {"diagnosed with gbs": 0.6750510334968567, "former gbs": 0.6166338920593262, "gbs patients": 0.5974882245063782, "gbs survivors": 0.5935528874397278, "gbs survivor": 0.5840557813644409, "gbs ish": 0.574216365814209, "gbs": 0.5521422624588013, "gb": 0.5385581851005554, "forgot to mention": 0.5285625457763672, "history of gbs": 0.5179458856582642, "form of gbs": 0.5178012251853943, "thank god": 0.506401538848877, "outpatient pt": 0.49967440962791443, "undiagnosed": 0.4930970072746277, "ptsd": 0.4916255474090576, "diagnosed": 0.49053263664245605, "diagnosed with cidp": 0.4901432394981384, "having relapse": 0.48844125866889954, "much appreciated": 0.487995445728302, "was diagnosed": 0.487690806388855, "misdiagnosed": 0.48535123467445374, "outpatient": 0.48264896869659424, "gbs cdip": 0.4815993309020996, "bp": 0.4804053008556366, "recently diagnosed": 0.4803623557090759, "am curious": 0.4762195348739624, "diagnose": 0.4761785566806793, "inpatient": 0.47530198097229004, "ms": 0.4718853533267975, "any advice": 0.4697660803794861, "dm me": 0.4695647358894348, "relapses": 0.46814584732055664, "greatly appreciated": 0.4670500159263611, "idk if": 0.46667811274528503, "diagnoses": 0.4663931131362915, "hooked up": 0.46554839611053467, "checked out": 0.46457427740097046, "please share": 0.46191465854644775, "idk": 0.45916101336479187, "forgot": 0.456889808177948, "any insight": 0.45673978328704834, "md": 0.4562293291091919, "anxious about": 0.4548463821411133, "got sick": 0.4543874263763428, "aidp": 0.45436805486679077, "fear of relapse": 0.4541008472442627, "patient": 0.45389723777770996, "curious": 0.45185181498527527, "am sorry": 0.4512398838996887, "barre syndrome": 0.4510655105113983}, "3": {"gbs patients": 0.35845810174942017, "diagnosed with gbs": 0.3344387412071228, "support groups": 0.2757175862789154, "support group": 0.2680833637714386, "gbs survivor": 0.26401641964912415, "gbs survivors": 0.2614728510379791, "thanks for sharing": 0.24038201570510864, "gbs ish": 0.2329772561788559, "gbs": 0.23052310943603516, "gb": 0.22863909602165222, "patients": 0.22532591223716736, "diagnosed with cidp": 0.222659170627594, "chronic pain": 0.22188228368759155, "outpatient": 0.21517105400562286, "history of gbs": 0.21475794911384583, "former gbs": 0.21126756072044373, "outpatient pt": 0.20994886755943298, "patient": 0.20440559089183807, "sufferers": 0.20286589860916138, "diseases": 0.20150800049304962, "joint pain": 0.20076501369476318, "form of gbs": 0.19912996888160706, "disorders": 0.19845613837242126, "inpatient": 0.19772398471832275, "syndrome": 0.19580918550491333, "hi everyone": 0.19550052285194397, "pain meds": 0.19452613592147827, "glad to hear": 0.19372375309467316, "polyneuropathy": 0.19198346138000488, "therapies": 0.19156275689601898, "gbs cdip": 0.1910495162010193, "happy to hear": 0.19004099071025848, "illness": 0.18959525227546692, "health issues": 0.18695348501205444, "disease": 0.18512463569641113, "therapy": 0.18501344323158264, "diagnoses": 0.1838470697402954, "barre syndrome": 0.1835705041885376, "outpatient rehab": 0.18280130624771118, "excruciating pain": 0.18230190873146057, "ptsd": 0.18160483241081238, "diagnosed": 0.181367427110672, "recently diagnosed": 0.18125100433826447, "supportive": 0.1806102991104126, "physiotherapy": 0.18059603869915009, "chronic": 0.17731967568397522, "lapse in diagnosis": 0.1767660528421402, "physical therapy": 0.17581984400749207, "healing": 0.17535293102264404, "chronic fatigue": 0.17479448020458221}}