{"c_v": 0.41749841207762073, "c_npmi": -0.1726555236036163, "u_mass": -4.0575275339365895, "c_uci": -5.8960604529693175}