{"c_v": 0.3671538148184352, "c_npmi": -0.17485441289238782, "u_mass": -9.404865439282181, "c_uci": -5.903336111339191}