{"c_v": 0.4264788907574624, "c_npmi": -0.14544577710971557, "u_mass": -6.669071926144339, "c_uci": -5.805777337380174}