{"0": {"symptom of dyspraxia": 0.499233603477478, "mild dyspraxia": 0.49750643968582153, "buccofacial dyspraxia": 0.4825980067253113, "dyspraxia": 0.4817825257778168, "verbal dyspraxia": 0.4623253345489502, "acquired dyspraxia": 0.46114489436149597, "dyspraxia manifests": 0.4598255753517151, "asperger syndrome": 0.45373043417930603, "dyspraxia affects": 0.44938522577285767, "learning disability": 0.4428417384624481, "learning disabilities": 0.43613487482070923, "diagnosed with aspergers": 0.430644690990448, "dyslexia dysgraphia": 0.42580848932266235, "dyspraxia friendly": 0.4256836175918579, "aspie": 0.41716861724853516, "asperger": 0.41275298595428467, "learning disorders": 0.41202807426452637, "dyscalculia": 0.41191965341567993, "neurotypical": 0.4066997766494751, "aspergers syndrome": 0.4045025706291199, "dysgraphia": 0.40147852897644043, "adhd dyslexia": 0.4014008641242981, "neurotypical people": 0.3941572904586792, "been diagnosed": 0.392718106508255, "coordination disorder": 0.38930070400238037, "aspergers": 0.3883592486381531, "comorbid with autism": 0.38667911291122437, "autistics": 0.3862196207046509, "ordination disorder": 0.38520336151123047, "iep": 0.3850184381008148, "diagnosed": 0.38499802350997925, "neurotypicals": 0.3839679956436157, "dyspraxia magazine": 0.38280701637268066, "neurological disorders": 0.3827778398990631, "neurological disorder": 0.3815340995788574, "dyspraxia foundation": 0.38010114431381226, "stimming": 0.3736875653266907, "apraxia": 0.3735235929489136, "learning difficulties": 0.36796534061431885, "inattentive adhd": 0.3676620125770569, "disabilities": 0.36166638135910034, "sensory issues": 0.35751935839653015, "autistic traits": 0.35738345980644226, "dla": 0.35646647214889526, "disability": 0.356161892414093, "diagnosed in adulthood": 0.35520946979522705, "self diagnose": 0.3512045741081238, "tested for dyslexia": 0.3505384922027588, "dyslexia": 0.3486776351928711, "disorder": 0.34866029024124146}, "1": {"learning to drive": 0.5602204203605652, "driving lessons": 0.5438428521156311, "driving test": 0.5348804593086243, "learnt to drive": 0.5227230787277222, "learn to drive": 0.5076396465301514, "driving lesson": 0.5018138885498047, "driving instructor": 0.5000471472740173, "driving instructors": 0.4927041530609131, "learned to drive": 0.47008752822875977, "driving license": 0.4527124762535095, "driving": 0.4369010925292969, "drive manual": 0.4289237856864929, "driving licence": 0.42110690474510193, "learning to ride": 0.41254299879074097, "driving car": 0.4024104177951813, "manual car": 0.3981517553329468, "drivers ed": 0.39652180671691895, "cannot drive": 0.39647340774536133, "learning disabilities": 0.3873068690299988, "able to drive": 0.38150906562805176, "parallel parking": 0.3697150945663452, "learning disability": 0.3695577383041382, "stick shift": 0.36557161808013916, "drive car": 0.36473509669303894, "manual transmission": 0.36249542236328125, "learning difficulties": 0.35691672563552856, "drivers license": 0.3512670397758484, "learning disorders": 0.3503612279891968, "learn to ride": 0.34799230098724365, "learner": 0.34405478835105896, "cbt": 0.3437902331352234, "learning difficulty": 0.340923547744751, "learners": 0.3308532238006592, "driver license": 0.32980412244796753, "manual cars": 0.32851046323776245, "automatics": 0.32707679271698, "instructor": 0.3270036578178406, "slow learner": 0.32332485914230347, "drive": 0.32198262214660645, "practical test": 0.32012757658958435, "acquired dyspraxia": 0.3177136182785034, "symptom of dyspraxia": 0.31655049324035645, "mild dyspraxia": 0.31641387939453125, "learning curve": 0.31300026178359985, "practise": 0.31245410442352295, "learned to ride": 0.3109564781188965, "practice practice": 0.30966898798942566, "dyscalculia": 0.30965515971183777, "buccofacial dyspraxia": 0.3090689182281494, "dyspraxia friendly": 0.3079156279563904}, "2": {"learning an instrument": 0.5687395334243774, "play guitar": 0.5282769203186035, "playing guitar": 0.5119460821151733, "piano lessons": 0.4966208338737488, "guitar": 0.4887220561504364, "musical instrument": 0.4684714674949646, "playing an instrument": 0.4681403636932373, "play an instrument": 0.46650707721710205, "guitar bass": 0.4608234465122223, "play instruments": 0.4572094678878784, "play piano": 0.4542194604873657, "bass guitar": 0.43930691480636597, "piano": 0.4375832676887512, "musical instruments": 0.4364292621612549, "guitarist": 0.43505942821502686, "play the piano": 0.43227511644363403, "playing the piano": 0.4230855703353882, "ukulele": 0.41155001521110535, "instrument": 0.4109365940093994, "music theory": 0.4103204011917114, "string instrument": 0.4036281108856201, "strumming": 0.40356573462486267, "chords": 0.4031561613082886, "play bass": 0.39852648973464966, "learning difficulty": 0.3792695701122284, "learning difficulties": 0.3729535639286041, "instruments": 0.3678491711616516, "guitar hero": 0.3665071427822113, "play the drums": 0.3642655611038208, "dyspraxia": 0.35392144322395325, "learning disabilities": 0.35229796171188354, "musicians": 0.3482559323310852, "learning disability": 0.345062255859375, "cello": 0.344398558139801, "self taught": 0.34316202998161316, "chord": 0.34139519929885864, "chopsticks": 0.3404765725135803, "learning to drive": 0.33802512288093567, "acquired dyspraxia": 0.3357909917831421, "learning disorders": 0.3354294002056122, "learning to ride": 0.3338232934474945, "musician": 0.33374732732772827, "practising": 0.33371809124946594, "dexterity": 0.33304059505462646, "violin": 0.33178868889808655, "learning curve": 0.3312366306781769, "learning languages": 0.32996177673339844, "wanting to learn": 0.3273427188396454, "practicing": 0.32384228706359863, "clarinet": 0.31885141134262085}, "3": {"learning to ride": 0.5540650486946106, "ride bike": 0.548404335975647, "riding bike": 0.5357568860054016, "learn to ride": 0.5196137428283691, "bike riding": 0.5133441686630249, "rode bike": 0.5081204175949097, "riding bicycle": 0.5038235783576965, "how to ride": 0.5003345012664795, "bike": 0.4984886050224304, "ride bicycle": 0.4980452358722687, "trike": 0.4877079725265503, "riding bikes": 0.4860273599624634, "biking": 0.4765123128890991, "learned to ride": 0.4723035395145416, "motorbike": 0.4455166757106781, "bicycle": 0.4393599033355713, "bikes": 0.4354904294013977, "motorbikes": 0.4324628710746765, "tricycle": 0.42712706327438354, "riding": 0.4255116879940033, "motorcycle": 0.41734322905540466, "cycling": 0.41658541560173035, "cannot ride": 0.4041648507118225, "learning to drive": 0.39578816294670105, "mountain biking": 0.3858429491519928, "horse riding": 0.3593648672103882, "learn to drive": 0.3580304682254791, "rode": 0.3541833460330963, "learnt to drive": 0.3514154851436615, "training wheels": 0.35106679797172546, "driving lessons": 0.3499295711517334, "ride": 0.34746167063713074, "driving test": 0.34557560086250305, "cbt": 0.3421221971511841, "driving lesson": 0.3387565612792969, "pedal": 0.32646384835243225, "learned to drive": 0.3257569670677185, "driving license": 0.3255273103713989, "driving licence": 0.3222188949584961, "feet on the pedals": 0.318172812461853, "gait": 0.2977345585823059, "scooter": 0.29239052534103394, "rollerblading": 0.29142868518829346, "pedals": 0.28815507888793945, "learning disabilities": 0.2862991988658905, "driving instructors": 0.2859329581260681, "manual car": 0.28155699372291565, "cycle": 0.27892184257507324, "driving": 0.2784397006034851, "stabilisers": 0.277255117893219}}