{"c_v": 0.3649248494354669, "c_npmi": -0.27620251558118214, "u_mass": -4.9295009500947895, "c_uci": -8.283178728318397}