{"0": {"muscular dystrophy": 0.3428569436073303, "muscular dystrophies": 0.33832406997680664, "congenital muscular": 0.32717806100845337, "diagnosed with bmd": 0.30959784984588623, "duchenne muscular": 0.3066135346889496, "got diagnosed": 0.3046998083591461, "neuromuscular diseases": 0.30287134647369385, "myotonic muscular": 0.2996888756752014, "physical disability": 0.2984698414802551, "diagnosed with fshd": 0.29606711864471436, "girdle muscular": 0.28960925340652466, "congenital myopathy": 0.2801118791103363, "recently diagnosed": 0.27519524097442627, "muscle biopsy": 0.27350419759750366, "muscle weakness": 0.2677884101867676, "been diagnosed": 0.2673017978668213, "bethlem myopathy": 0.2662917375564575, "was diagnosed": 0.2601843774318695, "type of muscular": 0.26012980937957764, "beckers muscular": 0.2565889060497284, "disease progression": 0.2565501034259796, "scoliosis": 0.25293102860450745, "neuromuscular conditions": 0.2524769604206085, "diagnosis": 0.2503308057785034, "physical therapy": 0.24980668723583221, "becker muscular": 0.2498036026954651, "neuromuscular": 0.24882835149765015, "md patients": 0.2441275417804718, "diagnosed": 0.24399785697460175, "gene therapy": 0.243712916970253, "form of muscular": 0.23766449093818665, "muscle mass": 0.23529982566833496, "diagnose": 0.23373785614967346, "myopathy": 0.23032832145690918, "diagnoses": 0.2295534759759903, "muscle strength": 0.22719328105449677, "spinal fusion": 0.2250514179468155, "muscle wasting": 0.22071042656898499, "physical therapist": 0.22051851451396942, "muscle function": 0.22007936239242554, "nerve conduction": 0.2160932421684265, "nerve pain": 0.21576759219169617, "disability": 0.2149873822927475, "rare diseases": 0.21418596804141998, "mda clinic": 0.21352460980415344, "syndrome": 0.2132129818201065, "genetic tests": 0.20839455723762512, "disease": 0.20699825882911682, "disabilities": 0.2068093717098236, "muscular": 0.20513145625591278}, "1": {"muscular dystrophy": 0.6715893149375916, "muscular dystrophies": 0.6702188849449158, "congenital muscular": 0.6301754117012024, "duchenne muscular": 0.6240733861923218, "myotonic muscular": 0.5877995491027832, "bethlem myopathy": 0.5831089019775391, "congenital myopathy": 0.5720175504684448, "girdle muscular": 0.5720162987709045, "beckers muscular": 0.5430523753166199, "becker muscular": 0.5357866883277893, "muscle biopsy": 0.5264075994491577, "neuromuscular diseases": 0.5209270715713501, "muscle wasting": 0.5172410607337952, "muscular": 0.5087788701057434, "neuromuscular": 0.5079702138900757, "muscle weakness": 0.506591796875, "diagnosed with fshd": 0.4964810609817505, "myopathy": 0.49483489990234375, "diagnosed with bmd": 0.4910075068473816, "scoliosis": 0.487301230430603, "type of muscular": 0.48466652631759644, "form of muscular": 0.48179203271865845, "myotonic dystrophy": 0.46546095609664917, "neuromuscular conditions": 0.460263729095459, "disease progression": 0.4600961208343506, "muscle": 0.4572833180427551, "physical disability": 0.4549630284309387, "muscles": 0.44765809178352356, "muscle mass": 0.44447362422943115, "syndrome": 0.43914473056793213, "spinal fusion": 0.43879419565200806, "muscle function": 0.43867504596710205, "nerve pain": 0.43759414553642273, "muscle strength": 0.4375174045562744, "got diagnosed": 0.43479233980178833, "md patients": 0.4325587749481201, "minicore myopathy": 0.42601752281188965, "disorders": 0.4160749018192291, "nerve conduction": 0.41284817457199097, "chronic": 0.41250574588775635, "steroids": 0.4120805859565735, "was diagnosed": 0.4120553731918335, "spinal": 0.40716737508773804, "been diagnosed": 0.40590864419937134, "physical therapy": 0.40388014912605286, "disease": 0.3986435532569885, "neurologist": 0.3979203701019287, "recently diagnosed": 0.3963767886161804, "dystrophin gene": 0.3955024182796478, "mental disability": 0.3941810727119446}}