{"0": {"psoriatic arthritis": 0.40492895245552063, "got diagnosed": 0.3501192629337311, "arthritis": 0.3356966972351074, "nerve pain": 0.3295518755912781, "symptoms": 0.3221287131309509, "erythromelalgia": 0.3197600245475769, "been diagnosed": 0.31823787093162537, "autoimmune disorders": 0.3134313225746155, "inflammation": 0.31266549229621887, "pain management": 0.31210461258888245, "joint pain": 0.31176069378852844, "fiber neuropathy": 0.3072182536125183, "autoimmune diseases": 0.3067408800125122, "rheumatologists": 0.30599844455718994, "autoimmune disease": 0.30589938163757324, "redness and pain": 0.3055459260940552, "heat rashes": 0.30538004636764526, "similar symptoms": 0.29942581057548523, "was diagnosed": 0.2981753349304199, "rheumatologist": 0.29606297612190247, "diagnoses": 0.29501137137413025, "burning pain": 0.29416781663894653, "neuropathy": 0.29007554054260254, "nerve fibers": 0.2886357307434082, "symptom": 0.2867206633090973, "diagnosis": 0.28586041927337646, "cold therapy": 0.2846604585647583, "peripheral neuropathy": 0.28387922048568726, "dermatology": 0.28222325444221497, "diagnose": 0.28208935260772705, "neurovascular": 0.2818766236305237, "vascular medicine": 0.27872490882873535, "danlos syndrome": 0.27558720111846924, "histamines": 0.2748892307281494, "diagnosed": 0.2739067077636719, "thyroid": 0.2731783390045166, "neuromuscular neurologist": 0.2724873423576355, "fever": 0.27224308252334595, "celiac disease": 0.27172306180000305, "chronic fatigue": 0.2661057412624359, "officially diagnosed": 0.2649325430393219, "allergist": 0.264473021030426, "antihistamines": 0.26367413997650146, "heat therapy": 0.26289013028144836, "dermatologists": 0.26225489377975464, "allergies": 0.26116716861724854, "allergic": 0.2602807283401489, "illness": 0.25925686955451965, "allergy": 0.259242981672287, "diseases": 0.2589627206325531}, "1": {"payday loans": 0.6886616349220276, "loans": 0.5971423983573914, "loan": 0.5870096683502197, "bad credit": 0.5503190159797668, "credit": 0.5127607583999634, "cash": 0.33643341064453125, "payday": 0.29318827390670776, "covered by insurance": 0.27180904150009155, "immediately": 0.25534123182296753, "right away": 0.2427600920200348, "pay": 0.23114442825317383, "as soon": 0.21280336380004883, "spent": 0.20573753118515015, "ketamine cream": 0.19433371722698212, "quickly": 0.19410380721092224, "thanks in advance": 0.19322538375854492, "money": 0.19253942370414734, "few days": 0.19242486357688904, "throughout the day": 0.19048292934894562, "soon": 0.19016514718532562, "per day": 0.18906983733177185, "believe": 0.18874642252922058, "venous insufficiency": 0.1876186728477478, "lidocaine cream": 0.18710628151893616, "quick": 0.18528138101100922, "today": 0.18029996752738953, "pre diabetes": 0.1800856590270996, "checked": 0.17850971221923828, "early": 0.17750459909439087, "directly": 0.17523762583732605, "insurance": 0.17489610612392426, "helps relieve": 0.17450805008411407, "provide": 0.17267194390296936, "checked out": 0.1723829060792923, "check": 0.1716480553150177, "under cool": 0.1689048856496811, "during the day": 0.16859924793243408, "covered": 0.1684843748807907, "take notes": 0.16753078997135162, "topical cream": 0.16534225642681122, "mg day": 0.163998544216156, "recently": 0.16277503967285156, "appointment": 0.16070765256881714, "seems to help": 0.1602582484483719, "under the covers": 0.15642789006233215, "days": 0.1563090682029724, "make sure": 0.15626350045204163, "lately": 0.15533074736595154, "easily": 0.15446116030216217, "direct": 0.15433111786842346}}