{"c_v": 0.2262234393741035, "c_npmi": -0.2891571278993593, "u_mass": -6.703988583101921, "c_uci": -9.139779544665151}