{"c_v": 0.3583382856998379, "c_npmi": -0.2100902854741102, "u_mass": -6.567761259565668, "c_uci": -7.032969218442831}