{"c_v": 0.8042055298830784, "c_npmi": -0.1303569840894663, "u_mass": -4.63054096272238, "c_uci": -6.2616722900424655}