{"0": {"scleral lenses": 0.49010491371154785, "sclera lenses": 0.48337769508361816, "referral to an ophthalmologist": 0.4788682460784912, "eye exams": 0.4711926281452179, "ophthalmologist": 0.4688620865345001, "eye exam": 0.46388161182403564, "myopia and astigmatism": 0.46257054805755615, "eyeglass prescription": 0.46249285340309143, "astigmatism and myopia": 0.4600067138671875, "ophtalmologist": 0.4579349756240845, "ophthalmologist who": 0.45300644636154175, "ophthalmic": 0.45153188705444336, "eye patch": 0.45060867071151733, "intraocular lens": 0.4481479525566101, "operated eye": 0.4479738473892212, "sclera lens": 0.4472464323043823, "ophthalmologist preferably": 0.4468097686767578, "eyecare": 0.44599205255508423, "lasik consult": 0.44548240303993225, "eye patches": 0.4423590898513794, "lenticular astigmatism": 0.44186827540397644, "normalize the cornea": 0.43886232376098633, "lasik consultation": 0.4355011582374573, "lasik complications": 0.4311273396015167, "scleral lense": 0.4304385781288147, "corrective lenses": 0.4295874834060669, "prescribing glasses": 0.42809396982192993, "eyemed": 0.42805495858192444, "examined by an ophthalmologist": 0.4280453324317932, "your eyesight": 0.42787042260169983, "conjunctivitis": 0.4267180263996124, "poor eyesight": 0.42549818754196167, "eyepatch": 0.4254482388496399, "contact lenses": 0.42497777938842773, "lazy eye": 0.4245148301124573, "ophthalmic ointment": 0.4236697554588318, "scheral lenses": 0.42330285906791687, "recurrent corneal": 0.4232800602912903, "corneal": 0.4232608675956726, "scleral lens": 0.42209941148757935, "cornea": 0.4218226671218872, "transplanted cornea": 0.42099475860595703, "mild astigmatism": 0.4193052649497986, "local ophthalmologist": 0.4191213548183441, "ophthalmology": 0.4188470244407654, "corneal scarring": 0.41854679584503174, "eyesight": 0.418517529964447, "sceral lenses": 0.4183858036994934, "sclearal lenses": 0.4169809818267822, "astigmatisms": 0.4155598282814026}, "1": {"movies online": 0.6807593703269958, "movie online": 0.6716063618659973, "movie free": 0.6422401666641235, "film free": 0.6418149471282959, "streaming movie": 0.6373692154884338, "movie streaming": 0.6273502111434937, "online instanmovie": 0.6181522011756897, "full movie": 0.6049764156341553, "online putlocker": 0.6021157503128052, "putlocker online": 0.5997317433357239, "movie putlocker": 0.5967065095901489, "full movies": 0.5929229259490967, "watch online": 0.5853245258331299, "streaming online": 0.5847558975219727, "movie stream": 0.5729891657829285, "free streaming": 0.5678330659866333, "film complet": 0.5568443536758423, "full streaming": 0.5567420721054077, "online ovguide": 0.551214337348938, "online vodlocker": 0.549409031867981, "megavideo watch": 0.5401337146759033, "movie download": 0.5400220155715942, "free putlocker": 0.5382078886032104, "hd movie": 0.536712646484375, "streaming full": 0.5355691313743591, "megavideo": 0.5334911346435547, "film stream": 0.5277386903762817, "online streaming": 0.5273966789245605, "ver online": 0.5205885171890259, "free solarmovie": 0.5086063742637634, "movies watch": 0.5059690475463867, "online dvd": 0.5037543773651123, "megashare watch": 0.4949342608451843, "link movie": 0.493235319852829, "english film": 0.492838978767395, "putlocker viooz": 0.49162304401397705, "download putlocker": 0.48807546496391296, "movie lt": 0.4862840175628662, "stream online": 0.4845108985900879, "stream films": 0.48327964544296265, "world movies": 0.48237907886505127, "online watch": 0.4810559153556824, "online viooz": 0.4786582589149475, "film released": 0.4786333441734314, "instanmovie watch": 0.47828638553619385, "putlocker putlocker": 0.47764623165130615, "favorite movies": 0.4737103581428528, "watch movies": 0.47231006622314453, "movies": 0.47214657068252563, "world putlocker": 0.4710933566093445}, "2": {"movies online": 0.5183562636375427, "movie online": 0.5109328627586365, "online instanmovie": 0.46635717153549194, "watch online": 0.4612705707550049, "movies watch": 0.4510818421840668, "streaming movie": 0.4331352710723877, "movie streaming": 0.42829573154449463, "movie free": 0.4214721918106079, "streaming online": 0.4190555214881897, "movie putlocker": 0.41577351093292236, "full movies": 0.41569992899894714, "film free": 0.4103506803512573, "watch movies": 0.40997055172920227, "online putlocker": 0.40443646907806396, "movie watch": 0.404099702835083, "putlocker online": 0.40240025520324707, "full movie": 0.40192559361457825, "online watch": 0.39782199263572693, "favorite movies": 0.39322200417518616, "megavideo watch": 0.391854465007782, "movies": 0.39168062806129456, "online ovguide": 0.3878183960914612, "instanmovie watch": 0.3816015422344208, "online streaming": 0.3808137774467468, "film complet": 0.37801507115364075, "world movies": 0.37663835287094116, "movie": 0.37435537576675415, "movie stream": 0.3720940947532654, "movie download": 0.36837121844291687, "watching movies": 0.3672376871109009, "english film": 0.3660261332988739, "films": 0.36461591720581055, "megashare watch": 0.3587228059768677, "online vodlocker": 0.3586638569831848, "movie lt": 0.3554973602294922, "ver online": 0.3553905189037323, "online jurassic": 0.3530067205429077, "ted movies": 0.3500995635986328, "instanmovie": 0.34922343492507935, "download watch": 0.3484458327293396, "entourage movie": 0.34398549795150757, "megavideo": 0.34368598461151123, "film": 0.3391350209712982, "stream films": 0.3345833718776703, "putlocker watch": 0.3323844373226166, "film stream": 0.3322368264198303, "movie guddu": 0.33215242624282837, "link movie": 0.3310132622718811, "genisys movies": 0.3294351398944855, "netflix": 0.32900482416152954}}