{"c_v": 0.2632885448327926, "c_npmi": -0.2985036539770128, "u_mass": -6.8758639769931715, "c_uci": -9.014706480207371}