{"c_v": 0.41438317556495063, "c_npmi": -0.2537920337178754, "u_mass": -11.262452048628054, "c_uci": -7.846047536816254}