{"c_v": 0.28094975243953757, "c_npmi": -0.13312414681642915, "u_mass": -1.7608422894072564, "c_uci": -5.309918418436653}