{"0": {"clinical trial": 0.25411760807037354, "medicine": 0.25134849548339844, "clinical trials": 0.24492594599723816, "physical therapy": 0.23380827903747559, "therapy": 0.23087921738624573, "cure": 0.2206364870071411, "treatment": 0.2189989686012268, "medical": 0.2120727300643921, "treatments": 0.20868846774101257, "medical center": 0.2038026750087738, "good news": 0.19416210055351257, "drug": 0.180515855550766, "drugs": 0.1736515611410141, "genetic testing": 0.16076301038265228, "good luck": 0.16075366735458374, "genetic test": 0.15144339203834534, "diagnosis": 0.14897039532661438, "dux and pax": 0.14695969223976135, "diagnosed": 0.14363470673561096, "clinical": 0.139038547873497, "aro dux": 0.13475199043750763, "dux reduction": 0.1347045749425888, "doctor": 0.12572205066680908, "neurologist": 0.12265507131814957, "doctors": 0.11914411187171936, "fulcrum": 0.11784405261278152, "dux": 0.11593446135520935, "blood test": 0.10909595340490341, "research": 0.10869568586349487, "disease": 0.10711658746004105, "look forward": 0.10518646240234375, "muscular dystrophy": 0.10433058440685272, "trial": 0.10099540650844574, "fda": 0.09620776772499084, "already": 0.09553678333759308, "tested": 0.09353505074977875, "studies": 0.09232684224843979, "dux expression": 0.09113799035549164, "hope": 0.09034400433301926, "has been": 0.08951147645711899, "years ago": 0.08843235671520233, "luck": 0.08833273500204086, "trials": 0.08766352385282516, "pax": 0.0869171991944313, "walk amp": 0.08327949047088623, "know what": 0.0803997814655304, "there is": 0.08037560433149338, "tried": 0.07887950539588928, "testing": 0.07816290110349655, "study": 0.07767520099878311}, "1": {"muscular dystrophy": 0.37115243077278137, "diagnosis": 0.2550138533115387, "physical therapy": 0.254549115896225, "muscle wasting": 0.2529752254486084, "diagnosed": 0.2448066771030426, "muscles": 0.23276108503341675, "muscle": 0.22856846451759338, "muscular": 0.22606569528579712, "genetic test": 0.21772637963294983, "genetic testing": 0.2056785672903061, "shoulders": 0.190088152885437, "shoulder": 0.18914905190467834, "neurologist": 0.17973648011684418, "disease": 0.17866969108581543, "symptoms": 0.17851129174232483, "body weight": 0.1717771589756012, "medical": 0.1716715395450592, "your arms": 0.1608130931854248, "clinical trial": 0.1539703756570816, "genetic": 0.15033046901226044, "blood test": 0.14996981620788574, "clinical trials": 0.14875313639640808, "medical center": 0.14866459369659424, "therapy": 0.14773951470851898, "pain": 0.14696566760540009, "arms": 0.13913573324680328, "cure": 0.1359802782535553, "treatment": 0.11664782464504242, "genes": 0.11456308513879776, "weakness": 0.11347688734531403, "physical": 0.11142603307962418, "treatments": 0.10719762742519379, "good luck": 0.10419152677059174, "clinical": 0.10077553987503052, "exercise": 0.0996117815375328, "good news": 0.09739580750465393, "medicine": 0.09691265225410461, "doctor": 0.0942748486995697, "strength": 0.09385541826486588, "healthy": 0.09214179217815399, "doctors": 0.08867651969194412, "gene": 0.08856948465108871, "scapular winging": 0.08596386015415192, "dux reduction": 0.08323581516742706, "walk amp": 0.07936310768127441, "fda": 0.07880236208438873, "fulcrum": 0.07756506651639938, "able to do": 0.07556851208209991, "hard": 0.07544628530740738, "your body": 0.07440972328186035}}