{"c_v": 0.3653193949633361, "c_npmi": -0.21877033964221504, "u_mass": -9.919436752316647, "c_uci": -6.903775710327734}