{"0": {"lyme disease": 0.37226152420043945, "vulvovaginal disorders": 0.3687187433242798, "chronic dermatitis": 0.3577444553375244, "lichen sclerosis": 0.34763503074645996, "dermatology": 0.33574190735816956, "vaginal atrophy": 0.3356054425239563, "fungal infection": 0.33557072281837463, "penile cancer": 0.33125966787338257, "eczema or psoriasis": 0.3292009234428406, "interstitial cystitis": 0.3236425220966339, "see dermatologist": 0.32275551557540894, "seeing dermatologist": 0.32199031114578247, "fungal infections": 0.3218662738800049, "clitoral pain": 0.32058316469192505, "lichen sclerosus": 0.3196146488189697, "vaginal ph": 0.3178352415561676, "vaginal moisturizer": 0.31677526235580444, "vulvar cancer": 0.31334930658340454, "dermatitis": 0.3116801679134369, "clitoral phimosis": 0.31164777278900146, "lichens sclerosus": 0.3105001747608185, "urinary symptoms": 0.31021201610565186, "endometriosis": 0.30990976095199585, "thyroid issues": 0.3096921741962433, "dermatologist": 0.3095763027667999, "went undiagnosed": 0.30952703952789307, "clobetasol ointment": 0.30856239795684814, "diagnosed today": 0.30762195587158203, "post menopausal": 0.30761194229125977, "lichensclerosus": 0.3073959946632385, "diagnose and treat": 0.3070456087589264, "steroid ointment": 0.3064952790737152, "laser therapy": 0.3057696223258972, "dermatologist recommended": 0.3056890368461609, "itchy anus": 0.3053572475910187, "vulvar biopsy": 0.30307161808013916, "steroid ointments": 0.3023615777492523, "got diagnosed": 0.3016052842140198, "gynaecologist": 0.30114370584487915, "recently diagnosed": 0.30051305890083313, "cystitis": 0.29989802837371826, "healing ointment": 0.2989378869533539, "circumcision cures": 0.2980286478996277, "vulvar skin": 0.2951336205005646, "vulvar disorders": 0.29343652725219727, "cortisone ointment": 0.29222333431243896, "vaginal canal": 0.29178500175476074, "dermatologists": 0.29130807518959045, "contact dermatitis": 0.28989163041114807, "eczema": 0.28922054171562195}, "1": {"lichen sclerosis": 0.6296310424804688, "lichen sclerosus": 0.6271452903747559, "lichens sclerosus": 0.6154375672340393, "lyme disease": 0.5990127325057983, "lichensclerosus": 0.5619845390319824, "vulvovaginal disorders": 0.5337358713150024, "lichen schlerosus": 0.5335099697113037, "sclerosus": 0.5232425332069397, "sclerosis": 0.4971611499786377, "interstitial cystitis": 0.47943562269210815, "vulvar disorders": 0.4771643877029419, "vaginal atrophy": 0.4696011245250702, "eczema or psoriasis": 0.46913546323776245, "cystitis": 0.46612977981567383, "tested for lyme": 0.4659804105758667, "psoriasis": 0.4612712860107422, "itchy anus": 0.4610249698162079, "called lichen": 0.45806455612182617, "clitoral phimosis": 0.4569878876209259, "pseudo foreskin": 0.45538222789764404, "hypochondriac": 0.4528881907463074, "clobetasol propionate": 0.44978588819503784, "vulvar lichen": 0.44686993956565857, "vulvovaginal": 0.44635099172592163, "able to diagnose": 0.4427819848060608, "tacrolimus pimecrolimus": 0.4373437464237213, "tacrolimus ointment": 0.43685585260391235, "clitoral pain": 0.43645578622817993, "chronicus": 0.43640121817588806, "clobetasol ointment": 0.43593698740005493, "alopecia": 0.4349214434623718, "scrotum": 0.43384045362472534, "vaginal ph": 0.43154841661453247, "penile cancer": 0.4294680953025818, "clobetesol": 0.4291585385799408, "fluconazole": 0.42860978841781616, "got diagnosed": 0.42823123931884766, "anal fissures": 0.42734697461128235, "misdiagnosis": 0.4267423450946808, "dermatitis": 0.4263268709182739, "herpes": 0.4242974817752838, "ulcers": 0.4224572777748108, "hypothyroidism": 0.4222760498523712, "went undiagnosed": 0.42174211144447327, "fungal infection": 0.42014041543006897, "beating the disease": 0.42003220319747925, "rectal bleeding": 0.4195769131183624, "chronic dermatitis": 0.41934871673583984, "thyroid issues": 0.41849303245544434, "fungus": 0.41716066002845764}, "2": {"hair removal": 0.4965251088142395, "pubic hair": 0.4644903540611267, "laser hair": 0.4299757480621338, "hair loss": 0.4059356451034546, "shave": 0.3836471140384674, "shaving": 0.3638731837272644, "shaved": 0.35796070098876953, "scalp": 0.3553345501422882, "see dermatologist": 0.338497519493103, "seeing dermatologist": 0.332061767578125, "hair": 0.32906240224838257, "laser treatment": 0.3286789655685425, "laser therapy": 0.3212432563304901, "laser treatments": 0.31855279207229614, "eczema or psoriasis": 0.31521791219711304, "electric razor": 0.3087981939315796, "chronic dermatitis": 0.3046226501464844, "dermatologist": 0.3042997717857361, "dermatologist recommended": 0.30365288257598877, "dermatology": 0.3019056022167206, "cortisone ointment": 0.2944805324077606, "itchy anus": 0.2941059470176697, "eczema": 0.29217326641082764, "alopecia": 0.2919842600822449, "contact dermatitis": 0.28774839639663696, "super itchy": 0.2875458002090454, "itchy": 0.2866749167442322, "vulvar skin": 0.2862480580806732, "severe itching": 0.2803134024143219, "dermatitis": 0.279554545879364, "laser surgery": 0.2791418731212616, "dermatologist who": 0.2776443064212799, "shampoo": 0.27652865648269653, "mons pubis": 0.27637970447540283, "dermatologists": 0.2757206857204437, "vulvovaginal disorders": 0.2736392915248871, "extreme itching": 0.26929718255996704, "vaginal moisturizer": 0.26738810539245605, "constant itch": 0.26243340969085693, "itching": 0.26102906465530396, "retract the foreskin": 0.25945785641670227, "clitoral phimosis": 0.25920185446739197, "hormonal changes": 0.2555080056190491, "wax": 0.2547314167022705, "circumcision cures": 0.25375181436538696, "itching burning": 0.2516583800315857, "hormonal iud": 0.2500230669975281, "occasional itching": 0.24963104724884033, "pull the foreskin": 0.24956928193569183, "waxing": 0.24954098463058472}}