{"c_v": 0.3219356913393293, "c_npmi": -0.3013169215140092, "u_mass": -7.554119404539844, "c_uci": -8.815518818000202}