{"c_v": 0.32883261916928347, "c_npmi": -0.23997183041159129, "u_mass": -6.199602197953632, "c_uci": -7.287653389808651}