{"0": {"intense vertigo": 0.826422929763794, "severe vertigo": 0.8174781799316406, "violent vertigo": 0.8167203664779663, "dizzy conditions": 0.80356764793396, "mild dizziness": 0.8027456402778625, "extremely dizzy": 0.791926383972168, "actual vertigo": 0.7894703149795532, "dizzyness": 0.786673903465271, "vertigo attacks": 0.7794418931007385, "dizziness": 0.7757367491722107, "dizzy": 0.7740514278411865, "constant dizziness": 0.7725764513015747, "residual dizziness": 0.7634532451629639, "lingering dizziness": 0.7590930461883545, "slight dizziness": 0.7515692710876465, "cervicogenic vertigo": 0.7471647262573242, "slightly dizzy": 0.746285080909729, "super dizzy": 0.7328462600708008, "dizzy spells": 0.7326385378837585, "waves of dizziness": 0.731503427028656, "wave of dizziness": 0.7312502861022949, "dizziness clinic": 0.7260391712188721, "secondary dizziness": 0.721846342086792, "cervicogenic dizziness": 0.7209045886993408, "milder dizziness": 0.7199958562850952, "positional vertigo": 0.7147161960601807, "dizzy clinic": 0.7127448320388794, "perceptual dizziness": 0.7076320648193359, "vertigo": 0.7065730094909668, "cervical vertigo": 0.683199405670166, "dizzy spell": 0.681465744972229, "dizzy specialist": 0.678398609161377, "challenge the dizziness": 0.6515738368034363, "specializes in dizziness": 0.6132233142852783, "nausea": 0.6041610240936279, "nauseated": 0.5978479385375977, "tension headaches": 0.5906002521514893, "headaches": 0.5900663733482361, "anti nausea": 0.5872659087181091, "tension headache": 0.5810774564743042, "spinning sensation": 0.5746240615844727, "nausea and vomiting": 0.5724233984947205, "headache": 0.5660710334777832, "extremely nauseous": 0.5558890104293823, "nauseous": 0.5288719534873962, "disoriented": 0.5269922018051147, "nausea medicine": 0.5222374200820923, "similar symptoms": 0.5144028663635254, "tingling": 0.5126534700393677, "symptom": 0.5048660039901733}, "1": {"violent vertigo": 0.7024062871932983, "intense vertigo": 0.7004858255386353, "cervicogenic vertigo": 0.6990178227424622, "severe vertigo": 0.6937974691390991, "vertigo attacks": 0.6704550981521606, "actual vertigo": 0.663629412651062, "cervicogenic dizziness": 0.6588712930679321, "cervical vertigo": 0.6461845636367798, "residual dizziness": 0.6460903882980347, "mild dizziness": 0.6398228406906128, "dizzy conditions": 0.6363821625709534, "positional vertigo": 0.6317541599273682, "constant dizziness": 0.6280370950698853, "lingering dizziness": 0.6216477751731873, "extremely dizzy": 0.6199225187301636, "slight dizziness": 0.6103863716125488, "dizzyness": 0.6040624976158142, "dizziness": 0.602308988571167, "perceptual dizziness": 0.6006599068641663, "dizzy": 0.6003484725952148, "secondary dizziness": 0.5991441607475281, "vertigo": 0.5980854034423828, "waves of dizziness": 0.5873066186904907, "wave of dizziness": 0.5851845741271973, "slightly dizzy": 0.5816938281059265, "dizziness clinic": 0.5676896572113037, "milder dizziness": 0.5600770711898804, "dizzy clinic": 0.5585694313049316, "dizzy spells": 0.5545579791069031, "super dizzy": 0.5542101263999939, "dizzy specialist": 0.5287120938301086, "diagnosed with bppv": 0.5280479192733765, "dizzy spell": 0.5201022624969482, "headaches": 0.5071139335632324, "tension headaches": 0.5019580125808716, "having stroke": 0.4974291920661926, "tension headache": 0.4910961985588074, "headache": 0.48205092549324036, "disoriented": 0.4790685772895813, "nausea": 0.4774167835712433, "challenge the dizziness": 0.4722209572792053, "similar symptoms": 0.4704347848892212, "head tilted": 0.46916449069976807, "spinning sensation": 0.46629104018211365, "nauseated": 0.46490103006362915, "nausea and vomiting": 0.45930540561676025, "recurrent bppv": 0.4563747048377991, "provoke symptoms": 0.4558887779712677, "specializes in dizziness": 0.4537367820739746, "symptom": 0.45062488317489624}, "2": {"diagnosed with bppv": 0.7533966898918152, "recurrent bppv": 0.6330559253692627, "active bppv": 0.5097811222076416, "having stroke": 0.5093410611152649, "similar symptoms": 0.5031633973121643, "form of bppv": 0.5028194189071655, "bppv": 0.5023438334465027, "symptom": 0.49980077147483826, "symptoms were": 0.4937245547771454, "provoke symptoms": 0.4875398278236389, "cervicogenic vertigo": 0.4859975278377533, "violent vertigo": 0.484443724155426, "intense vertigo": 0.4794411063194275, "severe vertigo": 0.4764050543308258, "symptoms": 0.4727585017681122, "residual dizziness": 0.4701138138771057, "cervicogenic dizziness": 0.46934056282043457, "these symptoms": 0.46619492769241333, "vertigo attacks": 0.4611116647720337, "cervical vertigo": 0.46100181341171265, "dizzy conditions": 0.4602111577987671, "posting in bppv": 0.4577164351940155, "dizzy clinic": 0.45516395568847656, "recently diagnosed": 0.4539492130279541, "extremely dizzy": 0.45209965109825134, "mild dizziness": 0.4481768012046814, "serious ailment": 0.44759809970855713, "lingering dizziness": 0.446311891078949, "chronic": 0.4452563524246216, "actual vertigo": 0.4385857582092285, "been experiencing": 0.43486154079437256, "dizziness clinic": 0.43450769782066345, "been diagnosed": 0.42797476053237915, "constant dizziness": 0.42292320728302, "acute": 0.42210546135902405, "vertigo": 0.42038047313690186, "dizzy": 0.41873353719711304, "dizzyness": 0.41758036613464355, "vestibular disorder": 0.4165888726711273, "vestibular disorders": 0.4160967767238617, "secondary dizziness": 0.4138091802597046, "slightly dizzy": 0.41015124320983887, "slight dizziness": 0.40949851274490356, "positional vertigo": 0.4086166024208069, "nausea": 0.4068509340286255, "dizziness": 0.40672996640205383, "diagnosed": 0.40646231174468994, "symptom free": 0.40572723746299744, "dizzy specialist": 0.40312331914901733, "nausea and vomiting": 0.4026188254356384}, "3": {"ear infection": 0.661169707775116, "severe vertigo": 0.6573342084884644, "cervicogenic vertigo": 0.6564627885818481, "intense vertigo": 0.6532984375953674, "vertigo attacks": 0.6531559228897095, "ear infections": 0.6507583856582642, "violent vertigo": 0.6449052095413208, "ears checked": 0.6303607225418091, "actual vertigo": 0.6259269118309021, "ear clicking": 0.6225258111953735, "cervicogenic dizziness": 0.6197208762168884, "cervical vertigo": 0.6189982891082764, "both ears": 0.6125346422195435, "ears": 0.6098552346229553, "mild dizziness": 0.6018258333206177, "left ear": 0.5881357789039612, "dizzy conditions": 0.5868337154388428, "ear": 0.5855250358581543, "vertigo": 0.5822867155075073, "inner ear": 0.5813770890235901, "right ear": 0.5775817632675171, "residual dizziness": 0.5768476724624634, "middle ear": 0.5748590230941772, "extremely dizzy": 0.5725704431533813, "ear plugs": 0.5702192187309265, "ear fullness": 0.56935054063797, "secondary dizziness": 0.5692067742347717, "positional vertigo": 0.5667948722839355, "ear canal": 0.5649440288543701, "dizzy": 0.561952531337738, "constant dizziness": 0.5580703020095825, "dizziness": 0.5580552220344543, "slight dizziness": 0.5571726560592651, "ear canals": 0.5564759969711304, "dizziness clinic": 0.555961012840271, "dizzyness": 0.5554842352867126, "dizzy clinic": 0.5552431344985962, "lingering dizziness": 0.5531704425811768, "which ear": 0.5516408681869507, "perceptual dizziness": 0.5439273118972778, "dizzy specialist": 0.5394281148910522, "waves of dizziness": 0.531935453414917, "slightly dizzy": 0.5315381288528442, "ear nose": 0.5295361876487732, "headaches": 0.526919960975647, "wave of dizziness": 0.5265423655509949, "milder dizziness": 0.520853579044342, "ear wax": 0.5208492279052734, "dizzy spells": 0.51093590259552, "hearing loss": 0.5040360689163208}, "4": {"positional vertigo": 0.7097605466842651, "violent vertigo": 0.6786049604415894, "vertigo attacks": 0.6754078269004822, "actual vertigo": 0.6721386909484863, "intense vertigo": 0.671650230884552, "cervicogenic vertigo": 0.6699680089950562, "severe vertigo": 0.6599222421646118, "cervical vertigo": 0.6517168283462524, "cervicogenic dizziness": 0.6219826936721802,