{"c_v": 0.2946784302555126, "c_npmi": -0.2090432296998077, "u_mass": -2.0547816300470743, "c_uci": -6.4458849466009145}