{"0": {"rash": 0.5088234543800354, "rashes": 0.4840669333934784, "skin rashes": 0.4839455485343933, "eczema": 0.45295000076293945, "gottron papules": 0.416246235370636, "papules": 0.4028134346008301, "cortisone": 0.3956327438354492, "itchy": 0.37599173188209534, "dermatologist": 0.372616708278656, "itching": 0.36718475818634033, "itch": 0.3543452024459839, "rheumatologist": 0.3541386127471924, "joint pain": 0.3461049795150757, "skin biopsy": 0.34307751059532166, "symptoms": 0.3326040506362915, "see rheumatologist": 0.3192949593067169, "prednisone": 0.3071344494819641, "got diagnosed": 0.3052298426628113, "diagnosis": 0.3043467402458191, "symptom": 0.30211037397384644, "bumps": 0.2958177328109741, "redness": 0.2944185435771942, "arthritis": 0.29163721203804016, "diagnosed": 0.2910522222518921, "muscle biopsy": 0.290876179933548, "other symptoms": 0.2859484553337097, "autoimmune diseases": 0.2819707989692688, "inflammation": 0.2681845724582672, "muscle pain": 0.2647494077682495, "misdiagnosed": 0.25354301929473877, "lupus": 0.2531222999095917, "blood tests": 0.2481006383895874, "swelling": 0.24792331457138062, "swollen": 0.24526554346084595, "lesions": 0.24299077689647675, "flare up": 0.24054481089115143, "blood work": 0.24025635421276093, "my arms": 0.23981639742851257, "was misdiagnosed": 0.23862700164318085, "gluten free": 0.23738886415958405, "was diagnosed": 0.23132240772247314, "lung disease": 0.22477039694786072, "stiffness": 0.223567396402359, "autoimmune": 0.22241339087486267, "anti inflammatory": 0.2214173972606659, "side effects": 0.21879112720489502, "severe": 0.21762049198150635, "biopsy": 0.21397322416305542, "methotrexate": 0.20983687043190002, "sore": 0.2053183913230896}, "1": {"prednisone": 0.4184369146823883, "rheumatologist": 0.390786737203598, "muscle biopsy": 0.34885358810424805, "cortisone": 0.3460354804992676, "methotrexate": 0.32439011335372925, "diagnosed": 0.3235172629356384, "arthritis": 0.32162994146347046, "joint pain": 0.3157351016998291, "got diagnosed": 0.31038159132003784, "muscle pain": 0.3097020387649536, "see rheumatologist": 0.29804933071136475, "misdiagnosed": 0.29106295108795166, "rashes": 0.28581809997558594, "remission": 0.2833811640739441, "eczema": 0.27907055616378784, "was diagnosed": 0.2778729796409607, "rash": 0.27386510372161865, "symptoms": 0.2735291123390198, "lung disease": 0.26586681604385376, "was misdiagnosed": 0.2633282542228699, "autoimmune diseases": 0.26117342710494995, "aches": 0.2605111002922058, "severe": 0.2574779987335205, "feeling better": 0.25451457500457764, "stiffness": 0.25368890166282654, "anti inflammatory": 0.25287187099456787, "skin biopsy": 0.24784734845161438, "mg day": 0.2473672330379486, "meds": 0.24529574811458588, "bloodwork": 0.242984801530838, "anti mda": 0.24240410327911377, "diagnosis": 0.24228976666927338, "symptom": 0.23996512591838837, "skin rashes": 0.23937012255191803, "autoimmune": 0.23643912374973297, "medication": 0.2332426905632019, "inflammation": 0.2324821949005127, "gottron papules": 0.22322750091552734, "biopsy": 0.22214238345623016, "lupus": 0.22188732028007507, "blood work": 0.22182723879814148, "other symptoms": 0.2216942310333252, "muscle weakness": 0.2188856601715088, "flare up": 0.21865229308605194, "blood tests": 0.21667960286140442, "dermatologist": 0.21536269783973694, "steroids": 0.21398626267910004, "into remission": 0.21376313269138336, "anti": 0.2115892469882965, "side effects": 0.21059077978134155}}