{"c_v": 0.375765056010416, "c_npmi": -0.24863529565899015, "u_mass": -10.624722119373821, "c_uci": -7.675669086054773}