{"c_v": 0.3420616746523545, "c_npmi": -0.28097554948035525, "u_mass": -7.070488008106056, "c_uci": -8.69263556371274}