{"0": {"rumination syndrome": 0.6151217222213745, "disordered eating": 0.5719714164733887, "eating disorder": 0.536904513835907, "eating disorders": 0.5230640172958374, "binge eating": 0.48227477073669434, "ruminate": 0.47663164138793945, "ruminating": 0.450798898935318, "rumination": 0.44210052490234375, "diagnosed with gerd": 0.4352670907974243, "been diagnosed": 0.42791157960891724, "disorders": 0.4154926538467407, "reflux": 0.4005613923072815, "ruminated": 0.39847493171691895, "bulimia": 0.39522087574005127, "acid reflux": 0.3943455219268799, "disorder": 0.3901406526565552, "diagnosis": 0.38215208053588867, "vomiting": 0.38004422187805176, "bulimic": 0.37034642696380615, "symptoms": 0.3684156537055969, "syndrome": 0.36307764053344727, "diagnosed": 0.36065030097961426, "anxiety": 0.356600821018219, "diagnose": 0.33738356828689575, "chew and swallow": 0.33461886644363403, "esophagus": 0.3212493062019348, "vomit": 0.3183962404727936, "depression": 0.30979281663894653, "chewing": 0.308204710483551, "cannot diagnose": 0.30703210830688477, "swallowing": 0.30417919158935547, "eating": 0.2970919907093048, "burping": 0.29662981629371643, "mental health": 0.28669387102127075, "misdiagnosed": 0.2860223948955536, "after eating": 0.28518912196159363, "therapy": 0.2815399169921875, "re swallow": 0.27698710560798645, "re chew": 0.2739649713039398, "gerd": 0.27233636379241943, "chew": 0.2645329236984253, "stomach": 0.2642377018928528, "anxious": 0.26269519329071045, "go to doctor": 0.2598593533039093, "causes": 0.25345656275749207, "throwing up": 0.25331127643585205, "regurgitating": 0.25128260254859924, "throat": 0.2436007261276245, "treatment": 0.24202431738376617, "after meals": 0.24031499028205872}, "1": {"acid reflux": 0.6396799087524414, "reflux": 0.6174148321151733, "diagnosed with gerd": 0.5524142384529114, "esophagus": 0.47069674730300903, "gerd": 0.4391651153564453, "swallowing": 0.4296887516975403, "chew and swallow": 0.42166954278945923, "heartburn": 0.4093020558357239, "rumination syndrome": 0.40808814764022827, "throat": 0.39544007182121277, "vomiting": 0.3878442049026489, "disordered eating": 0.38767194747924805, "burping": 0.3776172995567322, "re swallow": 0.37449508905410767, "binge eating": 0.371610164642334, "eating disorder": 0.36746931076049805, "go to doctor": 0.35871005058288574, "vomit": 0.3516182601451874, "symptoms": 0.35090625286102295, "ruminate": 0.34900569915771484, "eating disorders": 0.3457080125808716, "swallow": 0.34033918380737305, "burp": 0.3367617726325989, "diagnosis": 0.33519622683525085, "bulimia": 0.33493295311927795, "chest pain": 0.33199965953826904, "been diagnosed": 0.3309028744697571, "stomach": 0.3295699954032898, "acidic foods": 0.3267185091972351, "your throat": 0.3258349299430847, "bulimic": 0.32117676734924316, "ruminating": 0.31887581944465637, "diagnose": 0.30871400237083435, "chewing": 0.30027616024017334, "regurgitation": 0.29901158809661865, "cannot diagnose": 0.2965725362300873, "rumination": 0.2942197918891907, "spit": 0.2931448817253113, "re chew": 0.2916567325592041, "regurgitating": 0.28975099325180054, "chew": 0.2893327474594116, "regurgitate": 0.2836616635322571, "my throat": 0.2778439521789551, "purging": 0.27633482217788696, "after eating": 0.2748393416404724, "your stomach": 0.27062684297561646, "diagnosed": 0.2674177885055542, "throw up": 0.2648080885410309, "misdiagnosed": 0.26189252734184265, "spit out": 0.25466471910476685}, "2": {"regurgitation": 0.6484946012496948, "regurgitating": 0.5990540385246277, "regurgitate": 0.598503589630127, "reflux": 0.4914102554321289, "acid reflux": 0.468844473361969, "regurgitated": 0.46265310049057007, "binge eating": 0.45018476247787476, "swallowing": 0.43257373571395874, "disordered eating": 0.42882299423217773, "chew and swallow": 0.42804884910583496, "after meals": 0.4219944179058075, "eating disorder": 0.41748327016830444, "diaphragmatic breathing": 0.41163671016693115, "burping": 0.40964430570602417, "re swallow": 0.408069908618927, "eating": 0.4066673517227173, "bulimia": 0.40630000829696655, "after eating": 0.4057307839393616, "esophagus": 0.39568454027175903, "heartburn": 0.38376617431640625, "eating disorders": 0.3835235834121704, "bulimic": 0.383334219455719, "chest pain": 0.3800268769264221, "breathing exercises": 0.37665024399757385, "eat": 0.35493022203445435, "after meal": 0.35429733991622925, "stomach": 0.34717661142349243, "swallow": 0.34162217378616333, "vomiting": 0.3359338641166687, "losing weight": 0.3269161581993103, "throat": 0.322890043258667, "meals": 0.32192462682724, "diaphragmatic": 0.3182508945465088, "your stomach": 0.31715404987335205, "diet": 0.3164432644844055, "burp": 0.3162391781806946, "breathing": 0.315751850605011, "weight loss": 0.31489449739456177, "stomach muscles": 0.31157833337783813, "diagnosed with gerd": 0.30368703603744507, "your throat": 0.30344122648239136, "chewing": 0.2983684539794922, "vomit": 0.29603153467178345, "purging": 0.29466694593429565, "re chew": 0.2931489050388336, "meal": 0.29048848152160645, "throwing up": 0.2865229845046997, "throw up": 0.27690044045448303, "heart rate": 0.27595055103302, "abdomen": 0.2734124958515167}}