{"c_v": 0.3325810510419563, "c_npmi": -0.17770632418964746, "u_mass": -2.060738070510606, "c_uci": -5.486431151388118}