{"c_v": 0.3741076737827549, "c_npmi": -0.28756570618557403, "u_mass": -4.911693330629944, "c_uci": -9.107378505023231}