{"0": {"fibromyalgia": 0.43400272727012634, "canker sores": 0.42851394414901733, "oral ulcers": 0.42699775099754333, "aphthous ulcers": 0.4243308901786804, "humira": 0.41832736134529114, "remicade": 0.417593777179718, "oral ulcer": 0.4161410629749298, "canker sore": 0.41359829902648926, "folliculitis": 0.40356534719467163, "mouth ulcers": 0.4027632474899292, "vaginal ulcers": 0.4023064970970154, "genital ulcers": 0.3999459743499756, "genital ulcer": 0.3894692659378052, "inflamed": 0.38773882389068604, "sores": 0.38740578293800354, "mouth sores": 0.38701874017715454, "crohns": 0.38568639755249023, "diagnoses": 0.3809008002281189, "canker": 0.37673717737197876, "ulcer": 0.3751615285873413, "ulcer free": 0.3665468096733093, "rheumatologist": 0.3652362823486328, "ankylosing spondylitis": 0.3651012182235718, "ulcers": 0.3644827604293823, "got diagnosed": 0.36112114787101746, "seeing rheumatologist": 0.3597927689552307, "neurological symptoms": 0.3588310480117798, "ulcerative colitis": 0.3577004075050354, "been diagnosed": 0.3546835482120514, "genital sores": 0.35335493087768555, "joint pain": 0.35185688734054565, "diagnosed": 0.35163605213165283, "swollen lymph": 0.3498489260673523, "joint pains": 0.3474346995353699, "symptoms": 0.3428099453449249, "skin rash": 0.3417987525463104, "diagnose": 0.3415789008140564, "colitis": 0.33966708183288574, "chronic pain": 0.33773234486579895, "abdominal pain": 0.336969792842865, "celiac": 0.3363308906555176, "prednisone": 0.3353145718574524, "rashes": 0.3352040648460388, "rash": 0.3335101008415222, "tested for herpes": 0.33338451385498047, "difficult to diagnose": 0.33229386806488037, "autoimmune disease": 0.329326331615448, "psoriasis": 0.3268560767173767, "stomach pain": 0.32562971115112305, "misdiagnosed": 0.32521677017211914}, "1": {"flu shot": 0.5383707284927368, "covid vaccine": 0.4968584477901459, "vaccine": 0.4798791706562042, "pfizer vaccine": 0.471662700176239, "humira": 0.45796656608581543, "vaccinated": 0.4312305152416229, "pneumonia vaccine": 0.42490842938423157, "remicade": 0.41871827840805054, "injections": 0.40115928649902344, "vaccines": 0.3990142047405243, "meningitis": 0.3965111970901489, "flu": 0.36339080333709717, "fibromyalgia": 0.3503255248069763, "flu like": 0.34260785579681396, "hpv": 0.3371404707431793, "shingles": 0.3329603672027588, "body aches": 0.33131319284439087, "prednisone": 0.3255518078804016, "immune suppressants": 0.32422924041748047, "injection": 0.3237498998641968, "methotrexate": 0.3105984330177307, "immune": 0.30998244881629944, "neurological symptoms": 0.309457391500473, "rheumatologist": 0.30726101994514465, "prednisolone": 0.30470114946365356, "immune response": 0.30429917573928833, "aches": 0.30151835083961487, "migraine": 0.2994285523891449, "autoimmune disease": 0.2969602942466736, "enbrel": 0.2967994809150696, "antibodies": 0.2964376211166382, "rheumatoid": 0.2937331795692444, "inflamed": 0.29279232025146484, "infusion": 0.2892179787158966, "autoimmune diseases": 0.28658032417297363, "sore arm": 0.2863665819168091, "folliculitis": 0.2862461507320404, "igg": 0.28450334072113037, "seeing rheumatologist": 0.28362831473350525, "ankylosing spondylitis": 0.2813915014266968, "lidocaine": 0.2813623547554016, "viral": 0.2790771424770355, "infusions": 0.2760617136955261, "new rheumatologist": 0.275054931640625, "advil": 0.2742665112018585, "outbreaks": 0.273915559053421, "valtrex": 0.27303045988082886, "rheumatologist who": 0.27286139130592346, "migraines": 0.2726207375526428, "joint pain": 0.2707531452178955}}