{"c_v": 0.32291395957230873, "c_npmi": -0.2638123825008946, "u_mass": -4.247641601291532, "c_uci": -8.28755837174962}