{"0": {"muscular dystrophy": 0.33852019906044006, "muscular dystrophies": 0.3216370940208435, "dystrophy": 0.3171543478965759, "neurologist": 0.2958468794822693, "symptoms": 0.29388517141342163, "muscle weakness": 0.29096367955207825, "got diagnosed": 0.28452616930007935, "neuromuscular diseases": 0.2844116985797882, "symptom": 0.2806837856769562, "neuromuscular conditions": 0.28065699338912964, "nerve pain": 0.2802541255950928, "myotonic dystrophy": 0.2789191007614136, "syndrome": 0.2786964178085327, "congenital muscular": 0.2751685380935669, "atrophy": 0.27347713708877563, "disease progression": 0.27137625217437744, "neuromuscular": 0.2707774341106415, "diagnosed with bmd": 0.27055028080940247, "scoliosis": 0.270031213760376, "dystrophies": 0.2691657245159149, "physical therapy": 0.2668948769569397, "bethlem myopathy": 0.26625797152519226, "disease": 0.26394224166870117, "dystrophin": 0.2639344036579132, "disorders": 0.2616525888442993, "been diagnosed": 0.26039358973503113, "muscle biopsy": 0.2584182024002075, "diagnose": 0.25694623589515686, "diagnosed": 0.25402477383613586, "spinal": 0.25394871830940247, "physical disability": 0.25320595502853394, "diagnosis": 0.25295934081077576, "muscle wasting": 0.252443790435791, "myopathy": 0.2524300515651703, "illness": 0.25023484230041504, "myasthenia gravis": 0.24943339824676514, "diseases": 0.24794477224349976, "congenital myopathy": 0.24589233100414276, "diagnoses": 0.2456485629081726, "back pain": 0.2441704422235489, "myotonic muscular": 0.24225911498069763, "diagnosed with fshd": 0.2389504611492157, "myotonia": 0.2389453500509262, "recently diagnosed": 0.23838990926742554, "disorder": 0.23699738085269928, "pains": 0.2368241548538208, "chest pains": 0.23670616745948792, "md patients": 0.23588667809963226, "autism": 0.23347455263137817, "duchenne muscular": 0.23156684637069702}, "1": {"muscular dystrophy": 0.7213809490203857, "muscular dystrophies": 0.6936187744140625, "dystrophy": 0.6218439340591431, "myotonic dystrophy": 0.6202592849731445, "congenital muscular": 0.6054459810256958, "myotonic muscular": 0.5693448781967163, "dystrophies": 0.5561516284942627, "dystrophin": 0.5501480102539062, "neuromuscular diseases": 0.5229730010032654, "atrophy": 0.522738516330719, "duchenne muscular": 0.5183789730072021, "muscle weakness": 0.5087297558784485, "muscle wasting": 0.5072402954101562, "neuromuscular": 0.5033741593360901, "muscle biopsy": 0.500683605670929, "form of muscular": 0.4837820529937744, "neuromuscular conditions": 0.4826076030731201, "girdle muscular": 0.47660011053085327, "congenital myopathy": 0.4755684435367584, "type of muscular": 0.47481435537338257, "dystrophin gene": 0.4740413725376129, "beckers muscular": 0.473172128200531, "myasthenia gravis": 0.4703066349029541, "muscular": 0.4597836136817932, "scoliosis": 0.4571126401424408, "becker muscular": 0.44734668731689453, "muscle": 0.4416317939758301, "spinal": 0.4388694167137146, "muscle function": 0.43483108282089233, "disease progression": 0.4324635863304138, "spinal fusion": 0.4307188391685486, "dystrophin protein": 0.4274888038635254, "muscle mass": 0.42722928524017334, "muscles": 0.4225882589817047, "muscle strength": 0.4223937392234802, "bethlem myopathy": 0.41836148500442505, "nerve pain": 0.40705931186676025, "syndrome": 0.3941018879413605, "myotonia": 0.3928126096725464, "neurologist": 0.3822876214981079, "congenital": 0.38068121671676636, "myopathy": 0.3750552535057068, "physical disability": 0.3748875558376312, "rare diseases": 0.37449443340301514, "steroids": 0.3744775652885437, "disorders": 0.36686471104621887, "disease": 0.3658938407897949, "back pain": 0.3631454408168793, "diseases": 0.3545531630516052, "md patients": 0.3543440103530884}, "2": {"would appreciate": 0.6410595178604126, "appreciated": 0.6321854591369629, "appreciate": 0.6257947683334351, "wow": 0.6244487166404724, "btw": 0.6241040229797363, "please": 0.6195963025093079, "much appreciated": 0.6192069053649902, "ms": 0.6161028742790222, "thank": 0.6075103282928467, "md": 0.6058477163314819, "would suggest": 0.6045175790786743, "please let": 0.6040754318237305, "fsh": 0.5987483859062195, "help": 0.5962938070297241, "ok": 0.5952242016792297, "bad news": 0.5949198603630066, "welcome": 0.5942380428314209, "idk": 0.5923870801925659, "tips": 0.5913969874382019, "helpful": 0.5900062322616577, "please help": 0.5897887945175171, "seriously": 0.5882266759872437, "dose": 0.587627649307251, "cmt": 0.5869731307029724, "awesome": 0.584030032157898, "wonder": 0.5801351070404053, "dont": 0.5797199010848999, "provided": 0.5795913338661194, "helps": 0.5779032707214355, "helped": 0.5774760842323303, "suggest": 0.5774123072624207, "curious": 0.577411949634552, "would love": 0.5761879682540894, "overdo it": 0.5761380195617676, "shit": 0.5759598612785339, "anyways": 0.5757656097412109, "any advice": 0.5754621624946594, "advice": 0.5747144818305969, "promising": 0.5728195905685425, "am sorry": 0.5728049278259277, "would recommend": 0.5720827579498291, "give up": 0.5715404748916626, "emg": 0.5713390707969666, "wondering": 0.5709500908851624, "please feel": 0.5707235336303711, "good news": 0.5696310997009277, "willing": 0.5670080780982971, "ck": 0.5662006139755249, "give me": 0.5660905241966248, "bet": 0.5654933452606201}, "3": {"wheelchair": 0.5766451358795166, "use wheelchair": 0.5754462480545044, "wheelchair bound": 0.5506819486618042, "chair": 0.3944987952709198, "disabilities": 0.359737753868103, "mobility scooter": 0.3569187521934509, "mobility aids": 0.35411131381988525, "disability": 0.3368556797504425, "disabled": 0.329898476600647, "physical disability": 0.29061323404312134, "mobility": 0.28888893127441406, "seat": 0.28109198808670044, "disability services": 0.2518965005874634, "assist": 0.24969170987606049, "mental disability": 0.24899277091026306, "accessible": 0.22195270657539368, "access": 0.2212800681591034, "assistance": 0.22106096148490906, "scooter": 0.2147107720375061, "sitting": 0.2088688313961029, "willing to help": 0.2049192190170288, "lift": 0.20411965250968933, "patient": 0.20041650533676147, "supportive": 0.19929206371307373, "patients": 0.19525079429149628, "able to walk": 0.19216923415660858, "car": 0.19045796990394592, "ride": 0.18850988149642944, "aids": 0.18802669644355774, "sit": 0.18801790475845337, "knees": 0.18682383000850677, "device": 0.18409448862075806, "help": 0.18005631864070892, "helped": 0.18002232909202576, "helped me": 0.17960000038146973, "equipment": 0.17864470183849335, "limb": 0.17856018245220184, "helping": 0.1784954071044922, "support": 0.17724649608135223, "injury": 0.17416228353977203, "helps": 0.17363572120666504, "legs": 0.17147570848464966, "helpful": 0.17145301401615143, "comfortable": 0.1706753820180893, "leg": 0.16943755745887756, "drive": 0.1678350418806076, "support group": 0.1670282781124115, "uncomfortable": 0.16675017774105072, "feel comfortable": 0.1665230691432953, "available": 0.16588395833969116}}