{"c_v": 0.2959872203952514, "c_npmi": -0.26053149679379184, "u_mass": -5.805622609366586, "c_uci": -7.79050642813177}