{"0": {"hearing impaired": 0.7403318881988525, "hearing loss": 0.7229287624359131, "auditory": 0.7038687467575073, "earbuds": 0.6971627473831177, "pro ears": 0.6958367824554443, "earbud": 0.6906259059906006, "working ears": 0.6888095736503601, "eardrums": 0.6802301406860352, "bad ear": 0.678210973739624, "hearing aid": 0.6773990392684937, "sudden hearing": 0.6769822835922241, "sided deafness": 0.6741756200790405, "sudden deafness": 0.6735402345657349, "eardrum": 0.6732017993927002, "earphones": 0.6723953485488892, "residual hearing": 0.6714204549789429, "headset earphones": 0.6677873134613037, "eared": 0.6670204401016235, "hearing preservation": 0.6665929555892944, "hearing protectors": 0.6663604974746704, "ear buds": 0.6635352373123169, "hearing": 0.6628289222717285, "hearphones": 0.6610338687896729, "earplug": 0.6604031324386597, "ears": 0.6598142385482788, "wear an earplug": 0.6560716032981873, "selective hearing": 0.6558939218521118, "sided deaf": 0.6548758745193481, "deaf side": 0.6542394161224365, "hearing protection": 0.6516478061676025, "earpiece": 0.6512539982795715, "mobile ears": 0.649329662322998, "earplugs": 0.648594856262207, "earwax": 0.64783775806427, "ability to hear": 0.647816002368927, "conductive hearing": 0.6459773778915405, "deafness": 0.6433233618736267, "good ear": 0.6431171894073486, "ear": 0.6420674324035645, "both ears": 0.6418910026550293, "bilateral hearing": 0.6391614675521851, "hearing test": 0.6388925313949585, "hearing aids": 0.6341294050216675, "ear plug": 0.6316183805465698, "ear plugs": 0.631350040435791, "earphone": 0.63077712059021, "bose hearphones": 0.6304213404655457, "total deafness": 0.6301988959312439, "cannot hear": 0.6293456554412842, "listening fatigue": 0.6291413307189941}, "1": {"cochlear baha": 0.6564606428146362, "baha on headband": 0.5990728139877319, "bahas": 0.5754040479660034, "baha implant": 0.5398525595664978, "baha system": 0.5278504490852356, "wear an earplug": 0.5060862898826599, "middle ear": 0.5044066905975342, "eardrum": 0.5019965767860413, "baha": 0.5009101629257202, "working ears": 0.499561071395874, "bad ear": 0.4983386695384979, "hearing protectors": 0.49721068143844604, "eardrums": 0.49667608737945557, "pro ears": 0.4948267340660095, "earbud": 0.49289920926094055, "earbuds": 0.49005454778671265, "ear": 0.48627936840057373, "ear canal": 0.4846193790435791, "right ear": 0.48459845781326294, "eared": 0.48435351252555847, "earwax": 0.4841460585594177, "hearing protection": 0.4824793338775635, "inner ear": 0.48107385635375977, "baha power": 0.4797504246234894, "outer ear": 0.47959470748901367, "both ears": 0.47905147075653076, "left ear": 0.4770541191101074, "ear muffs": 0.4757203459739685, "hearing aid": 0.4753478765487671, "ears": 0.47415733337402344, "hearing impaired": 0.4740152060985565, "mobile ears": 0.4688601493835449, "hearing preservation": 0.4683610200881958, "ear canals": 0.46796661615371704, "earpiece": 0.46778973937034607, "ear buds": 0.45954084396362305, "earplugs": 0.4566003382205963, "ear cup": 0.45640379190444946, "earplug": 0.4551776647567749, "good ear": 0.45424965023994446, "ear bud": 0.45284926891326904, "baha attract": 0.4519991874694824, "ear infection": 0.44777053594589233, "unable to hear": 0.4472472071647644, "hearing loss": 0.4466211199760437, "ear plugs": 0.4457094073295593, "ear plug": 0.4447309374809265, "ear faces": 0.44273895025253296, "deaf side": 0.4425058364868164, "cannot hear": 0.442347913980484}, "2": {"tattoo": 0.7028766870498657, "tattoos": 0.6924582123756409, "deaf side": 0.5292627811431885, "sided deaf": 0.5130454897880554, "deaf": 0.5085388422012329, "deaf culture": 0.5054931640625, "nerve deafness": 0.5015133619308472, "sided deafness": 0.4940468966960907, "half deaf": 0.48715513944625854, "permanently deaf": 0.48636555671691895, "partially deaf": 0.4862809181213379, "complete deafness": 0.48619502782821655, "deaf community": 0.48584601283073425, "deafness": 0.4824731945991516, "baha implant": 0.478188157081604, "totally deaf": 0.4771971106529236, "profound deafness": 0.4723610281944275, "completely deaf": 0.4714341163635254, "total deafness": 0.4679129123687744, "deaf hoh": 0.46637052297592163, "sudden deafness": 0.46623486280441284, "fully deaf": 0.45825648307800293, "unilaterally deaf": 0.4564465880393982, "cochlear implant": 0.4562872052192688, "cochlear implants": 0.4553071856498718, "profoundly deaf": 0.45444542169570923, "unilateral deafness": 0.4428418278694153, "born deaf": 0.4403194189071655, "implant": 0.42944979667663574, "implanted": 0.4282688498497009, "severely deaf": 0.4265728294849396, "implants": 0.4253208041191101, "cochlear implantation": 0.42393308877944946, "piercing": 0.4171932339668274, "left ear": 0.41242051124572754, "deaf gamers": 0.412326455116272, "auditory nerve": 0.4095700979232788, "vestibular schwannoma": 0.4077227711677551, "vestibular nerve": 0.4047832489013672, "sensorineural": 0.402793824672699, "auditory nerves": 0.4026610255241394, "outer ear": 0.39913806319236755, "sensorineural hearing": 0.395052045583725, "duration of deafness": 0.3883303701877594, "wear an earplug": 0.38715264201164246, "inner ear": 0.38376790285110474, "nerve graft": 0.3827001452445984, "right ear": 0.38213181495666504, "implantation": 0.3811531066894531, "ear drum": 0.38092419505119324}}