{"c_v": 0.38194463656136923, "c_npmi": -0.14160822568998957, "u_mass": -5.582250102306059, "c_uci": -4.804975229125654}