{"0": {"zika virus": 0.8694063425064087, "zika": 0.7166546583175659, "zikv infection": 0.7152746915817261, "zikv": 0.5156617164611816, "virus infection": 0.5026638507843018, "viruses": 0.4910616874694824, "virus": 0.49031636118888855, "viral": 0.4711388349533081, "been infected": 0.4692721366882324, "infected": 0.4561474025249481, "emerging infectious": 0.45459309220314026, "infectious disease": 0.4508846402168274, "infect": 0.45000118017196655, "infect dis": 0.44615936279296875, "viral load": 0.4447851777076721, "infectious diseases": 0.4446253180503845, "women infected": 0.44063448905944824, "infectious": 0.42523038387298584, "dengue": 0.4212138056755066, "prior dengue": 0.4147922098636627, "outbreak": 0.41133755445480347, "epidemic": 0.408197283744812, "outbreaks": 0.4072997570037842, "infection": 0.3910524845123291, "ebola": 0.3839171528816223, "africa": 0.37843260169029236, "infections": 0.3755173087120056, "infection during": 0.3737910985946655, "diseases": 0.3692496418952942, "disease": 0.36012405157089233, "centers for disease": 0.35792747139930725, "prevalence": 0.3552328944206238, "gm mosquitoes": 0.34775951504707336, "disease journal": 0.34196722507476807, "fever": 0.3398113250732422, "disease control": 0.33854296803474426, "diagnosis": 0.3363480269908905, "illness": 0.3341130316257477, "mosquito": 0.31469735503196716, "vaccine trial": 0.31258466839790344, "prevention cdc": 0.31211307644844055, "gt gt": 0.3093804717063904, "global health": 0.3085416555404663, "birth defects": 0.3053646683692932, "disorders": 0.3032766580581665, "mosquito borne": 0.30322515964508057, "situation report": 0.30005040764808655, "suspected": 0.29971253871917725, "mosquitos": 0.2983856797218323, "world health": 0.2982296943664551}, "1": {"gm mosquitoes": 0.8490729331970215, "mosquito borne": 0.8381968140602112, "mosquitos": 0.827498733997345, "mosquitoes": 0.826353132724762, "mosquito": 0.820592999458313, "mosquito control": 0.814255952835083, "aedes mosquitoes": 0.7667324542999268, "zika virus": 0.6076406836509705, "dengue": 0.552314281463623, "prior dengue": 0.5246782898902893, "zikv infection": 0.45277297496795654, "zika": 0.44377171993255615, "aedes albopictus": 0.43367770314216614, "aedes aegypti": 0.42386776208877563, "outbreaks": 0.3991584777832031, "emerging infectious": 0.39865145087242126, "viruses": 0.39763113856315613, "viral load": 0.39282357692718506, "ebola": 0.3923371732234955, "infect dis": 0.38848668336868286, "infectious": 0.3874706029891968, "outbreak": 0.3864685297012329, "viral": 0.3836766183376312, "infected": 0.38292255997657776, "infect": 0.37780243158340454, "virus": 0.377005934715271, "infectious diseases": 0.36921778321266174, "been infected": 0.36896848678588867, "infectious disease": 0.3666653037071228, "virus infection": 0.3633333444595337, "epidemic": 0.3611341714859009, "aedes": 0.3545321226119995, "women infected": 0.34842449426651, "vaccines": 0.3376813530921936, "mice": 0.3342859745025635, "africa": 0.33095216751098633, "chikungunya": 0.3236808478832245, "vaccine": 0.32346248626708984, "vaccine trial": 0.32319989800453186, "disease control": 0.31421762704849243, "fever": 0.30775249004364014, "ae albopictus": 0.3062567412853241, "infections": 0.3051208257675171, "infection": 0.2962327301502228, "zikv": 0.2925623953342438, "diseases": 0.28277283906936646, "threat": 0.27166393399238586, "exposure": 0.26824674010276794, "infection during": 0.2681576907634735, "prevention cdc": 0.2644537687301636}, "2": {"zika virus": 0.7069807052612305, "vaccine trial": 0.6782280206680298, "vaccines": 0.6491197943687439, "vaccine": 0.6461391448974609, "zikv infection": 0.6417781114578247, "zika": 0.5498771667480469, "women infected": 0.4324287176132202, "antibodies": 0.43056991696357727, "antibody": 0.42413702607154846, "infected": 0.4219368100166321, "infect": 0.4178391695022583, "virus infection": 0.41090473532676697, "emerging infectious": 0.4105560779571533, "infectious disease": 0.4103325605392456, "viruses": 0.40746551752090454, "been infected": 0.4038749933242798, "infectious": 0.40263065695762634, "infectious diseases": 0.39845019578933716, "infection": 0.3933906853199005, "disease control": 0.3894413411617279, "viral": 0.3886498212814331, "virus": 0.38793641328811646, "zikv": 0.3803277611732483, "dengue": 0.379878968000412, "ebola": 0.3769988417625427, "infect dis": 0.3766554594039917, "infections": 0.3704622685909271, "gm mosquitoes": 0.36948657035827637, "prior dengue": 0.3676437735557556, "mosquito control": 0.36738938093185425, "infection during": 0.3598916530609131, "outbreak": 0.3505576252937317, "outbreaks": 0.35003238916397095, "viral load": 0.34393197298049927, "centers for disease": 0.3427186906337738, "mosquito": 0.3355611562728882, "epidemic": 0.324595183134079, "prevention cdc": 0.3223264813423157, "mosquitos": 0.3148660659790039, "mosquito borne": 0.3134072721004486, "global health": 0.3114126920700073, "lab": 0.30571454763412476, "aedes mosquitoes": 0.299899160861969, "mosquitoes": 0.29514285922050476, "cells": 0.28667664527893066, "world health": 0.2859114408493042, "diseases": 0.28511548042297363, "disease journal": 0.2836225628852844, "africa": 0.28022125363349915, "fever": 0.27991002798080444}, "3": {"rio olympics": 0.5634490251541138, "olympics": 0.5490683317184448, "zika": 0.4975440204143524, "zika virus": 0.43840456008911133, "brazil": 0.3444422483444214, "zikv infection": 0.32026103138923645, "africa": 0.2995283603668213, "brazilian": 0.2993003726005554, "zikv": 0.2976853549480438, "prior dengue": 0.26026803255081177, "dengue": 0.2561766803264618, "ebola": 0.23242975771427155, "world health": 0.22764673829078674, "vaccine trial": 0.22482502460479736, "gt gt": 0.2239457368850708, "global health": 0.22292619943618774, "samples": 0.21376889944076538, "countries and territories": 0.21047689020633698, "warns": 0.20581597089767456, "rio": 0.20235006511211395, "miami beach": 0.1935613751411438, "emergency committee": 0.19355462491512299, "chikungunya": 0.19317036867141724, "non travel": 0.190813809633255, "countries": 0.19074182212352753, "comments gt": 0.18945474922657013, "team": 0.18256205320358276, "water": 0.1762630045413971, "prevention": 0.17594610154628754, "vaccines": 0.175658717751503, "emergency": 0.17507904767990112, "control and prevention": 0.17457599937915802, "crisis": 0.17347149550914764, "negative": 0.17335718870162964, "colombia": 0.17291869223117828, "vaccine": 0.17227903008460999, "risk": 0.16828109323978424, "travel related": 0.16820110380649567, "venezuela": 0.16717268526554108, "global": 0.16551294922828674, "territories": 0.16539832949638367, "international": 0.16332370042800903, "exposure": 0.16305357217788696, "gt": 0.16218312084674835, "health organization": 0.1616058051586151, "singapore": 0.16097211837768555, "low": 0.16066879034042358, "epidemic": 0.16042760014533997, "outbreak": 0.16029195487499237, "prevalence": 0.15993732213974}}